order_id,driver_id,driver_name,customer_name,phone,address,area,lat,lng,fragile,package_size,vehicle_required,status,delivery_date,delivered_at
4001,28,Ali Edris,Nada Saeed,1155286296,13 Mostafa El Nahas Street,Nasr City,30.055202,31.346343,No,Medium,Scooter,pending,2026-05-20,
4002,64,Mohamed Samir,Nour Ibrahim,1219989543,59 El Choueifat,New Cairo,30.009412,31.410037,Yes,Small,Van,pending,2026-05-20,
4003,28,Ali Edris,Doaa Hassan,1207018603,14 Mohamed Mahmoud Street,Downtown,30.043143,31.239916,No,Medium,Scooter,pending,2026-05-20,
4004,64,Mohamed Samir,Nada Mahmoud,1293044696,11 90th Street,New Cairo,30.012299,31.4431,No,Small,Van,pending,2026-05-20,
4005,31,Ahmed Hossam,Ali Ibrahim,1242595903,52 Khalusi Street,Shubra,30.08567,31.245416,No,Medium,Scooter,delivered,2026-05-20,2026-05-20T14:54:37.975570
4006,64,Mohamed Samir,Rania Saeed,1089500043,35 El Yasmeen,New Cairo,30.044038,31.451164,Yes,Large,Van,pending,2026-05-20,
4007,64,Mohamed Samir,Mohamed Mahmoud,1001272251,65 Eighth District,Obour,30.209995,31.484842,No,Medium,Van,pending,2026-05-20,
4008,57,Abd El Rahman Mostafa,Nour Samy,1229722489,41 Abbas El Akkad Street,Nasr City,30.056543,31.338096,No,Large,Scooter,pending,2026-05-20,
4009,57,Abd El Rahman Mostafa,Youssef Samy,1158290385,35 Tayaran Street,Nasr City,30.067176,31.324569,No,Large,Scooter,pending,2026-05-20,
4010,28,Ali Edris,Laila Ali,1013043954,16 Masarra Street,Shubra,30.08543,31.245334,Yes,Small,Scooter,pending,2026-05-20,
4011,31,Ahmed Hossam,Tarek Fathy,1151145027,19 Shubra El Kheima Street,Shubra,30.044592,31.23558,Yes,Large,Scooter,pending,2026-05-20,
4012,28,Ali Edris,Mohamed Ibrahim,1161396366,78 26th of July Street,Downtown,30.052751,31.242194,No,Medium,Scooter,pending,2026-05-20,
4013,29,Hassan Hossny,Mona Fathy,1261283431,49 Road 77,Maadi,29.964756,31.261015,Yes,Large,Van,pending,2026-05-20,
4014,28,Ali Edris,Hassan Saeed,1247874472,53 Mostafa El Nahas Street,Nasr City,30.055233,31.346296,Yes,Medium,Scooter,pending,2026-05-20,
4015,28,Ali Edris,Ahmed Saeed,1014981420,37 Emad El Din Street,Downtown,30.055959,31.244471,Yes,Medium,Scooter,pending,2026-05-20,
4016,64,Mohamed Samir,Tarek Samy,1297417793,44 Obour City Club,Obour,30.251465,31.497044,No,Large,Van,pending,2026-05-20,
4017,64,Mohamed Samir,Yara Reda,1229571128,38 El Lotus,New Cairo,30.025832,31.519729,No,Large,Van,pending,2026-05-20,
4018,28,Ali Edris,Khaled Saeed,1231303899,17 Emad El Din Street,Downtown,30.055854,31.244433,No,Medium,Scooter,pending,2026-05-20,
4019,29,Hassan Hossny,Ali Ali,1066378645,48 Road 233,Maadi,29.959345,31.278443,No,Small,Van,pending,2026-05-20,
4020,28,Ali Edris,Amira Fathy,1241414201,51 Talaat Harb Street,Downtown,30.048891,31.239442,No,Medium,Scooter,pending,2026-05-20,
4021,57,Abd El Rahman Mostafa,Khaled Nabil,1045562543,65 Baghdad Street,Heliopolis,30.089701,31.322798,Yes,Large,Scooter,pending,2026-05-20,
4022,29,Hassan Hossny,Dina Ali,1233051747,89 Road 77,Maadi,29.964713,31.260875,Yes,Medium,Van,pending,2026-05-20,
4023,28,Ali Edris,Doaa Samy,1128544168,47 Emad El Din Street,Downtown,30.055866,31.244356,Yes,Small,Scooter,pending,2026-05-20,
4024,28,Ali Edris,Mahmoud Ibrahim,1208480062,24 Mohamed Mahmoud Street,Downtown,30.043138,31.239764,No,Small,Scooter,pending,2026-05-20,
4025,64,Mohamed Samir,Salma Reda,1017593135,26 El Narges,New Cairo,30.001817,31.461172,Yes,Small,Van,pending,2026-05-20,
4026,29,Hassan Hossny,Nour Ibrahim,1166132051,80 Road 151,Maadi,29.962347,31.249473,Yes,Small,Van,pending,2026-05-20,
4027,57,Abd El Rahman Mostafa,Amr Ali,1048210649,64 El Higaz Street,Heliopolis,30.106531,31.335472,No,Large,Scooter,pending,2026-05-20,
4028,28,Ali Edris,Amr Adel,1081178962,88 Ibrahim El Lakkany Street,Heliopolis,30.093652,31.322233,No,Small,Scooter,pending,2026-05-20,
4029,29,Hassan Hossny,Dina Adel,1052194538,7 Road 18,Maadi,29.960928,31.267145,No,Large,Van,pending,2026-05-20,
4030,28,Ali Edris,Yara Saeed,1299526685,10 Mohamed Hassanein Heikal Street,Nasr City,30.058916,31.341287,Yes,Medium,Scooter,pending,2026-05-20,
4031,64,Mohamed Samir,Mona Ali,1087986345,70 First Settlement,New Cairo,30.047595,31.52654,Yes,Small,Van,pending,2026-05-20,
4032,28,Ali Edris,Mahmoud Hassan,1039721150,81 Talaat Harb Street,Downtown,30.048994,31.239587,Yes,Large,Scooter,pending,2026-05-20,
4033,28,Ali Edris,Mostafa Mahmoud,1148094582,86 Adly Street,Downtown,30.05114,31.24402,No,Small,Scooter,pending,2026-05-20,
4034,64,Mohamed Samir,Karim Mahmoud,1192868895,15 El Yasmeen,New Cairo,30.043981,31.451228,No,Small,Van,pending,2026-05-20,
4035,64,Mohamed Samir,Doaa Saeed,1104713901,80 Sixth District,Obour,30.224925,31.467889,Yes,Large,Van,pending,2026-05-20,
4036,28,Ali Edris,Karim Adel,1014806016,46 El Merghany Street,Heliopolis,30.09046,31.340762,Yes,Medium,Scooter,pending,2026-05-20,
4037,28,Ali Edris,Karim Fathy,1189098876,77 Mosheer Ahmed Ismail Street,Shubra,30.072395,31.249883,Yes,Small,Scooter,pending,2026-05-20,
4038,28,Ali Edris,Omar Nabil,1181249342,16 Masarra Street,Shubra,30.085689,31.245425,No,Medium,Scooter,pending,2026-05-20,
4039,28,Ali Edris,Mahmoud Adel,1194072471,51 Abbas El Akkad Street,Nasr City,30.056538,31.338048,Yes,Medium,Scooter,pending,2026-05-20,
4040,31,Ahmed Hossam,Salma Hassan,1285164989,82 Khalusi Street,Shubra,30.085457,31.245508,Yes,Large,Scooter,pending,2026-05-20,
4041,29,Hassan Hossny,Karim Khaled,1069426445,72 Road 200,Maadi,29.954196,31.273285,Yes,Large,Van,pending,2026-05-20,
4042,28,Ali Edris,Tarek Ali,1063089866,44 Mohamed Mahmoud Street,Downtown,30.04315,31.239954,Yes,Medium,Scooter,pending,2026-05-20,
4043,64,Mohamed Samir,Sara Khaled,1077685802,10 Obour City Club,Obour,30.251481,31.496789,Yes,Medium,Van,pending,2026-05-20,
4044,64,Mohamed Samir,Mahmoud Saeed,1077281977,82 Sixth District,Obour,30.224944,31.468178,No,Medium,Van,pending,2026-05-20,
4045,29,Hassan Hossny,Salma Nabil,1001848450,23 Road 250,Maadi,29.952796,31.271051,No,Medium,Van,pending,2026-05-20,
4046,29,Hassan Hossny,Nada Ibrahim,1245644276,26 Nasr Street,Maadi,29.975073,31.280342,Yes,Small,Van,pending,2026-05-20,
4047,28,Ali Edris,Khaled Ibrahim,1294092672,30 Falaki Square,Downtown,30.04357,31.239048,No,Small,Scooter,pending,2026-05-20,
4048,57,Abd El Rahman Mostafa,Hassan Saeed,1110040482,52 Othman Ibn Affan Street,Heliopolis,30.093217,31.325465,No,Large,Scooter,pending,2026-05-20,
4049,57,Abd El Rahman Mostafa,Doaa Fathy,1056503470,83 Cleopatra Street,Heliopolis,30.090806,31.327948,No,Large,Scooter,pending,2026-05-20,
4050,29,Hassan Hossny,Mostafa Mahmoud,1213335527,19 Road 77,Maadi,29.964751,31.260746,No,Medium,Van,pending,2026-05-20,
4051,64,Mohamed Samir,Yara Khaled,1132605922,33 Fourth District,Obour,30.220121,31.477933,Yes,Large,Van,pending,2026-05-20,
4052,57,Abd El Rahman Mostafa,Tarek Fathy,1095118754,11 Abbas El Akkad Street,Nasr City,30.056682,31.338064,Yes,Large,Scooter,pending,2026-05-21,
4053,64,Mohamed Samir,Ahmed Samy,1063153735,57 First District,Obour,30.205154,31.464865,Yes,Large,Van,pending,2026-05-20,
4054,57,Abd El Rahman Mostafa,Amira Youssef,1188174937,76 El Merghany Street,Heliopolis,30.0904,31.340606,Yes,Small,Scooter,pending,2026-05-21,
4055,64,Mohamed Samir,Amr Mahmoud,1202247477,17 Gamal Abdel Nasser Axis,Obour,30.193829,31.460049,No,Medium,Van,pending,2026-05-20,
4056,28,Ali Edris,Omar Samy,1031940990,43 Ahmed Helmi Street,Shubra,30.07084,31.253641,Yes,Medium,Scooter,pending,2026-05-20,
4057,64,Mohamed Samir,Sara Reda,1182667417,23 North 90 Street,New Cairo,30.030658,31.466504,Yes,Medium,Van,pending,2026-05-20,
4058,64,Mohamed Samir,Omar Samy,1215077100,45 First District,Obour,30.205101,31.464953,No,Large,Van,pending,2026-05-20,
4059,28,Ali Edris,Youssef Mahmoud,1245225306,5 El Khalafawy Street,Shubra,30.100408,31.244814,No,Small,Scooter,pending,2026-05-20,
4060,28,Ali Edris,Khaled Hassan,1054811767,47 Emad El Din Street,Downtown,30.055986,31.244199,No,Small,Scooter,pending,2026-05-20,
4061,64,Mohamed Samir,Mahmoud Youssef,1205516824,81 90th Street,New Cairo,30.012324,31.442923,No,Medium,Van,pending,2026-05-20,
4062,64,Mohamed Samir,Heba Adel,1153163548,21 90th Street,New Cairo,30.012357,31.442954,Yes,Large,Van,pending,2026-05-20,
4063,64,Mohamed Samir,Nour Youssef,1109937487,28 El Lotus,New Cairo,30.025764,31.520013,No,Large,Van,pending,2026-05-20,
4064,64,Mohamed Samir,Laila Nabil,1017221872,26 Sixth District,Obour,30.225139,31.468134,No,Medium,Van,pending,2026-05-21,
4065,64,Mohamed Samir,Omar Ali,1120780938,11 90th Street,New Cairo,30.012362,31.443047,No,Small,Van,pending,2026-05-21,
4066,28,Ali Edris,Mona Samy,1112229417,35 Sherif Basha Street,Downtown,30.048778,31.242366,Yes,Medium,Scooter,pending,2026-05-21,
4067,57,Abd El Rahman Mostafa,Khaled Saeed,1082741266,11 Abbas El Akkad Street,Nasr City,30.056509,31.338182,Yes,Small,Scooter,pending,2026-05-21,
4068,64,Mohamed Samir,Dina Ali,1232727095,6 El Narges,New Cairo,30.00184,31.4614,No,Small,Van,pending,2026-05-21,
4069,29,Hassan Hossny,Hassan Nabil,1297559058,4 Street 100,Maadi,29.95877,31.254799,Yes,Small,Van,pending,2026-05-20,
4070,57,Abd El Rahman Mostafa,Sara Mahmoud,1269763002,30 Mohamed Hassanein Heikal Street,Nasr City,30.059027,31.341128,No,Small,Scooter,pending,2026-05-21,
4071,64,Mohamed Samir,Doaa Samy,1085625706,74 El Banafseg,New Cairo,30.04784,31.465667,Yes,Large,Van,pending,2026-05-21,
4072,57,Abd El Rahman Mostafa,Laila Mahmoud,1093307648,10 Mohamed Hassanein Heikal Street,Nasr City,30.058869,31.341105,No,Small,Scooter,pending,2026-05-21,
4073,57,Abd El Rahman Mostafa,Hassan Youssef,1090898099,65 Tayaran Street,Nasr City,30.067371,31.324439,Yes,Medium,Scooter,pending,2026-05-21,
4074,64,Mohamed Samir,Mahmoud Nabil,1288802701,35 Fourth District,Obour,30.219919,31.477887,Yes,Medium,Van,pending,2026-05-21,
4075,29,Hassan Hossny,Sara Ibrahim,1242805716,60 Road 151,Maadi,29.962448,31.249513,Yes,Small,Van,pending,2026-05-20,
4076,64,Mohamed Samir,Heba Samy,1139751896,43 North 90 Street,New Cairo,30.030778,31.466501,Yes,Large,Van,pending,2026-05-21,
4077,57,Abd El Rahman Mostafa,Mahmoud Hassan,1069173203,49 Abou Dawoud El Zahery Street,Nasr City,30.058974,31.341508,Yes,Medium,Scooter,pending,2026-05-21,
4078,64,Mohamed Samir,Mahmoud Fathy,1053235784,84 El Banafseg,New Cairo,30.047932,31.465474,No,Medium,Van,pending,2026-05-21,
4079,64,Mohamed Samir,Omar Ibrahim,1236045428,15 Fourth District,Obour,30.220175,31.478027,Yes,Medium,Van,pending,2026-05-21,
4080,57,Abd El Rahman Mostafa,Doaa Samy,1068244352,39 Abou Dawoud El Zahery Street,Nasr City,30.059018,31.341392,No,Small,Scooter,pending,2026-05-21,
4081,64,Mohamed Samir,Nada Hassan,1159874767,60 First Settlement,New Cairo,30.04754,31.526601,No,Small,Van,pending,2026-05-21,
4082,31,Ahmed Hossam,Dina Nabil,1218727925,23 Ahmed Helmi Street,Shubra,30.070913,31.253402,Yes,Large,Scooter,pending,2026-05-20,
4083,31,Ahmed Hossam,Doaa Khaled,1268405340,82 Khalusi Street,Shubra,30.085655,31.245361,No,Large,Scooter,pending,2026-05-20,
4084,64,Mohamed Samir,Karim Fathy,1005234610,19 First District,Obour,30.20483,31.464965,Yes,Medium,Van,pending,2026-05-21,
4085,64,Mohamed Samir,Khaled Adel,1207145226,67 Teseen Street,New Cairo,30.030706,31.455748,No,Small,Van,pending,2026-05-21,
4086,29,Hassan Hossny,Amira Reda,1164499078,88 Road 233,Maadi,29.959214,31.278366,No,Small,Van,pending,2026-05-20,
4087,64,Mohamed Samir,Mahmoud Samy,1158872040,39 Fourth District,Obour,30.219876,31.478068,No,Medium,Van,pending,2026-05-21,
4088,28,Ali Edris,Mostafa Khaled,1041282472,87 Mosheer Ahmed Ismail Street,Shubra,30.072515,31.249911,Yes,Small,Scooter,pending,2026-05-20,
4089,28,Ali Edris,Mona Mahmoud,1240635935,37 Emad El Din Street,Downtown,30.055824,31.244237,No,Small,Scooter,pending,2026-05-21,
4090,57,Abd El Rahman Mostafa,Mona Ali,1147497179,62 Othman Ibn Affan Street,Heliopolis,30.093148,31.325517,No,Large,Scooter,pending,2026-05-21,
4091,57,Abd El Rahman Mostafa,Dina Hassan,1294049446,35 Tayaran Street,Nasr City,30.067108,31.324499,Yes,Medium,Scooter,pending,2026-05-21,
4092,29,Hassan Hossny,Nour Adel,1299766923,77 Road 18,Maadi,29.960814,31.267095,No,Large,Van,pending,2026-05-20,
4093,28,Ali Edris,Amira Mahmoud,1085010896,3 Champollion Street,Downtown,30.050357,31.237818,Yes,Medium,Scooter,pending,2026-05-21,
4094,28,Ali Edris,Sara Nabil,1010460250,47 Mosheer Ahmed Ismail Street,Shubra,30.072641,31.24994,No,Small,Scooter,pending,2026-05-20,
4095,57,Abd El Rahman Mostafa,Mahmoud Khaled,1192241552,8 Anwar El Mofty Street,Nasr City,30.066432,31.330735,No,Small,Scooter,pending,2026-05-21,
4096,64,Mohamed Samir,Mohamed Samy,1064725322,60 First Settlement,New Cairo,30.04754,31.526411,No,Large,Van,pending,2026-05-21,
4097,64,Mohamed Samir,Sara Saeed,1048002150,56 Obour City Club,Obour,30.251535,31.497036,Yes,Large,Van,pending,2026-05-21,
4098,57,Abd El Rahman Mostafa,Mahmoud Fathy,1182223087,51 Abbas El Akkad Street,Nasr City,30.056565,31.338078,No,Medium,Scooter,pending,2026-05-21,
4099,57,Abd El Rahman Mostafa,Mostafa Reda,1068174201,32 Makram Ebeid Street,Nasr City,30.062116,31.34512,Yes,Medium,Scooter,pending,2026-05-22,
4100,31,Ahmed Hossam,Karim Hassan,1114083598,3 Ahmed Helmi Street,Shubra,30.070705,31.253534,Yes,Medium,Scooter,pending,2026-05-21,
4101,57,Abd El Rahman Mostafa,Omar Samy,1137470524,30 El Ahram Street,Heliopolis,30.090292,31.320169,No,Medium,Scooter,pending,2026-05-22,
4102,57,Abd El Rahman Mostafa,Mona Ali,1189918212,12 Makram Ebeid Street,Nasr City,30.062058,31.345144,Yes,Large,Scooter,pending,2026-05-22,
4103,31,Ahmed Hossam,Yara Mahmoud,1023859614,4 Rod El Farag Street,Shubra,30.080332,31.243265,No,Medium,Scooter,pending,2026-05-21,
4104,28,Ali Edris,Amira Saeed,1194097750,34 Mohamed Mahmoud Street,Downtown,30.043203,31.240065,No,Large,Scooter,pending,2026-05-21,
4105,64,Mohamed Samir,Amr Saeed,1029133295,90 First Settlement,New Cairo,30.04772,31.526452,Yes,Medium,Van,pending,2026-05-21,
4106,64,Mohamed Samir,Mostafa Saeed,1249762714,72 Ninth District,Obour,30.229845,31.479887,Yes,Large,Van,pending,2026-05-21,
4107,64,Mohamed Samir,Nada Reda,1266278251,9 El Choueifat,New Cairo,30.009517,31.410034,No,Small,Van,pending,2026-05-21,
4108,57,Abd El Rahman Mostafa,Salma Youssef,1112155946,46 Hassan El Maamoun Street,Nasr City,30.066968,31.356909,No,Large,Scooter,pending,2026-05-22,
4109,64,Mohamed Samir,Karim Ibrahim,1085022736,29 El Choueifat,New Cairo,30.009623,31.409794,Yes,Medium,Van,pending,2026-05-21,
4110,29,Hassan Hossny,Heba Fathy,1264774297,18 Road 233,Maadi,29.959192,31.278332,No,Large,Van,pending,2026-05-20,
4111,29,Hassan Hossny,Amr Reda,1059790305,75 Road 105,Maadi,29.959402,31.258801,No,Small,Van,pending,2026-05-20,
4112,31,Ahmed Hossam,Mohamed Khaled,1125893041,81 Shubra Street,Shubra,30.085472,31.24531,Yes,Large,Scooter,pending,2026-05-21,
4113,57,Abd El Rahman Mostafa,Amr Reda,1053470499,5 Tayaran Street,Nasr City,30.067355,31.324446,No,Medium,Scooter,pending,2026-05-22,
4114,57,Abd El Rahman Mostafa,Doaa Reda,1089649533,78 Anwar El Mofty Street,Nasr City,30.066674,31.330768,No,Medium,Scooter,pending,2026-05-22,
4115,57,Abd El Rahman Mostafa,Doaa Mahmoud,1245206847,35 Tayaran Street,Nasr City,30.067185,31.324619,No,Medium,Scooter,pending,2026-05-22,
4116,64,Mohamed Samir,Ali Ali,1221081482,88 El Lotus,New Cairo,30.025834,31.519896,No,Medium,Van,pending,2026-05-21,
4117,29,Hassan Hossny,Laila Fathy,1036390960,21 Road 9,Maadi,29.959379,31.259043,Yes,Large,Van,pending,2026-05-20,
4118,31,Ahmed Hossam,Youssef Youssef,1085645045,55 El Khalafawy Street,Shubra,30.100422,31.245,Yes,Large,Scooter,pending,2026-05-21,
4119,57,Abd El Rahman Mostafa,Sara Ibrahim,1102730008,23 Cleopatra Street,Heliopolis,30.090803,31.328131,No,Large,Scooter,pending,2026-05-22,
4120,64,Mohamed Samir,Mahmoud Saeed,1010854984,57 First District,Obour,30.205054,31.46491,Yes,Medium,Van,pending,2026-05-21,
4121,57,Abd El Rahman Mostafa,Amr Samy,1275778178,83 Mostafa El Nahas Street,Nasr City,30.055051,31.346032,Yes,Small,Scooter,pending,2026-05-22,
4122,57,Abd El Rahman Mostafa,Doaa Fathy,1224908752,52 Makram Ebeid Street,Nasr City,30.062045,31.345057,No,Small,Scooter,pending,2026-05-22,
4123,29,Hassan Hossny,Laila Khaled,1189367021,26 Nasr Street,Maadi,29.975128,31.280232,Yes,Large,Van,pending,2026-05-20,
4124,57,Abd El Rahman Mostafa,Ali Reda,1197262923,22 Makram Ebeid Street,Nasr City,30.061894,31.344984,No,Large,Scooter,pending,2026-05-22,
4125,29,Hassan Hossny,Doaa Reda,1038372835,45 Road 105,Maadi,29.9596,31.259009,No,Large,Van,pending,2026-05-20,
4126,57,Abd El Rahman Mostafa,Laila Adel,1053081987,78 Ibrahim El Lakkany Street,Heliopolis,30.09371,31.322196,Yes,Large,Scooter,pending,2026-05-22,
4127,28,Ali Edris,Karim Ali,1113219700,77 Emad El Din Street,Downtown,30.055887,31.244129,Yes,Small,Scooter,pending,2026-05-21,
4128,31,Ahmed Hossam,Ali Mahmoud,1175848837,79 Shubra El Kheima Street,Shubra,30.044563,31.235624,Yes,Large,Scooter,pending,2026-05-21,
4129,29,Hassan Hossny,Mona Reda,1243980232,79 Road 77,Maadi,29.964685,31.260889,Yes,Medium,Van,pending,2026-05-20,
4130,28,Ali Edris,Mostafa Hassan,1171672892,6 Adly Street,Downtown,30.051298,31.243801,Yes,Medium,Scooter,pending,2026-05-21,
4131,64,Mohamed Samir,Laila Khaled,1210957817,73 North 90 Street,New Cairo,30.030751,31.466568,No,Large,Van,pending,2026-05-22,
4132,28,Ali Edris,Sara Adel,1238596609,81 Talaat Harb Street,Downtown,30.04902,31.239534,Yes,Small,Scooter,pending,2026-05-21,
4133,57,Abd El Rahman Mostafa,Mona Youssef,1001821747,32 Othman Ibn Affan Street,Heliopolis,30.09317,31.325178,Yes,Medium,Scooter,pending,2026-05-23,
4134,28,Ali Edris,Omar Ali,1007993492,9 Bab El Louk Square,Downtown,30.041541,31.239462,Yes,Large,Scooter,pending,2026-05-21,
4135,64,Mohamed Samir,Doaa Youssef,1186937375,81 Gamal Abdel Nasser Axis,Obour,30.1939,31.460181,No,Medium,Van,pending,2026-05-22,
4136,57,Abd El Rahman Mostafa,Nada Khaled,1290123484,6 El Merghany Street,Heliopolis,30.090428,31.340671,Yes,Small,Scooter,pending,2026-05-23,
4137,28,Ali Edris,Laila Adel,1114529524,15 Sherif Basha Street,Downtown,30.048719,31.242361,Yes,Medium,Scooter,pending,2026-05-21,
4138,29,Hassan Hossny,Amr Adel,1043372562,25 Road 105,Maadi,29.959497,31.259002,Yes,Medium,Van,pending,2026-05-20,
4139,57,Abd El Rahman Mostafa,Dina Mahmoud,1170404082,84 El Higaz Street,Heliopolis,30.106847,31.335315,No,Large,Scooter,pending,2026-05-23,
4140,31,Ahmed Hossam,Mohamed Ali,1193955321,44 Rod El Farag Street,Shubra,30.080331,31.242987,No,Medium,Scooter,pending,2026-05-21,
4141,31,Ahmed Hossam,Yara Mahmoud,1170145662,45 El Khalafawy Street,Shubra,30.100265,31.244865,No,Medium,Scooter,pending,2026-05-21,
4142,57,Abd El Rahman Mostafa,Mahmoud Adel,1286359912,74 El Nasr Road,Nasr City,30.06925,31.341063,Yes,Small,Scooter,pending,2026-05-23,
4143,57,Abd El Rahman Mostafa,Ali Adel,1117774592,61 Abbas El Akkad Street,Nasr City,30.056558,31.338021,Yes,Large,Scooter,pending,2026-05-23,
4144,31,Ahmed Hossam,Mostafa Mahmoud,1256565873,49 Shubra El Kheima Street,Shubra,30.044399,31.235536,Yes,Small,Scooter,pending,2026-05-21,
4145,64,Mohamed Samir,Dina Khaled,1195417995,3 Eighth District,Obour,30.209899,31.484872,No,Large,Van,pending,2026-05-22,
4146,28,Ali Edris,Dina Hassan,1214378708,22 Qasr El Nil Street,Downtown,30.048272,31.240502,No,Small,Scooter,pending,2026-05-21,
4147,31,Ahmed Hossam,Ali Khaled,1144991348,30 El Teraa El Boulaqeya Street,Shubra,30.080734,31.251858,Yes,Medium,Scooter,pending,2026-05-21,
4148,57,Abd El Rahman Mostafa,Nour Adel,1293100638,52 Makram Ebeid Street,Nasr City,30.06181,31.345037,No,Small,Scooter,pending,2026-05-23,
4149,29,Hassan Hossny,Rania Samy,1211313134,43 Road 250,Maadi,29.95297,31.271172,No,Small,Van,pending,2026-05-21,
4150,57,Abd El Rahman Mostafa,Sara Youssef,1151815002,41 El Orouba Street,Heliopolis,30.090263,31.332766,Yes,Medium,Scooter,pending,2026-05-23,
4151,57,Abd El Rahman Mostafa,Mona Adel,1129119981,20 Mohamed Hassanein Heikal Street,Nasr City,30.058863,31.341174,Yes,Large,Scooter,pending,2026-05-23,
4152,29,Hassan Hossny,Dina Samy,1299673318,1 Road 9,Maadi,29.959212,31.25918,No,Small,Van,pending,2026-05-21,
4153,31,Ahmed Hossam,Dina Nabil,1238305691,86 Masarra Street,Shubra,30.085648,31.245308,No,Large,Scooter,pending,2026-05-21,
4154,57,Abd El Rahman Mostafa,Rania Reda,1105772399,81 Abbas El Akkad Street,Nasr City,30.056677,31.338164,Yes,Large,Scooter,pending,2026-05-23,
4155,57,Abd El Rahman Mostafa,Mostafa Ali,1273049102,4 El Nasr Road,Nasr City,30.069055,31.341154,No,Large,Scooter,pending,2026-05-23,
4156,57,Abd El Rahman Mostafa,Omar Fathy,1283828088,6 El Merghany Street,Heliopolis,30.090372,31.340631,No,Medium,Scooter,pending,2026-05-23,
4157,64,Mohamed Samir,Mostafa Youssef,1156637462,90 Sixth District,Obour,30.224969,31.468104,Yes,Small,Van,pending,2026-05-22,
4158,64,Mohamed Samir,Salma Reda,1268922203,83 Fourth District,Obour,30.219892,31.47793,Yes,Medium,Van,pending,2026-05-22,
4159,29,Hassan Hossny,Mona Khaled,1125727671,31 Road 9,Maadi,29.959242,31.259013,No,Medium,Van,pending,2026-05-21,
4160,57,Abd El Rahman Mostafa,Nada Reda,1151160813,35 Baghdad Street,Heliopolis,30.089834,31.322525,Yes,Medium,Scooter,pending,2026-05-23,
4161,28,Ali Edris,Sara Mahmoud,1262245192,47 Emad El Din Street,Downtown,30.055855,31.244264,Yes,Medium,Scooter,pending,2026-05-21,
4162,57,Abd El Rahman Mostafa,Ali Adel,1029527353,59 Beirut Street,Heliopolis,30.092608,31.327769,Yes,Large,Scooter,pending,2026-05-24,
4163,28,Ali Edris,Heba Ali,1162484967,16 Adly Street,Downtown,30.051117,31.244023,No,Large,Scooter,pending,2026-05-21,
4164,64,Mohamed Samir,Heba Nabil,1047589272,53 First District,Obour,30.204914,31.46502,No,Large,Van,pending,2026-05-22,
4165,31,Ahmed Hossam,Amr Mahmoud,1215721913,22 Khalusi Street,Shubra,30.085583,31.245456,Yes,Medium,Scooter,pending,2026-05-21,
4166,28,Ali Edris,Laila Khaled,1270985537,21 Talaat Harb Street,Downtown,30.048976,31.239312,Yes,Large,Scooter,pending,2026-05-22,
4167,57,Abd El Rahman Mostafa,Omar Youssef,1091326245,47 Nozha Street,Heliopolis,30.089719,31.341487,Yes,Large,Scooter,pending,2026-05-24,
4168,28,Ali Edris,Ali Khaled,1029258969,79 Bab El Louk Square,Downtown,30.041607,31.23947,No,Large,Scooter,pending,2026-05-22,
4169,64,Mohamed Samir,Amr Nabil,1175354886,71 Eighth District,Obour,30.209914,31.485081,Yes,Large,Van,pending,2026-05-22,
4170,28,Ali Edris,Amira Mahmoud,1107562328,36 Adly Street,Downtown,30.051167,31.243977,No,Small,Scooter,pending,2026-05-22,
4171,64,Mohamed Samir,Ali Fathy,1183265717,15 Eighth District,Obour,30.209846,31.484983,Yes,Medium,Van,pending,2026-05-22,
4172,57,Abd El Rahman Mostafa,Karim Fathy,1120626853,18 Anwar El Mofty Street,Nasr City,30.066645,31.3305,No,Medium,Scooter,pending,2026-05-24,
4173,64,Mohamed Samir,Mahmoud Reda,1245392731,2 Sixth District,Obour,30.225158,31.467821,Yes,Small,Van,pending,2026-05-22,
4174,64,Mohamed Samir,Rania Ibrahim,1276828410,25 El Yasmeen,New Cairo,30.043932,31.45136,Yes,Small,Van,pending,2026-05-22,
4175,31,Ahmed Hossam,Sara Adel,1154374312,45 El Khalafawy Street,Shubra,30.100434,31.244892,No,Medium,Scooter,pending,2026-05-21,
4176,64,Mohamed Samir,Nada Saeed,1076140738,55 El Yasmeen,New Cairo,30.043846,31.451381,No,Small,Van,pending,2026-05-22,
4177,31,Ahmed Hossam,Amr Ali,1130512262,78 Bahtim Street,Shubra,30.0857,31.245325,Yes,Small,Scooter,pending,2026-05-22,
4178,57,Abd El Rahman Mostafa,Nada Ibrahim,1009469314,49 Beirut Street,Heliopolis,30.092706,31.327763,Yes,Medium,Scooter,pending,2026-05-24,
4179,31,Ahmed Hossam,Karim Reda,1027532521,65 El Khalafawy Street,Shubra,30.100565,31.245065,Yes,Medium,Scooter,pending,2026-05-22,
4180,28,Ali Edris,Mohamed Fathy,1282468190,33 Champollion Street,Downtown,30.050336,31.238034,No,Large,Scooter,pending,2026-05-22,
4181,57,Abd El Rahman Mostafa,Tarek Ali,1092272113,40 El Ahram Street,Heliopolis,30.090231,31.320098,Yes,Small,Scooter,pending,2026-05-24,
4182,31,Ahmed Hossam,Karim Khaled,1116588248,36 Masarra Street,Shubra,30.085475,31.245346,Yes,Medium,Scooter,pending,2026-05-22,
4183,57,Abd El Rahman Mostafa,Heba Khaled,1135053038,24 El Higaz Street,Heliopolis,30.106846,31.33544,No,Medium,Scooter,pending,2026-05-24,
4184,29,Hassan Hossny,Amr Reda,1224996520,28 Road 233,Maadi,29.959059,31.278343,Yes,Large,Van,pending,2026-05-21,
4185,29,Hassan Hossny,Hassan Fathy,1059991500,82 Road 200,Maadi,29.95407,31.273395,No,Small,Van,pending,2026-05-21,
4186,57,Abd El Rahman Mostafa,Ali Ali,1286318988,89 Abou Dawoud El Zahery Street,Nasr City,30.059044,31.34156,No,Large,Scooter,pending,2026-05-24,
4187,57,Abd El Rahman Mostafa,Ahmed Saeed,1129556031,68 Anwar El Mofty Street,Nasr City,30.066436,31.330695,No,Large,Scooter,pending,2026-05-24,
4188,64,Mohamed Samir,Mohamed Nabil,1148631035,51 90th Street,New Cairo,30.012166,31.443075,Yes,Small,Van,pending,2026-05-22,
4189,29,Hassan Hossny,Mahmoud Youssef,1251173359,5 Road 105,Maadi,29.959639,31.258903,No,Small,Van,pending,2026-05-21,
4190,31,Ahmed Hossam,Heba Ali,1175451454,90 El Teraa El Boulaqeya Street,Shubra,30.080715,31.251944,Yes,Small,Scooter,pending,2026-05-22,
4191,57,Abd El Rahman Mostafa,Youssef Adel,1275806349,28 Anwar El Mofty Street,Nasr City,30.066651,31.330776,Yes,Large,Scooter,pending,2026-05-24,
4192,28,Ali Edris,Rania Reda,1134040734,72 Qasr El Nil Street,Downtown,30.048401,31.240247,No,Large,Scooter,pending,2026-05-22,
4193,28,Ali Edris,Youssef Mahmoud,1260630401,88 26th of July Street,Downtown,30.052678,31.242358,Yes,Large,Scooter,pending,2026-05-22,
4194,64,Mohamed Samir,Nour Samy,1277291023,82 Obour City Club,Obour,30.251564,31.497069,Yes,Small,Van,pending,2026-05-22,
4195,29,Hassan Hossny,Dina Adel,1124158268,5 Road 105,Maadi,29.959339,31.258803,Yes,Small,Van,pending,2026-05-21,
4196,29,Hassan Hossny,Mohamed Fathy,1026886856,35 Road 105,Maadi,29.959339,31.258759,Yes,Large,Van,pending,2026-05-21,
4197,64,Mohamed Samir,Mona Fathy,1075730488,26 El Narges,New Cairo,30.001897,31.461071,No,Large,Van,pending,2026-05-22,
4198,28,Ali Edris,Karim Adel,1059164683,67 Emad El Din Street,Downtown,30.055973,31.244124,No,Large,Scooter,pending,2026-05-22,
4199,64,Mohamed Samir,Dina Adel,1104291055,41 90th Street,New Cairo,30.012324,31.442869,Yes,Large,Van,pending,2026-05-22,
4200,28,Ali Edris,Dina Hassan,1113113525,55 Sherif Basha Street,Downtown,30.048731,31.242402,Yes,Medium,Scooter,pending,2026-05-22,
4201,29,Hassan Hossny,Tarek Ibrahim,1256687423,17 Road 18,Maadi,29.960853,31.267143,Yes,Small,Van,pending,2026-05-21,
4202,57,Abd El Rahman Mostafa,Hassan Khaled,1138506249,28 Anwar El Mofty Street,Nasr City,30.066498,31.330612,Yes,Large,Scooter,pending,2026-05-24,
4203,64,Mohamed Samir,Laila Samy,1153860476,60 First Settlement,New Cairo,30.047638,31.526369,No,Medium,Van,pending,2026-05-22,
4204,57,Abd El Rahman Mostafa,Mona Ali,1288478208,42 Othman Ibn Affan Street,Heliopolis,30.093431,31.325375,No,Medium,Scooter,pending,2026-05-24,
4205,28,Ali Edris,Doaa Hassan,1046600966,87 Emad El Din Street,Downtown,30.056062,31.244401,Yes,Small,Scooter,pending,2026-05-22,
4206,64,Mohamed Samir,Sara Khaled,1287896283,78 El Lotus,New Cairo,30.025925,31.5199,No,Small,Van,pending,2026-05-22,
4207,64,Mohamed Samir,Dina Hassan,1212506650,50 Ninth District,Obour,30.230116,31.479952,Yes,Large,Van,pending,2026-05-22,
4208,57,Abd El Rahman Mostafa,Mahmoud Khaled,1018222520,28 Anwar El Mofty Street,Nasr City,30.066707,31.330747,Yes,Medium,Scooter,pending,2026-05-24,
4209,64,Mohamed Samir,Mona Khaled,1278826952,34 El Banafseg,New Cairo,30.047997,31.465463,Yes,Large,Van,pending,2026-05-22,
4210,31,Ahmed Hossam,Salma Adel,1286028065,43 Ahmed Helmi Street,Shubra,30.070826,31.253591,No,Large,Scooter,pending,2026-05-22,
4211,28,Ali Edris,Karim Reda,1169177639,41 Talaat Harb Street,Downtown,30.048976,31.239522,Yes,Large,Scooter,pending,2026-05-22,
4212,64,Mohamed Samir,Dina Ibrahim,1212210831,84 Sixth District,Obour,30.225155,31.467872,Yes,Large,Van,pending,2026-05-22,
4213,64,Mohamed Samir,Karim Nabil,1141668136,14 El Banafseg,New Cairo,30.048084,31.465714,No,Large,Van,pending,2026-05-23,
4214,57,Abd El Rahman Mostafa,Mahmoud Samy,1163863844,2 Othman Ibn Affan Street,Heliopolis,30.093126,31.325365,No,Medium,Scooter,pending,2026-05-25,
4215,64,Mohamed Samir,Mona Nabil,1242397267,43 North 90 Street,New Cairo,30.030937,31.466343,Yes,Large,Van,pending,2026-05-23,
4216,64,Mohamed Samir,Ali Khaled,1238156174,80 Ninth District,Obour,30.230039,31.480173,Yes,Large,Van,pending,2026-05-23,
4217,64,Mohamed Samir,Dina Saeed,1299285845,90 First Settlement,New Cairo,30.047527,31.526361,Yes,Small,Van,pending,2026-05-23,
4218,29,Hassan Hossny,Mohamed Hassan,1071013418,53 Road 250,Maadi,29.952958,31.271289,No,Small,Van,pending,2026-05-21,
4219,31,Ahmed Hossam,Omar Youssef,1242383030,48 Bahtim Street,Shubra,30.08544,31.245184,Yes,Medium,Scooter,pending,2026-05-22,
4220,31,Ahmed Hossam,Omar Youssef,1080680946,20 El Teraa El Boulaqeya Street,Shubra,30.080558,31.251815,No,Medium,Scooter,pending,2026-05-22,
4221,64,Mohamed Samir,Mostafa Hassan,1006608581,34 El Banafseg,New Cairo,30.047884,31.46563,No,Small,Van,pending,2026-05-23,
4222,64,Mohamed Samir,Sara Mahmoud,1244059455,49 El Choueifat,New Cairo,30.009681,31.410015,Yes,Large,Van,pending,2026-05-23,
4223,64,Mohamed Samir,Mohamed Youssef,1214315203,87 First District,Obour,30.204964,31.465134,No,Medium,Van,pending,2026-05-23,
4224,64,Mohamed Samir,Yara Fathy,1078878315,58 El Lotus,New Cairo,30.025782,31.519916,No,Medium,Van,pending,2026-05-23,
4225,64,Mohamed Samir,Salma Reda,1191721746,55 El Yasmeen,New Cairo,30.043856,31.451374,Yes,Small,Van,pending,2026-05-23,
4226,64,Mohamed Samir,Khaled Ali,1116645660,36 El Narges,New Cairo,30.001706,31.461396,Yes,Large,Van,pending,2026-05-23,
4227,29,Hassan Hossny,Nada Khaled,1050673709,1 Road 9,Maadi,29.959258,31.259223,No,Large,Van,pending,2026-05-21,
4228,29,Hassan Hossny,Salma Mahmoud,1140830280,83 Road 250,Maadi,29.953006,31.271254,Yes,Large,Van,pending,2026-05-21,
4229,57,Abd El Rahman Mostafa,Nour Samy,1070521187,1 El Orouba Street,Heliopolis,30.090268,31.332974,Yes,Medium,Scooter,pending,2026-05-25,
4230,31,Ahmed Hossam,Salma Samy,1005645541,84 Rod El Farag Street,Shubra,30.08,31.243247,Yes,Large,Scooter,pending,2026-05-22,
4231,28,Ali Edris,Doaa Saeed,1120590433,26 Adly Street,Downtown,30.051248,31.243808,Yes,Small,Scooter,pending,2026-05-22,
4232,57,Abd El Rahman Mostafa,Doaa Khaled,1047224942,29 Abou Dawoud El Zahery Street,Nasr City,30.059077,31.341464,No,Medium,Scooter,pending,2026-05-25,
4233,57,Abd El Rahman Mostafa,Ahmed Fathy,1147219403,38 Anwar El Mofty Street,Nasr City,30.066679,31.330621,No,Large,Scooter,pending,2026-05-25,
4234,57,Abd El Rahman Mostafa,Laila Reda,1154927546,60 El Ahram Street,Heliopolis,30.09054,31.320204,Yes,Medium,Scooter,pending,2026-05-25,
4235,57,Abd El Rahman Mostafa,Dina Reda,1138375316,73 Cleopatra Street,Heliopolis,30.090714,31.328074,No,Medium,Scooter,pending,2026-05-25,
4236,29,Hassan Hossny,Amr Ali,1131571313,35 Road 105,Maadi,29.959512,31.258777,No,Small,Van,pending,2026-05-21,
4237,57,Abd El Rahman Mostafa,Nada Hassan,1216999209,87 Youssef Abbas Street,Nasr City,30.066105,31.320515,No,Large,Scooter,pending,2026-05-25,
4238,64,Mohamed Samir,Karim Reda,1298938892,78 Obour City Club,Obour,30.25151,31.496923,No,Medium,Van,pending,2026-05-23,
4239,57,Abd El Rahman Mostafa,Heba Mahmoud,1076340911,65 Tayaran Street,Nasr City,30.067382,31.324411,Yes,Large,Scooter,pending,2026-05-25,
4240,57,Abd El Rahman Mostafa,Salma Hassan,1120605516,65 Baghdad Street,Heliopolis,30.089794,31.322481,No,Medium,Scooter,pending,2026-05-25,
4241,57,Abd El Rahman Mostafa,Mahmoud Saeed,1028021182,46 Hassan El Maamoun Street,Nasr City,30.066935,31.356893,Yes,Large,Scooter,pending,2026-05-25,
4242,64,Mohamed Samir,Sara Samy,1178513739,45 El Yasmeen,New Cairo,30.044112,31.451197,No,Large,Van,pending,2026-05-23,
4243,31,Ahmed Hossam,Mostafa Fathy,1122903877,28 Bahtim Street,Shubra,30.085556,31.245315,No,Medium,Scooter,pending,2026-05-22,
4244,57,Abd El Rahman Mostafa,Sara Fathy,1195266604,76 Hassan El Maamoun Street,Nasr City,30.067013,31.356972,No,Small,Scooter,pending,2026-05-25,
4245,29,Hassan Hossny,Karim Nabil,1075373915,54 Street 100,Maadi,29.959011,31.254759,Yes,Large,Van,pending,2026-05-21,
4246,64,Mohamed Samir,Ahmed Saeed,1198090646,20 First Settlement,New Cairo,30.047382,31.526379,Yes,Medium,Van,pending,2026-05-23,
4247,57,Abd El Rahman Mostafa,Youssef Fathy,1246603434,71 El Orouba Street,Heliopolis,30.090264,31.33284,Yes,Small,Scooter,pending,2026-05-25,
4248,57,Abd El Rahman Mostafa,Nada Youssef,1003578775,21 Abbas El Akkad Street,Nasr City,30.056494,31.338309,Yes,Large,Scooter,pending,2026-05-26,
4249,64,Mohamed Samir,Khaled Fathy,1011268559,72 Obour City Club,Obour,30.251617,31.497065,Yes,Small,Van,pending,2026-05-23,
4250,29,Hassan Hossny,Karim Ali,1068189828,9 Road 77,Maadi,29.964598,31.260783,No,Medium,Van,pending,2026-05-21,
4251,64,Mohamed Samir,Doaa Saeed,1114599426,42 South 90 Street,New Cairo,30.012242,31.442914,No,Large,Van,pending,2026-05-23,
4252,28,Ali Edris,Rania Khaled,1013536453,62 Qasr El Nil Street,Downtown,30.048193,31.240515,Yes,Small,Scooter,pending,2026-05-22,
4253,31,Ahmed Hossam,Yara Saeed,1269921763,60 El Teraa El Boulaqeya Street,Shubra,30.080731,31.252034,Yes,Small,Scooter,pending,2026-05-22,
4254,28,Ali Edris,Yara Ali,1162922912,68 26th of July Street,Downtown,30.052633,31.242228,No,Large,Scooter,pending,2026-05-23,
4255,28,Ali Edris,Rania Fathy,1294341642,39 Bab El Louk Square,Downtown,30.04154,31.239465,Yes,Small,Scooter,pending,2026-05-23,
4256,57,Abd El Rahman Mostafa,Mohamed Saeed,1287276568,49 Abou Dawoud El Zahery Street,Nasr City,30.058953,31.341573,No,Large,Scooter,pending,2026-05-26,
4257,57,Abd El Rahman Mostafa,Youssef Fathy,1158624829,53 Cleopatra Street,Heliopolis,30.090969,31.327879,Yes,Large,Scooter,pending,2026-05-26,
4258,57,Abd El Rahman Mostafa,Mona Adel,1210122422,37 Youssef Abbas Street,Nasr City,30.065884,31.320365,Yes,Small,Scooter,pending,2026-05-26,
4259,28,Ali Edris,Doaa Nabil,1223670583,8 26th of July Street,Downtown,30.052505,31.242371,Yes,Large,Scooter,pending,2026-05-23,
4260,31,Ahmed Hossam,Youssef Samy,1126761125,90 El Teraa El Boulaqeya Street,Shubra,30.080515,31.252146,Yes,Large,Scooter,pending,2026-05-22,
4261,64,Mohamed Samir,Youssef Ali,1217967821,77 Eighth District,Obour,30.21,31.48488,No,Large,Van,pending,2026-05-23,
4262,57,Abd El Rahman Mostafa,Mohamed Mahmoud,1276667460,84 El Nasr Road,Nasr City,30.069213,31.341242,Yes,Small,Scooter,pending,2026-05-26,
4263,28,Ali Edris,Laila Nabil,1218435410,8 26th of July Street,Downtown,30.052419,31.242353,No,Medium,Scooter,pending,2026-05-23,
4264,31,Ahmed Hossam,Omar Ibrahim,1235988164,72 Khalusi Street,Shubra,30.085429,31.245506,No,Large,Scooter,pending,2026-05-22,
4265,29,Hassan Hossny,Yara Samy,1013567130,10 Road 151,Maadi,29.96233,31.249591,Yes,Small,Van,pending,2026-05-21,
4266,57,Abd El Rahman Mostafa,Laila Youssef,1246026872,13 Mostafa El Nahas Street,Nasr City,30.054964,31.346314,No,Small,Scooter,pending,2026-05-26,
4267,29,Hassan Hossny,Nour Ibrahim,1082180700,90 Road 151,Maadi,29.962232,31.249574,No,Small,Van,pending,2026-05-21,
4268,64,Mohamed Samir,Dina Ali,1237611525,9 El Choueifat,New Cairo,30.009637,31.409751,No,Small,Van,pending,2026-05-23,
4269,28,Ali Edris,Nour Adel,1218385536,47 Emad El Din Street,Downtown,30.055864,31.244258,No,Medium,Scooter,pending,2026-05-23,
4270,64,Mohamed Samir,Ahmed Samy,1068505623,31 90th Street,New Cairo,30.012294,31.442881,No,Large,Van,pending,2026-05-23,
4271,28,Ali Edris,Nour Fathy,1243443478,84 Mohamed Mahmoud Street,Downtown,30.042905,31.239779,Yes,Large,Scooter,pending,2026-05-23,
4272,29,Hassan Hossny,Hassan Samy,1296905043,28 Road 233,Maadi,29.959017,31.278426,No,Small,Van,pending,2026-05-21,
4273,64,Mohamed Samir,Mohamed Khaled,1099968978,21 First District,Obour,30.205039,31.465083,Yes,Small,Van,pending,2026-05-23,
4274,57,Abd El Rahman Mostafa,Amira Youssef,1259593973,49 Beirut Street,Heliopolis,30.092619,31.327685,Yes,Large,Scooter,pending,2026-05-26,
4275,64,Mohamed Samir,Hassan Nabil,1129047811,24 El Banafseg,New Cairo,30.048067,31.46579,No,Large,Van,pending,2026-05-23,
4276,64,Mohamed Samir,Khaled Fathy,1053831373,78 El Lotus,New Cairo,30.025787,31.519979,No,Small,Van,pending,2026-05-24,
4277,57,Abd El Rahman Mostafa,Ahmed Mahmoud,1227353235,54 El Nasr Road,Nasr City,30.069269,31.340999,No,Medium,Scooter,pending,2026-05-26,
4278,64,Mohamed Samir,Rania Hassan,1201654540,57 Teseen Street,New Cairo,30.030689,31.455901,No,Small,Van,pending,2026-05-24,
4279,64,Mohamed Samir,Yara Ibrahim,1232963912,13 North 90 Street,New Cairo,30.030842,31.466486,Yes,Small,Van,pending,2026-05-24,
4280,29,Hassan Hossny,Youssef Hassan,1286538852,88 Road 233,Maadi,29.959027,31.278532,No,Large,Van,pending,2026-05-21,
4281,57,Abd El Rahman Mostafa,Doaa Reda,1157706912,7 Youssef Abbas Street,Nasr City,30.066047,31.320524,No,Medium,Scooter,pending,2026-05-26,
4282,64,Mohamed Samir,Karim Adel,1183367148,39 El Choueifat,New Cairo,30.009387,31.40995,No,Small,Van,pending,2026-05-24,
4283,64,Mohamed Samir,Amira Ali,1248710898,19 El Choueifat,New Cairo,30.009413,31.409783,Yes,Large,Van,pending,2026-05-24,
4284,64,Mohamed Samir,Mostafa Samy,1283851312,23 North 90 Street,New Cairo,30.030821,31.466484,Yes,Medium,Van,pending,2026-05-24,
4285,57,Abd El Rahman Mostafa,Amr Saeed,1161937383,17 Youssef Abbas Street,Nasr City,30.065954,31.320383,Yes,Small,Scooter,pending,2026-05-26,
4286,57,Abd El Rahman Mostafa,Amira Ibrahim,1106480394,8 Anwar El Mofty Street,Nasr City,30.066732,31.330814,Yes,Small,Scooter,pending,2026-05-26,
4287,29,Hassan Hossny,Karim Hassan,1036297315,83 Road 250,Maadi,29.952779,31.271121,No,Medium,Van,pending,2026-05-21,
4288,57,Abd El Rahman Mostafa,Mohamed Saeed,1017733737,90 Mohamed Hassanein Heikal Street,Nasr City,30.05908,31.341079,No,Small,Scooter,pending,2026-05-26,
4289,28,Ali Edris,Mona Hassan,1111801263,27 Emad El Din Street,Downtown,30.055875,31.244172,Yes,Large,Scooter,pending,2026-05-23,
4290,64,Mohamed Samir,Hassan Ibrahim,1175072588,51 90th Street,New Cairo,30.012174,31.443196,Yes,Large,Van,pending,2026-05-24,
4291,64,Mohamed Samir,Ahmed Youssef,1203628908,71 90th Street,New Cairo,30.012193,31.443075,No,Medium,Van,pending,2026-05-24,
4292,57,Abd El Rahman Mostafa,Nour Nabil,1181873402,66 El Merghany Street,Heliopolis,30.09044,31.340864,No,Small,Scooter,pending,2026-05-28,
4293,64,Mohamed Samir,Laila Adel,1122666025,73 North 90 Street,New Cairo,30.030943,31.466632,No,Large,Van,pending,2026-05-24,
4294,57,Abd El Rahman Mostafa,Yara Reda,1284888028,90 El Ahram Street,Heliopolis,30.090452,31.32032,No,Small,Scooter,pending,2026-05-28,
4295,64,Mohamed Samir,Tarek Adel,1218061147,22 Third District,Obour,30.214923,31.470002,Yes,Large,Van,pending,2026-05-24,
4296,28,Ali Edris,Nada Adel,1139796668,4 Mohamed Mahmoud Street,Downtown,30.043138,31.23997,Yes,Medium,Scooter,pending,2026-05-23,
4297,31,Ahmed Hossam,Khaled Ali,1247228113,78 Bahtim Street,Shubra,30.085479,31.245348,Yes,Small,Scooter,pending,2026-05-23,
4298,31,Ahmed Hossam,Doaa Nabil,1126615900,3 Ahmed Helmi Street,Shubra,30.070777,31.253685,Yes,Large,Scooter,pending,2026-05-23,
4299,31,Ahmed Hossam,Mona Reda,1076491760,22 Khalusi Street,Shubra,30.085575,31.245261,No,Small,Scooter,pending,2026-05-23,
4300,64,Mohamed Samir,Salma Youssef,1051160690,13 First District,Obour,30.205038,31.46485,No,Large,Van,pending,2026-05-24,
4301,31,Ahmed Hossam,Dina Samy,1106416734,55 El Khalafawy Street,Shubra,30.100486,31.245122,No,Small,Scooter,pending,2026-05-23,
4302,64,Mohamed Samir,Mahmoud Nabil,1199935025,81 90th Street,New Cairo,30.012233,31.443115,Yes,Large,Van,pending,2026-05-24,
4303,64,Mohamed Samir,Omar Khaled,1182857636,35 Fourth District,Obour,30.219874,31.478049,No,Medium,Van,pending,2026-05-24,
4304,57,Abd El Rahman Mostafa,Mostafa Khaled,1068967929,55 Tayaran Street,Nasr City,30.06706,31.324563,No,Large,Scooter,pending,2026-05-28,
4305,64,Mohamed Samir,Mostafa Fathy,1127019240,39 El Choueifat,New Cairo,30.00939,31.410026,Yes,Large,Van,pending,2026-05-24,
4306,31,Ahmed Hossam,Omar Adel,1293472464,83 Ahmed Helmi Street,Shubra,30.070898,31.253566,No,Medium,Scooter,pending,2026-05-23,
4307,64,Mohamed Samir,Youssef Nabil,1229162265,75 El Yasmeen,New Cairo,30.044127,31.451434,Yes,Medium,Van,pending,2026-05-24,
4308,64,Mohamed Samir,Ali Khaled,1149525552,29 El Choueifat,New Cairo,30.009385,31.409796,Yes,Large,Van,pending,2026-05-24,
4309,57,Abd El Rahman Mostafa,Nour Adel,1158089411,79 Abou Dawoud El Zahery Street,Nasr City,30.059105,31.341402,Yes,Small,Scooter,pending,2026-05-28,
4310,64,Mohamed Samir,Mohamed Ali,1069870464,54 El Banafseg,New Cairo,30.048149,31.465775,No,Small,Van,pending,2026-05-24,
4311,29,Hassan Hossny,Yara Nabil,1044801144,47 Road 18,Maadi,29.961024,31.267227,No,Large,Van,pending,2026-05-22,
4312,31,Ahmed Hossam,Laila Saeed,1254027046,51 Shubra Street,Shubra,30.085605,31.245425,No,Small,Scooter,pending,2026-05-23,
4313,57,Abd El Rahman Mostafa,Rania Samy,1285518636,6 El Merghany Street,Heliopolis,30.090505,31.340669,Yes,Medium,Scooter,pending,2026-05-28,
4314,57,Abd El Rahman Mostafa,Khaled Khaled,1029603922,82 Makram Ebeid Street,Nasr City,30.062078,31.345095,Yes,Large,Scooter,pending,2026-05-28,
4315,57,Abd El Rahman Mostafa,Omar Hassan,1271103123,64 El Nasr Road,Nasr City,30.069265,31.341029,Yes,Medium,Scooter,pending,2026-05-28,
4316,64,Mohamed Samir,Salma Fathy,1027156103,64 Sixth District,Obour,30.225034,31.468009,Yes,Large,Van,pending,2026-05-24,
4317,29,Hassan Hossny,Mostafa Fathy,1242940803,9 Road 77,Maadi,29.96477,31.260891,No,Large,Van,pending,2026-05-22,
4318,29,Hassan Hossny,Mahmoud Ibrahim,1208158977,60 Road 151,Maadi,29.962262,31.249414,Yes,Large,Van,pending,2026-05-22,
4319,57,Abd El Rahman Mostafa,Amira Mahmoud,1129292941,1 Abbas El Akkad Street,Nasr City,30.056685,31.338234,Yes,Large,Scooter,pending,2026-05-28,
4320,28,Ali Edris,Yara Youssef,1052912965,39 Bab El Louk Square,Downtown,30.04167,31.239474,Yes,Small,Scooter,pending,2026-05-23,
4321,57,Abd El Rahman Mostafa,Ahmed Ibrahim,1165544007,50 El Ahram Street,Heliopolis,30.090374,31.320277,Yes,Medium,Scooter,pending,2026-05-28,
4322,28,Ali Edris,Ali Youssef,1007023813,36 Adly Street,Downtown,30.051071,31.243872,No,Large,Scooter,pending,2026-05-23,
4323,28,Ali Edris,Hassan Nabil,1266529461,5 Sherif Basha Street,Downtown,30.04887,31.24228,Yes,Small,Scooter,pending,2026-05-23,
4324,64,Mohamed Samir,Amr Hassan,1072430815,88 Obour City Club,Obour,30.251634,31.496947,No,Medium,Van,pending,2026-05-24,
4325,64,Mohamed Samir,Mona Ali,1228650884,64 Ninth District,Obour,30.22993,31.480105,No,Large,Van,pending,2026-05-24,
4326,64,Mohamed Samir,Amira Reda,1069711565,79 El Choueifat,New Cairo,30.009333,31.409789,No,Large,Van,pending,2026-05-25,
4327,31,Ahmed Hossam,Tarek Khaled,1141863582,26 Masarra Street,Shubra,30.085506,31.245429,No,Small,Scooter,pending,2026-05-23,
4328,31,Ahmed Hossam,Mostafa Fathy,1268034413,52 Khalusi Street,Shubra,30.085686,31.245505,Yes,Medium,Scooter,pending,2026-05-23,
4329,57,Abd El Rahman Mostafa,Youssef Nabil,1118042934,41 El Orouba Street,Heliopolis,30.090305,31.332994,No,Large,Scooter,pending,2026-05-28,
4330,64,Mohamed Samir,Amr Adel,1076277092,83 North 90 Street,New Cairo,30.030934,31.466349,No,Large,Van,pending,2026-05-25,
4331,64,Mohamed Samir,Khaled Hassan,1031128071,23 Eighth District,Obour,30.210101,31.484946,No,Large,Van,pending,2026-05-25,
4332,57,Abd El Rahman Mostafa,Nada Hassan,1170170911,65 Baghdad Street,Heliopolis,30.089854,31.322463,No,Small,Scooter,pending,2026-05-28,
4333,29,Hassan Hossny,Nour Mahmoud,1157640772,36 Nasr Street,Maadi,29.975134,31.280306,No,Large,Van,pending,2026-05-22,
4334,64,Mohamed Samir,Heba Khaled,1170472833,59 El Choueifat,New Cairo,30.009648,31.409866,Yes,Large,Van,pending,2026-05-25,
4335,57,Abd El Rahman Mostafa,Mostafa Khaled,1134286806,39 Beirut Street,Heliopolis,30.092632,31.327867,Yes,Large,Scooter,pending,2026-05-28,
4336,64,Mohamed Samir,Doaa Fathy,1201291744,25 Gamal Abdel Nasser Axis,Obour,30.193875,31.460026,No,Medium,Van,pending,2026-05-25,
4337,64,Mohamed Samir,Omar Mahmoud,1042526867,29 El Choueifat,New Cairo,30.009409,31.409928,No,Small,Van,pending,2026-05-25,
4338,57,Abd El Rahman Mostafa,Mahmoud Nabil,1253554512,11 El Orouba Street,Heliopolis,30.090315,31.332783,No,Small,Scooter,pending,2026-05-29,
4339,57,Abd El Rahman Mostafa,Rania Mahmoud,1294191119,38 Anwar El Mofty Street,Nasr City,30.06647,31.330674,No,Large,Scooter,pending,2026-05-29,
4340,57,Abd El Rahman Mostafa,Youssef Fathy,1293774940,73 Mostafa El Nahas Street,Nasr City,30.055184,31.346222,No,Small,Scooter,pending,2026-05-29,
4341,57,Abd El Rahman Mostafa,Mohamed Samy,1255687932,54 El Nasr Road,Nasr City,30.069046,31.341284,No,Large,Scooter,pending,2026-05-29,
4342,64,Mohamed Samir,Mostafa Ibrahim,1080957888,52 South 90 Street,New Cairo,30.012116,31.442896,Yes,Medium,Van,pending,2026-05-25,
4343,31,Ahmed Hossam,Karim Adel,1122421387,42 Khalusi Street,Shubra,30.085537,31.245371,No,Large,Scooter,pending,2026-05-23,
4344,64,Mohamed Samir,Youssef Reda,1210587779,16 El Narges,New Cairo,30.001936,31.461305,No,Medium,Van,pending,2026-05-25,
4345,57,Abd El Rahman Mostafa,Heba Hassan,1190949492,58 Anwar El Mofty Street,Nasr City,30.066601,31.330779,Yes,Medium,Scooter,pending,2026-05-29,
4346,29,Hassan Hossny,Amira Hassan,1129657363,38 Road 233,Maadi,29.959267,31.278539,Yes,Large,Van,pending,2026-05-22,
4347,64,Mohamed Samir,Ali Reda,1207541797,29 El Choueifat,New Cairo,30.009525,31.409725,Yes,Small,Van,pending,2026-05-25,
4348,57,Abd El Rahman Mostafa,Mahmoud Hassan,1243765488,25 Baghdad Street,Heliopolis,30.089983,31.322518,Yes,Small,Scooter,pending,2026-05-29,
4349,57,Abd El Rahman Mostafa,Salma Nabil,1166394298,39 Abou Dawoud El Zahery Street,Nasr City,30.058878,31.341705,Yes,Small,Scooter,pending,2026-05-29,
4350,31,Ahmed Hossam,Laila Samy,1287903213,48 Bahtim Street,Shubra,30.085498,31.245403,Yes,Small,Scooter,pending,2026-05-23,
4351,29,Hassan Hossny,Dina Khaled,1028796667,52 Road 200,Maadi,29.954133,31.273322,Yes,Medium,Van,pending,2026-05-22,
4352,28,Ali Edris,Doaa Ibrahim,1050102704,38 26th of July Street,Downtown,30.052564,31.242349,No,Medium,Scooter,pending,2026-05-23,
4353,64,Mohamed Samir,Dina Adel,1195681062,25 Eighth District,Obour,30.209918,31.485064,No,Medium,Van,pending,2026-05-25,
4354,29,Hassan Hossny,Mohamed Nabil,1101317580,20 Road 151,Maadi,29.962284,31.249686,No,Large,Van,pending,2026-05-22,
4355,64,Mohamed Samir,Ahmed Khaled,1091461470,69 Fourth District,Obour,30.220012,31.478136,No,Small,Van,pending,2026-05-25,
4356,57,Abd El Rahman Mostafa,Ali Reda,1155776597,64 El Higaz Street,Heliopolis,30.106579,31.335406,No,Medium,Scooter,pending,2026-05-29,
4357,31,Ahmed Hossam,Nour Saeed,1263511826,27 Mosheer Ahmed Ismail Street,Shubra,30.072631,31.249877,Yes,Medium,Scooter,pending,2026-05-23,
4358,57,Abd El Rahman Mostafa,Yara Fathy,1095641742,62 Othman Ibn Affan Street,Heliopolis,30.093125,31.32551,Yes,Medium,Scooter,pending,2026-05-29,
4359,64,Mohamed Samir,Heba Khaled,1189375122,47 Teseen Street,New Cairo,30.030711,31.455969,No,Large,Van,pending,2026-05-25,
4360,29,Hassan Hossny,Salma Ali,1299827137,38 Road 233,Maadi,29.959251,31.278548,Yes,Small,Van,pending,2026-05-22,
4361,29,Hassan Hossny,Yara Fathy,1275203176,39 Road 77,Maadi,29.964779,31.26087,Yes,Medium,Van,pending,2026-05-22,
4362,64,Mohamed Samir,Laila Nabil,1044436039,13 North 90 Street,New Cairo,30.030861,31.466398,Yes,Large,Van,pending,2026-05-25,
4363,57,Abd El Rahman Mostafa,Mahmoud Nabil,1190965285,2 Makram Ebeid Street,Nasr City,30.062027,31.344912,No,Large,Scooter,pending,2026-05-29,
4364,31,Ahmed Hossam,Sara Saeed,1218789356,29 Shubra El Kheima Street,Shubra,30.044589,31.235803,Yes,Large,Scooter,pending,2026-05-23,
4365,57,Abd El Rahman Mostafa,Doaa Fathy,1000008092,10 El Ahram Street,Heliopolis,30.090487,31.319973,No,Large,Scooter,pending,2026-05-29,
4366,64,Mohamed Samir,Ahmed Ali,1104739845,39 First District,Obour,30.204979,31.465074,Yes,Large,Van,pending,2026-05-25,
4367,57,Abd El Rahman Mostafa,Nada Ali,1072621877,47 Youssef Abbas Street,Nasr City,30.066072,31.320384,Yes,Small,Scooter,pending,2026-05-29,
4368,28,Ali Edris,Mona Adel,1116195301,49 Bab El Louk Square,Downtown,30.041655,31.239316,No,Large,Scooter,pending,2026-05-24,
4369,64,Mohamed Samir,Tarek Nabil,1176023386,27 Teseen Street,New Cairo,30.030714,31.455963,No,Medium,Van,pending,2026-05-25,
4370,31,Ahmed Hossam,Mona Khaled,1298770920,7 Mosheer Ahmed Ismail Street,Shubra,30.0725,31.249939,No,Small,Scooter,pending,2026-05-24,
4371,64,Mohamed Samir,Amr Fathy,1051817010,33 North 90 Street,New Cairo,30.030812,31.466599,No,Medium,Van,pending,2026-05-25,
4372,29,Hassan Hossny,Sara Youssef,1235371150,22 Road 200,Maadi,29.954184,31.273249,Yes,Small,Van,pending,2026-05-22,
4373,64,Mohamed Samir,Dina Ibrahim,1177729527,69 First District,Obour,30.204925,31.465146,No,Small,Van,pending,2026-05-25,
4374,31,Ahmed Hossam,Karim Khaled,1041532708,86 Masarra Street,Shubra,30.085475,31.245326,No,Small,Scooter,pending,2026-05-24,
4375,57,Abd El Rahman Mostafa,Mahmoud Samy,1114441904,80 El Ahram Street,Heliopolis,30.090416,31.32014,Yes,Small,Scooter,pending,2026-05-30,
4376,29,Hassan Hossny,Nour Nabil,1289088820,28 Road 233,Maadi,29.959236,31.278308,Yes,Small,Van,pending,2026-05-22,
4377,57,Abd El Rahman Mostafa,Khaled Reda,1074954746,65 Baghdad Street,Heliopolis,30.089674,31.322515,No,Medium,Scooter,pending,2026-05-30,
4378,57,Abd El Rahman Mostafa,Tarek Hassan,1213158571,38 Anwar El Mofty Street,Nasr City,30.06645,31.330717,Yes,Medium,Scooter,pending,2026-05-30,
4379,64,Mohamed Samir,Nour Samy,1199861619,31 Fourth District,Obour,30.219834,31.477964,No,Small,Van,pending,2026-05-25,
4380,57,Abd El Rahman Mostafa,Hassan Khaled,1013150510,36 El Merghany Street,Heliopolis,30.090364,31.340602,Yes,Small,Scooter,pending,2026-05-30,
4381,57,Abd El Rahman Mostafa,Mostafa Ali,1072908316,56 Hassan El Maamoun Street,Nasr City,30.066967,31.356855,Yes,Medium,Scooter,pending,2026-05-30,
4382,29,Hassan Hossny,Nada Fathy,1056299298,39 Road 77,Maadi,29.964628,31.260804,No,Medium,Van,pending,2026-05-22,
4383,64,Mohamed Samir,Nada Ibrahim,1093846681,10 Third District,Obour,30.21499,31.470077,No,Large,Van,pending,2026-05-25,
4384,28,Ali Edris,Rania Nabil,1234981229,71 Talaat Harb Street,Downtown,30.049119,31.239437,Yes,Medium,Scooter,pending,2026-05-24,
4385,31,Ahmed Hossam,Dina Fathy,1222622838,75 El Khalafawy Street,Shubra,30.100309,31.244814,Yes,Large,Scooter,pending,2026-05-24,
4386,57,Abd El Rahman Mostafa,Amira Nabil,1215887250,19 Abou Dawoud El Zahery Street,Nasr City,30.058791,31.341621,Yes,Large,Scooter,pending,2026-05-30,
4387,31,Ahmed Hossam,Salma Mahmoud,1239733180,55 El Khalafawy Street,Shubra,30.100275,31.244817,Yes,Small,Scooter,pending,2026-05-24,
4388,64,Mohamed Samir,Mostafa Ibrahim,1123810265,20 Obour City Club,Obour,30.251641,31.496761,No,Medium,Van,pending,2026-05-25,
4389,57,Abd El Rahman Mostafa,Rania Hassan,1241697822,83 Mostafa El Nahas Street,Nasr City,30.054967,31.346311,No,Large,Scooter,pending,2026-05-30,
4390,57,Abd El Rahman Mostafa,Sara Ali,1155362751,72 Makram Ebeid Street,Nasr City,30.061861,31.344892,Yes,Small,Scooter,pending,2026-05-30,
4391,57,Abd El Rahman Mostafa,Omar Khaled,1281081439,8 Anwar El Mofty Street,Nasr City,30.066538,31.330737,No,Large,Scooter,pending,2026-05-30,
4392,29,Hassan Hossny,Karim Nabil,1160971527,31 Road 9,Maadi,29.959303,31.259093,No,Small,Van,pending,2026-05-22,
4393,57,Abd El Rahman Mostafa,Yara Adel,1187367257,38 Ibrahim El Lakkany Street,Heliopolis,30.093787,31.322179,No,Medium,Scooter,pending,2026-05-30,
4394,29,Hassan Hossny,Laila Fathy,1079689703,14 Street 100,Maadi,29.958893,31.254964,No,Small,Van,pending,2026-05-22,
4395,29,Hassan Hossny,Laila Ali,1140987740,23 Road 250,Maadi,29.952766,31.271401,No,Medium,Van,pending,2026-05-22,
4396,64,Mohamed Samir,Mona Ibrahim,1098770255,23 North 90 Street,New Cairo,30.030962,31.466461,Yes,Small,Van,pending,2026-05-26,
4397,29,Hassan Hossny,Hassan Ibrahim,1288262180,20 Road 151,Maadi,29.962487,31.249652,No,Medium,Van,pending,2026-05-22,
4398,31,Ahmed Hossam,Nour Hassan,1200588820,67 Mosheer Ahmed Ismail Street,Shubra,30.072474,31.249694,No,Small,Scooter,pending,2026-05-24,
4399,57,Abd El Rahman Mostafa,Yara Youssef,1212528226,71 El Orouba Street,Heliopolis,30.090417,31.33278,No,Small,Scooter,pending,2026-05-30,
4400,64,Mohamed Samir,Karim Nabil,1246714675,60 Sixth District,Obour,30.225079,31.467976,Yes,Large,Van,pending,2026-05-26,
4401,28,Ali Edris,Dina Saeed,1269619203,36 Adly Street,Downtown,30.051307,31.243764,No,Small,Scooter,pending,2026-05-24,
4402,29,Hassan Hossny,Ali Reda,1241703089,49 Road 77,Maadi,29.964745,31.261,Yes,Small,Van,pending,2026-05-22,
4403,64,Mohamed Samir,Rania Youssef,1275548083,86 Sixth District,Obour,30.224969,31.468179,Yes,Large,Van,pending,2026-05-26,
4404,64,Mohamed Samir,Amr Adel,1022932737,3 North 90 Street,New Cairo,30.030938,31.466632,No,Medium,Van,pending,2026-05-26,
4405,64,Mohamed Samir,Mohamed Adel,1267875038,71 90th Street,New Cairo,30.01227,31.443033,Yes,Large,Van,pending,2026-05-26,
4406,31,Ahmed Hossam,Sara Reda,1018200263,5 El Khalafawy Street,Shubra,30.10056,31.245007,Yes,Medium,Scooter,pending,2026-05-24,
4407,64,Mohamed Samir,Mona Nabil,1141932469,15 Gamal Abdel Nasser Axis,Obour,30.193667,31.460324,No,Large,Van,pending,2026-05-26,
4408,57,Abd El Rahman Mostafa,Salma Fathy,1267812584,58 Anwar El Mofty Street,Nasr City,30.066412,31.330656,No,Medium,Scooter,pending,2026-05-30,
4409,28,Ali Edris,Mostafa Mahmoud,1084704110,15 Sherif Basha Street,Downtown,30.048784,31.242354,No,Medium,Scooter,pending,2026-05-24,
4410,57,Abd El Rahman Mostafa,Ahmed Samy,1041745335,76 Hassan El Maamoun Street,Nasr City,30.067025,31.356901,No,Medium,Scooter,pending,2026-05-31,
4411,31,Ahmed Hossam,Amira Hassan,1006953618,85 El Khalafawy Street,Shubra,30.100336,31.244976,No,Medium,Scooter,pending,2026-05-24,
4412,57,Abd El Rahman Mostafa,Salma Hassan,1124673275,55 Baghdad Street,Heliopolis,30.089885,31.322584,No,Medium,Scooter,pending,2026-05-31,
4413,57,Abd El Rahman Mostafa,Ali Saeed,1095061917,13 Mostafa El Nahas Street,Nasr City,30.05502,31.346102,Yes,Medium,Scooter,pending,2026-05-31,
4414,57,Abd El Rahman Mostafa,Salma Youssef,1033168028,32 Othman Ibn Affan Street,Heliopolis,30.093464,31.325324,Yes,Small,Scooter,pending,2026-05-31,
4415,57,Abd El Rahman Mostafa,Yara Samy,1268156806,12 Othman Ibn Affan Street,Heliopolis,30.093457,31.325434,No,Small,Scooter,pending,2026-05-31,
4416,64,Mohamed Samir,Laila Samy,1124207271,19 Fourth District,Obour,30.219942,31.478055,Yes,Medium,Van,pending,2026-05-26,
4417,64,Mohamed Samir,Khaled Samy,1024661638,46 El Narges,New Cairo,30.001643,31.461156,Yes,Large,Van,pending,2026-05-26,
4418,29,Hassan Hossny,Tarek Youssef,1176822900,75 Road 105,Maadi,29.959548,31.258997,No,Medium,Van,pending,2026-05-22,
4419,29,Hassan Hossny,Mahmoud Adel,1244045825,44 Street 100,Maadi,29.959004,31.254788,Yes,Medium,Van,pending,2026-05-22,
4420,28,Ali Edris,Karim Ibrahim,1251433417,46 Adly Street,Downtown,30.051222,31.243895,No,Small,Scooter,pending,2026-05-24,
4421,57,Abd El Rahman Mostafa,Mohamed Samy,1196518786,25 Tayaran Street,Nasr City,30.067137,31.324611,No,Large,Scooter,pending,2026-05-31,
4422,64,Mohamed Samir,Mostafa Saeed,1180428992,86 El Narges,New Cairo,30.001908,31.4614,No,Small,Van,pending,2026-05-26,
4423,64,Mohamed Samir,Heba Youssef,1286855012,68 El Lotus,New Cairo,30.025665,31.519762,Yes,Large,Van,pending,2026-05-26,
4424,64,Mohamed Samir,Omar Samy,1208267549,34 El Banafseg,New Cairo,30.048138,31.465439,No,Small,Van,pending,2026-05-26,
4425,57,Abd El Rahman Mostafa,Heba Nabil,1174027407,15 Tayaran Street,Nasr City,30.067318,31.324709,Yes,Medium,Scooter,pending,2026-05-31,
4426,57,Abd El Rahman Mostafa,Heba Youssef,1269189695,19 Beirut Street,Heliopolis,30.092735,31.327943,Yes,Large,Scooter,pending,2026-05-31,
4427,29,Hassan Hossny,Karim Ibrahim,1132301089,18 Road 233,Maadi,29.959085,31.278323,No,Medium,Van,pending,2026-05-22,
4428,31,Ahmed Hossam,Mahmoud Fathy,1178666033,51 Shubra Street,Shubra,30.085609,31.245362,Yes,Small,Scooter,pending,2026-05-24,
4429,29,Hassan Hossny,Ali Khaled,1148056149,64 Street 100,Maadi,29.958824,31.254915,Yes,Medium,Van,pending,2026-05-23,
4430,57,Abd El Rahman Mostafa,Youssef Mahmoud,1226939678,87 Youssef Abbas Street,Nasr City,30.066173,31.320276,No,Large,Scooter,pending,2026-05-31,
4431,28,Ali Edris,Khaled Khaled,1158226335,63 Champollion Street,Downtown,30.050202,31.237903,No,Medium,Scooter,pending,2026-05-24,
4432,29,Hassan Hossny,Mohamed Youssef,1205984996,62 Road 200,Maadi,29.953897,31.273478,Yes,Medium,Van,pending,2026-05-23,
4433,64,Mohamed Samir,Hassan Mahmoud,1105207134,31 First District,Obour,30.204969,31.465111,No,Medium,Van,pending,2026-05-26,
4434,29,Hassan Hossny,Mahmoud Youssef,1061343649,13 Road 250,Maadi,29.952985,31.271333,No,Small,Van,pending,2026-05-23,
4435,64,Mohamed Samir,Amr Mahmoud,1149955175,48 El Lotus,New Cairo,30.025866,31.519913,No,Large,Van,pending,2026-05-26,
4436,29,Hassan Hossny,Hassan Samy,1025421909,69 Road 77,Maadi,29.964912,31.260843,Yes,Small,Van,pending,2026-05-23,
4437,29,Hassan Hossny,Laila Samy,1105914549,52 Road 200,Maadi,29.954209,31.273556,Yes,Medium,Van,pending,2026-05-23,
4438,31,Ahmed Hossam,Amira Adel,1034812102,67 Mosheer Ahmed Ismail Street,Shubra,30.072639,31.249718,Yes,Small,Scooter,pending,2026-05-24,
4439,31,Ahmed Hossam,Nour Samy,1112009884,84 Rod El Farag Street,Shubra,30.080001,31.243311,No,Medium,Scooter,pending,2026-05-24,
4440,57,Abd El Rahman Mostafa,Laila Hassan,1230732103,6 El Merghany Street,Heliopolis,30.090333,31.340709,No,Large,Scooter,pending,2026-05-31,
4441,64,Mohamed Samir,Dina Mahmoud,1078953149,61 Gamal Abdel Nasser Axis,Obour,30.193652,31.460233,No,Medium,Van,pending,2026-05-26,
4442,31,Ahmed Hossam,Hassan Hassan,1012974981,74 Rod El Farag Street,Shubra,30.080049,31.243155,No,Large,Scooter,pending,2026-05-24,
4443,57,Abd El Rahman Mostafa,Mostafa Fathy,1256240644,1 Abbas El Akkad Street,Nasr City,30.05664,31.338079,No,Medium,Scooter,pending,2026-05-31,
4444,57,Abd El Rahman Mostafa,Ahmed Mahmoud,1142933295,33 Cleopatra Street,Heliopolis,30.090759,31.328064,Yes,Large,Scooter,pending,2026-05-31,
4445,64,Mohamed Samir,Yara Reda,1006298002,41 Eighth District,Obour,30.209898,31.484898,No,Medium,Van,pending,2026-05-26,
4446,28,Ali Edris,Mohamed Fathy,1056744158,13 Champollion Street,Downtown,30.050214,31.237878,No,Large,Scooter,pending,2026-05-24,
4447,57,Abd El Rahman Mostafa,Mohamed Reda,1162451270,58 Anwar El Mofty Street,Nasr City,30.066729,31.330728,No,Small,Scooter,pending,2026-06-01,
4448,64,Mohamed Samir,Nour Khaled,1126261933,31 Eighth District,Obour,30.209994,31.48483,No,Large,Van,pending,2026-05-26,
4449,31,Ahmed Hossam,Doaa Khaled,1283875412,85 El Khalafawy Street,Shubra,30.100259,31.245033,Yes,Small,Scooter,pending,2026-05-24,
4450,64,Mohamed Samir,Amr Nabil,1243020159,49 Fourth District,Obour,30.219885,31.477822,Yes,Large,Van,pending,2026-05-26,
4451,64,Mohamed Samir,Hassan Reda,1017460532,1 Gamal Abdel Nasser Axis,Obour,30.19366,31.46,No,Small,Van,pending,2026-05-26,
4452,28,Ali Edris,Mostafa Ibrahim,1221793260,56 Adly Street,Downtown,30.051087,31.243738,No,Medium,Scooter,pending,2026-05-24,
4453,28,Ali Edris,Omar Youssef,1069240432,20 Falaki Square,Downtown,30.043519,31.2392,No,Medium,Scooter,pending,2026-05-24,
4454,28,Ali Edris,Khaled Khaled,1286839132,40 Falaki Square,Downtown,30.043405,31.239225,No,Large,Scooter,pending,2026-05-24,
4455,64,Mohamed Samir,Amira Fathy,1030613017,35 Eighth District,Obour,30.210036,31.48485,No,Small,Van,pending,2026-05-26,
4456,28,Ali Edris,Mohamed Reda,1191126569,38 26th of July Street,Downtown,30.052622,31.242141,No,Small,Scooter,pending,2026-05-24,
4457,57,Abd El Rahman Mostafa,Omar Khaled,1091118638,84 El Higaz Street,Heliopolis,30.106576,31.335412,No,Large,Scooter,pending,2026-06-01,
4458,64,Mohamed Samir,Tarek Ali,1244773358,27 Teseen Street,New Cairo,30.030422,31.455891,No,Medium,Van,pending,2026-05-26,
4459,57,Abd El Rahman Mostafa,Dina Ali,1060794814,56 Hassan El Maamoun Street,Nasr City,30.067119,31.356845,Yes,Large,Scooter,pending,2026-06-01,
4460,31,Ahmed Hossam,Ali Mahmoud,1194309180,53 Ahmed Helmi Street,Shubra,30.070765,31.25349,Yes,Large,Scooter,pending,2026-05-25,
4461,29,Hassan Hossny,Ali Adel,1043314444,45 Road 105,Maadi,29.959678,31.258922,No,Medium,Van,pending,2026-05-23,
4462,64,Mohamed Samir,Tarek Youssef,1154584476,40 First Settlement,New Cairo,30.04773,31.526276,No,Small,Van,pending,2026-05-28,
4463,64,Mohamed Samir,Laila Hassan,1244704857,19 El Choueifat,New Cairo,30.009337,31.410071,No,Small,Van,pending,2026-05-28,
4464,57,Abd El Rahman Mostafa,Nour Reda,1261325507,37 Nozha Street,Heliopolis,30.089409,31.341263,No,Large,Scooter,pending,2026-06-01,
4465,64,Mohamed Samir,Ali Saeed,1127928752,36 Sixth District,Obour,30.224887,31.468046,No,Small,Van,pending,2026-05-28,
4466,64,Mohamed Samir,Dina Fathy,1015488726,19 First District,Obour,30.204953,31.46516,No,Large,Van,pending,2026-05-28,
4467,57,Abd El Rahman Mostafa,Tarek Ali,1140960672,10 Mohamed Hassanein Heikal Street,Nasr City,30.058934,31.341297,No,Medium,Scooter,pending,2026-06-01,
4468,64,Mohamed Samir,Karim Ibrahim,1230062224,6 Ninth District,Obour,30.229966,31.47985,Yes,Large,Van,pending,2026-05-28,
4469,28,Ali Edris,Nour Nabil,1257294199,7 Mosheer Ahmed Ismail Street,Shubra,30.072391,31.249828,Yes,Medium,Scooter,pending,2026-05-25,
4470,28,Ali Edris,Youssef Ibrahim,1178803961,9 Shubra El Kheima Street,Shubra,30.044346,31.235584,Yes,Small,Scooter,pending,2026-05-25,
4471,57,Abd El Rahman Mostafa,Nada Nabil,1292296277,19 Beirut Street,Heliopolis,30.092836,31.327919,Yes,Medium,Scooter,pending,2026-06-01,
4472,29,Hassan Hossny,Laila Khaled,1082372196,6 Nasr Street,Maadi,29.975282,31.280449,No,Small,Van,pending,2026-05-23,
4473,64,Mohamed Samir,Nada Mahmoud,1180898238,40 First Settlement,New Cairo,30.047574,31.526497,No,Medium,Van,pending,2026-05-28,
4474,31,Ahmed Hossam,Nada Ibrahim,1295161171,20 El Teraa El Boulaqeya Street,Shubra,30.080519,31.252056,No,Large,Scooter,pending,2026-05-25,
4475,64,Mohamed Samir,Ali Adel,1284048944,57 Teseen Street,New Cairo,30.030729,31.455819,Yes,Large,Van,pending,2026-05-28,
4476,28,Ali Edris,Khaled Ibrahim,1267794079,49 Shubra El Kheima Street,Shubra,30.044382,31.23569,No,Small,Scooter,pending,2026-05-25,
4477,57,Abd El Rahman Mostafa,Amr Hassan,1107868164,37 Youssef Abbas Street,Nasr City,30.06599,31.3205,No,Large,Scooter,pending,2026-06-01,
4478,57,Abd El Rahman Mostafa,Ahmed Youssef,1005623456,86 Hassan El Maamoun Street,Nasr City,30.067059,31.357059,No,Small,Scooter,pending,2026-06-01,
4479,64,Mohamed Samir,Sara Reda,1250880178,10 First Settlement,New Cairo,30.047395,31.526403,Yes,Small,Van,pending,2026-05-28,
4480,64,Mohamed Samir,Omar Ibrahim,1165540949,32 South 90 Street,New Cairo,30.012294,31.443184,No,Medium,Van,pending,2026-05-28,
4481,64,Mohamed Samir,Rania Adel,1162175615,68 Ninth District,Obour,30.229931,31.479899,Yes,Small,Van,pending,2026-05-28,
4482,57,Abd El Rahman Mostafa,Mohamed Khaled,1225924237,50 El Ahram Street,Heliopolis,30.090347,31.320114,Yes,Medium,Scooter,pending,2026-06-01,
4483,64,Mohamed Samir,Nour Ibrahim,1249480282,86 Sixth District,Obour,30.224985,31.467959,Yes,Large,Van,pending,2026-05-28,
4484,28,Ali Edris,Nour Samy,1275513956,55 Sherif Basha Street,Downtown,30.048725,31.242467,Yes,Large,Scooter,pending,2026-05-24,
4485,64,Mohamed Samir,Doaa Ali,1046007154,50 First Settlement,New Cairo,30.047519,31.526576,No,Large,Van,pending,2026-05-28,
4486,64,Mohamed Samir,Amr Saeed,1270029423,68 Sixth District,Obour,30.224883,31.468119,No,Medium,Van,pending,2026-05-28,
4487,64,Mohamed Samir,Ali Samy,1285799376,29 Gamal Abdel Nasser Axis,Obour,30.193874,31.460244,Yes,Large,Van,pending,2026-05-28,
4488,57,Abd El Rahman Mostafa,Dina Ibrahim,1144483943,9 Abou Dawoud El Zahery Street,Nasr City,30.059059,31.341581,Yes,Large,Scooter,pending,2026-06-01,
4489,57,Abd El Rahman Mostafa,Ahmed Mahmoud,1002913874,90 El Ahram Street,Heliopolis,30.090549,31.320144,Yes,Small,Scooter,pending,2026-06-01,
4490,28,Ali Edris,Khaled Mahmoud,1219828303,52 Qasr El Nil Street,Downtown,30.048157,31.240281,No,Medium,Scooter,pending,2026-05-25,
4491,57,Abd El Rahman Mostafa,Ali Mahmoud,1164514680,22 Makram Ebeid Street,Nasr City,30.061997,31.345022,Yes,Small,Scooter,pending,2026-06-01,
4492,64,Mohamed Samir,Yara Mahmoud,1240546888,41 First District,Obour,30.205076,31.46499,Yes,Small,Van,pending,2026-05-28,
4493,29,Hassan Hossny,Heba Youssef,1210239069,60 Road 151,Maadi,29.962219,31.249526,No,Small,Van,pending,2026-05-23,
4494,31,Ahmed Hossam,Yara Khaled,1232072129,12 Khalusi Street,Shubra,30.085567,31.245216,No,Large,Scooter,pending,2026-05-25,
4495,29,Hassan Hossny,Tarek Fathy,1150631499,89 Road 77,Maadi,29.964851,31.260987,No,Small,Van,pending,2026-05-23,
4496,64,Mohamed Samir,Amira Adel,1094719280,67 Eighth District,Obour,30.209957,31.485165,No,Small,Van,pending,2026-05-28,
4497,28,Ali Edris,Nour Nabil,1061207091,89 Shubra El Kheima Street,Shubra,30.04452,31.23586,Yes,Medium,Scooter,pending,2026-05-25,
4498,64,Mohamed Samir,Tarek Ali,1276788235,41 Gamal Abdel Nasser Axis,Obour,30.19367,31.460213,No,Small,Van,pending,2026-05-28,
4499,31,Ahmed Hossam,Amr Ali,1234744921,74 Rod El Farag Street,Shubra,30.080274,31.24307,No,Large,Scooter,pending,2026-05-25,
4500,57,Abd El Rahman Mostafa,Amira Youssef,1048059601,74 El Nasr Road,Nasr City,30.069051,31.341261,Yes,Medium,Scooter,pending,2026-06-02,
4501,28,Ali Edris,Amr Khaled,1178580407,16 Masarra Street,Shubra,30.085699,31.245459,No,Medium,Scooter,pending,2026-05-25,
4502,64,Mohamed Samir,Youssef Reda,1076315400,3 North 90 Street,New Cairo,30.030909,31.466532,No,Large,Van,pending,2026-05-28,
4503,28,Ali Edris,Karim Ali,1211905415,18 26th of July Street,Downtown,30.052594,31.242166,No,Large,Scooter,pending,2026-05-25,
4504,28,Ali Edris,Mahmoud Saeed,1159260195,21 Shubra Street,Shubra,30.085646,31.245431,No,Small,Scooter,pending,2026-05-25,
4505,57,Abd El Rahman Mostafa,Mostafa Nabil,1236737277,32 Makram Ebeid Street,Nasr City,30.061865,31.344816,Yes,Small,Scooter,pending,2026-06-02,
4506,28,Ali Edris,Dina Khaled,1279817407,36 Adly Street,Downtown,30.051166,31.243707,No,Large,Scooter,pending,2026-05-25,
4507,57,Abd El Rahman Mostafa,Nada Saeed,1130809022,54 El Higaz Street,Heliopolis,30.106587,31.335517,Yes,Large,Scooter,pending,2026-06-02,
4508,28,Ali Edris,Hassan Khaled,1166800703,13 Champollion Street,Downtown,30.050222,31.23797,No,Large,Scooter,pending,2026-05-25,
4509,29,Hassan Hossny,Amira Youssef,1212812411,22 Road 200,Maadi,29.954001,31.273584,No,Large,Van,pending,2026-05-23,
4510,57,Abd El Rahman Mostafa,Mona Ibrahim,1004108653,57 Nozha Street,Heliopolis,30.089673,31.341341,No,Large,Scooter,pending,2026-06-02,
4511,29,Hassan Hossny,Mahmoud Reda,1196829534,16 Nasr Street,Maadi,29.975411,31.280216,Yes,Large,Van,pending,2026-05-23,
4512,64,Mohamed Samir,Nour Ali,1121115956,9 Fourth District,Obour,30.22005,31.477898,Yes,Small,Van,pending,2026-05-28,
4513,28,Ali Edris,Heba Khaled,1065560137,3 Ahmed Helmi Street,Shubra,30.070779,31.253438,Yes,Medium,Scooter,pending,2026-05-25,
4514,29,Hassan Hossny,Hassan Ali,1221888652,31 Road 9,Maadi,29.959134,31.259023,No,Medium,Van,pending,2026-05-23,
4515,29,Hassan Hossny,Yara Youssef,1069648962,2 Road 200,Maadi,29.954124,31.273317,Yes,Large,Van,pending,2026-05-23,
4516,28,Ali Edris,Ali Samy,1292132692,76 Masarra Street,Shubra,30.085632,31.245213,No,Small,Scooter,pending,2026-05-25,
4517,57,Abd El Rahman Mostafa,Khaled Youssef,1199746906,31 Abbas El Akkad Street,Nasr City,30.056654,31.338097,No,Large,Scooter,pending,2026-06-02,
4518,64,Mohamed Samir,Mostafa Samy,1206952928,84 Sixth District,Obour,30.224941,31.468026,No,Medium,Van,pending,2026-05-28,
4519,64,Mohamed Samir,Heba Hassan,1106291288,33 Eighth District,Obour,30.210055,31.485173,No,Medium,Van,pending,2026-05-29,
4520,64,Mohamed Samir,Doaa Khaled,1220978290,15 El Yasmeen,New Cairo,30.044079,31.451235,No,Medium,Van,pending,2026-05-29,
4521,31,Ahmed Hossam,Heba Saeed,1093948795,75 El Khalafawy Street,Shubra,30.100569,31.245079,Yes,Small,Scooter,pending,2026-05-26,
4522,29,Hassan Hossny,Laila Fathy,1133196114,40 Road 151,Maadi,29.962216,31.249404,No,Large,Van,pending,2026-05-23,
4523,64,Mohamed Samir,Tarek Ali,1210660124,76 Sixth District,Obour,30.224849,31.467907,Yes,Medium,Van,pending,2026-05-29,
4524,31,Ahmed Hossam,Mohamed Samy,1175819132,44 Rod El Farag Street,Shubra,30.0803,31.243167,No,Medium,Scooter,pending,2026-05-26,
4525,64,Mohamed Samir,Omar Mahmoud,1071453850,50 Sixth District,Obour,30.224825,31.467839,No,Large,Van,pending,2026-05-29,
4526,64,Mohamed Samir,Nada Samy,1051798702,81 90th Street,New Cairo,30.012068,31.443136,Yes,Medium,Van,pending,2026-05-29,
4527,28,Ali Edris,Sara Fathy,1147011833,70 Falaki Square,Downtown,30.043556,31.23902,Yes,Small,Scooter,pending,2026-05-25,
4528,64,Mohamed Samir,Ahmed Adel,1282323189,41 90th Street,New Cairo,30.012195,31.443181,Yes,Large,Van,pending,2026-05-29,
4529,64,Mohamed Samir,Tarek Youssef,1235086001,63 North 90 Street,New Cairo,30.030783,31.466634,No,Large,Van,pending,2026-05-29,
4530,29,Hassan Hossny,Amr Ali,1021292812,37 Road 18,Maadi,29.960727,31.267274,Yes,Medium,Van,pending,2026-05-23,
4531,28,Ali Edris,Dina Hassan,1076516220,54 Mohamed Mahmoud Street,Downtown,30.042983,31.240022,No,Medium,Scooter,pending,2026-05-25,
4532,29,Hassan Hossny,Yara Samy,1062332934,50 Road 151,Maadi,29.962324,31.249393,No,Large,Van,pending,2026-05-23,
4533,64,Mohamed Samir,Heba Adel,1046483597,58 Obour City Club,Obour,30.251564,31.496925,No,Medium,Van,pending,2026-05-29,
4534,31,Ahmed Hossam,Mohamed Adel,1024263893,77 Mosheer Ahmed Ismail Street,Shubra,30.07253,31.249647,Yes,Small,Scooter,pending,2026-05-26,
4535,57,Abd El Rahman Mostafa,Rania Mahmoud,1029051573,2 Othman Ibn Affan Street,Heliopolis,30.093231,31.325508,Yes,Medium,Scooter,pending,2026-06-02,
4536,57,Abd El Rahman Mostafa,Ali Hassan,1142836884,60 Mohamed Hassanein Heikal Street,Nasr City,30.058803,31.341163,Yes,Small,Scooter,pending,2026-06-02,
4537,31,Ahmed Hossam,Yara Adel,1243230809,53 Ahmed Helmi Street,Shubra,30.070577,31.253695,Yes,Large,Scooter,pending,2026-05-26,
4538,64,Mohamed Samir,Mohamed Hassan,1094377023,21 90th Street,New Cairo,30.012068,31.442968,No,Large,Van,pending,2026-05-29,
4539,31,Ahmed Hossam,Ali Reda,1217149397,53 Ahmed Helmi Street,Shubra,30.070898,31.25364,No,Large,Scooter,pending,2026-05-26,
4540,31,Ahmed Hossam,Khaled Ibrahim,1257816441,74 Rod El Farag Street,Shubra,30.080174,31.243022,No,Large,Scooter,pending,2026-05-26,
4541,29,Hassan Hossny,Doaa Hassan,1271884760,82 Road 200,Maadi,29.954007,31.273314,No,Small,Van,pending,2026-05-23,
4542,64,Mohamed Samir,Doaa Youssef,1047647678,81 90th Street,New Cairo,30.012052,31.442931,Yes,Small,Van,pending,2026-05-29,
4543,31,Ahmed Hossam,Khaled Fathy,1238573445,18 Bahtim Street,Shubra,30.08555,31.24528,No,Large,Scooter,pending,2026-05-26,
4544,29,Hassan Hossny,Karim Mahmoud,1230215112,7 Road 18,Maadi,29.960765,31.267013,No,Medium,Van,pending,2026-05-23,
4545,57,Abd El Rahman Mostafa,Laila Fathy,1194062224,64 El Nasr Road,Nasr City,30.069203,31.341306,Yes,Large,Scooter,pending,2026-06-02,
4546,28,Ali Edris,Mona Nabil,1080015242,15 Sherif Basha Street,Downtown,30.048751,31.242326,Yes,Medium,Scooter,pending,2026-05-25,
4547,64,Mohamed Samir,Heba Youssef,1156303995,39 El Choueifat,New Cairo,30.009342,31.409881,Yes,Large,Van,pending,2026-05-29,
4548,28,Ali Edris,Ahmed Ali,1048554642,59 Bab El Louk Square,Downtown,30.041454,31.239524,Yes,Medium,Scooter,pending,2026-05-25,
4549,57,Abd El Rahman Mostafa,Salma Mahmoud,1171226088,70 Mohamed Hassanein Heikal Street,Nasr City,30.058941,31.341356,Yes,Large,Scooter,pending,2026-06-02,
4550,57,Abd El Rahman Mostafa,Amr Mahmoud,1199789599,85 Tayaran Street,Nasr City,30.067145,31.324407,Yes,Large,Scooter,pending,2026-06-02,
4551,28,Ali Edris,Salma Youssef,1270238025,61 Talaat Harb Street,Downtown,30.048923,31.239421,No,Large,Scooter,pending,2026-05-25,
4552,28,Ali Edris,Nour Saeed,1101861934,5 Sherif Basha Street,Downtown,30.048695,31.242504,Yes,Small,Scooter,pending,2026-05-25,
4553,57,Abd El Rahman Mostafa,Nada Samy,1142147481,3 Mostafa El Nahas Street,Nasr City,30.055059,31.346198,Yes,Large,Scooter,pending,2026-06-02,
4554,64,Mohamed Samir,Mahmoud Khaled,1206078081,60 First Settlement,New Cairo,30.047569,31.526595,No,Large,Van,pending,2026-05-29,
4555,29,Hassan Hossny,Yara Fathy,1150838454,49 Road 77,Maadi,29.964766,31.260794,Yes,Small,Van,pending,2026-05-23,
4556,28,Ali Edris,Tarek Adel,1136230444,70 Falaki Square,Downtown,30.043428,31.239176,No,Medium,Scooter,pending,2026-05-25,
4557,64,Mohamed Samir,Salma Youssef,1267534537,14 Ninth District,Obour,30.229929,31.4801,No,Medium,Van,pending,2026-05-29,
4558,64,Mohamed Samir,Omar Youssef,1258179296,88 El Lotus,New Cairo,30.025922,31.519925,Yes,Small,Van,pending,2026-05-29,
4559,57,Abd El Rahman Mostafa,Ali Adel,1084134076,58 Anwar El Mofty Street,Nasr City,30.06667,31.330771,Yes,Medium,Scooter,pending,2026-06-02,
4560,29,Hassan Hossny,Sara Adel,1042601571,26 Nasr Street,Maadi,29.975294,31.280405,Yes,Large,Van,pending,2026-05-23,
4561,57,Abd El Rahman Mostafa,Amira Reda,1078182833,51 El Orouba Street,Heliopolis,30.090498,31.333037,Yes,Large,Scooter,pending,2026-06-04,
4562,57,Abd El Rahman Mostafa,Mohamed Reda,1248964761,37 Youssef Abbas Street,Nasr City,30.066002,31.320526,No,Medium,Scooter,pending,2026-06-04,
4563,57,Abd El Rahman Mostafa,Mohamed Hassan,1271028590,36 Hassan El Maamoun Street,Nasr City,30.066989,31.356916,Yes,Small,Scooter,pending,2026-06-04,
4564,28,Ali Edris,Nour Nabil,1155001796,32 Qasr El Nil Street,Downtown,30.048375,31.240429,Yes,Medium,Scooter,pending,2026-05-25,
4565,57,Abd El Rahman Mostafa,Mostafa Adel,1299812795,89 Abou Dawoud El Zahery Street,Nasr City,30.058923,31.341668,No,Small,Scooter,pending,2026-06-04,
4566,29,Hassan Hossny,Dina Fathy,1105074206,40 Road 151,Maadi,29.962465,31.249597,No,Large,Van,pending,2026-05-24,
4567,57,Abd El Rahman Mostafa,Youssef Adel,1174609192,89 Beirut Street,Heliopolis,30.092673,31.32796,No,Medium,Scooter,pending,2026-06-04,
4568,57,Abd El Rahman Mostafa,Khaled Samy,1288368437,8 Ibrahim El Lakkany Street,Heliopolis,30.093904,31.322119,No,Medium,Scooter,pending,2026-06-04,
4569,29,Hassan Hossny,Tarek Nabil,1135750618,25 Road 105,Maadi,29.959601,31.259104,Yes,Small,Van,pending,2026-05-24,
4570,31,Ahmed Hossam,Mohamed Hassan,1138558895,60 El Teraa El Boulaqeya Street,Shubra,30.080531,31.252006,Yes,Large,Scooter,pending,2026-05-26,
4571,29,Hassan Hossny,Ahmed Fathy,1121495273,86 Nasr Street,Maadi,29.975134,31.280457,Yes,Medium,Van,pending,2026-05-24,
4572,57,Abd El Rahman Mostafa,Mona Youssef,1192507104,53 Mostafa El Nahas Street,Nasr City,30.055304,31.346354,No,Small,Scooter,pending,2026-06-04,
4573,64,Mohamed Samir,Dina Saeed,1215030512,56 El Narges,New Cairo,30.001861,31.461363,Yes,Large,Van,pending,2026-05-29,
4574,64,Mohamed Samir,Sara Ibrahim,1013508300,20 First Settlement,New Cairo,30.047469,31.526416,Yes,Medium,Van,pending,2026-05-29,
4575,28,Ali Edris,Mostafa Hassan,1045467453,78 26th of July Street,Downtown,30.052712,31.242273,Yes,Small,Scooter,pending,2026-05-26,
4576,64,Mohamed Samir,Khaled Adel,1257832746,54 Third District,Obour,30.215021,31.469944,No,Small,Van,pending,2026-05-29,
4577,29,Hassan Hossny,Tarek Nabil,1082551821,38 Road 233,Maadi,29.959175,31.278337,No,Medium,Van,pending,2026-05-24,
4578,64,Mohamed Samir,Mahmoud Samy,1217990404,35 El Yasmeen,New Cairo,30.043938,31.451278,Yes,Medium,Van,pending,2026-05-29,
4579,57,Abd El Rahman Mostafa,Ahmed Khaled,1247133768,12 Makram Ebeid Street,Nasr City,30.061995,31.344997,Yes,Medium,Scooter,pending,2026-06-04,
4580,57,Abd El Rahman Mostafa,Nada Ibrahim,1097476855,80 Mohamed Hassanein Heikal Street,Nasr City,30.058748,31.341069,Yes,Medium,Scooter,pending,2026-06-04,
4581,57,Abd El Rahman Mostafa,Dina Samy,1282243374,82 Othman Ibn Affan Street,Heliopolis,30.093343,31.325401,Yes,Medium,Scooter,pending,2026-06-04,
4582,64,Mohamed Samir,Rania Hassan,1121633231,59 Gamal Abdel Nasser Axis,Obour,30.193673,31.460076,No,Medium,Van,pending,2026-05-29,
4583,64,Mohamed Samir,Rania Reda,1186190535,89 Eighth District,Obour,30.210076,31.484843,Yes,Large,Van,pending,2026-05-29,
4584,64,Mohamed Samir,Ali Hassan,1103213697,11 Eighth District,Obour,30.209857,31.485115,No,Small,Van,pending,2026-05-30,
4585,57,Abd El Rahman Mostafa,Karim Ibrahim,1155006567,68 Ibrahim El Lakkany Street,Heliopolis,30.093693,31.322254,Yes,Small,Scooter,pending,2026-06-04,
4586,64,Mohamed Samir,Dina Ibrahim,1289377130,89 Gamal Abdel Nasser Axis,Obour,30.193888,31.460224,No,Large,Van,pending,2026-05-30,
4587,31,Ahmed Hossam,Laila Mahmoud,1238473864,36 Masarra Street,Shubra,30.085659,31.24523,Yes,Small,Scooter,pending,2026-05-26,
4588,64,Mohamed Samir,Hassan Saeed,1166257384,27 Teseen Street,New Cairo,30.030453,31.455854,Yes,Small,Van,pending,2026-05-30,
4589,57,Abd El Rahman Mostafa,Doaa Nabil,1175928012,27 Youssef Abbas Street,Nasr City,30.066131,31.320371,Yes,Medium,Scooter,pending,2026-06-04,
4590,29,Hassan Hossny,Laila Adel,1041737665,30 Road 151,Maadi,29.962459,31.249429,No,Medium,Van,pending,2026-05-24,
4591,57,Abd El Rahman Mostafa,Ali Nabil,1144923161,51 Abbas El Akkad Street,Nasr City,30.05668,31.338183,No,Large,Scooter,pending,2026-06-05,
4592,64,Mohamed Samir,Doaa Ibrahim,1112251263,76 Ninth District,Obour,30.229918,31.479905,Yes,Large,Van,pending,2026-05-30,
4593,64,Mohamed Samir,Rania Khaled,1143754524,44 El Banafseg,New Cairo,30.047828,31.46557,No,Small,Van,pending,2026-05-30,
4594,57,Abd El Rahman Mostafa,Tarek Ibrahim,1071779715,33 Mostafa El Nahas Street,Nasr City,30.055194,31.346284,No,Small,Scooter,pending,2026-06-05,
4595,64,Mohamed Samir,Ali Ibrahim,1286053767,39 El Choueifat,New Cairo,30.009589,31.409935,Yes,Small,Van,pending,2026-05-30,
4596,57,Abd El Rahman Mostafa,Mostafa Saeed,1253461328,42 Makram Ebeid Street,Nasr City,30.062127,31.344891,No,Small,Scooter,pending,2026-06-05,
4597,64,Mohamed Samir,Yara Samy,1009806253,2 Sixth District,Obour,30.225166,31.467821,No,Small,Van,pending,2026-05-30,
4598,57,Abd El Rahman Mostafa,Omar Samy,1086276368,58 Ibrahim El Lakkany Street,Heliopolis,30.093791,31.32221,No,Small,Scooter,pending,2026-06-05,
4599,64,Mohamed Samir,Karim Ali,1137434801,25 First District,Obour,30.204833,31.464952,Yes,Medium,Van,pending,2026-05-30,
4600,31,Ahmed Hossam,Laila Ibrahim,1111507640,71 Shubra Street,Shubra,30.08566,31.245457,No,Small,Scooter,pending,2026-05-26,
4601,31,Ahmed Hossam,Mahmoud Youssef,1142487234,65 El Khalafawy Street,Shubra,30.100572,31.24501,Yes,Small,Scooter,pending,2026-05-26,
4602,28,Ali Edris,Tarek Hassan,1272589660,57 Emad El Din Street,Downtown,30.056048,31.244239,No,Large,Scooter,pending,2026-05-26,
4603,64,Mohamed Samir,Omar Khaled,1150653142,69 First District,Obour,30.205051,31.465053,No,Large,Van,pending,2026-05-30,
4604,64,Mohamed Samir,Doaa Adel,1110885874,65 Fourth District,Obour,30.219833,31.478119,Yes,Small,Van,pending,2026-05-30,
4605,29,Hassan Hossny,Tarek Adel,1016043955,66 Nasr Street,Maadi,29.975161,31.280331,No,Medium,Van,pending,2026-05-24,
4606,64,Mohamed Samir,Sara Hassan,1188816044,70 Sixth District,Obour,30.22495,31.467861,No,Large,Van,pending,2026-05-30,
4607,64,Mohamed Samir,Amr Youssef,1181380718,25 Eighth District,Obour,30.209899,31.485014,No,Medium,Van,pending,2026-05-30,
4608,57,Abd El Rahman Mostafa,Ahmed Ibrahim,1219235270,39 Beirut Street,Heliopolis,30.09281,31.327661,Yes,Small,Scooter,pending,2026-06-05,
4609,31,Ahmed Hossam,Heba Adel,1026822461,80 El Teraa El Boulaqeya Street,Shubra,30.080711,31.251866,No,Small,Scooter,pending,2026-05-26,
4610,57,Abd El Rahman Mostafa,Omar Ali,1260967448,39 Beirut Street,Heliopolis,30.092933,31.327955,Yes,Large,Scooter,pending,2026-06-05,
4611,31,Ahmed Hossam,Mohamed Ibrahim,1287488106,6 Masarra Street,Shubra,30.085722,31.245344,No,Large,Scooter,pending,2026-05-28,
4612,28,Ali Edris,Mona Fathy,1195187564,53 Champollion Street,Downtown,30.050271,31.237912,Yes,Medium,Scooter,pending,2026-05-26,
4613,28,Ali Edris,Mona Nabil,1106822371,84 Mohamed Mahmoud Street,Downtown,30.043117,31.240049,Yes,Large,Scooter,pending,2026-05-26,
4614,29,Hassan Hossny,Omar Nabil,1097454814,27 Road 18,Maadi,29.961055,31.266956,Yes,Large,Van,pending,2026-05-24,
4615,29,Hassan Hossny,Laila Adel,1129485712,4 Street 100,Maadi,29.958885,31.25487,No,Small,Van,pending,2026-05-24,
4616,64,Mohamed Samir,Yara Ibrahim,1104427118,87 Teseen Street,New Cairo,30.030406,31.456064,No,Medium,Van,pending,2026-05-30,
4617,28,Ali Edris,Mona Ali,1136342038,70 Falaki Square,Downtown,30.043558,31.238936,No,Large,Scooter,pending,2026-05-26,
4618,31,Ahmed Hossam,Nour Youssef,1021769488,6 Masarra Street,Shubra,30.085383,31.245353,No,Small,Scooter,pending,2026-05-28,
4619,57,Abd El Rahman Mostafa,Youssef Saeed,1018039481,83 Mostafa El Nahas Street,Nasr City,30.055186,31.346108,No,Medium,Scooter,pending,2026-06-05,
4620,31,Ahmed Hossam,Salma Youssef,1159100835,7 Mosheer Ahmed Ismail Street,Shubra,30.072371,31.249876,No,Small,Scooter,pending,2026-05-28,
4621,31,Ahmed Hossam,Heba Fathy,1119715883,9 Shubra El Kheima Street,Shubra,30.044367,31.235646,Yes,Large,Scooter,pending,2026-05-28,
4622,64,Mohamed Samir,Yara Youssef,1072566330,75 El Yasmeen,New Cairo,30.043983,31.451461,No,Large,Van,pending,2026-05-30,
4623,64,Mohamed Samir,Amira Khaled,1122023755,6 Obour City Club,Obour,30.251658,31.496962,Yes,Small,Van,pending,2026-05-30,
4624,57,Abd El Rahman Mostafa,Nour Ali,1205364023,62 Makram Ebeid Street,Nasr City,30.061822,31.34511,No,Large,Scooter,pending,2026-06-05,
4625,31,Ahmed Hossam,Doaa Mahmoud,1096776205,76 Masarra Street,Shubra,30.085549,31.245433,Yes,Medium,Scooter,pending,2026-05-28,
4626,57,Abd El Rahman Mostafa,Nada Mahmoud,1173063455,84 El Nasr Road,Nasr City,30.069347,31.341042,No,Large,Scooter,pending,2026-06-05,
4627,28,Ali Edris,Mohamed Samy,1209566962,83 Champollion Street,Downtown,30.050163,31.237982,Yes,Large,Scooter,pending,2026-05-26,
4628,64,Mohamed Samir,Tarek Saeed,1160217269,75 Gamal Abdel Nasser Axis,Obour,30.193634,31.460265,Yes,Large,Van,pending,2026-05-30,
4629,64,Mohamed Samir,Tarek Youssef,1224000596,82 Ninth District,Obour,30.229917,31.479926,Yes,Medium,Van,pending,2026-05-30,
4630,29,Hassan Hossny,Laila Youssef,1236030276,43 Road 250,Maadi,29.952804,31.271093,No,Medium,Van,pending,2026-05-24,
4631,28,Ali Edris,Ahmed Ibrahim,1203293554,82 Qasr El Nil Street,Downtown,30.048049,31.240387,Yes,Medium,Scooter,pending,2026-05-26,
4632,31,Ahmed Hossam,Amr Khaled,1126678346,89 Shubra El Kheima Street,Shubra,30.04459,31.235806,Yes,Medium,Scooter,pending,2026-05-28,
4633,28,Ali Edris,Mahmoud Mahmoud,1021608540,55 Sherif Basha Street,Downtown,30.048866,31.242356,No,Large,Scooter,pending,2026-05-26,
4634,64,Mohamed Samir,Mostafa Ibrahim,1176089170,61 90th Street,New Cairo,30.012067,31.44305,No,Small,Van,pending,2026-05-30,
4635,29,Hassan Hossny,Mahmoud Fathy,1179898273,70 Road 151,Maadi,29.962186,31.249457,No,Medium,Van,pending,2026-05-24,
4636,57,Abd El Rahman Mostafa,Ahmed Adel,1091122602,12 Makram Ebeid Street,Nasr City,30.062049,31.345054,No,Medium,Scooter,pending,2026-06-05,
4637,28,Ali Edris,Rania Youssef,1062505333,76 Adly Street,Downtown,30.051085,31.243765,No,Small,Scooter,pending,2026-05-26,
4638,57,Abd El Rahman Mostafa,Mahmoud Reda,1268699238,24 El Higaz Street,Heliopolis,30.106555,31.335327,No,Small,Scooter,pending,2026-06-05,
4639,64,Mohamed Samir,Heba Ibrahim,1222929454,77 Gamal Abdel Nasser Axis,Obour,30.193652,31.459988,No,Medium,Van,pending,2026-05-30,
4640,28,Ali Edris,Ali Ali,1136263258,64 Mohamed Mahmoud Street,Downtown,30.043147,31.239841,No,Small,Scooter,pending,2026-05-26,
4641,28,Ali Edris,Mostafa Samy,1064095353,3 Champollion Street,Downtown,30.050141,31.238103,No,Small,Scooter,pending,2026-05-26,
4642,64,Mohamed Samir,Ahmed Saeed,1181538600,73 North 90 Street,New Cairo,30.030684,31.466552,No,Medium,Van,pending,2026-05-30,
4643,31,Ahmed Hossam,Mahmoud Samy,1291648289,36 Masarra Street,Shubra,30.085581,31.245526,No,Large,Scooter,pending,2026-05-28,
4644,64,Mohamed Samir,Heba Reda,1223809752,52 South 90 Street,New Cairo,30.012369,31.443012,No,Medium,Van,pending,2026-05-31,
4645,64,Mohamed Samir,Nada Ali,1164335116,58 El Lotus,New Cairo,30.025847,31.519943,Yes,Large,Van,pending,2026-05-31,
4646,31,Ahmed Hossam,Tarek Nabil,1112912077,56 Masarra Street,Shubra,30.085585,31.245216,Yes,Small,Scooter,pending,2026-05-28,
4647,64,Mohamed Samir,Mostafa Reda,1048314484,44 Sixth District,Obour,30.225027,31.468168,No,Medium,Van,pending,2026-05-31,
4648,57,Abd El Rahman Mostafa,Mostafa Khaled,1173231682,36 El Merghany Street,Heliopolis,30.090605,31.340881,Yes,Large,Scooter,pending,2026-06-05,
4649,57,Abd El Rahman Mostafa,Rania Adel,1177164727,17 Youssef Abbas Street,Nasr City,30.066106,31.320408,Yes,Medium,Scooter,pending,2026-06-06,
4650,28,Ali Edris,Tarek Mahmoud,1266179799,54 Mohamed Mahmoud Street,Downtown,30.043007,31.239984,Yes,Large,Scooter,pending,2026-05-26,
4651,57,Abd El Rahman Mostafa,Dina Samy,1131215313,2 Othman Ibn Affan Street,Heliopolis,30.093405,31.325414,Yes,Small,Scooter,pending,2026-06-06,
4652,28,Ali Edris,Tarek Saeed,1138368656,10 Falaki Square,Downtown,30.043437,31.238996,No,Large,Scooter,pending,2026-05-28,
4653,29,Hassan Hossny,Ali Ibrahim,1102793915,1 Road 9,Maadi,29.959427,31.259161,No,Large,Van,pending,2026-05-24,
4654,28,Ali Edris,Laila Fathy,1009531235,56 Adly Street,Downtown,30.051062,31.244005,Yes,Large,Scooter,pending,2026-05-28,
4655,64,Mohamed Samir,Laila Mahmoud,1176318486,35 Gamal Abdel Nasser Axis,Obour,30.193932,31.460276,No,Medium,Van,pending,2026-05-31,
4656,29,Hassan Hossny,Ali Ali,1245961415,53 Road 250,Maadi,29.952709,31.271072,No,Medium,Van,pending,2026-05-24,
4657,29,Hassan Hossny,Mohamed Mahmoud,1024289347,11 Road 9,Maadi,29.959411,31.258896,No,Medium,Van,pending,2026-05-24,
4658,28,Ali Edris,Ahmed Fathy,1182629159,86 Adly Street,Downtown,30.051251,31.243986,No,Medium,Scooter,pending,2026-05-28,
4659,31,Ahmed Hossam,Nada Youssef,1074795162,88 Bahtim Street,Shubra,30.085425,31.245358,No,Large,Scooter,pending,2026-05-28,
4660,64,Mohamed Samir,Laila Samy,1164584415,38 El Lotus,New Cairo,30.025666,31.519811,Yes,Large,Van,pending,2026-05-31,
4661,57,Abd El Rahman Mostafa,Youssef Reda,1160464337,26 El Merghany Street,Heliopolis,30.090546,31.340881,Yes,Medium,Scooter,pending,2026-06-06,
4662,31,Ahmed Hossam,Doaa Samy,1026406322,90 El Teraa El Boulaqeya Street,Shubra,30.08062,31.251838,Yes,Large,Scooter,pending,2026-05-28,
4663,64,Mohamed Samir,Yara Khaled,1049822278,73 Fourth District,Obour,30.220161,31.478103,No,Small,Van,pending,2026-05-31,
4664,57,Abd El Rahman Mostafa,Doaa Ali,1234885714,1 El Orouba Street,Heliopolis,30.090499,31.333019,Yes,Small,Scooter,pending,2026-06-06,
4665,64,Mohamed Samir,Ali Saeed,1207808917,67 Gamal Abdel Nasser Axis,Obour,30.193753,31.46023,Yes,Medium,Van,pending,2026-05-31,
4666,28,Ali Edris,Amr Fathy,1153078242,19 Bab El Louk Square,Downtown,30.041482,31.239485,No,Small,Scooter,pending,2026-05-28,
4667,57,Abd El Rahman Mostafa,Yara Saeed,1071099424,65 Tayaran Street,Nasr City,30.067293,31.324526,No,Small,Scooter,pending,2026-06-06,
4668,28,Ali Edris,Mostafa Khaled,1149611787,47 Emad El Din Street,Downtown,30.05599,31.244361,Yes,Large,Scooter,pending,2026-05-28,
4669,64,Mohamed Samir,Salma Reda,1265003096,42 South 90 Street,New Cairo,30.012308,31.443186,Yes,Large,Van,pending,2026-05-31,
4670,31,Ahmed Hossam,Mostafa Khaled,1194635659,11 Shubra Street,Shubra,30.085641,31.245438,Yes,Medium,Scooter,pending,2026-05-28,
4671,64,Mohamed Samir,Yara Saeed,1043031038,48 El Lotus,New Cairo,30.025669,31.519787,Yes,Large,Van,pending,2026-05-31,
4672,57,Abd El Rahman Mostafa,Nada Reda,1025845698,18 Ibrahim El Lakkany Street,Heliopolis,30.093733,31.322008,No,Large,Scooter,pending,2026-06-06,
4673,64,Mohamed Samir,Salma Nabil,1128611640,59 El Choueifat,New Cairo,30.009647,31.410008,Yes,Small,Van,pending,2026-05-31,
4674,28,Ali Edris,Hassan Reda,1158974641,84 Mohamed Mahmoud Street,Downtown,30.042992,31.240002,No,Small,Scooter,pending,2026-05-28,
4675,57,Abd El Rahman Mostafa,Nour Mahmoud,1167493430,74 El Nasr Road,Nasr City,30.06915,31.341162,Yes,Small,Scooter,pending,2026-06-06,
4676,57,Abd El Rahman Mostafa,Mona Mahmoud,1023046454,66 El Merghany Street,Heliopolis,30.090424,31.340919,Yes,Large,Scooter,pending,2026-06-06,
4677,31,Ahmed Hossam,Khaled Nabil,1291091752,45 El Khalafawy Street,Shubra,30.100249,31.244973,Yes,Small,Scooter,pending,2026-05-28,
4678,64,Mohamed Samir,Nour Adel,1248356900,80 First Settlement,New Cairo,30.04746,31.526557,No,Medium,Van,pending,2026-05-31,
4679,57,Abd El Rahman Mostafa,Salma Hassan,1056988336,60 Mohamed Hassanein Heikal Street,Nasr City,30.058818,31.341371,Yes,Small,Scooter,pending,2026-06-06,
4680,64,Mohamed Samir,Laila Youssef,1204223217,77 Gamal Abdel Nasser Axis,Obour,30.193739,31.460301,No,Large,Van,pending,2026-05-31,
4681,57,Abd El Rahman Mostafa,Tarek Hassan,1230130322,8 Ibrahim El Lakkany Street,Heliopolis,30.093655,31.322149,Yes,Small,Scooter,pending,2026-06-06,
4682,29,Hassan Hossny,Heba Saeed,1068503100,80 Road 151,Maadi,29.962318,31.24948,Yes,Small,Van,pending,2026-05-24,
4683,31,Ahmed Hossam,Ali Youssef,1261696739,44 Rod El Farag Street,Shubra,30.080076,31.243014,No,Small,Scooter,pending,2026-05-29,
4684,64,Mohamed Samir,Rania Samy,1220626887,59 Gamal Abdel Nasser Axis,Obour,30.19384,31.460254,No,Medium,Van,pending,2026-05-31,
4685,28,Ali Edris,Mona Youssef,1290733095,46 Adly Street,Downtown,30.051097,31.243986,No,Large,Scooter,pending,2026-05-28,
4686,28,Ali Edris,Tarek Mahmoud,1083866986,59 Bab El Louk Square,Downtown,30.041605,31.239438,No,Large,Scooter,pending,2026-05-28,
4687,64,Mohamed Samir,Laila Nabil,1069550408,80 Third District,Obour,30.214872,31.469893,Yes,Large,Van,pending,2026-05-31,
4688,64,Mohamed Samir,Omar Reda,1019183558,38 Sixth District,Obour,30.224822,31.46812,No,Medium,Van,pending,2026-05-31,
4689,57,Abd El Rahman Mostafa,Yara Reda,1097419523,52 Makram Ebeid Street,Nasr City,30.061942,31.344839,No,Large,Scooter,pending,2026-06-06,
4690,28,Ali Edris,Youssef Reda,1270766728,57 Emad El Din Street,Downtown,30.055802,31.244173,Yes,Medium,Scooter,pending,2026-05-28,
4691,31,Ahmed Hossam,Sara Samy,1130343461,58 Bahtim Street,Shubra,30.085538,31.245385,No,Medium,Scooter,pending,2026-05-29,
4692,64,Mohamed Samir,Nada Saeed,1223922388,3 First District,Obour,30.204893,31.465006,No,Small,Van,pending,2026-05-31,
4693,57,Abd El Rahman Mostafa,Ali Ibrahim,1027402304,38 Ibrahim El Lakkany Street,Heliopolis,30.093901,31.322205,No,Small,Scooter,pending,2026-06-06,
4694,29,Hassan Hossny,Salma Reda,1257357520,61 Road 9,Maadi,29.959225,31.259142,Yes,Large,Van,pending,2026-05-24,
4695,29,Hassan Hossny,Amira Khaled,1228688203,34 Street 100,Maadi,29.958755,31.254912,Yes,Medium,Van,pending,2026-05-24,
4696,28,Ali Edris,Omar Mahmoud,1227125445,36 Adly Street,Downtown,30.051275,31.24378,Yes,Large,Scooter,pending,2026-05-28,
4697,28,Ali Edris,Amira Ali,1251435818,65 Sherif Basha Street,Downtown,30.048933,31.242191,Yes,Medium,Scooter,pending,2026-05-28,
4698,57,Abd El Rahman Mostafa,Tarek Hassan,1130329756,35 Tayaran Street,Nasr City,30.067167,31.324472,Yes,Medium,Scooter,pending,2026-06-07,
4699,64,Mohamed Samir,Omar Youssef,1116415752,17 Teseen Street,New Cairo,30.030402,31.45573,Yes,Large,Van,pending,2026-05-31,
4700,31,Ahmed Hossam,Laila Nabil,1062824912,66 Masarra Street,Shubra,30.085488,31.245173,No,Large,Scooter,pending,2026-05-29,
4701,57,Abd El Rahman Mostafa,Salma Ali,1184829589,78 Anwar El Mofty Street,Nasr City,30.0667,31.330777,Yes,Small,Scooter,pending,2026-06-07,
4702,28,Ali Edris,Salma Mahmoud,1185517500,17 Emad El Din Street,Downtown,30.056077,31.244181,No,Medium,Scooter,pending,2026-05-28,
4703,29,Hassan Hossny,Doaa Reda,1259657968,50 Road 151,Maadi,29.962227,31.249441,Yes,Medium,Van,pending,2026-05-24,
4704,29,Hassan Hossny,Yara Ali,1106664442,9 Road 77,Maadi,29.964917,31.260783,No,Medium,Van,pending,2026-05-24,
4705,28,Ali Edris,Ahmed Saeed,1297024139,87 Emad El Din Street,Downtown,30.055801,31.244149,Yes,Medium,Scooter,pending,2026-05-29,
4706,57,Abd El Rahman Mostafa,Amr Ibrahim,1282084974,79 Abou Dawoud El Zahery Street,Nasr City,30.058893,31.34139,Yes,Large,Scooter,pending,2026-06-07,
4707,28,Ali Edris,Nour Saeed,1274624628,25 Sherif Basha Street,Downtown,30.049039,31.242395,Yes,Medium,Scooter,pending,2026-05-29,
4708,64,Mohamed Samir,Mahmoud Ibrahim,1203475383,11 90th Street,New Cairo,30.012375,31.443058,No,Small,Van,pending,2026-05-31,
4709,64,Mohamed Samir,Mona Saeed,1177554971,83 Eighth District,Obour,30.210122,31.484975,No,Small,Van,pending,2026-05-31,
4710,29,Hassan Hossny,Mahmoud Adel,1216051104,57 Road 18,Maadi,29.961,31.267082,No,Small,Van,pending,2026-05-24,
4711,57,Abd El Rahman Mostafa,Yara Mahmoud,1042116395,64 El Higaz Street,Heliopolis,30.106591,31.335295,No,Medium,Scooter,pending,2026-06-07,
4712,29,Hassan Hossny,Nour Nabil,1194945837,86 Nasr Street,Maadi,29.975322,31.280316,No,Large,Van,pending,2026-05-24,
4713,64,Mohamed Samir,Nour Samy,1297992710,89 El Choueifat,New Cairo,30.009329,31.409762,No,Small,Van,pending,2026-05-31,
4714,64,Mohamed Samir,Nour Fathy,1278971025,68 Ninth District,Obour,30.229917,31.480033,Yes,Small,Van,pending,2026-06-01,
4715,28,Ali Edris,Hassan Adel,1005854180,59 Bab El Louk Square,Downtown,30.041502,31.239412,Yes,Medium,Scooter,pending,2026-05-29,
4716,28,Ali Edris,Amr Khaled,1039697676,46 Adly Street,Downtown,30.051022,31.243764,No,Medium,Scooter,pending,2026-05-29,
4717,31,Ahmed Hossam,Ali Nabil,1138247690,38 Bahtim Street,Shubra,30.085382,31.245187,Yes,Large,Scooter,pending,2026-05-29,
4718,64,Mohamed Samir,Sara Ibrahim,1182142513,79 El Choueifat,New Cairo,30.009561,31.410007,No,Small,Van,pending,2026-06-01,
4719,57,Abd El Rahman Mostafa,Khaled Hassan,1292243191,30 Mohamed Hassanein Heikal Street,Nasr City,30.059074,31.341284,Yes,Medium,Scooter,pending,2026-06-07,
4720,28,Ali Edris,Nada Nabil,1074425716,21 Talaat Harb Street,Downtown,30.048926,31.23953,No,Large,Scooter,pending,2026-05-29,
4721,64,Mohamed Samir,Tarek Reda,1094804878,88 El Lotus,New Cairo,30.025636,31.519972,Yes,Large,Van,pending,2026-06-01,
4722,64,Mohamed Samir,Tarek Youssef,1271944508,39 El Choueifat,New Cairo,30.009567,31.410024,No,Medium,Van,pending,2026-06-01,
4723,28,Ali Edris,Mohamed Mahmoud,1293240165,9 Bab El Louk Square,Downtown,30.041668,31.239538,Yes,Medium,Scooter,pending,2026-05-29,
4724,64,Mohamed Samir,Omar Youssef,1241405929,56 El Narges,New Cairo,30.001792,31.461235,No,Small,Van,pending,2026-06-01,
4725,40,Abdeen,Karim Mahmoud,1135277386,55 Road 105,Maadi,29.959402,31.259095,No,Small,Van,pending,2026-05-25,
4726,64,Mohamed Samir,Nada Ali,1243923779,5 Fourth District,Obour,30.22001,31.477864,Yes,Large,Van,pending,2026-06-01,
4727,64,Mohamed Samir,Mahmoud Adel,1179656868,76 El Narges,New Cairo,30.001666,31.461405,Yes,Medium,Van,pending,2026-06-01,
4728,40,Abdeen,Yara Nabil,1200524653,9 Road 77,Maadi,29.964669,31.260879,No,Large,Van,pending,2026-05-25,
4729,28,Ali Edris,Nour Mahmoud,1118530435,13 Champollion Street,Downtown,30.05013,31.23806,No,Large,Scooter,pending,2026-05-29,
4730,64,Mohamed Samir,Rania Khaled,1266504152,56 El Narges,New Cairo,30.001827,31.461286,Yes,Small,Van,pending,2026-06-01,
4731,31,Ahmed Hossam,Tarek Ali,1011993832,82 Khalusi Street,Shubra,30.085631,31.245268,No,Medium,Scooter,pending,2026-05-29,
4732,57,Abd El Rahman Mostafa,Amr Youssef,1173066971,3 Cleopatra Street,Heliopolis,30.090917,31.327934,No,Medium,Scooter,pending,2026-06-07,
4733,57,Abd El Rahman Mostafa,Salma Mahmoud,1012009626,32 Othman Ibn Affan Street,Heliopolis,30.093233,31.325203,Yes,Small,Scooter,pending,2026-06-07,
4734,64,Mohamed Samir,Salma Fathy,1031888526,49 El Choueifat,New Cairo,30.009331,31.409872,Yes,Large,Van,pending,2026-06-01,
4735,28,Ali Edris,Ali Saeed,1175622769,29 Bab El Louk Square,Downtown,30.041536,31.239497,Yes,Large,Scooter,pending,2026-05-29,
4736,40,Abdeen,Youssef Mahmoud,1172371842,90 Road 151,Maadi,29.962447,31.249449,No,Large,Van,pending,2026-05-25,
4737,57,Abd El Rahman Mostafa,Mohamed Hassan,1293456816,72 Makram Ebeid Street,Nasr City,30.061917,31.344857,No,Large,Scooter,pending,2026-06-07,
4738,64,Mohamed Samir,Khaled Ali,1048252117,87 Eighth District,Obour,30.209962,31.484963,Yes,Small,Van,pending,2026-06-01,
4739,31,Ahmed Hossam,Karim Saeed,1088692531,4 Rod El Farag Street,Shubra,30.080154,31.242995,Yes,Small,Scooter,pending,2026-05-29,
4740,64,Mohamed Samir,Khaled Reda,1146998687,35 First District,Obour,30.20489,31.464949,No,Large,Van,pending,2026-06-01,
4741,57,Abd El Rahman Mostafa,Khaled Hassan,1223274420,51 Abbas El Akkad Street,Nasr City,30.056694,31.338214,Yes,Medium,Scooter,pending,2026-06-07,
4742,28,Ali Edris,Mona Samy,1105502840,9 Bab El Louk Square,Downtown,30.041491,31.239452,No,Medium,Scooter,pending,2026-05-29,
4743,40,Abdeen,Nada Khaled,1049947769,54 Street 100,Maadi,29.958904,31.254722,Yes,Small,Van,pending,2026-05-25,
4744,28,Ali Edris,Omar Saeed,1239911267,59 Bab El Louk Square,Downtown,30.0416,31.239615,Yes,Large,Scooter,pending,2026-05-29,
4745,40,Abdeen,Ahmed Mahmoud,1022401507,11 Road 9,Maadi,29.959144,31.259135,No,Medium,Van,pending,2026-05-25,
4746,31,Ahmed Hossam,Laila Hassan,1059450264,22 Khalusi Street,Shubra,30.085729,31.245495,No,Large,Scooter,pending,2026-05-29,
4747,28,Ali Edris,Doaa Adel,1214207079,5 Sherif Basha Street,Downtown,30.048715,31.242519,Yes,Medium,Scooter,pending,2026-05-29,
4748,31,Ahmed Hossam,Hassan Mahmoud,1280861884,15 El Khalafawy Street,Shubra,30.100253,31.245002,Yes,Small,Scooter,pending,2026-05-29,
4749,64,Mohamed Samir,Tarek Ibrahim,1226391365,47 Teseen Street,New Cairo,30.030434,31.455732,No,Small,Van,pending,2026-06-01,
4750,40,Abdeen,Mahmoud Hassan,1237983992,63 Road 250,Maadi,29.953007,31.271338,Yes,Large,Van,pending,2026-05-25,
4751,57,Abd El Rahman Mostafa,Laila Saeed,1282308710,22 Othman Ibn Affan Street,Heliopolis,30.093354,31.325164,No,Small,Scooter,pending,2026-06-07,
4752,57,Abd El Rahman Mostafa,Nada Ali,1111848238,73 Mostafa El Nahas Street,Nasr City,30.055293,31.346074,No,Medium,Scooter,pending,2026-06-07,
4753,31,Ahmed Hossam,Yara Mahmoud,1031487428,29 Shubra El Kheima Street,Shubra,30.044477,31.235877,No,Medium,Scooter,pending,2026-05-29,
4754,64,Mohamed Samir,Omar Ali,1158373870,55 Gamal Abdel Nasser Axis,Obour,30.193836,31.460065,Yes,Large,Van,pending,2026-06-01,
4755,57,Abd El Rahman Mostafa,Mona Ali,1140609595,45 Tayaran Street,Nasr City,30.06728,31.324537,No,Large,Scooter,pending,2026-06-07,
4756,28,Ali Edris,Khaled Ibrahim,1010546853,85 Sherif Basha Street,Downtown,30.048725,31.242474,No,Medium,Scooter,pending,2026-05-29,
4757,40,Abdeen,Youssef Khaled,1182780828,24 Street 100,Maadi,29.958756,31.254954,Yes,Medium,Van,pending,2026-05-25,
4758,28,Ali Edris,Ali Fathy,1019655546,68 26th of July Street,Downtown,30.05241,31.242211,No,Large,Scooter,pending,2026-05-30,
4759,57,Abd El Rahman Mostafa,Khaled Ali,1279074340,37 Youssef Abbas Street,Nasr City,30.066139,31.320497,No,Medium,Scooter,pending,2026-06-08,
4760,57,Abd El Rahman Mostafa,Amr Khaled,1201788240,10 Mohamed Hassanein Heikal Street,Nasr City,30.058988,31.341127,No,Medium,Scooter,pending,2026-06-08,
4761,31,Ahmed Hossam,Tarek Mahmoud,1057058100,87 Mosheer Ahmed Ismail Street,Shubra,30.072568,31.249838,No,Large,Scooter,pending,2026-05-29,
4762,57,Abd El Rahman Mostafa,Laila Mahmoud,1244018647,39 Abou Dawoud El Zahery Street,Nasr City,30.05881,31.341504,No,Medium,Scooter,pending,2026-06-08,
4763,64,Mohamed Samir,Nada Reda,1220943360,86 El Narges,New Cairo,30.001888,31.461092,No,Medium,Van,pending,2026-06-01,
4764,57,Abd El Rahman Mostafa,Youssef Mahmoud,1198206974,16 Hassan El Maamoun Street,Nasr City,30.067194,31.356989,No,Large,Scooter,pending,2026-06-08,
4765,57,Abd El Rahman Mostafa,Sara Samy,1115418856,43 Cleopatra Street,Heliopolis,30.091005,31.327863,No,Medium,Scooter,pending,2026-06-08,
4766,57,Abd El Rahman Mostafa,Nada Saeed,1133691315,9 Beirut Street,Heliopolis,30.092649,31.32766,Yes,Large,Scooter,pending,2026-06-08,
4767,64,Mohamed Samir,Doaa Samy,1090061863,22 Third District,Obour,30.214947,31.469951,Yes,Large,Van,pending,2026-06-01,
4768,64,Mohamed Samir,Rania Ali,1190997009,57 Teseen Street,New Cairo,30.030497,31.455863,No,Medium,Van,pending,2026-06-01,
4769,64,Mohamed Samir,Nada Adel,1233256584,90 First Settlement,New Cairo,30.047697,31.52647,Yes,Large,Van,pending,2026-06-01,
4770,31,Ahmed Hossam,Youssef Mahmoud,1090452912,53 Ahmed Helmi Street,Shubra,30.070844,31.253565,No,Small,Scooter,pending,2026-05-29,
4771,57,Abd El Rahman Mostafa,Mahmoud Adel,1243137156,78 Anwar El Mofty Street,Nasr City,30.066424,31.330638,No,Large,Scooter,pending,2026-06-08,
4772,31,Ahmed Hossam,Rania Ali,1240638304,31 Shubra Street,Shubra,30.085428,31.245347,Yes,Large,Scooter,pending,2026-05-29,
4773,28,Ali Edris,Mona Mahmoud,1184202334,89 Bab El Louk Square,Downtown,30.041547,31.239584,Yes,Medium,Scooter,pending,2026-05-30,
4774,28,Ali Edris,Yara Saeed,1033212462,6 Adly Street,Downtown,30.051157,31.243938,No,Small,Scooter,pending,2026-05-30,
4775,57,Abd El Rahman Mostafa,Salma Ibrahim,1267909006,38 Anwar El Mofty Street,Nasr City,30.066701,31.330585,Yes,Medium,Scooter,pending,2026-06-08,
4776,64,Mohamed Samir,Khaled Ibrahim,1148058481,78 El Lotus,New Cairo,30.025885,31.519915,No,Large,Van,pending,2026-06-01,
4777,57,Abd El Rahman Mostafa,Sara Fathy,1223398747,41 El Orouba Street,Heliopolis,30.090386,31.332763,Yes,Medium,Scooter,pending,2026-06-08,
4778,64,Mohamed Samir,Salma Ibrahim,1113368597,75 El Yasmeen,New Cairo,30.043995,31.451196,Yes,Large,Van,pending,2026-06-01,
4779,64,Mohamed Samir,Nour Fathy,1278970995,90 First Settlement,New Cairo,30.047416,31.526584,No,Small,Van,pending,2026-06-01,
4780,64,Mohamed Samir,Mohamed Nabil,1080651605,5 First District,Obour,30.204924,31.465021,Yes,Large,Van,pending,2026-06-02,
4781,64,Mohamed Samir,Ahmed Nabil,1199301202,87 Teseen Street,New Cairo,30.030586,31.45606,No,Small,Van,pending,2026-06-02,
4782,64,Mohamed Samir,Khaled Hassan,1284338322,53 North 90 Street,New Cairo,30.030858,31.466372,No,Medium,Van,pending,2026-06-02,
4783,57,Abd El Rahman Mostafa,Mostafa Reda,1275137984,16 Hassan El Maamoun Street,Nasr City,30.067044,31.35694,No,Large,Scooter,pending,2026-06-08,
4784,28,Ali Edris,Hassan Fathy,1263939586,81 Talaat Harb Street,Downtown,30.048815,31.239356,Yes,Small,Scooter,pending,2026-05-30,
4785,64,Mohamed Samir,Ali Ibrahim,1170378779,37 Teseen Street,New Cairo,30.030446,31.456024,Yes,Medium,Van,pending,2026-06-02,
4786,57,Abd El Rahman Mostafa,Hassan Fathy,1007904099,57 Nozha Street,Heliopolis,30.089651,31.341169,No,Small,Scooter,pending,2026-06-08,
4787,28,Ali Edris,Karim Fathy,1043012860,71 Talaat Harb Street,Downtown,30.048839,31.239432,Yes,Medium,Scooter,pending,2026-05-30,
4788,31,Ahmed Hossam,Yara Ibrahim,1108578019,39 Shubra El Kheima Street,Shubra,30.04427,31.23559,Yes,Medium,Scooter,pending,2026-05-30,
4789,28,Ali Edris,Ahmed Nabil,1124262305,33 Champollion Street,Downtown,30.050352,31.237794,Yes,Large,Scooter,pending,2026-05-30,
4790,64,Mohamed Samir,Khaled Samy,1285194271,90 First Settlement,New Cairo,30.04743,31.52627,No,Medium,Van,pending,2026-06-02,
4791,28,Ali Edris,Rania Youssef,1222759392,49 Bab El Louk Square,Downtown,30.041723,31.239415,No,Small,Scooter,pending,2026-05-30,
4792,64,Mohamed Samir,Hassan Hassan,1163884592,86 Obour City Club,Obour,30.251768,31.496966,No,Medium,Van,pending,2026-06-02,
4793,57,Abd El Rahman Mostafa,Sara Adel,1293434354,36 El Merghany Street,Heliopolis,30.090548,31.340857,No,Large,Scooter,pending,2026-06-08,
4794,40,Abdeen,Omar Ibrahim,1241624929,36 Nasr Street,Maadi,29.975211,31.280295,No,Medium,Van,pending,2026-05-25,
4795,64,Mohamed Samir,Rania Reda,1071724779,70 First Settlement,New Cairo,30.047385,31.526253,Yes,Small,Van,pending,2026-06-02,
4796,64,Mohamed Samir,Khaled Ibrahim,1041181618,85 Gamal Abdel Nasser Axis,Obour,30.193857,31.459989,Yes,Small,Van,pending,2026-06-02,
4797,64,Mohamed Samir,Amira Khaled,1275981631,5 El Yasmeen,New Cairo,30.043862,31.45125,No,Medium,Van,pending,2026-06-02,
4798,57,Abd El Rahman Mostafa,Hassan Saeed,1210698919,5 Tayaran Street,Nasr City,30.067122,31.324577,No,Small,Scooter,pending,2026-06-09,
4799,57,Abd El Rahman Mostafa,Mona Khaled,1110401097,79 Beirut Street,Heliopolis,30.092692,31.327838,Yes,Small,Scooter,pending,2026-06-09,
4800,57,Abd El Rahman Mostafa,Rania Samy,1247225229,58 Ibrahim El Lakkany Street,Heliopolis,30.093793,31.322028,Yes,Small,Scooter,pending,2026-06-09,
4801,64,Mohamed Samir,Sara Fathy,1059222529,68 Sixth District,Obour,30.224986,31.468039,Yes,Large,Van,pending,2026-06-02,
4802,64,Mohamed Samir,Doaa Ali,1192065394,41 90th Street,New Cairo,30.012295,31.442861,Yes,Medium,Van,pending,2026-06-02,
4803,57,Abd El Rahman Mostafa,Tarek Ibrahim,1116187098,13 Cleopatra Street,Heliopolis,30.091016,31.328077,Yes,Small,Scooter,pending,2026-06-09,
4804,31,Ahmed Hossam,Yara Fathy,1094246047,1 Shubra Street,Shubra,30.085534,31.245288,No,Medium,Scooter,pending,2026-05-30,
4805,57,Abd El Rahman Mostafa,Rania Fathy,1161741010,20 El Ahram Street,Heliopolis,30.090521,31.320199,No,Medium,Scooter,pending,2026-06-09,
4806,28,Ali Edris,Dina Youssef,1238757632,34 Mohamed Mahmoud Street,Downtown,30.043155,31.239932,Yes,Small,Scooter,pending,2026-05-30,
4807,31,Ahmed Hossam,Mohamed Reda,1249777860,15 El Khalafawy Street,Shubra,30.10052,31.244978,Yes,Medium,Scooter,pending,2026-05-30,
4808,64,Mohamed Samir,Amr Ibrahim,1202310725,71 90th Street,New Cairo,30.012213,31.442932,No,Small,Van,pending,2026-06-02,
4809,28,Ali Edris,Ahmed Khaled,1199787278,55 Sherif Basha Street,Downtown,30.048807,31.242232,No,Small,Scooter,pending,2026-05-30,
4810,64,Mohamed Samir,Rania Reda,1215914241,57 Teseen Street,New Cairo,30.030579,31.455773,Yes,Large,Van,pending,2026-06-02,
4811,57,Abd El Rahman Mostafa,Tarek Saeed,1021320977,37 Youssef Abbas Street,Nasr City,30.066077,31.320353,No,Large,Scooter,pending,2026-06-09,
4812,64,Mohamed Samir,Sara Fathy,1268641542,86 El Narges,New Cairo,30.001754,31.461306,No,Medium,Van,pending,2026-06-02,
4813,57,Abd El Rahman Mostafa,Sara Reda,1191479867,45 Tayaran Street,Nasr City,30.067369,31.324538,No,Small,Scooter,pending,2026-06-09,
4814,28,Ali Edris,Nada Ibrahim,1172960022,79 Bab El Louk Square,Downtown,30.041457,31.23949,No,Medium,Scooter,pending,2026-05-30,
4815,64,Mohamed Samir,Amira Nabil,1054732998,13 Gamal Abdel Nasser Axis,Obour,30.193989,31.46009,Yes,Large,Van,pending,2026-06-02,
4816,64,Mohamed Samir,Hassan Samy,1102084220,52 Ninth District,Obour,30.229952,31.479828,No,Large,Van,pending,2026-06-02,
4817,64,Mohamed Samir,Laila Ali,1231780282,6 Sixth District,Obour,30.225143,31.468179,No,Large,Van,pending,2026-06-02,
4818,57,Abd El Rahman Mostafa,Sara Adel,1011608377,68 Ibrahim El Lakkany Street,Heliopolis,30.093662,31.322129,No,Medium,Scooter,pending,2026-06-09,
4819,64,Mohamed Samir,Salma Samy,1221995084,78 El Lotus,New Cairo,30.025844,31.519816,Yes,Small,Van,pending,2026-06-02,
4820,31,Ahmed Hossam,Hassan Samy,1067637088,44 Rod El Farag Street,Shubra,30.080066,31.24302,No,Medium,Scooter,pending,2026-05-30,
4821,64,Mohamed Samir,Doaa Samy,1281752495,73 North 90 Street,New Cairo,30.030858,31.466606,Yes,Small,Van,pending,2026-06-02,
4822,31,Ahmed Hossam,Heba Khaled,1215544953,77 Mosheer Ahmed Ismail Street,Shubra,30.072645,31.24982,No,Small,Scooter,pending,2026-05-30,
4823,28,Ali Edris,Youssef Hassan,1162263774,39 Bab El Louk Square,Downtown,30.041652,31.239385,No,Large,Scooter,pending,2026-05-30,
4824,64,Mohamed Samir,Doaa Fathy,1016944661,21 Fourth District,Obour,30.220004,31.478105,No,Medium,Van,pending,2026-06-02,
4825,40,Abdeen,Ali Mahmoud,1121588418,75 Road 105,Maadi,29.95956,31.258843,Yes,Medium,Van,pending,2026-05-25,
4826,64,Mohamed Samir,Dina Adel,1083918365,39 El Choueifat,New Cairo,30.009542,31.409993,Yes,Medium,Van,pending,2026-06-04,
4827,57,Abd El Rahman Mostafa,Amr Khaled,1113816879,83 Cleopatra Street,Heliopolis,30.090791,31.32814,Yes,Medium,Scooter,pending,2026-06-09,
4828,64,Mohamed Samir,Mona Fathy,1226036688,42 Third District,Obour,30.214967,31.470093,No,Medium,Van,pending,2026-06-04,
4829,64,Mohamed Samir,Mona Nabil,1185030059,58 El Lotus,New Cairo,30.025662,31.519912,No,Medium,Van,pending,2026-06-04,
4830,31,Ahmed Hossam,Ali Saeed,1251574284,88 Bahtim Street,Shubra,30.085606,31.24547,No,Medium,Scooter,pending,2026-05-30,
4831,40,Abdeen,Rania Saeed,1153510919,58 Road 233,Maadi,29.959317,31.278415,No,Large,Van,pending,2026-05-25,
4832,64,Mohamed Samir,Tarek Reda,1097338035,13 Fourth District,Obour,30.220075,31.477982,Yes,Medium,Van,pending,2026-06-04,
4833,40,Abdeen,Amr Ibrahim,1178464675,74 Street 100,Maadi,29.958735,31.254803,Yes,Small,Van,pending,2026-05-25,
4834,40,Abdeen,Mona Nabil,1272368509,83 Road 250,Maadi,29.952879,31.271393,Yes,Small,Van,pending,2026-05-25,
4835,57,Abd El Rahman Mostafa,Mohamed Adel,1029111055,15 Baghdad Street,Heliopolis,30.089816,31.322583,Yes,Small,Scooter,pending,2026-06-09,
4836,64,Mohamed Samir,Yara Samy,1158950353,66 El Narges,New Cairo,30.001954,31.461179,Yes,Small,Van,pending,2026-06-04,
4837,31,Ahmed Hossam,Karim Fathy,1088836266,57 Mosheer Ahmed Ismail Street,Shubra,30.072571,31.24993,Yes,Large,Scooter,pending,2026-05-30,
4838,57,Abd El Rahman Mostafa,Ahmed Khaled,1050394715,3 Cleopatra Street,Heliopolis,30.091059,31.328062,Yes,Medium,Scooter,pending,2026-06-09,
4839,28,Ali Edris,Ali Mahmoud,1003779654,81 Talaat Harb Street,Downtown,30.048974,31.239292,No,Small,Scooter,pending,2026-05-30,
4840,40,Abdeen,Omar Mahmoud,1262515500,73 Road 250,Maadi,29.952846,31.271222,Yes,Medium,Van,pending,2026-05-25,
4841,64,Mohamed Samir,Tarek Fathy,1072214811,58 Third District,Obour,30.214967,31.469852,No,Large,Van,pending,2026-06-04,
4842,64,Mohamed Samir,Ali Hassan,1285712588,15 El Yasmeen,New Cairo,30.044115,31.451421,No,Small,Van,pending,2026-06-04,
4843,31,Ahmed Hossam,Dina Ibrahim,1169336066,32 Khalusi Street,Shubra,30.085575,31.245285,No,Small,Scooter,pending,2026-05-30,
4844,64,Mohamed Samir,Dina Ibrahim,1269181693,29 El Choueifat,New Cairo,30.009369,31.409949,Yes,Large,Van,pending,2026-06-04,
4845,64,Mohamed Samir,Doaa Youssef,1279354210,50 First Settlement,New Cairo,30.047568,31.52656,Yes,Small,Van,pending,2026-06-04,
4846,64,Mohamed Samir,Dina Ibrahim,1230062286,44 El Banafseg,New Cairo,30.047869,31.465455,No,Medium,Van,pending,2026-06-04,
4847,40,Abdeen,Dina Nabil,1115178187,22 Road 200,Maadi,29.953994,31.273551,Yes,Medium,Van,pending,2026-05-25,
4848,64,Mohamed Samir,Salma Hassan,1115686686,61 Eighth District,Obour,30.209938,31.485177,No,Large,Van,pending,2026-06-04,
4849,64,Mohamed Samir,Rania Samy,1015530886,64 El Banafseg,New Cairo,30.048086,31.465614,Yes,Large,Van,pending,2026-06-04,
4850,57,Abd El Rahman Mostafa,Doaa Samy,1085635782,6 Hassan El Maamoun Street,Nasr City,30.06716,31.356864,No,Small,Scooter,pending,2026-06-09,
4851,57,Abd El Rahman Mostafa,Tarek Khaled,1252217067,27 Youssef Abbas Street,Nasr City,30.066071,31.32036,Yes,Small,Scooter,pending,2026-06-11,
4852,57,Abd El Rahman Mostafa,Laila Youssef,1114056208,35 Tayaran Street,Nasr City,30.067152,31.32458,Yes,Small,Scooter,pending,2026-06-11,
4853,40,Abdeen,Doaa Khaled,1242043113,22 Road 200,Maadi,29.954251,31.273262,No,Large,Van,pending,2026-05-25,
4854,64,Mohamed Samir,Ali Saeed,1140921445,84 El Banafseg,New Cairo,30.048154,31.4655,Yes,Small,Van,pending,2026-06-04,
4855,57,Abd El Rahman Mostafa,Heba Adel,1095687665,62 Othman Ibn Affan Street,Heliopolis,30.093147,31.325358,Yes,Small,Scooter,pending,2026-06-11,
4856,57,Abd El Rahman Mostafa,Mahmoud Ali,1127190416,77 Nozha Street,Heliopolis,30.089739,31.341502,Yes,Large,Scooter,pending,2026-06-11,
4857,40,Abdeen,Nour Khaled,1191933337,2 Road 200,Maadi,29.953942,31.273406,Yes,Medium,Van,pending,2026-05-25,
4858,64,Mohamed Samir,Amira Hassan,1038038031,25 Eighth District,Obour,30.209947,31.484927,No,Large,Van,pending,2026-06-04,
4859,57,Abd El Rahman Mostafa,Khaled Ibrahim,1136832377,8 Anwar El Mofty Street,Nasr City,30.066517,31.330688,Yes,Large,Scooter,pending,2026-06-11,
4860,64,Mohamed Samir,Amira Adel,1086740640,74 Obour City Club,Obour,30.251506,31.496895,No,Large,Van,pending,2026-06-04,
4861,40,Abdeen,Youssef Nabil,1087139510,62 Road 200,Maadi,29.954062,31.273524,No,Large,Van,pending,2026-05-25,
4862,57,Abd El Rahman Mostafa,Tarek Fathy,1248916069,17 Youssef Abbas Street,Nasr City,30.066021,31.32059,Yes,Small,Scooter,pending,2026-06-11,
4863,31,Ahmed Hossam,Doaa Hassan,1166884646,71 Shubra Street,Shubra,30.085538,31.245301,No,Small,Scooter,pending,2026-05-30,
4864,40,Abdeen,Ahmed Nabil,1111639557,39 Road 77,Maadi,29.964937,31.260809,Yes,Medium,Van,pending,2026-05-25,
4865,57,Abd El Rahman Mostafa,Heba Adel,1043820351,49 Abou Dawoud El Zahery Street,Nasr City,30.05897,31.341671,Yes,Medium,Scooter,pending,2026-06-11,
4866,64,Mohamed Samir,Amira Nabil,1098832844,48 El Lotus,New Cairo,30.025727,31.519889,No,Medium,Van,pending,2026-06-04,
4867,64,Mohamed Samir,Mona Samy,1196241102,35 El Yasmeen,New Cairo,30.043885,31.451412,Yes,Large,Van,pending,2026-06-04,
4868,40,Abdeen,Doaa Samy,1286773910,88 Road 233,Maadi,29.95935,31.278398,No,Large,Van,pending,2026-05-25,
4869,31,Ahmed Hossam,Amr Hassan,1263245291,25 El Khalafawy Street,Shubra,30.100562,31.244808,No,Medium,Scooter,pending,2026-05-30,
4870,64,Mohamed Samir,Omar Nabil,1277573094,17 Teseen Street,New Cairo,30.030402,31.455801,No,Small,Van,pending,2026-06-04,
4871,31,Ahmed Hossam,Sara Samy,1101466575,41 Shubra Street,Shubra,30.085412,31.245196,No,Small,Scooter,pending,2026-05-30,
4872,57,Abd El Rahman Mostafa,Ali Samy,1213485836,4 El Nasr Road,Nasr City,30.069149,31.341203,Yes,Medium,Scooter,pending,2026-06-11,
4873,57,Abd El Rahman Mostafa,Ahmed Saeed,1234086282,55 Tayaran Street,Nasr City,30.067317,31.324457,Yes,Medium,Scooter,pending,2026-06-11,
4874,57,Abd El Rahman Mostafa,Yara Saeed,1015216448,35 Baghdad Street,Heliopolis,30.089918,31.322529,Yes,Large,Scooter,pending,2026-06-11,
4875,64,Mohamed Samir,Rania Samy,1290012112,17 First District,Obour,30.205036,31.465107,Yes,Medium,Van,pending,2026-06-04,
4876,28,Ali Edris,Nada Saeed,1155853094,58 26th of July Street,Downtown,30.052698,31.2424,No,Large,Scooter,pending,2026-05-31,
4877,57,Abd El Rahman Mostafa,Rania Reda,1202689221,55 Baghdad Street,Heliopolis,30.089937,31.322796,Yes,Small,Scooter,pending,2026-06-11,
4878,40,Abdeen,Laila Ibrahim,1288943101,70 Road 151,Maadi,29.962371,31.249372,No,Large,Van,pending,2026-05-25,
4879,31,Ahmed Hossam,Sara Ibrahim,1185378139,81 Shubra Street,Shubra,30.085719,31.24528,Yes,Small,Scooter,pending,2026-05-30,
4880,64,Mohamed Samir,Mona Samy,1027259830,61 90th Street,New Cairo,30.012193,31.443007,Yes,Small,Van,pending,2026-06-04,
4881,57,Abd El Rahman Mostafa,Rania Nabil,1241669404,44 El Nasr Road,Nasr City,30.069045,31.341334,Yes,Medium,Scooter,pending,2026-06-11,
4882,31,Ahmed Hossam,Salma Hassan,1101485542,14 Rod El Farag Street,Shubra,30.080321,31.243063,No,Medium,Scooter,pending,2026-05-31,
4883,57,Abd El Rahman Mostafa,Amr Hassan,1093760897,42 Makram Ebeid Street,Nasr City,30.061877,31.344849,Yes,Medium,Scooter,pending,2026-06-12,
4884,64,Mohamed Samir,Mona Samy,1078215114,66 El Narges,New Cairo,30.001823,31.461382,Yes,Large,Van,pending,2026-06-05,
4885,64,Mohamed Samir,Heba Samy,1262527429,5 El Yasmeen,New Cairo,30.044113,31.451167,Yes,Large,Van,pending,2026-06-05,
4886,28,Ali Edris,Mahmoud Ali,1213772801,15 Sherif Basha Street,Downtown,30.048737,31.242357,Yes,Large,Scooter,pending,2026-05-31,
4887,57,Abd El Rahman Mostafa,Dina Adel,1283974938,25 Baghdad Street,Heliopolis,30.089754,31.322772,Yes,Medium,Scooter,pending,2026-06-12,
4888,28,Ali Edris,Tarek Adel,1174855467,84 Mohamed Mahmoud Street,Downtown,30.043235,31.239972,Yes,Medium,Scooter,pending,2026-05-31,
4889,29,Hassan Hossny,Mahmoud Hassan,1102104210,77 Road 18,Maadi,29.960868,31.267125,No,Large,Van,pending,2026-05-26,
4890,64,Mohamed Samir,Nour Mahmoud,1190414405,56 El Narges,New Cairo,30.001796,31.461147,No,Large,Van,pending,2026-06-05,
4891,57,Abd El Rahman Mostafa,Nour Khaled,1001525032,81 Abbas El Akkad Street,Nasr City,30.056509,31.338209,No,Small,Scooter,pending,2026-06-12,
4892,57,Abd El Rahman Mostafa,Yara Fathy,1068326582,81 El Orouba Street,Heliopolis,30.090483,31.33279,Yes,Small,Scooter,pending,2026-06-12,
4893,57,Abd El Rahman Mostafa,Mahmoud Reda,1080423873,41 El Orouba Street,Heliopolis,30.090262,31.332956,Yes,Medium,Scooter,pending,2026-06-12,
4894,64,Mohamed Samir,Amira Khaled,1077201137,18 Obour City Club,Obour,30.25149,31.497087,Yes,Medium,Van,pending,2026-06-05,
4895,57,Abd El Rahman Mostafa,Rania Khaled,1224253018,68 Anwar El Mofty Street,Nasr City,30.066527,31.330759,No,Medium,Scooter,pending,2026-06-12,
4896,57,Abd El Rahman Mostafa,Dina Samy,1045944945,87 Nozha Street,Heliopolis,30.089715,31.341496,No,Small,Scooter,pending,2026-06-12,
4897,28,Ali Edris,Dina Khaled,1137593555,59 Bab El Louk Square,Downtown,30.041593,31.239409,No,Small,Scooter,pending,2026-05-31,
4898,57,Abd El Rahman Mostafa,Nour Youssef,1061322931,30 Mohamed Hassanein Heikal Street,Nasr City,30.058797,31.341143,Yes,Medium,Scooter,pending,2026-06-12,
4899,57,Abd El Rahman Mostafa,Mohamed Ali,1076407377,9 Beirut Street,Heliopolis,30.092725,31.327704,No,Large,Scooter,pending,2026-06-12,
4900,64,Mohamed Samir,Karim Ibrahim,1186946213,46 El Narges,New Cairo,30.001885,31.46111,No,Medium,Van,pending,2026-06-05,
4901,31,Ahmed Hossam,Hassan Samy,1174266916,83 Ahmed Helmi Street,Shubra,30.070639,31.25355,Yes,Medium,Scooter,pending,2026-05-31,
4902,64,Mohamed Samir,Hassan Adel,1227885344,26 Ninth District,Obour,30.229914,31.480137,Yes,Large,Van,pending,2026-06-05,
4903,57,Abd El Rahman Mostafa,Rania Khaled,1164110795,9 Abou Dawoud El Zahery Street,Nasr City,30.059086,31.341473,Yes,Medium,Scooter,pending,2026-06-12,
4904,29,Hassan Hossny,Mohamed Samy,1065754247,55 Road 105,Maadi,29.959676,31.258781,No,Medium,Van,pending,2026-05-26,
4905,64,Mohamed Samir,Omar Samy,1039001149,28 El Lotus,New Cairo,30.025673,31.519843,No,Medium,Van,pending,2026-06-05,
4906,57,Abd El Rahman Mostafa,Salma Youssef,1023258107,83 Cleopatra Street,Heliopolis,30.090807,31.328054,No,Medium,Scooter,pending,2026-06-12,
4907,64,Mohamed Samir,Mahmoud Hassan,1088131929,63 Gamal Abdel Nasser Axis,Obour,30.193765,31.460166,Yes,Medium,Van,pending,2026-06-05,
4908,57,Abd El Rahman Mostafa,Rania Nabil,1061013975,21 Abbas El Akkad Street,Nasr City,30.056739,31.33797,No,Medium,Scooter,pending,2026-06-12,
4909,57,Abd El Rahman Mostafa,Dina Samy,1003597556,14 El Nasr Road,Nasr City,30.069095,31.341015,No,Medium,Scooter,pending,2026-06-13,
4910,64,Mohamed Samir,Dina Youssef,1102234988,11 90th Street,New Cairo,30.012195,31.442955,No,Small,Van,pending,2026-06-05,
4911,29,Hassan Hossny,Karim Khaled,1106570850,45 Road 105,Maadi,29.959686,31.258888,No,Large,Van,pending,2026-05-26,
4912,57,Abd El Rahman Mostafa,Nour Mahmoud,1124162000,61 Abbas El Akkad Street,Nasr City,30.056679,31.338059,No,Large,Scooter,pending,2026-06-13,
4913,64,Mohamed Samir,Doaa Saeed,1138309543,37 Eighth District,Obour,30.210084,31.484895,No,Large,Van,pending,2026-06-05,
4914,64,Mohamed Samir,Dina Adel,1135761469,48 El Lotus,New Cairo,30.025682,31.519836,No,Small,Van,pending,2026-06-05,
4915,29,Hassan Hossny,Mostafa Hassan,1072964769,25 Road 105,Maadi,29.959668,31.258767,Yes,Medium,Van,pending,2026-05-26,
4916,31,Ahmed Hossam,Amira Fathy,1056831976,59 Shubra El Kheima Street,Shubra,30.044469,31.23584,Yes,Large,Scooter,pending,2026-05-31,
4917,28,Ali Edris,Nada Reda,1269671086,24 Mohamed Mahmoud Street,Downtown,30.04292,31.239839,No,Medium,Scooter,pending,2026-05-31,
4918,57,Abd El Rahman Mostafa,Yara Ali,1121215948,75 Baghdad Street,Heliopolis,30.089946,31.322522,No,Medium,Scooter,pending,2026-06-13,
4919,64,Mohamed Samir,Youssef Ibrahim,1173661953,13 Eighth District,Obour,30.209874,31.485148,Yes,Small,Van,pending,2026-06-05,
4920,29,Hassan Hossny,Laila Fathy,1131072782,20 Road 151,Maadi,29.962228,31.24955,No,Large,Van,pending,2026-05-26,
4921,31,Ahmed Hossam,Mostafa Youssef,1066992567,5 El Khalafawy Street,Shubra,30.100341,31.244999,Yes,Medium,Scooter,pending,2026-05-31,
4922,31,Ahmed Hossam,Rania Mahmoud,1284517506,88 Bahtim Street,Shubra,30.085622,31.245269,No,Medium,Scooter,pending,2026-05-31,
4923,29,Hassan Hossny,Nada Fathy,1102376490,4 Street 100,Maadi,29.958986,31.25495,Yes,Small,Van,pending,2026-05-26,
4924,57,Abd El Rahman Mostafa,Mostafa Hassan,1040372735,17 Youssef Abbas Street,Nasr City,30.065879,31.320336,No,Small,Scooter,pending,2026-06-13,
4925,29,Hassan Hossny,Laila Khaled,1153867661,15 Road 105,Maadi,29.959633,31.25903,No,Large,Van,pending,2026-05-26,
4926,57,Abd El Rahman Mostafa,Dina Nabil,1002765636,37 Nozha Street,Heliopolis,30.089712,31.341327,Yes,Medium,Scooter,pending,2026-06-13,
4927,28,Ali Edris,Dina Mahmoud,1048991251,15 Sherif Basha Street,Downtown,30.048757,31.24227,No,Large,Scooter,pending,2026-05-31,
4928,57,Abd El Rahman Mostafa,Heba Samy,1144615052,26 El Merghany Street,Heliopolis,30.090471,31.340756,No,Medium,Scooter,pending,2026-06-13,
4929,64,Mohamed Samir,Mohamed Adel,1130003736,77 First District,Obour,30.205062,31.464955,No,Small,Van,pending,2026-06-05,
4930,57,Abd El Rahman Mostafa,Omar Nabil,1082792819,38 Anwar El Mofty Street,Nasr City,30.066677,31.330576,No,Small,Scooter,pending,2026-06-13,
4931,31,Ahmed Hossam,Dina Khaled,1055036658,20 El Teraa El Boulaqeya Street,Shubra,30.080479,31.252107,Yes,Large,Scooter,pending,2026-05-31,
4932,29,Hassan Hossny,Amira Reda,1146941037,52 Road 200,Maadi,29.954045,31.273556,Yes,Large,Van,pending,2026-05-26,
4933,29,Hassan Hossny,Heba Youssef,1059879646,61 Road 9,Maadi,29.959263,31.258931,No,Small,Van,pending,2026-05-26,
4934,64,Mohamed Samir,Ali Fathy,1231757295,24 Third District,Obour,30.214921,31.469951,Yes,Small,Van,pending,2026-06-05,
4935,57,Abd El Rahman Mostafa,Yara Ibrahim,1224680688,37 Youssef Abbas Street,Nasr City,30.06588,31.320566,No,Small,Scooter,pending,2026-06-13,
4936,28,Ali Edris,Tarek Reda,1246516468,41 Talaat Harb Street,Downtown,30.049152,31.23958,No,Small,Scooter,pending,2026-05-31,
4937,57,Abd El Rahman Mostafa,Laila Hassan,1167317149,36 El Merghany Street,Heliopolis,30.090513,31.340706,No,Large,Scooter,pending,2026-06-13,
4938,57,Abd El Rahman Mostafa,Salma Mahmoud,1014680444,65 Baghdad Street,Heliopolis,30.089771,31.322574,Yes,Medium,Scooter,pending,2026-06-13,
4939,28,Ali Edris,Karim Nabil,1267228291,66 Adly Street,Downtown,30.05105,31.243973,Yes,Medium,Scooter,pending,2026-05-31,
4940,57,Abd El Rahman Mostafa,Ali Fathy,1208261362,27 Nozha Street,Heliopolis,30.089492,31.341292,No,Large,Scooter,pending,2026-06-13,
4941,64,Mohamed Samir,Yara Ali,1150691831,31 First District,Obour,30.204908,31.465149,No,Medium,Van,pending,2026-06-05,
4942,31,Ahmed Hossam,Amr Adel,1049418434,17 Mosheer Ahmed Ismail Street,Shubra,30.072428,31.249876,Yes,Medium,Scooter,pending,2026-05-31,
4943,31,Ahmed Hossam,Yara Khaled,1170714380,52 Khalusi Street,Shubra,30.085693,31.245436,No,Small,Scooter,pending,2026-05-31,
4944,57,Abd El Rahman Mostafa,Dina Adel,1086499132,52 Makram Ebeid Street,Nasr City,30.061949,31.345151,No,Small,Scooter,pending,2026-06-13,
4945,57,Abd El Rahman Mostafa,Dina Nabil,1040136555,80 El Ahram Street,Heliopolis,30.090557,31.320117,Yes,Medium,Scooter,pending,2026-06-14,
4946,31,Ahmed Hossam,Sara Mahmoud,1231098253,54 Rod El Farag Street,Shubra,30.080052,31.243159,No,Small,Scooter,pending,2026-05-31,
4947,57,Abd El Rahman Mostafa,Doaa Mahmoud,1205604429,18 Anwar El Mofty Street,Nasr City,30.066556,31.33064,No,Small,Scooter,pending,2026-06-14,
4948,64,Mohamed Samir,Tarek Adel,1133254967,26 El Narges,New Cairo,30.001777,31.461404,Yes,Medium,Van,pending,2026-06-05,
4949,64,Mohamed Samir,Youssef Saeed,1173703645,39 El Choueifat,New Cairo,30.009561,31.409816,Yes,Medium,Van,pending,2026-06-05,
4950,57,Abd El Rahman Mostafa,Sara Khaled,1004274089,21 Abbas El Akkad Street,Nasr City,30.056712,31.338027,No,Small,Scooter,pending,2026-06-14,
4951,57,Abd El Rahman Mostafa,Heba Adel,1285279306,81 El Orouba Street,Heliopolis,30.09046,31.332915,No,Large,Scooter,pending,2026-06-14,
4952,57,Abd El Rahman Mostafa,Amr Ibrahim,1024474136,1 El Orouba Street,Heliopolis,30.090314,31.332805,No,Small,Scooter,pending,2026-06-14,
4953,57,Abd El Rahman Mostafa,Mahmoud Reda,1079639457,89 Beirut Street,Heliopolis,30.092781,31.327984,Yes,Medium,Scooter,pending,2026-06-14,
4954,28,Ali Edris,Mostafa Reda,1060089643,74 Mohamed Mahmoud Street,Downtown,30.043228,31.240079,No,Medium,Scooter,pending,2026-05-31,
4955,57,Abd El Rahman Mostafa,Khaled Ali,1276186410,60 Mohamed Hassanein Heikal Street,Nasr City,30.05891,31.341389,Yes,Small,Scooter,pending,2026-06-14,
4956,64,Mohamed Samir,Amr Saeed,1203008926,60 Ninth District,Obour,30.229957,31.479833,No,Small,Van,pending,2026-06-05,
4957,29,Hassan Hossny,Heba Nabil,1163955342,53 Road 250,Maadi,29.952908,31.271354,No,Large,Van,pending,2026-05-26,
4958,28,Ali Edris,Mahmoud Reda,1217229480,49 Bab El Louk Square,Downtown,30.041495,31.239623,Yes,Large,Scooter,pending,2026-05-31,
4959,64,Mohamed Samir,Salma Adel,1153644684,29 El Choueifat,New Cairo,30.009594,31.410025,Yes,Medium,Van,pending,2026-06-05,
4960,57,Abd El Rahman Mostafa,Mostafa Fathy,1121931635,64 El Nasr Road,Nasr City,30.069184,31.34131,Yes,Medium,Scooter,pending,2026-06-14,
4961,57,Abd El Rahman Mostafa,Nour Fathy,1137632564,15 Baghdad Street,Heliopolis,30.089832,31.322606,Yes,Small,Scooter,pending,2026-06-14,
4962,29,Hassan Hossny,Dina Saeed,1045340625,84 Street 100,Maadi,29.958948,31.255055,No,Small,Van,pending,2026-05-26,
4963,64,Mohamed Samir,Khaled Samy,1194509629,23 North 90 Street,New Cairo,30.030754,31.466494,Yes,Small,Van,pending,2026-06-05,
4964,57,Abd El Rahman Mostafa,Rania Samy,1066617607,23 Cleopatra Street,Heliopolis,30.090738,31.328108,No,Small,Scooter,pending,2026-06-14,
4965,29,Hassan Hossny,Mahmoud Fathy,1125582528,71 Road 9,Maadi,29.959145,31.259153,Yes,Small,Van,pending,2026-05-26,
4966,57,Abd El Rahman Mostafa,Dina Hassan,1294616194,74 El Nasr Road,Nasr City,30.069386,31.341105,No,Medium,Scooter,pending,2026-06-14,
4967,64,Mohamed Samir,Salma Reda,1146544180,51 First District,Obour,30.205074,31.464832,Yes,Medium,Van,pending,2026-06-06,
4968,57,Abd El Rahman Mostafa,Doaa Adel,1157383794,13 Mostafa El Nahas Street,Nasr City,30.055151,31.346372,No,Large,Scooter,pending,2026-06-14,
4969,64,Mohamed Samir,Mona Reda,1115056995,76 Obour City Club,Obour,30.25164,31.49708,Yes,Large,Van,pending,2026-06-06,
4970,64,Mohamed Samir,Karim Fathy,1230190742,28 Ninth District,Obour,30.229937,31.480084,No,Small,Van,pending,2026-06-06,
4971,28,Ali Edris,Mahmoud Adel,1099163921,23 Champollion Street,Downtown,30.05002,31.238102,Yes,Medium,Scooter,pending,2026-05-31,
4972,64,Mohamed Samir,Amira Saeed,1148115611,4 El Banafseg,New Cairo,30.048117,31.465488,Yes,Large,Van,pending,2026-06-06,
4973,31,Ahmed Hossam,Ali Youssef,1167884981,31 Shubra Street,Shubra,30.085373,31.245273,No,Medium,Scooter,pending,2026-05-31,
4974,29,Hassan Hossny,Sara Fathy,1017549388,33 Road 250,Maadi,29.952927,31.271192,No,Small,Van,pending,2026-05-26,
4975,28,Ali Edris,Khaled Adel,1001753784,83 Champollion Street,Downtown,30.050125,31.237826,Yes,Medium,Scooter,pending,2026-05-31,
4976,57,Abd El Rahman Mostafa,Mohamed Ibrahim,1119618094,29 Abou Dawoud El Zahery Street,Nasr City,30.059085,31.341663,No,Small,Scooter,pending,2026-06-15,
4977,57,Abd El Rahman Mostafa,Laila Youssef,1121464401,9 Abou Dawoud El Zahery Street,Nasr City,30.058862,31.341714,No,Large,Scooter,pending,2026-06-15,
4978,64,Mohamed Samir,Mahmoud Youssef,1111769906,11 90th Street,New Cairo,30.012219,31.442959,No,Large,Van,pending,2026-06-06,
4979,57,Abd El Rahman Mostafa,Hassan Fathy,1215330092,1 El Orouba Street,Heliopolis,30.090347,31.332882,No,Small,Scooter,pending,2026-06-15,
4980,64,Mohamed Samir,Omar Fathy,1272984450,48 Ninth District,Obour,30.230079,31.479909,No,Small,Van,pending,2026-06-06,
4981,57,Abd El Rahman Mostafa,Doaa Hassan,1083026442,13 Cleopatra Street,Heliopolis,30.091026,31.328016,Yes,Large,Scooter,pending,2026-06-15,
4982,28,Ali Edris,Mohamed Samy,1013266593,41 Talaat Harb Street,Downtown,30.049079,31.239355,Yes,Large,Scooter,pending,2026-06-01,
4983,57,Abd El Rahman Mostafa,Doaa Ali,1089420513,8 Anwar El Mofty Street,Nasr City,30.066466,31.330784,Yes,Large,Scooter,pending,2026-06-15,
4984,64,Mohamed Samir,Khaled Ibrahim,1221539109,57 Fourth District,Obour,30.220039,31.47818,No,Small,Van,pending,2026-06-06,
4985,57,Abd El Rahman Mostafa,Mona Mahmoud,1021309949,40 El Ahram Street,Heliopolis,30.090353,31.320327,No,Large,Scooter,pending,2026-06-15,
4986,64,Mohamed Samir,Hassan Saeed,1221738416,76 Ninth District,Obour,30.22995,31.479944,No,Small,Van,pending,2026-06-06,
4987,28,Ali Edris,Omar Nabil,1022130471,8 26th of July Street,Downtown,30.052528,31.242461,No,Small,Scooter,pending,2026-06-01,
4988,57,Abd El Rahman Mostafa,Omar Saeed,1169295150,24 El Nasr Road,Nasr City,30.069127,31.341124,Yes,Large,Scooter,pending,2026-06-15,
4989,64,Mohamed Samir,Rania Adel,1011322243,19 Fourth District,Obour,30.219905,31.478112,Yes,Medium,Van,pending,2026-06-06,
4990,57,Abd El Rahman Mostafa,Amira Adel,1262058776,75 Tayaran Street,Nasr City,30.067339,31.32445,Yes,Medium,Scooter,pending,2026-06-15,
4991,64,Mohamed Samir,Ahmed Ibrahim,1218514439,89 Fourth District,Obour,30.219935,31.47815,No,Medium,Van,pending,2026-06-06,
4992,64,Mohamed Samir,Mostafa Mahmoud,1151842463,32 Sixth District,Obour,30.225082,31.467923,No,Large,Van,pending,2026-06-06,
4993,57,Abd El Rahman Mostafa,Nada Samy,1112786901,69 Beirut Street,Heliopolis,30.092938,31.32777,No,Large,Scooter,pending,2026-06-15,
4994,57,Abd El Rahman Mostafa,Rania Nabil,1285085980,77 Nozha Street,Heliopolis,30.089586,31.341396,Yes,Large,Scooter,pending,2026-06-15,
4995,31,Ahmed Hossam,Youssef Saeed,1233446284,52 Khalusi Street,Shubra,30.085656,31.245297,No,Large,Scooter,pending,2026-05-31,
4996,57,Abd El Rahman Mostafa,Omar Khaled,1084507776,62 Makram Ebeid Street,Nasr City,30.06202,31.344835,No,Small,Scooter,pending,2026-06-15,
4997,64,Mohamed Samir,Tarek Hassan,1251776284,56 Obour City Club,Obour,30.251567,31.496928,Yes,Large,Van,pending,2026-06-06,
4998,57,Abd El Rahman Mostafa,Doaa Nabil,1176787944,14 El Nasr Road,Nasr City,30.069392,31.341166,No,Medium,Scooter,pending,2026-06-15,
4999,57,Abd El Rahman Mostafa,Nour Reda,1228827941,18 Anwar El Mofty Street,Nasr City,30.066446,31.330726,Yes,Large,Scooter,pending,2026-06-16,
5000,28,Ali Edris,Tarek Samy,1208185415,77 Emad El Din Street,Downtown,30.056012,31.244357,No,Large,Scooter,pending,2026-06-01,
5001,28,Ali Edris,Mostafa Adel,1156914570,5 Sherif Basha Street,Downtown,30.048781,31.242316,Yes,Medium,Scooter,pending,2026-06-01,
5002,64,Mohamed Samir,Omar Fathy,1057376739,60 First Settlement,New Cairo,30.047725,31.526448,No,Small,Van,pending,2026-06-06,
5003,29,Hassan Hossny,Karim Adel,1075466343,33 Road 250,Maadi,29.952892,31.271187,No,Medium,Van,pending,2026-05-26,
5004,29,Hassan Hossny,Heba Mahmoud,1002073564,88 Road 233,Maadi,29.959275,31.278344,Yes,Medium,Van,pending,2026-05-26,
5005,57,Abd El Rahman Mostafa,Khaled Samy,1166746103,65 Baghdad Street,Heliopolis,30.089728,31.322486,No,Small,Scooter,pending,2026-06-16,
5006,64,Mohamed Samir,Ahmed Youssef,1193116390,69 El Choueifat,New Cairo,30.009625,31.409753,No,Medium,Van,pending,2026-06-06,
5007,28,Ali Edris,Mostafa Ibrahim,1250637333,42 Qasr El Nil Street,Downtown,30.048102,31.240342,Yes,Large,Scooter,pending,2026-06-01,
5008,29,Hassan Hossny,Omar Nabil,1118271416,18 Road 233,Maadi,29.959036,31.278515,No,Small,Van,pending,2026-05-26,
5009,57,Abd El Rahman Mostafa,Amr Mahmoud,1114653057,47 Youssef Abbas Street,Nasr City,30.065826,31.320407,No,Medium,Scooter,pending,2026-06-16,
5010,29,Hassan Hossny,Amira Saeed,1144022967,79 Road 77,Maadi,29.964774,31.2608,Yes,Large,Van,pending,2026-05-26,
5011,57,Abd El Rahman Mostafa,Rania Nabil,1236161724,30 El Ahram Street,Heliopolis,30.090554,31.320095,Yes,Medium,Scooter,pending,2026-06-16,
5012,64,Mohamed Samir,Ali Fathy,1010137930,73 North 90 Street,New Cairo,30.030903,31.466373,No,Medium,Van,pending,2026-06-06,
5013,57,Abd El Rahman Mostafa,Tarek Hassan,1017618871,25 Tayaran Street,Nasr City,30.067302,31.32457,No,Large,Scooter,pending,2026-06-16,
5014,64,Mohamed Samir,Ali Reda,1232712746,59 Eighth District,Obour,30.210103,31.485055,Yes,Large,Van,pending,2026-06-06,
5015,31,Ahmed Hossam,Mohamed Youssef,1255784659,55 El Khalafawy Street,Shubra,30.100392,31.245138,No,Large,Scooter,pending,2026-05-31,
5016,57,Abd El Rahman Mostafa,Ahmed Hassan,1009298489,68 Anwar El Mofty Street,Nasr City,30.066676,31.330611,Yes,Medium,Scooter,pending,2026-06-16,
5017,31,Ahmed Hossam,Amr Mahmoud,1283043087,57 Mosheer Ahmed Ismail Street,Shubra,30.072631,31.249891,Yes,Small,Scooter,pending,2026-06-01,
5018,64,Mohamed Samir,Tarek Ali,1151835943,78 Sixth District,Obour,30.224996,31.468169,No,Medium,Van,pending,2026-06-06,
5019,57,Abd El Rahman Mostafa,Sara Samy,1041158093,68 Ibrahim El Lakkany Street,Heliopolis,30.093715,31.322019,Yes,Small,Scooter,pending,2026-06-16,
5020,57,Abd El Rahman Mostafa,Nada Mahmoud,1188087324,29 Beirut Street,Heliopolis,30.092884,31.327708,No,Small,Scooter,pending,2026-06-16,
5021,57,Abd El Rahman Mostafa,Ali Samy,1035238099,84 El Higaz Street,Heliopolis,30.106827,31.335425,Yes,Medium,Scooter,pending,2026-06-16,
5022,28,Ali Edris,Youssef Ibrahim,1263697381,19 Bab El Louk Square,Downtown,30.041792,31.239557,Yes,Small,Scooter,pending,2026-06-01,
5023,57,Abd El Rahman Mostafa,Salma Mahmoud,1283366700,78 Anwar El Mofty Street,Nasr City,30.066534,31.330731,Yes,Small,Scooter,pending,2026-06-16,
5024,64,Mohamed Samir,Heba Reda,1105062945,10 Third District,Obour,30.214957,31.470118,No,Large,Van,pending,2026-06-06,
5025,57,Abd El Rahman Mostafa,Karim Fathy,1271673949,35 Baghdad Street,Heliopolis,30.089698,31.32262,Yes,Large,Scooter,pending,2026-06-16,
5026,57,Abd El Rahman Mostafa,Nada Khaled,1155778666,70 El Ahram Street,Heliopolis,30.090448,31.320037,Yes,Large,Scooter,pending,2026-06-16,
5027,28,Ali Edris,Youssef Fathy,1103203157,57 Emad El Din Street,Downtown,30.055857,31.244464,No,Large,Scooter,pending,2026-06-01,
5028,64,Mohamed Samir,Doaa Samy,1020199337,51 90th Street,New Cairo,30.012173,31.443028,Yes,Small,Van,pending,2026-06-06,
5029,29,Hassan Hossny,Amr Nabil,1152473327,78 Road 233,Maadi,29.959163,31.278357,No,Medium,Van,pending,2026-05-26,
5030,29,Hassan Hossny,Yara Ibrahim,1264867609,2 Road 200,Maadi,29.954079,31.27332,No,Large,Van,pending,2026-05-26,
5031,57,Abd El Rahman Mostafa,Tarek Nabil,1103934855,85 Baghdad Street,Heliopolis,30.089722,31.322589,Yes,Medium,Scooter,pending,2026-06-18,
5032,29,Hassan Hossny,Mohamed Adel,1031891379,61 Road 9,Maadi,29.959085,31.258986,No,Medium,Van,pending,2026-05-26,
5033,57,Abd El Rahman Mostafa,Mona Fathy,1154726856,14 El Nasr Road,Nasr City,30.069303,31.341318,No,Medium,Scooter,pending,2026-06-18,
5034,64,Mohamed Samir,Ahmed Samy,1028822641,38 Obour City Club,Obour,30.251611,31.496842,No,Medium,Van,pending,2026-06-06,
5035,28,Ali Edris,Karim Ibrahim,1099831029,62 Qasr El Nil Street,Downtown,30.048225,31.240434,Yes,Large,Scooter,pending,2026-06-01,
5036,57,Abd El Rahman Mostafa,Ali Nabil,1198991624,30 Mohamed Hassanein Heikal Street,Nasr City,30.058953,31.341193,Yes,Medium,Scooter,pending,2026-06-18,
5037,64,Mohamed Samir,Yara Mahmoud,1229625502,85 El Yasmeen,New Cairo,30.044024,31.451422,Yes,Medium,Van,pending,2026-06-07,
5038,31,Ahmed Hossam,Laila Reda,1040600180,32 Khalusi Street,Shubra,30.085683,31.245387,Yes,Medium,Scooter,pending,2026-06-01,
5039,57,Abd El Rahman Mostafa,Omar Mahmoud,1185389750,36 Hassan El Maamoun Street,Nasr City,30.067008,31.356881,Yes,Large,Scooter,pending,2026-06-18,
5040,28,Ali Edris,Amr Reda,1054365587,56 Adly Street,Downtown,30.051059,31.243863,No,Medium,Scooter,pending,2026-06-01,
5041,29,Hassan Hossny,Dina Mahmoud,1185622513,25 Road 105,Maadi,29.959456,31.259003,No,Small,Van,pending,2026-05-28,
5042,64,Mohamed Samir,Dina Reda,1254976747,52 Obour City Club,Obour,30.251747,31.497011,No,Medium,Van,pending,2026-06-07,
5043,64,Mohamed Samir,Salma Mahmoud,1044436082,49 El Choueifat,New Cairo,30.009532,31.409989,Yes,Small,Van,pending,2026-06-07,
5044,57,Abd El Rahman Mostafa,Amira Khaled,1188661664,34 El Higaz Street,Heliopolis,30.10687,31.335282,No,Medium,Scooter,pending,2026-06-18,
5045,31,Ahmed Hossam,Ahmed Ibrahim,1157681991,16 Masarra Street,Shubra,30.085695,31.245277,No,Large,Scooter,pending,2026-06-01,
5046,57,Abd El Rahman Mostafa,Heba Fathy,1292275634,84 El Nasr Road,Nasr City,30.069356,31.341187,No,Small,Scooter,pending,2026-06-18,
5047,64,Mohamed Samir,Laila Saeed,1128629876,28 El Lotus,New Cairo,30.02562,31.519841,No,Small,Van,pending,2026-06-07,
5048,57,Abd El Rahman Mostafa,Laila Nabil,1051870630,44 El Higaz Street,Heliopolis,30.106536,31.335516,No,Small,Scooter,pending,2026-06-18,
5049,57,Abd El Rahman Mostafa,Heba Fathy,1082623596,8 Anwar El Mofty Street,Nasr City,30.066543,31.330738,Yes,Medium,Scooter,pending,2026-06-18,
5050,29,Hassan Hossny,Sara Mahmoud,1036589377,20 Road 151,Maadi,29.962498,31.249417,Yes,Small,Van,pending,2026-05-28,
5051,28,Ali Edris,Youssef Ibrahim,1291203059,12 Qasr El Nil Street,Downtown,30.048217,31.240473,No,Small,Scooter,pending,2026-06-01,
5052,28,Ali Edris,Amr Nabil,1004715158,30 Falaki Square,Downtown,30.043349,31.23903,Yes,Small,Scooter,pending,2026-06-01,
5053,28,Ali Edris,Amira Samy,1209245482,19 Bab El Louk Square,Downtown,30.04179,31.239473,No,Large,Scooter,pending,2026-06-01,
5054,64,Mohamed Samir,Nada Mahmoud,1170490851,86 Sixth District,Obour,30.224885,31.467842,Yes,Medium,Van,pending,2026-06-07,
5055,31,Ahmed Hossam,Yara Ali,1231798569,70 El Teraa El Boulaqeya Street,Shubra,30.080668,31.252058,No,Medium,Scooter,pending,2026-06-01,
5056,64,Mohamed Samir,Mohamed Hassan,1004765004,38 Ninth District,Obour,30.229825,31.480054,No,Small,Van,pending,2026-06-07,
5057,57,Abd El Rahman Mostafa,Mahmoud Ibrahim,1105841628,36 Hassan El Maamoun Street,Nasr City,30.067048,31.356875,No,Large,Scooter,pending,2026-06-18,
5058,64,Mohamed Samir,Hassan Ibrahim,1203607383,80 First Settlement,New Cairo,30.04738,31.526499,Yes,Small,Van,pending,2026-06-07,
5059,64,Mohamed Samir,Amira Ibrahim,1100221408,2 South 90 Street,New Cairo,30.012048,31.443003,No,Large,Van,pending,2026-06-07,
5060,64,Mohamed Samir,Ali Ibrahim,1284817432,39 Gamal Abdel Nasser Axis,Obour,30.19366,31.460313,No,Medium,Van,pending,2026-06-07,
5061,64,Mohamed Samir,Doaa Mahmoud,1216562460,54 Third District,Obour,30.215096,31.470024,Yes,Small,Van,pending,2026-06-07,
5062,31,Ahmed Hossam,Amira Youssef,1282038778,76 Masarra Street,Shubra,30.085453,31.245196,No,Medium,Scooter,pending,2026-06-01,
5063,64,Mohamed Samir,Yara Ali,1028115195,56 El Narges,New Cairo,30.001722,31.461072,Yes,Small,Van,pending,2026-06-07,
5064,57,Abd El Rahman Mostafa,Khaled Fathy,1099533937,71 El Orouba Street,Heliopolis,30.090459,31.332762,Yes,Large,Scooter,pending,2026-06-18,
5065,64,Mohamed Samir,Dina Ali,1071550032,67 Teseen Street,New Cairo,30.030602,31.45576,No,Small,Van,pending,2026-06-07,
5066,31,Ahmed Hossam,Yara Mahmoud,1250238747,53 Ahmed Helmi Street,Shubra,30.070737,31.25345,No,Medium,Scooter,pending,2026-06-01,
5067,57,Abd El Rahman Mostafa,Hassan Khaled,1067951023,81 Abbas El Akkad Street,Nasr City,30.056719,31.338053,No,Medium,Scooter,pending,2026-06-18,
5068,29,Hassan Hossny,Ahmed Saeed,1118242424,49 Road 77,Maadi,29.964931,31.260869,Yes,Medium,Van,pending,2026-05-28,
5069,29,Hassan Hossny,Ali Ali,1014571628,74 Street 100,Maadi,29.958801,31.254971,No,Large,Van,pending,2026-05-28,
5070,57,Abd El Rahman Mostafa,Rania Khaled,1168383518,57 Nozha Street,Heliopolis,30.089486,31.341526,No,Small,Scooter,pending,2026-06-18,
5071,64,Mohamed Samir,Heba Reda,1199979035,42 Obour City Club,Obour,30.251684,31.497085,Yes,Medium,Van,pending,2026-06-07,
5072,28,Ali Edris,Mostafa Nabil,1101487194,64 Mohamed Mahmoud Street,Downtown,30.042892,31.23995,No,Small,Scooter,pending,2026-06-02,
5073,29,Hassan Hossny,Yara Adel,1111984040,77 Road 18,Maadi,29.961039,31.267069,Yes,Large,Van,pending,2026-05-28,
5074,64,Mohamed Samir,Youssef Youssef,1177437582,69 Fourth District,Obour,30.219969,31.477847,No,Small,Van,pending,2026-06-07,
5075,64,Mohamed Samir,Tarek Adel,1121129909,7 Fourth District,Obour,30.219984,31.478088,No,Large,Van,pending,2026-06-07,
5076,57,Abd El Rahman Mostafa,Dina Reda,1206577633,85 Tayaran Street,Nasr City,30.067153,31.324695,No,Medium,Scooter,pending,2026-06-19,
5077,31,Ahmed Hossam,Doaa Ibrahim,1020892768,21 Shubra Street,Shubra,30.085558,31.245273,Yes,Medium,Scooter,pending,2026-06-01,
5078,31,Ahmed Hossam,Yara Saeed,1203503278,20 El Teraa El Boulaqeya Street,Shubra,30.080732,31.251843,No,Large,Scooter,pending,2026-06-01,
5079,28,Ali Edris,Youssef Samy,1224563890,82 Qasr El Nil Street,Downtown,30.04813,31.240486,Yes,Medium,Scooter,pending,2026-06-02,
5080,57,Abd El Rahman Mostafa,Amr Reda,1199274472,73 Mostafa El Nahas Street,Nasr City,30.055302,31.346126,Yes,Small,Scooter,pending,2026-06-19,
5081,28,Ali Edris,Laila Saeed,1122355394,7 Emad El Din Street,Downtown,30.055909,31.244365,No,Small,Scooter,pending,2026-06-02,
5082,29,Hassan Hossny,Amr Adel,1231209177,58 Road 233,Maadi,29.959214,31.278289,Yes,Small,Van,pending,2026-05-28,
5083,64,Mohamed Samir,Khaled Khaled,1188288612,41 Eighth District,Obour,30.209847,31.485091,No,Large,Van,pending,2026-06-07,
5084,28,Ali Edris,Nada Mahmoud,1224309286,33 Champollion Street,Downtown,30.050194,31.23785,Yes,Large,Scooter,pending,2026-06-02,
5085,29,Hassan Hossny,Tarek Reda,1094589421,27 Road 18,Maadi,29.960774,31.26697,No,Large,Van,pending,2026-05-28,
5086,57,Abd El Rahman Mostafa,Karim Youssef,1150737745,3 Cleopatra Street,Heliopolis,30.090981,31.328004,No,Medium,Scooter,pending,2026-06-19,
5087,28,Ali Edris,Amr Fathy,1292004128,89 Bab El Louk Square,Downtown,30.04178,31.239645,No,Medium,Scooter,pending,2026-06-02,
5088,31,Ahmed Hossam,Mostafa Ibrahim,1237475514,73 Ahmed Helmi Street,Shubra,30.070718,31.253587,No,Large,Scooter,pending,2026-06-01,
5089,57,Abd El Rahman Mostafa,Nour Nabil,1226481387,20 El Ahram Street,Heliopolis,30.090565,31.3201,Yes,Small,Scooter,pending,2026-06-19,
5090,64,Mohamed Samir,Heba Nabil,1242319264,65 El Yasmeen,New Cairo,30.043938,31.451369,Yes,Small,Van,pending,2026-06-07,
5091,64,Mohamed Samir,Youssef Fathy,1214368141,35 El Yasmeen,New Cairo,30.043977,31.451283,Yes,Large,Van,pending,2026-06-07,
5092,64,Mohamed Samir,Karim Ibrahim,1163296950,75 Gamal Abdel Nasser Axis,Obour,30.193907,31.460242,No,Large,Van,pending,2026-06-07,
5093,57,Abd El Rahman Mostafa,Ahmed Ali,1135289204,48 Anwar El Mofty Street,Nasr City,30.066491,31.330544,Yes,Medium,Scooter,pending,2026-06-19,
5094,28,Ali Edris,Mona Fathy,1057944851,82 Qasr El Nil Street,Downtown,30.048314,31.240415,No,Small,Scooter,pending,2026-06-02,
5095,31,Ahmed Hossam,Tarek Ali,1102134198,86 Masarra Street,Shubra,30.085617,31.245375,No,Large,Scooter,pending,2026-06-01,
5096,28,Ali Edris,Mahmoud Hassan,1153015803,36 Adly Street,Downtown,30.051181,31.243952,No,Large,Scooter,pending,2026-06-02,
5097,31,Ahmed Hossam,Karim Saeed,1077793418,32 Khalusi Street,Shubra,30.08565,31.24521,No,Small,Scooter,pending,2026-06-01,
5098,29,Hassan Hossny,Youssef Youssef,1129306836,23 Road 250,Maadi,29.952684,31.271209,Yes,Large,Van,pending,2026-05-28,
5099,64,Mohamed Samir,Mona Ibrahim,1268958035,30 Ninth District,Obour,30.23003,31.479871,No,Large,Van,pending,2026-06-07,
5100,64,Mohamed Samir,Ahmed Youssef,1109269212,26 Ninth District,Obour,30.229852,31.479993,No,Large,Van,pending,2026-06-08,
5101,57,Abd El Rahman Mostafa,Doaa Youssef,1155385975,49 Abou Dawoud El Zahery Street,Nasr City,30.058795,31.341512,Yes,Large,Scooter,pending,2026-06-19,
5102,64,Mohamed Samir,Laila Ali,1249017884,33 Fourth District,Obour,30.21998,31.478094,No,Small,Van,pending,2026-06-08,
5103,28,Ali Edris,Laila Hassan,1118213335,11 Talaat Harb Street,Downtown,30.048908,31.23961,Yes,Large,Scooter,pending,2026-06-02,
5104,28,Ali Edris,Rania Nabil,1186275414,70 Falaki Square,Downtown,30.043422,31.238936,Yes,Large,Scooter,pending,2026-06-02,
5105,64,Mohamed Samir,Ahmed Mahmoud,1087039130,9 Fourth District,Obour,30.219825,31.47795,No,Large,Van,pending,2026-06-08,
5106,28,Ali Edris,Mahmoud Reda,1188992777,47 Emad El Din Street,Downtown,30.055812,31.244404,No,Large,Scooter,pending,2026-06-02,
5107,29,Hassan Hossny,Amira Reda,1278737369,57 Road 18,Maadi,29.960885,31.267062,Yes,Large,Van,pending,2026-05-28,
5108,64,Mohamed Samir,Doaa Nabil,1216420641,86 El Narges,New Cairo,30.001705,31.461298,Yes,Medium,Van,pending,2026-06-08,
5109,57,Abd El Rahman Mostafa,Hassan Fathy,1189280168,88 Anwar El Mofty Street,Nasr City,30.066665,31.330555,No,Large,Scooter,pending,2026-06-19,
5110,31,Ahmed Hossam,Laila Ali,1000074699,37 Mosheer Ahmed Ismail Street,Shubra,30.072425,31.249882,Yes,Medium,Scooter,pending,2026-06-01,
5111,28,Ali Edris,Yara Reda,1186218420,41 Talaat Harb Street,Downtown,30.048827,31.23952,Yes,Large,Scooter,pending,2026-06-02,
5112,28,Ali Edris,Dina Nabil,1014162074,84 Mohamed Mahmoud Street,Downtown,30.043091,31.239819,Yes,Large,Scooter,pending,2026-06-02,
5113,64,Mohamed Samir,Khaled Reda,1066921273,56 Sixth District,Obour,30.225164,31.468056,Yes,Large,Van,pending,2026-06-08,
5114,57,Abd El Rahman Mostafa,Rania Saeed,1139624404,54 El Nasr Road,Nasr City,30.069297,31.341223,No,Medium,Scooter,pending,2026-06-19,
5115,31,Ahmed Hossam,Tarek Nabil,1181590515,73 Ahmed Helmi Street,Shubra,30.070633,31.253491,Yes,Small,Scooter,pending,2026-06-02,
5116,64,Mohamed Samir,Rania Hassan,1129344504,42 South 90 Street,New Cairo,30.012134,31.443027,No,Large,Van,pending,2026-06-08,
5117,28,Ali Edris,Salma Reda,1189261570,6 Adly Street,Downtown,30.051177,31.243721,No,Medium,Scooter,pending,2026-06-04,
5118,64,Mohamed Samir,Amira Mahmoud,1009749230,6 Obour City Club,Obour,30.251586,31.496869,No,Large,Van,pending,2026-06-08,
5119,64,Mohamed Samir,Ali Ibrahim,1162969137,54 Sixth District,Obour,30.224838,31.468164,Yes,Small,Van,pending,2026-06-08,
5120,64,Mohamed Samir,Nada Mahmoud,1136671185,79 El Choueifat,New Cairo,30.009579,31.409757,No,Medium,Van,pending,2026-06-08,
5121,64,Mohamed Samir,Amr Mahmoud,1007326886,86 El Narges,New Cairo,30.001949,31.461067,No,Small,Van,pending,2026-06-08,
5122,64,Mohamed Samir,Mohamed Saeed,1298767636,78 El Lotus,New Cairo,30.025712,31.519902,Yes,Medium,Van,pending,2026-06-08,
5123,28,Ali Edris,Ahmed Fathy,1113879599,23 Champollion Street,Downtown,30.050127,31.23811,Yes,Large,Scooter,pending,2026-06-04,
5124,28,Ali Edris,Mona Saeed,1100578244,66 Adly Street,Downtown,30.051034,31.243772,No,Medium,Scooter,pending,2026-06-04,
5125,64,Mohamed Samir,Ahmed Youssef,1224307724,11 90th Street,New Cairo,30.012224,31.442871,Yes,Medium,Van,pending,2026-06-08,
5126,64,Mohamed Samir,Amr Mahmoud,1166481283,43 North 90 Street,New Cairo,30.030921,31.466419,No,Medium,Van,pending,2026-06-08,
5127,31,Ahmed Hossam,Khaled Samy,1295000538,23 Ahmed Helmi Street,Shubra,30.07092,31.253653,Yes,Large,Scooter,pending,2026-06-02,
5128,64,Mohamed Samir,Rania Samy,1079492997,24 Sixth District,Obour,30.225094,31.468037,No,Large,Van,pending,2026-06-08,
5129,64,Mohamed Samir,Dina Mahmoud,1283803581,50 Sixth District,Obour,30.22485,31.467944,Yes,Medium,Van,pending,2026-06-08,
5130,28,Ali Edris,Nour Khaled,1194033256,38 26th of July Street,Downtown,30.052607,31.242321,Yes,Large,Scooter,pending,2026-06-04,
5131,57,Abd El Rahman Mostafa,Mostafa Khaled,1056584618,64 El Higaz Street,Heliopolis,30.106865,31.335335,No,Medium,Scooter,pending,2026-06-19,
5132,28,Ali Edris,Salma Nabil,1296260805,7 Emad El Din Street,Downtown,30.055968,31.244222,Yes,Small,Scooter,pending,2026-06-04,
5133,57,Abd El Rahman Mostafa,Salma Adel,1116827875,19 Abou Dawoud El Zahery Street,Nasr City,30.058945,31.341443,Yes,Small,Scooter,pending,2026-06-19,
5134,64,Mohamed Samir,Nour Ibrahim,1100974102,19 El Choueifat,New Cairo,30.009365,31.409758,Yes,Small,Van,pending,2026-06-08,
5135,57,Abd El Rahman Mostafa,Yara Reda,1182507872,9 Abou Dawoud El Zahery Street,Nasr City,30.059025,31.341669,Yes,Small,Scooter,pending,2026-06-19,
5136,64,Mohamed Samir,Khaled Ibrahim,1087434388,64 Obour City Club,Obour,30.251488,31.497097,Yes,Small,Van,pending,2026-06-08,
5137,29,Hassan Hossny,Yara Adel,1130504152,17 Road 18,Maadi,29.960948,31.266932,No,Medium,Van,pending,2026-05-28,
5138,64,Mohamed Samir,Heba Youssef,1127665807,52 South 90 Street,New Cairo,30.012312,31.44311,Yes,Medium,Van,pending,2026-06-08,
5139,28,Ali Edris,Mahmoud Samy,1216499563,85 Sherif Basha Street,Downtown,30.04896,31.242364,No,Large,Scooter,pending,2026-06-04,
5140,57,Abd El Rahman Mostafa,Tarek Fathy,1262025149,26 Hassan El Maamoun Street,Nasr City,30.067169,31.356775,No,Large,Scooter,pending,2026-06-19,
5141,57,Abd El Rahman Mostafa,Heba Khaled,1042120293,89 Beirut Street,Heliopolis,30.09294,31.327739,Yes,Small,Scooter,pending,2026-06-20,
5142,29,Hassan Hossny,Tarek Youssef,1057615784,61 Road 9,Maadi,29.959184,31.259007,No,Medium,Van,pending,2026-05-28,
5143,28,Ali Edris,Salma Khaled,1278280633,64 Mohamed Mahmoud Street,Downtown,30.043107,31.239892,No,Medium,Scooter,pending,2026-06-04,
5144,57,Abd El Rahman Mostafa,Khaled Khaled,1291467376,30 El Ahram Street,Heliopolis,30.090335,31.320317,No,Small,Scooter,pending,2026-06-20,
5145,64,Mohamed Samir,Mona Samy,1109791454,73 Gamal Abdel Nasser Axis,Obour,30.193678,31.46011,No,Small,Van,pending,2026-06-08,
5146,28,Ali Edris,Karim Samy,1083329754,37 Emad El Din Street,Downtown,30.056017,31.244153,Yes,Medium,Scooter,pending,2026-06-04,
5147,29,Hassan Hossny,Mahmoud Ali,1181498414,38 Road 233,Maadi,29.959137,31.278453,No,Large,Van,pending,2026-05-28,
5148,64,Mohamed Samir,Hassan Fathy,1189480814,8 El Lotus,New Cairo,30.025843,31.519707,No,Large,Van,pending,2026-06-08,
5149,64,Mohamed Samir,Mohamed Youssef,1206200720,68 Ninth District,Obour,30.229919,31.480027,No,Large,Van,pending,2026-06-09,
5150,31,Ahmed Hossam,Amr Khaled,1257054005,82 Khalusi Street,Shubra,30.08552,31.245359,No,Small,Scooter,pending,2026-06-02,
5151,64,Mohamed Samir,Tarek Youssef,1079426162,58 Ninth District,Obour,30.229863,31.480114,Yes,Small,Van,pending,2026-06-09,
5152,57,Abd El Rahman Mostafa,Khaled Saeed,1077702560,34 El Higaz Street,Heliopolis,30.106764,31.335191,No,Large,Scooter,pending,2026-06-20,
5153,29,Hassan Hossny,Hassan Ali,1185822748,1 Road 9,Maadi,29.959356,31.259132,No,Large,Van,pending,2026-05-28,
5154,31,Ahmed Hossam,Khaled Samy,1288249041,46 Masarra Street,Shubra,30.085542,31.245189,Yes,Large,Scooter,pending,2026-06-02,
5155,57,Abd El Rahman Mostafa,Mostafa Nabil,1184245293,32 Makram Ebeid Street,Nasr City,30.061823,31.345124,Yes,Small,Scooter,pending,2026-06-20,
5156,29,Hassan Hossny,Mohamed Fathy,1128162635,26 Nasr Street,Maadi,29.975416,31.28027,No,Medium,Van,pending,2026-05-28,
5157,31,Ahmed Hossam,Amr Hassan,1125631630,4 Rod El Farag Street,Shubra,30.08018,31.243156,No,Large,Scooter,pending,2026-06-02,
5158,64,Mohamed Samir,Sara Fathy,1252041194,43 Gamal Abdel Nasser Axis,Obour,30.193704,31.460195,No,Large,Van,pending,2026-06-09,
5159,57,Abd El Rahman Mostafa,Hassan Ibrahim,1020006293,40 Mohamed Hassanein Heikal Street,Nasr City,30.059039,31.341067,No,Small,Scooter,pending,2026-06-20,
5160,31,Ahmed Hossam,Laila Mahmoud,1042525383,86 Masarra Street,Shubra,30.085492,31.24524,No,Medium,Scooter,pending,2026-06-02,
5161,64,Mohamed Samir,Salma Samy,1049012707,72 South 90 Street,New Cairo,30.012312,31.443044,Yes,Small,Van,pending,2026-06-09,
5162,31,Ahmed Hossam,Amr Khaled,1016006087,55 El Khalafawy Street,Shubra,30.100417,31.244809,Yes,Large,Scooter,pending,2026-06-02,
5163,28,Ali Edris,Yara Mahmoud,1054068879,27 Emad El Din Street,Downtown,30.055971,31.244213,Yes,Small,Scooter,pending,2026-06-04,
5164,31,Ahmed Hossam,Khaled Mahmoud,1228820594,90 El Teraa El Boulaqeya Street,Shubra,30.0805,31.251868,Yes,Medium,Scooter,pending,2026-06-02,
5165,57,Abd El Rahman Mostafa,Mohamed Nabil,1028454145,8 Anwar El Mofty Street,Nasr City,30.066538,31.330598,Yes,Large,Scooter,pending,2026-06-20,
5166,57,Abd El Rahman Mostafa,Mahmoud Mahmoud,1241308485,56 Hassan El Maamoun Street,Nasr City,30.067206,31.357095,No,Medium,Scooter,pending,2026-06-20,
5167,64,Mohamed Samir,Nour Khaled,1153018195,12 Ninth District,Obour,30.230006,31.48004,No,Medium,Van,pending,2026-06-09,
5168,57,Abd El Rahman Mostafa,Salma Mahmoud,1215342908,49 Abou Dawoud El Zahery Street,Nasr City,30.05888,31.341392,Yes,Small,Scooter,pending,2026-06-20,
5169,64,Mohamed Samir,Ali Nabil,1131936796,19 Gamal Abdel Nasser Axis,Obour,30.193928,31.460066,No,Large,Van,pending,2026-06-09,
5170,57,Abd El Rahman Mostafa,Sara Khaled,1128122791,79 Abou Dawoud El Zahery Street,Nasr City,30.058932,31.341617,Yes,Large,Scooter,pending,2026-06-20,
5171,28,Ali Edris,Mohamed Fathy,1250080755,67 Emad El Din Street,Downtown,30.056103,31.244372,No,Small,Scooter,pending,2026-06-04,
5172,64,Mohamed Samir,Nada Adel,1154394551,8 Third District,Obour,30.21506,31.470179,No,Small,Van,pending,2026-06-09,
5173,57,Abd El Rahman Mostafa,Nada Youssef,1097099401,16 Hassan El Maamoun Street,Nasr City,30.06708,31.35699,No,Large,Scooter,pending,2026-06-20,
5174,64,Mohamed Samir,Rania Adel,1185316466,51 First District,Obour,30.205053,31.464893,Yes,Medium,Van,pending,2026-06-09,
5175,31,Ahmed Hossam,Karim Khaled,1044360725,19 Shubra El Kheima Street,Shubra,30.044298,31.235848,No,Medium,Scooter,pending,2026-06-02,
5176,64,Mohamed Samir,Amira Saeed,1067442170,56 El Narges,New Cairo,30.001865,31.461148,No,Medium,Van,pending,2026-06-09,
5177,64,Mohamed Samir,Rania Mahmoud,1196061325,70 Ninth District,Obour,30.230124,31.480107,Yes,Medium,Van,pending,2026-06-09,
5178,57,Abd El Rahman Mostafa,Laila Fathy,1130206128,52 Makram Ebeid Street,Nasr City,30.061945,31.345109,Yes,Large,Scooter,pending,2026-06-20,
5179,31,Ahmed Hossam,Salma Hassan,1093723661,2 Khalusi Street,Shubra,30.085628,31.245338,Yes,Large,Scooter,pending,2026-06-02,
5180,64,Mohamed Samir,Amr Adel,1039022366,65 Fourth District,Obour,30.21986,31.477915,Yes,Large,Van,pending,2026-06-09,
5181,29,Hassan Hossny,Ahmed Ibrahim,1035065697,11 Road 9,Maadi,29.959249,31.259001,No,Medium,Van,pending,2026-05-28,
5182,28,Ali Edris,Dina Ibrahim,1148661448,38 26th of July Street,Downtown,30.052408,31.242199,No,Small,Scooter,pending,2026-06-04,
5183,57,Abd El Rahman Mostafa,Nour Samy,1180167872,2 Othman Ibn Affan Street,Heliopolis,30.093114,31.32543,Yes,Large,Scooter,pending,2026-06-20,
5184,57,Abd El Rahman Mostafa,Youssef Adel,1116395431,84 El Higaz Street,Heliopolis,30.106773,31.335519,No,Small,Scooter,pending,2026-06-21,
5185,64,Mohamed Samir,Salma Khaled,1179995190,86 Sixth District,Obour,30.22488,31.467987,Yes,Medium,Van,pending,2026-06-09,
5186,29,Hassan Hossny,Mostafa Samy,1206577798,19 Road 77,Maadi,29.964787,31.260807,No,Large,Van,pending,2026-05-28,
5187,64,Mohamed Samir,Heba Hassan,1013867645,88 El Lotus,New Cairo,30.025709,31.520019,Yes,Medium,Van,pending,2026-06-09,
5188,29,Hassan Hossny,Amr Samy,1177029335,21 Road 9,Maadi,29.959326,31.258956,No,Medium,Van,pending,2026-05-28,
5189,64,Mohamed Samir,Ali Nabil,1013178850,82 South 90 Street,New Cairo,30.01232,31.443032,No,Large,Van,pending,2026-06-09,
5190,57,Abd El Rahman Mostafa,Karim Ali,1268892951,41 Abbas El Akkad Street,Nasr City,30.05664,31.338158,Yes,Small,Scooter,pending,2026-06-21,
5191,57,Abd El Rahman Mostafa,Ali Youssef,1221136126,27 Nozha Street,Heliopolis,30.089589,31.341306,No,Small,Scooter,pending,2026-06-21,
5192,57,Abd El Rahman Mostafa,Omar Youssef,1159413110,17 Youssef Abbas Street,Nasr City,30.066125,31.320423,No,Small,Scooter,pending,2026-06-21,
5193,29,Hassan Hossny,Mohamed Adel,1119295516,88 Road 233,Maadi,29.95923,31.278547,No,Small,Van,pending,2026-05-28,
5194,57,Abd El Rahman Mostafa,Youssef Mahmoud,1271659390,55 Baghdad Street,Heliopolis,30.089751,31.322586,Yes,Medium,Scooter,pending,2026-06-21,
5195,29,Hassan Hossny,Youssef Mahmoud,1112486267,28 Road 233,Maadi,29.959256,31.278348,Yes,Small,Van,pending,2026-05-28,
5196,64,Mohamed Samir,Doaa Hassan,1001997901,13 Eighth District,Obour,30.210142,31.485062,Yes,Large,Van,pending,2026-06-09,
5197,57,Abd El Rahman Mostafa,Rania Khaled,1049594670,33 Mostafa El Nahas Street,Nasr City,30.054982,31.346243,Yes,Medium,Scooter,pending,2026-06-21,
5198,29,Hassan Hossny,Rania Fathy,1035733958,18 Road 233,Maadi,29.959196,31.278341,Yes,Medium,Van,pending,2026-05-28,
5199,57,Abd El Rahman Mostafa,Tarek Youssef,1148959841,78 Ibrahim El Lakkany Street,Heliopolis,30.093687,31.322224,Yes,Small,Scooter,pending,2026-06-21,
5200,64,Mohamed Samir,Karim Youssef,1162016133,77 First District,Obour,30.204944,31.464911,No,Medium,Van,pending,2026-06-09,
