distance_km,hour_sin,hour_cos,dow_sin,dow_cos,month,stop_index,stops_in_route,stops_remaining,route_progress,is_same_cluster,bearing_deg,cluster_dest_cat,vehicle_type,traffic_level,weather,time_to_next_stop_min
1.4964,-0.5,-0.866025,0.974928,-0.222521,3,3,12,8,0.2727,1,332.08,9,van,Medium,Sunny,27.91
2.8299,0.866025,-0.5,0.974928,-0.222521,10,1,7,5,0.1667,0,320.52,9,car,Normal,Sunny,38.34
1.3811,0.0,-1.0,-0.781831,0.62349,4,2,11,8,0.2,0,88.3,2,motorcycle,Medium,Sunny,12.88
1.5097,-0.965926,0.258819,-0.974928,-0.222521,7,8,14,5,0.6154,1,154.02,0,van,Normal,Foggy,43.97
0.4845,-0.866025,-0.5,-0.781831,0.62349,11,7,10,2,0.7778,0,148.9,4,car,Low,Sunny,1.82
2.163,-0.5,0.866025,-0.974928,-0.222521,3,3,5,1,0.75,0,175.28,0,motorcycle,Medium,Sunny,30.21
0.9229,-0.965926,0.258819,0.433884,-0.900969,6,10,11,0,1.0,1,359.17,4,van,Medium,Sunny,14.43
0.1655,0.0,-1.0,-0.974928,-0.222521,3,9,14,4,0.6923,1,62.56,7,van,High,Rainy,3.59
2.4251,-0.965926,0.258819,-0.433884,-0.900969,6,6,12,5,0.5455,0,278.08,3,car,High,Sandstorm,61.43
3.2425,-0.866025,0.5,-0.974928,-0.222521,4,3,11,7,0.3,1,81.94,8,car,High,Sunny,59.58
4.5135,-0.866025,-0.5,0.974928,-0.222521,11,3,9,5,0.375,0,266.18,0,car,High,Foggy,90.0
8.6909,-1.0,-0.0,0.781831,0.62349,4,1,5,3,0.25,0,72.98,7,motorcycle,High,Sunny,90.0
2.3045,-0.5,-0.866025,0.781831,0.62349,8,10,12,1,0.9091,1,189.75,5,van,Low,Rainy,17.27
1.8009,-0.707107,0.707107,0.974928,-0.222521,2,4,8,3,0.5714,0,240.4,2,motorcycle,Medium,Sunny,16.6
3.1173,0.5,-0.866025,-0.781831,0.62349,6,1,5,3,0.25,0,155.48,4,car,Normal,Sunny,51.81
0.4759,-0.258819,-0.965926,-0.781831,0.62349,11,1,9,7,0.125,0,347.82,2,car,Low,Sunny,10.35
0.2257,0.5,-0.866025,0.781831,0.62349,9,0,3,2,0.0,1,254.0,6,van,Normal,Foggy,2.25
0.7025,0.965926,-0.258819,0.433884,-0.900969,4,7,9,1,0.875,1,56.64,9,car,High,Rainy,21.45
3.7187,-0.866025,-0.5,-0.781831,0.62349,12,2,10,7,0.2222,0,133.97,5,motorcycle,High,Sunny,86.18
0.5898,0.866025,-0.5,-0.974928,-0.222521,10,0,8,7,0.0,1,113.03,7,van,Jam,Sunny,33.54
1.72,0.707107,-0.707107,-0.433884,-0.900969,5,3,12,8,0.2727,0,106.38,6,van,Jam,Sunny,90.0
1.9053,-1.0,-0.0,-0.433884,-0.900969,12,4,10,5,0.4444,1,76.23,8,car,High,Sunny,61.57
1.3938,0.5,-0.866025,0.974928,-0.222521,3,6,7,0,1.0,0,66.86,5,motorcycle,Normal,Sunny,12.69
0.3283,-0.866025,0.5,-0.781831,0.62349,4,10,12,1,0.9091,0,313.26,4,motorcycle,High,Sunny,16.82
1.5305,1.0,0.0,0.0,1.0,12,0,4,3,0.0,0,356.16,1,van,High,Windy,46.64
0.7405,-0.258819,-0.965926,-0.781831,0.62349,12,4,9,4,0.5,0,57.61,7,car,High,Windy,32.49
5.5718,0.965926,-0.258819,-0.781831,0.62349,10,3,4,0,1.0,1,284.85,8,car,Normal,Rainy,56.67
3.2545,0.965926,-0.258819,0.781831,0.62349,3,7,10,2,0.7778,0,81.92,9,car,Normal,Sunny,33.1
0.7657,-0.965926,0.258819,0.433884,-0.900969,3,1,3,1,0.5,0,187.8,7,car,Jam,Sunny,18.5
5.9148,0.965926,-0.258819,-0.781831,0.62349,8,3,14,10,0.2308,0,70.97,3,van,Normal,Sunny,73.61
1.5319,-0.707107,0.707107,0.433884,-0.900969,1,2,3,0,1.0,1,97.6,7,van,Normal,Sunny,18.35
0.2258,-0.866025,-0.5,0.974928,-0.222521,12,4,9,4,0.5,0,147.85,3,motorcycle,Medium,Windy,1.04
1.0259,-0.5,-0.866025,0.0,1.0,12,2,11,8,0.2,1,253.82,8,car,Normal,Sandstorm,1.0
5.2253,-0.707107,0.707107,0.433884,-0.900969,10,5,8,2,0.7143,0,170.65,0,car,Low,Sunny,24.03
0.5072,0.0,-1.0,0.781831,0.62349,12,4,5,0,1.0,1,291.62,8,car,Jam,Sunny,27.96
1.0358,0.0,-1.0,-0.974928,-0.222521,3,5,6,0,1.0,0,34.77,7,car,High,Rainy,35.22
0.3037,0.0,-1.0,-0.781831,0.62349,11,12,13,0,1.0,1,205.87,8,car,Jam,Sunny,4.41
0.3531,-0.965926,-0.258819,0.974928,-0.222521,4,2,4,1,0.6667,1,38.41,2,car,Normal,Sunny,1.0
0.5003,-0.866025,0.5,0.781831,0.62349,2,9,12,2,0.8182,0,42.41,5,car,Normal,Windy,12.76
0.3444,-0.707107,-0.707107,0.974928,-0.222521,4,1,6,4,0.2,1,111.21,2,van,Medium,Sunny,1.0
0.6142,0.5,-0.866025,0.974928,-0.222521,10,0,3,2,0.0,0,37.79,7,car,Medium,Sunny,17.38
5.7625,-0.707107,0.707107,-0.433884,-0.900969,12,1,8,6,0.1429,0,279.17,6,motorcycle,Low,Sandstorm,17.87
1.0679,-0.866025,-0.5,0.781831,0.62349,8,0,4,3,0.0,0,182.66,6,van,High,Rainy,65.54
2.3309,-0.866025,0.5,-0.781831,0.62349,3,10,12,1,0.9091,1,232.04,7,car,Jam,Sunny,68.84
3.1174,-0.258819,-0.965926,-0.433884,-0.900969,8,5,12,6,0.4545,0,20.25,0,motorcycle,Medium,Sunny,24.24
0.3856,0.707107,-0.707107,0.0,1.0,7,2,5,2,0.5,1,80.93,4,motorcycle,Normal,Windy,1.83
0.5016,-0.5,0.866025,0.974928,-0.222521,7,1,13,11,0.0833,0,188.38,2,car,Normal,Windy,6.9
2.2877,-0.965926,-0.258819,-0.433884,-0.900969,5,2,12,9,0.1818,1,29.52,9,car,Low,Sunny,12.86
0.605,0.258819,-0.965926,0.433884,-0.900969,2,0,11,10,0.0,0,57.81,5,van,Normal,Sunny,8.73
2.1482,-0.866025,0.5,0.433884,-0.900969,5,1,4,2,0.3333,0,7.88,1,car,Medium,Windy,36.16
5.4382,1.0,0.0,0.0,1.0,11,2,4,1,0.6667,1,328.14,3,car,Medium,Sunny,59.51
0.2773,-0.707107,0.707107,0.974928,-0.222521,5,0,5,4,0.0,1,155.25,5,car,Medium,Sunny,8.84
0.7873,-0.707107,-0.707107,-0.433884,-0.900969,1,9,13,3,0.75,0,16.21,3,van,High,Sunny,31.84
0.9154,-0.866025,-0.5,-0.974928,-0.222521,5,0,7,6,0.0,1,165.78,6,van,Normal,Sunny,29.48
0.6703,1.0,0.0,0.433884,-0.900969,6,7,9,1,0.875,0,319.52,7,van,Low,Rainy,6.57
0.6203,0.866025,-0.5,0.433884,-0.900969,8,8,9,0,1.0,1,68.38,6,van,Low,Sunny,1.32
0.6925,-1.0,-0.0,0.781831,0.62349,8,9,15,5,0.6429,1,85.63,5,car,Normal,Sunny,2.95
1.0893,-0.707107,-0.707107,-0.974928,-0.222521,6,2,5,2,0.5,0,353.6,6,van,Medium,Rainy,37.25
1.2926,0.866025,-0.5,-0.433884,-0.900969,2,9,13,3,0.75,0,307.41,2,car,High,Sunny,34.24
2.7339,-0.965926,-0.258819,-0.974928,-0.222521,6,0,4,3,0.0,1,197.47,6,car,High,Sunny,90.0
1.0791,-1.0,-0.0,-0.433884,-0.900969,1,13,15,1,0.9286,0,66.96,0,van,Medium,Sunny,31.24
3.1972,0.5,-0.866025,-0.781831,0.62349,7,8,10,1,0.8889,0,79.03,7,car,Medium,Windy,58.23
0.6299,-0.965926,-0.258819,-0.781831,0.62349,6,4,6,1,0.8,0,310.12,3,van,Normal,Windy,12.72
0.353,-0.5,0.866025,-0.974928,-0.222521,5,7,8,0,1.0,0,243.19,8,van,Medium,Sandstorm,1.0
0.8274,-0.5,-0.866025,0.974928,-0.222521,8,3,12,8,0.2727,0,126.34,2,van,Normal,Sunny,15.21
1.7149,0.707107,-0.707107,0.0,1.0,10,7,8,0,1.0,1,9.35,9,van,High,Sunny,69.86
2.5029,-0.5,0.866025,0.0,1.0,4,0,3,2,0.0,1,48.97,5,van,Medium,Sunny,41.66
4.4248,-0.707107,0.707107,-0.974928,-0.222521,7,5,7,1,0.8333,1,262.52,9,car,Normal,Foggy,42.27
1.456,-0.258819,-0.965926,-0.781831,0.62349,7,4,14,9,0.3077,1,233.55,2,car,Normal,Sunny,13.77
2.26,-0.258819,-0.965926,-0.433884,-0.900969,7,6,7,0,1.0,0,129.16,5,car,Normal,Windy,28.24
4.0566,-0.866025,0.5,-0.974928,-0.222521,5,5,9,3,0.625,1,213.11,7,car,Jam,Windy,90.0
0.5271,1.0,0.0,0.0,1.0,3,0,5,4,0.0,0,271.84,7,car,Low,Sunny,1.0
0.9052,0.258819,-0.965926,0.433884,-0.900969,3,0,3,2,0.0,1,231.78,2,motorcycle,Low,Sunny,18.05
15.0,-0.707107,-0.707107,-0.433884,-0.900969,1,5,6,0,1.0,0,86.22,4,car,Normal,Sunny,90.0
2.4932,-0.965926,-0.258819,0.781831,0.62349,1,11,14,2,0.8462,0,342.54,2,car,High,Sunny,74.82
1.7953,-0.866025,-0.5,-0.974928,-0.222521,10,3,10,6,0.3333,0,8.51,6,car,Medium,Foggy,44.61
2.5831,0.0,-1.0,0.974928,-0.222521,1,1,7,5,0.1667,0,200.26,4,car,Medium,Sunny,38.23
0.3107,-0.866025,0.5,0.781831,0.62349,11,0,9,8,0.0,0,80.39,0,van,Normal,Foggy,1.0
0.5978,-0.965926,-0.258819,-0.433884,-0.900969,11,1,13,11,0.0833,0,254.71,2,van,Low,Sunny,2.1
0.4225,-0.707107,-0.707107,0.433884,-0.900969,3,0,14,13,0.0,0,202.25,3,van,High,Sunny,32.6
1.6449,-0.707107,0.707107,0.433884,-0.900969,6,2,7,4,0.3333,0,70.45,5,van,Normal,Rainy,25.85
0.7784,0.965926,-0.258819,0.433884,-0.900969,5,2,13,10,0.1667,1,182.12,9,car,Low,Rainy,4.42
1.21,-1.0,-0.0,-0.433884,-0.900969,5,0,13,12,0.0,0,187.11,9,motorcycle,Medium,Sunny,14.76
0.8225,-0.707107,0.707107,0.974928,-0.222521,5,2,3,0,1.0,0,151.31,6,car,Low,Windy,14.99
0.2357,-0.965926,-0.258819,-0.974928,-0.222521,5,12,14,1,0.9231,1,15.18,9,car,Low,Rainy,1.0
2.5618,-0.707107,-0.707107,-0.781831,0.62349,9,4,5,0,1.0,1,74.44,0,car,High,Sandstorm,90.0
0.2072,0.0,-1.0,0.433884,-0.900969,5,10,12,1,0.9091,1,348.77,8,van,Medium,Windy,9.03
0.5536,0.5,-0.866025,0.781831,0.62349,3,1,14,12,0.0769,0,67.86,5,car,Normal,Sunny,1.47
0.3167,-0.707107,-0.707107,0.781831,0.62349,5,1,10,8,0.1111,0,165.15,3,car,Normal,Sunny,1.0
0.4791,-0.707107,0.707107,-0.974928,-0.222521,12,5,7,1,0.8333,0,105.85,3,van,High,Windy,1.13
1.3388,-0.258819,-0.965926,0.781831,0.62349,12,0,14,13,0.0,0,272.47,3,car,Low,Sunny,16.04
3.5725,0.866025,-0.5,-0.974928,-0.222521,1,6,9,2,0.75,1,208.11,8,van,Normal,Sunny,77.97
0.2508,-0.5,-0.866025,-0.433884,-0.900969,7,1,12,10,0.0909,0,257.55,4,car,Medium,Sunny,1.0
0.6509,0.965926,-0.258819,0.433884,-0.900969,12,0,11,10,0.0,1,229.31,1,car,Medium,Sunny,12.86
0.2098,-0.707107,0.707107,0.0,1.0,3,5,7,1,0.8333,0,181.33,9,car,Jam,Sunny,1.0
0.6218,-0.707107,-0.707107,0.433884,-0.900969,1,7,10,2,0.7778,0,345.82,6,van,Normal,Sunny,1.96
1.1833,0.707107,-0.707107,-0.433884,-0.900969,3,0,5,4,0.0,0,253.15,3,car,Low,Sunny,3.1
2.2904,-0.866025,-0.5,0.781831,0.62349,4,0,3,2,0.0,0,247.98,7,car,Medium,Sunny,51.84
0.1477,-0.707107,-0.707107,-0.974928,-0.222521,12,9,11,1,0.9,0,248.57,3,car,Medium,Rainy,1.0
1.8646,-0.5,-0.866025,0.781831,0.62349,4,1,5,3,0.25,0,168.05,5,motorcycle,Normal,Windy,16.88
0.4387,-0.866025,-0.5,0.974928,-0.222521,4,8,9,0,1.0,1,231.37,0,motorcycle,Medium,Sunny,16.16
0.3481,-0.707107,0.707107,0.433884,-0.900969,4,2,4,1,0.6667,0,217.62,2,van,Normal,Sunny,1.0
1.1783,-0.866025,0.5,-0.974928,-0.222521,5,10,11,0,1.0,0,319.78,3,car,High,Sunny,43.49
2.0053,0.5,-0.866025,0.781831,0.62349,12,4,5,0,1.0,0,352.39,7,motorcycle,High,Windy,45.95
1.0046,0.5,-0.866025,0.974928,-0.222521,2,3,6,2,0.6,1,173.89,7,van,Medium,Windy,29.14
0.3912,-0.5,0.866025,-0.974928,-0.222521,6,0,4,3,0.0,1,216.3,7,van,Jam,Windy,1.01
1.0041,-0.866025,-0.5,0.974928,-0.222521,8,12,14,1,0.9231,0,104.5,4,car,Jam,Windy,44.7
0.5549,1.0,0.0,-0.433884,-0.900969,2,3,11,7,0.3,0,304.36,3,car,Normal,Sunny,4.07
1.9617,-0.707107,-0.707107,0.974928,-0.222521,1,2,11,8,0.2,0,255.84,5,car,Normal,Sunny,40.6
3.0697,0.866025,-0.5,0.0,1.0,12,4,8,3,0.5714,1,332.63,2,motorcycle,Medium,Sunny,41.53
2.8889,1.0,0.0,0.433884,-0.900969,4,5,14,8,0.3846,0,217.8,5,car,Low,Sunny,25.97
1.0846,0.707107,-0.707107,0.974928,-0.222521,3,2,3,0,1.0,0,255.11,6,car,Normal,Sunny,17.74
3.2108,0.5,-0.866025,0.781831,0.62349,5,2,8,5,0.2857,0,34.25,9,car,Normal,Windy,63.19
0.419,0.965926,-0.258819,-0.781831,0.62349,1,3,4,0,1.0,1,218.42,3,van,Jam,Sunny,24.14
6.0118,-0.866025,0.5,-0.974928,-0.222521,2,1,12,10,0.0909,0,135.64,1,car,Medium,Windy,90.0
0.4168,-0.258819,-0.965926,0.781831,0.62349,1,7,15,7,0.5,0,182.91,3,motorcycle,High,Sunny,13.13
0.1606,-0.707107,-0.707107,0.433884,-0.900969,7,11,12,0,1.0,1,117.57,8,van,Normal,Sunny,12.87
4.0437,-0.866025,0.5,-0.974928,-0.222521,6,4,5,0,1.0,1,103.41,4,van,Normal,Windy,69.52
0.5629,-0.866025,0.5,0.0,1.0,4,10,13,2,0.8333,0,295.46,4,car,High,Sunny,12.81
1.2348,-0.965926,0.258819,0.0,1.0,12,3,6,2,0.6,0,200.74,4,van,Low,Sunny,16.5
0.4151,0.707107,-0.707107,0.433884,-0.900969,4,3,7,3,0.5,1,91.16,2,van,Low,Sunny,19.43
10.4377,-1.0,-0.0,-0.781831,0.62349,1,2,10,7,0.2222,0,276.02,8,van,Normal,Windy,90.0
6.2384,-0.5,0.866025,-0.781831,0.62349,2,2,8,5,0.2857,0,26.93,6,car,Medium,Sunny,70.46
4.8029,1.0,0.0,0.433884,-0.900969,9,2,5,2,0.5,0,105.53,9,car,Normal,Rainy,56.23
1.2019,-0.866025,0.5,-0.433884,-0.900969,7,2,9,6,0.25,1,121.07,0,car,Low,Foggy,23.71
2.8057,-0.866025,0.5,0.433884,-0.900969,4,1,5,3,0.25,0,63.93,7,car,Normal,Sandstorm,44.41
1.0509,-0.866025,0.5,-0.781831,0.62349,3,8,12,3,0.7273,0,303.37,0,car,Normal,Sunny,8.7
3.2094,0.0,-1.0,0.433884,-0.900969,3,2,3,0,1.0,1,242.6,0,car,Low,Windy,32.23
0.7482,0.707107,-0.707107,-0.781831,0.62349,6,6,13,6,0.5,1,241.31,8,car,Medium,Sunny,13.64
4.9802,-1.0,-0.0,0.974928,-0.222521,9,4,15,10,0.2857,0,213.37,3,van,Normal,Rainy,90.0
0.7133,-0.866025,-0.5,-0.781831,0.62349,8,2,12,9,0.1818,1,136.19,3,car,Normal,Sunny,14.23
0.7946,-1.0,-0.0,-0.974928,-0.222521,9,2,10,7,0.2222,1,237.24,1,motorcycle,Medium,Sunny,11.57
0.7095,0.5,-0.866025,-0.974928,-0.222521,1,2,8,5,0.2857,0,265.06,1,van,High,Sunny,14.28
1.3269,0.707107,-0.707107,0.0,1.0,7,8,9,0,1.0,0,193.85,6,car,Normal,Sandstorm,42.58
0.7643,-0.707107,0.707107,-0.974928,-0.222521,10,2,9,6,0.25,1,169.46,5,van,Normal,Rainy,12.12
1.7557,-0.5,-0.866025,0.781831,0.62349,3,12,14,1,0.9231,0,80.47,5,car,Normal,Sunny,21.32
0.6998,-0.866025,0.5,-0.781831,0.62349,7,2,4,1,0.6667,0,30.24,1,motorcycle,Jam,Sunny,13.61
2.3426,-0.707107,0.707107,0.781831,0.62349,1,4,10,5,0.4444,0,14.87,9,car,Normal,Sandstorm,32.5
4.676,-0.258819,-0.965926,-0.974928,-0.222521,11,2,10,7,0.2222,0,257.13,0,van,Normal,Sandstorm,90.0
1.1897,0.5,-0.866025,-0.433884,-0.900969,9,4,6,1,0.8,1,125.51,4,car,Medium,Sandstorm,30.14
9.0922,-0.707107,0.707107,0.974928,-0.222521,8,6,8,1,0.8571,0,255.03,5,car,Normal,Sunny,71.5
3.2257,-1.0,-0.0,-0.781831,0.62349,8,8,9,0,1.0,0,182.85,1,car,Normal,Windy,71.04
8.426,-0.965926,-0.258819,0.974928,-0.222521,9,2,3,0,1.0,0,160.88,5,motorcycle,Low,Rainy,90.0
1.0427,-0.5,0.866025,0.0,1.0,6,0,9,8,0.0,1,226.41,5,van,Medium,Sunny,14.57
0.228,0.5,-0.866025,0.0,1.0,12,4,5,0,1.0,0,65.97,5,car,Medium,Sunny,1.21
0.5651,0.0,-1.0,-0.974928,-0.222521,3,4,8,3,0.5714,1,352.68,3,car,Medium,Sunny,7.07
0.6226,1.0,0.0,0.974928,-0.222521,10,3,6,2,0.6,0,118.88,9,car,High,Sunny,20.35
0.4469,0.0,-1.0,-0.974928,-0.222521,10,3,12,8,0.2727,1,276.91,1,van,Normal,Sandstorm,3.57
0.1372,-0.258819,-0.965926,0.0,1.0,11,7,15,7,0.5,0,89.23,7,car,Jam,Sunny,9.92
2.9254,-0.258819,-0.965926,0.0,1.0,1,3,4,0,1.0,1,168.46,3,car,High,Sunny,72.75
0.1888,0.866025,-0.5,-0.781831,0.62349,6,3,6,2,0.6,0,179.75,3,motorcycle,High,Sunny,5.55
2.671,-0.965926,0.258819,0.781831,0.62349,8,0,5,4,0.0,0,110.4,2,motorcycle,High,Rainy,41.82
8.8134,-0.5,-0.866025,-0.433884,-0.900969,8,6,9,2,0.75,0,125.5,6,car,Normal,Sandstorm,90.0
0.5276,-0.258819,-0.965926,0.974928,-0.222521,9,5,7,1,0.8333,0,156.7,1,van,Normal,Sunny,14.96
1.5971,-0.866025,0.5,0.433884,-0.900969,8,5,8,2,0.7143,0,301.03,3,car,Medium,Windy,11.26
0.7568,-0.5,-0.866025,0.0,1.0,3,0,3,2,0.0,0,180.02,4,van,Low,Sunny,9.44
2.4247,-0.707107,0.707107,0.781831,0.62349,10,4,14,9,0.3077,0,31.89,0,car,Medium,Sandstorm,33.91
0.3553,0.707107,-0.707107,-0.974928,-0.222521,6,6,15,8,0.4286,0,78.0,8,van,Low,Windy,12.16
0.9751,-0.866025,0.5,0.433884,-0.900969,12,12,14,1,0.9231,0,354.97,3,van,Low,Sunny,3.28
3.2063,-0.5,0.866025,0.433884,-0.900969,7,7,9,1,0.875,0,32.35,8,van,Jam,Foggy,90.0
1.055,-1.0,-0.0,-0.781831,0.62349,7,1,11,9,0.1,0,233.18,6,car,Medium,Sunny,28.08
0.2352,-0.707107,0.707107,0.974928,-0.222521,8,0,3,2,0.0,1,76.02,2,motorcycle,Medium,Windy,1.0
3.5951,-1.0,-0.0,-0.974928,-0.222521,11,0,10,9,0.0,0,155.49,6,car,Normal,Sunny,47.12
0.3227,-0.866025,-0.5,-0.974928,-0.222521,11,9,10,0,1.0,0,128.53,4,car,Medium,Windy,7.78
1.191,-1.0,-0.0,0.433884,-0.900969,8,10,12,1,0.9091,1,351.78,4,van,High,Sunny,64.14
1.9223,-0.5,0.866025,0.974928,-0.222521,7,2,13,10,0.1667,0,198.46,8,car,Medium,Sunny,24.3
1.2384,-0.866025,-0.5,0.974928,-0.222521,1,2,3,0,1.0,1,89.97,6,motorcycle,Medium,Sunny,11.0
12.3119,-0.965926,-0.258819,-0.781831,0.62349,1,4,8,3,0.5714,0,217.29,9,motorcycle,Medium,Foggy,90.0
2.2191,0.965926,-0.258819,0.974928,-0.222521,9,2,9,6,0.25,0,25.7,9,car,Normal,Sunny,32.07
0.9119,-0.5,0.866025,-0.433884,-0.900969,5,6,9,2,0.75,0,333.59,8,motorcycle,Medium,Windy,1.0
1.9592,-0.965926,0.258819,0.0,1.0,6,0,10,9,0.0,1,123.93,4,car,Jam,Sunny,51.13
1.3491,0.866025,-0.5,0.974928,-0.222521,8,1,12,10,0.0909,0,318.01,4,van,Medium,Sandstorm,61.27
1.1528,0.5,-0.866025,-0.781831,0.62349,3,2,10,7,0.2222,0,291.31,8,car,Normal,Sunny,6.3
1.3932,0.707107,-0.707107,0.433884,-0.900969,4,3,6,2,0.6,0,67.24,8,motorcycle,Medium,Sunny,18.77
0.7317,0.258819,-0.965926,-0.974928,-0.222521,1,9,11,1,0.9,0,346.43,3,car,Medium,Foggy,11.07
1.3529,-0.707107,0.707107,0.781831,0.62349,10,5,10,4,0.5556,0,357.0,7,car,Jam,Sunny,24.01
0.6837,-0.258819,-0.965926,-0.974928,-0.222521,7,2,5,2,0.5,1,289.9,5,car,High,Sunny,26.69
0.1824,-0.258819,-0.965926,-0.781831,0.62349,3,6,11,4,0.6,0,162.54,1,motorcycle,Normal,Rainy,11.87
3.2648,-0.965926,0.258819,-0.781831,0.62349,8,0,9,8,0.0,1,242.12,1,motorcycle,Normal,Sunny,23.7
0.6459,0.0,-1.0,0.433884,-0.900969,2,8,13,4,0.6667,1,29.03,0,van,Medium,Sunny,7.01
1.264,-0.707107,0.707107,-0.433884,-0.900969,10,6,8,1,0.8571,1,331.6,2,motorcycle,Low,Sunny,15.53
0.5367,-1.0,-0.0,-0.781831,0.62349,3,5,14,8,0.3846,0,79.83,9,motorcycle,Medium,Sandstorm,18.04
0.5523,0.5,-0.866025,-0.974928,-0.222521,4,5,9,3,0.625,0,258.01,3,van,High,Rainy,24.58
0.4119,-0.866025,-0.5,-0.781831,0.62349,11,4,15,10,0.2857,0,288.55,9,car,Medium,Windy,15.23
2.7207,-0.5,-0.866025,0.0,1.0,9,3,4,0,1.0,0,349.05,4,van,Normal,Windy,49.06
3.422,0.258819,-0.965926,0.433884,-0.900969,9,0,4,3,0.0,1,296.57,4,van,High,Sunny,81.5
1.1327,-0.707107,0.707107,-0.974928,-0.222521,8,0,5,4,0.0,1,294.5,2,car,High,Sunny,11.03
0.6638,0.0,-1.0,-0.974928,-0.222521,7,12,13,0,1.0,0,253.94,6,car,Normal,Sunny,8.88
0.2213,0.965926,-0.258819,0.781831,0.62349,3,4,9,4,0.5,0,207.59,5,van,Medium,Sunny,1.0
2.3529,0.0,-1.0,-0.433884,-0.900969,4,4,11,6,0.4,0,15.08,3,car,Medium,Sunny,37.39
0.5812,-0.5,-0.866025,0.781831,0.62349,12,2,3,0,1.0,1,350.17,7,motorcycle,High,Windy,2.28
0.3824,0.866025,-0.5,0.0,1.0,12,1,7,5,0.1667,1,161.63,7,car,Normal,Sunny,7.51
1.1363,-1.0,-0.0,0.0,1.0,9,2,7,4,0.3333,0,286.84,7,car,Normal,Sunny,10.98
0.8046,0.707107,-0.707107,-0.781831,0.62349,11,0,14,13,0.0,0,135.82,4,motorcycle,Medium,Sunny,15.57
0.2613,0.965926,-0.258819,0.781831,0.62349,10,2,4,1,0.6667,0,164.18,6,car,Low,Sunny,3.82
0.2977,-0.707107,-0.707107,0.433884,-0.900969,5,10,14,3,0.7692,1,166.45,3,car,Medium,Sunny,5.9
1.5215,0.866025,-0.5,0.781831,0.62349,9,6,7,0,1.0,1,356.4,9,van,High,Sunny,61.62
0.5928,-0.965926,0.258819,-0.781831,0.62349,10,6,13,6,0.5,1,76.09,4,motorcycle,Normal,Sunny,9.48
1.7945,0.965926,-0.258819,-0.781831,0.62349,2,0,6,5,0.0,0,180.64,2,car,Medium,Sunny,23.2
1.2702,-0.258819,-0.965926,-0.433884,-0.900969,11,0,3,2,0.0,0,55.69,4,car,Jam,Sandstorm,56.61
2.9897,1.0,0.0,-0.974928,-0.222521,6,3,11,7,0.3,0,177.88,9,van,Medium,Rainy,62.21
0.5013,0.0,-1.0,0.0,1.0,4,4,5,0,1.0,0,196.55,9,motorcycle,Medium,Sandstorm,2.84
1.3786,-0.707107,0.707107,-0.781831,0.62349,6,2,4,1,0.6667,1,49.19,3,van,Medium,Windy,33.76
2.0266,-0.965926,-0.258819,0.974928,-0.222521,4,13,14,0,1.0,1,251.37,8,car,Normal,Rainy,40.33
0.6096,-0.707107,-0.707107,0.974928,-0.222521,4,4,5,0,1.0,1,298.08,3,car,Normal,Sunny,10.63
3.2247,0.866025,-0.5,0.781831,0.62349,7,13,15,1,0.9286,1,293.77,1,car,Medium,Windy,70.7
0.227,0.258819,-0.965926,-0.781831,0.62349,12,1,7,5,0.1667,0,262.52,2,car,Normal,Sunny,5.45
0.5009,0.0,-1.0,0.781831,0.62349,5,3,6,2,0.6,1,50.72,2,van,Normal,Sunny,4.81
0.219,-0.707107,-0.707107,-0.781831,0.62349,3,0,8,7,0.0,1,223.73,2,car,Low,Sunny,1.0
0.5493,0.707107,-0.707107,-0.974928,-0.222521,10,2,6,3,0.4,0,251.41,2,van,High,Sunny,28.39
0.9542,-0.5,0.866025,-0.974928,-0.222521,4,4,15,10,0.2857,0,273.37,3,van,Low,Sandstorm,1.0
2.4349,-0.965926,-0.258819,0.0,1.0,7,1,10,8,0.1111,1,255.38,0,van,High,Sunny,90.0
0.9536,0.258819,-0.965926,-0.974928,-0.222521,4,0,12,11,0.0,1,226.37,3,car,Normal,Windy,4.62
0.6278,0.965926,-0.258819,-0.781831,0.62349,3,1,3,1,0.5,1,261.99,5,motorcycle,Medium,Rainy,1.0
0.2537,-0.866025,-0.5,0.974928,-0.222521,4,0,6,5,0.0,1,306.84,4,van,Normal,Sunny,5.49
0.3487,-0.258819,-0.965926,0.433884,-0.900969,5,6,10,3,0.6667,0,204.95,4,van,Normal,Sunny,1.0
1.4839,-0.965926,-0.258819,0.0,1.0,12,2,9,6,0.25,0,52.31,2,car,Medium,Sunny,22.81
2.5533,-0.866025,-0.5,0.433884,-0.900969,9,3,15,11,0.2143,1,293.74,1,car,Medium,Sunny,78.36
0.7421,-0.866025,-0.5,-0.433884,-0.900969,9,1,12,10,0.0909,0,237.97,9,motorcycle,Normal,Foggy,16.31
3.492,-0.866025,0.5,0.974928,-0.222521,1,2,6,3,0.4,1,247.18,9,car,Medium,Windy,57.05
0.4482,-0.5,-0.866025,-0.974928,-0.222521,1,1,8,6,0.1429,0,105.91,4,car,Medium,Windy,6.31
0.7626,-1.0,-0.0,0.0,1.0,5,6,12,5,0.5455,1,53.88,7,car,Normal,Sunny,3.87
0.8263,0.0,-1.0,-0.433884,-0.900969,11,7,8,0,1.0,1,281.06,1,van,Medium,Windy,19.51
4.7254,-0.5,0.866025,-0.433884,-0.900969,1,6,9,2,0.75,0,17.79,1,motorcycle,Normal,Windy,27.27
1.2548,0.0,-1.0,0.781831,0.62349,10,1,13,11,0.0833,1,144.85,5,car,Medium,Sunny,6.01
0.2002,-0.965926,-0.258819,0.974928,-0.222521,10,0,6,5,0.0,1,183.19,7,motorcycle,Normal,Sunny,16.91
2.7294,-0.5,0.866025,0.781831,0.62349,4,3,4,0,1.0,0,6.27,7,car,Medium,Sunny,27.56
6.383,0.258819,-0.965926,-0.433884,-0.900969,2,6,8,1,0.8571,0,214.92,3,van,Normal,Sunny,89.08
0.8717,0.965926,-0.258819,-0.433884,-0.900969,2,1,5,3,0.25,0,43.07,8,van,Medium,Rainy,20.71
0.4713,0.707107,-0.707107,0.433884,-0.900969,1,4,10,5,0.4444,1,86.92,6,car,Medium,Windy,1.0
2.5119,0.5,-0.866025,0.781831,0.62349,11,5,14,8,0.3846,1,357.68,3,car,Jam,Sunny,90.0
7.1424,1.0,0.0,0.781831,0.62349,10,6,12,5,0.5455,0,201.7,4,car,Medium,Rainy,90.0
2.4751,-0.707107,-0.707107,-0.974928,-0.222521,9,2,12,9,0.1818,1,348.58,2,motorcycle,High,Sunny,50.91
0.2365,0.5,-0.866025,0.433884,-0.900969,2,9,10,0,1.0,1,177.35,1,van,Normal,Sunny,5.07
2.2636,0.965926,-0.258819,0.433884,-0.900969,12,5,14,8,0.3846,0,289.23,0,motorcycle,Normal,Rainy,22.13
1.6225,0.866025,-0.5,0.974928,-0.222521,9,2,15,12,0.1429,0,13.68,4,motorcycle,Low,Rainy,14.65
0.4462,0.5,-0.866025,-0.781831,0.62349,10,3,12,8,0.2727,0,104.85,0,car,Medium,Windy,5.56
3.7598,0.0,-1.0,0.781831,0.62349,5,3,4,0,1.0,1,101.96,9,van,Medium,Sunny,90.0
1.676,-0.5,0.866025,-0.974928,-0.222521,3,1,6,4,0.2,0,25.13,8,car,High,Foggy,23.26
3.8544,-0.965926,-0.258819,-0.974928,-0.222521,10,12,15,2,0.8571,0,342.76,7,car,Medium,Sandstorm,90.0
0.4032,-1.0,-0.0,0.781831,0.62349,1,2,3,0,1.0,0,181.68,7,motorcycle,Medium,Windy,11.1
1.6142,-0.965926,-0.258819,0.0,1.0,3,9,10,0,1.0,0,213.47,6,van,Normal,Sunny,28.77
0.4722,-0.965926,0.258819,0.781831,0.62349,2,1,11,9,0.1,0,187.37,7,car,Low,Sunny,11.85
1.3983,0.258819,-0.965926,0.781831,0.62349,2,3,8,4,0.4286,0,89.48,8,van,High,Sandstorm,46.61
4.4968,0.965926,-0.258819,-0.974928,-0.222521,7,10,12,1,0.9091,0,332.75,5,van,Normal,Rainy,80.39
0.285,-0.5,-0.866025,0.433884,-0.900969,3,0,3,2,0.0,0,240.84,8,motorcycle,Low,Sunny,3.99
0.301,1.0,0.0,0.433884,-0.900969,12,0,5,4,0.0,0,44.5,2,van,Jam,Sunny,8.57
2.7393,0.707107,-0.707107,0.433884,-0.900969,12,0,6,5,0.0,0,166.24,8,car,Jam,Windy,90.0
1.0904,-1.0,-0.0,-0.781831,0.62349,3,0,5,4,0.0,1,0.53,7,car,Medium,Sunny,29.8
3.3626,-0.5,-0.866025,-0.781831,0.62349,10,6,8,1,0.8571,0,242.91,1,car,Normal,Sunny,40.81
0.5133,-0.965926,-0.258819,0.0,1.0,1,3,9,5,0.375,1,188.49,1,van,High,Sunny,9.3
1.1602,-0.5,-0.866025,-0.974928,-0.222521,4,2,15,12,0.1429,1,325.51,1,motorcycle,Normal,Sunny,6.49
2.1249,-0.707107,-0.707107,0.974928,-0.222521,8,6,9,2,0.75,0,341.04,2,car,Medium,Sandstorm,63.02
1.3494,0.258819,-0.965926,-0.974928,-0.222521,3,3,12,8,0.2727,0,35.34,7,car,Normal,Sunny,28.62
0.202,0.707107,-0.707107,-0.781831,0.62349,1,0,4,3,0.0,1,32.22,8,car,Jam,Sunny,1.0
15.0,0.5,-0.866025,0.433884,-0.900969,2,2,3,0,1.0,1,323.67,9,van,Jam,Rainy,90.0
1.3522,-0.965926,0.258819,-0.433884,-0.900969,8,4,8,3,0.5714,0,184.36,1,motorcycle,Medium,Windy,23.56
0.3093,-0.5,0.866025,0.433884,-0.900969,3,3,7,3,0.5,0,169.08,5,car,Normal,Sunny,1.0
1.4896,0.965926,-0.258819,0.0,1.0,3,13,15,1,0.9286,0,205.48,8,car,Medium,Sunny,15.57
1.6614,-0.707107,-0.707107,0.0,1.0,3,2,9,6,0.25,0,167.9,9,van,Normal,Sandstorm,66.99
2.8412,-0.258819,-0.965926,0.974928,-0.222521,11,5,9,3,0.625,0,221.14,0,car,High,Sunny,68.1
2.6666,-0.707107,-0.707107,-0.974928,-0.222521,11,10,14,3,0.7692,1,341.66,6,motorcycle,Normal,Sunny,41.27
0.902,0.707107,-0.707107,0.974928,-0.222521,10,0,14,13,0.0,1,218.15,0,car,Low,Sunny,16.12
0.2152,1.0,0.0,0.433884,-0.900969,1,3,13,9,0.25,0,115.46,0,car,High,Sunny,4.99
1.7131,0.707107,-0.707107,0.433884,-0.900969,4,0,8,7,0.0,0,76.82,8,motorcycle,Medium,Windy,28.51
0.2322,0.707107,-0.707107,0.974928,-0.222521,11,2,5,2,0.5,1,347.8,9,car,High,Sunny,13.51
3.506,1.0,0.0,0.433884,-0.900969,7,2,3,0,1.0,0,208.58,1,car,Low,Sunny,20.54
0.5509,0.0,-1.0,-0.433884,-0.900969,1,0,3,2,0.0,0,204.0,8,car,High,Sunny,26.51
2.0202,-0.965926,-0.258819,-0.974928,-0.222521,3,1,13,11,0.0833,0,12.0,9,car,Low,Sunny,21.12
0.5925,-0.5,0.866025,-0.974928,-0.222521,10,1,4,2,0.3333,0,330.62,5,car,Low,Sunny,11.6
0.6925,-0.965926,-0.258819,-0.974928,-0.222521,11,3,8,4,0.4286,1,169.06,1,car,Medium,Rainy,22.43
0.5164,0.866025,-0.5,0.433884,-0.900969,6,0,9,8,0.0,0,359.91,7,car,Normal,Sunny,3.91
2.1821,0.0,-1.0,-0.433884,-0.900969,2,6,10,3,0.6667,0,60.43,5,car,Medium,Sunny,41.09
0.6125,0.258819,-0.965926,0.781831,0.62349,1,3,4,0,1.0,1,117.43,3,van,Low,Sunny,7.58
2.2936,0.707107,-0.707107,0.781831,0.62349,3,3,9,5,0.375,0,75.63,8,van,Low,Windy,24.73
0.6279,-0.5,0.866025,-0.781831,0.62349,10,2,6,3,0.4,0,136.42,6,car,High,Sunny,8.05
0.8871,-0.965926,-0.258819,-0.433884,-0.900969,10,1,7,5,0.1667,0,351.59,2,car,Normal,Rainy,8.37
1.1431,-0.5,-0.866025,0.0,1.0,4,4,13,8,0.3333,0,149.32,4,van,Medium,Windy,27.7
1.2791,-0.258819,-0.965926,0.974928,-0.222521,12,4,8,3,0.5714,0,297.76,3,motorcycle,High,Sunny,20.38
0.4593,0.258819,-0.965926,-0.781831,0.62349,11,7,8,0,1.0,1,271.9,5,motorcycle,Low,Windy,9.84
2.1568,-0.258819,-0.965926,0.0,1.0,12,0,3,2,0.0,0,107.26,2,car,High,Sunny,43.9
0.854,-0.866025,-0.5,0.433884,-0.900969,10,12,15,2,0.8571,0,208.77,6,car,Normal,Foggy,8.42
1.8528,-0.707107,0.707107,-0.974928,-0.222521,7,5,10,4,0.5556,0,306.61,4,car,Normal,Foggy,10.11
1.0883,-0.5,-0.866025,-0.781831,0.62349,12,6,12,5,0.5455,1,220.08,0,car,Low,Sunny,24.64
1.9292,0.707107,-0.707107,0.974928,-0.222521,9,2,8,5,0.2857,0,95.37,0,van,High,Windy,90.0
0.7477,-0.5,0.866025,-0.781831,0.62349,10,5,6,0,1.0,0,310.74,0,car,Medium,Sunny,23.76
0.522,0.258819,-0.965926,-0.974928,-0.222521,5,0,6,5,0.0,0,200.22,1,car,Medium,Sunny,1.0
1.6578,0.965926,-0.258819,0.974928,-0.222521,3,0,3,2,0.0,0,352.8,0,car,Jam,Sandstorm,49.27
0.6914,-0.707107,-0.707107,-0.974928,-0.222521,7,4,14,9,0.3077,0,236.03,6,van,Normal,Rainy,11.16
4.4187,-0.965926,0.258819,-0.974928,-0.222521,5,5,9,3,0.625,1,161.59,5,car,High,Sunny,89.3
1.1785,0.5,-0.866025,0.781831,0.62349,5,2,7,4,0.3333,0,156.93,0,motorcycle,High,Windy,42.57
0.2997,0.5,-0.866025,0.0,1.0,9,11,12,0,1.0,0,316.84,4,car,Jam,Windy,20.16
0.6337,0.5,-0.866025,-0.974928,-0.222521,8,0,4,3,0.0,0,353.01,2,motorcycle,Jam,Sunny,20.16
0.4277,-0.965926,0.258819,0.0,1.0,4,5,9,3,0.625,1,147.73,5,car,Jam,Windy,5.15
3.0626,-0.5,0.866025,-0.974928,-0.222521,3,3,8,4,0.4286,0,58.69,5,motorcycle,Normal,Windy,17.23
2.3045,-0.866025,0.5,0.974928,-0.222521,7,4,14,9,0.3077,1,14.32,5,motorcycle,High,Sandstorm,43.09
1.0429,0.707107,-0.707107,-0.433884,-0.900969,4,0,13,12,0.0,1,116.05,3,motorcycle,High,Foggy,33.5
1.4558,-0.866025,0.5,-0.433884,-0.900969,3,9,12,2,0.8182,1,123.11,0,motorcycle,Medium,Sunny,10.94
1.0168,0.258819,-0.965926,0.0,1.0,3,1,6,4,0.2,1,153.31,7,van,Normal,Sunny,18.46
2.5027,-0.866025,0.5,0.0,1.0,8,1,9,7,0.125,0,52.21,7,van,Jam,Sunny,90.0
1.8109,-0.5,0.866025,-0.433884,-0.900969,5,8,15,6,0.5714,1,177.36,8,van,Normal,Sunny,20.92
2.1489,-1.0,-0.0,0.433884,-0.900969,5,0,3,2,0.0,0,339.61,7,car,Medium,Sunny,45.31
0.921,-0.5,0.866025,0.0,1.0,2,7,11,3,0.7,0,83.7,3,van,Medium,Rainy,16.4
0.6065,0.866025,-0.5,-0.781831,0.62349,1,5,7,1,0.8333,0,246.51,6,van,Normal,Sunny,12.61
2.0788,-0.965926,-0.258819,0.781831,0.62349,9,2,12,9,0.1818,0,13.67,9,motorcycle,High,Windy,43.47
4.8248,1.0,0.0,-0.781831,0.62349,12,0,9,8,0.0,1,231.77,0,car,Low,Sunny,44.67
3.1604,-0.965926,-0.258819,0.0,1.0,4,1,12,10,0.0909,0,337.51,5,car,Medium,Sunny,83.89
4.9658,0.258819,-0.965926,0.781831,0.62349,11,0,6,5,0.0,0,101.64,6,van,High,Sandstorm,90.0
1.2891,-0.5,0.866025,0.433884,-0.900969,8,6,14,7,0.4615,0,293.84,9,car,Normal,Windy,10.83
0.4398,-0.5,-0.866025,0.433884,-0.900969,4,4,13,8,0.3333,0,29.68,5,car,High,Sunny,14.34
0.4785,-1.0,-0.0,-0.433884,-0.900969,7,8,11,2,0.8,0,128.96,8,car,Normal,Rainy,11.39
4.0984,0.258819,-0.965926,0.781831,0.62349,2,3,8,4,0.4286,1,2.41,7,car,High,Sunny,86.21
0.1885,0.965926,-0.258819,0.781831,0.62349,5,2,4,1,0.6667,0,127.84,7,car,Jam,Sunny,5.99
4.616,-1.0,-0.0,0.781831,0.62349,9,2,5,2,0.5,0,111.54,0,car,Normal,Sunny,85.91
0.523,0.707107,-0.707107,0.433884,-0.900969,11,3,8,4,0.4286,0,249.39,5,car,Medium,Windy,25.43
6.8704,-1.0,-0.0,-0.781831,0.62349,3,9,13,3,0.75,0,106.02,7,car,Medium,Sunny,90.0
1.0335,-0.258819,-0.965926,0.433884,-0.900969,11,7,15,7,0.5,1,296.31,1,car,Medium,Sandstorm,22.25
2.1956,-0.5,0.866025,-0.781831,0.62349,8,5,10,4,0.5556,0,104.92,9,van,High,Sunny,50.71
10.6525,0.258819,-0.965926,0.781831,0.62349,3,6,15,8,0.4286,1,80.4,6,car,Medium,Sunny,90.0
0.8076,0.0,-1.0,0.781831,0.62349,10,3,5,1,0.75,1,178.03,8,motorcycle,Medium,Rainy,10.28
0.7949,-1.0,-0.0,0.0,1.0,11,3,12,8,0.2727,0,236.32,6,motorcycle,Normal,Sunny,16.92
0.5712,-0.965926,0.258819,0.781831,0.62349,4,0,9,8,0.0,1,319.94,8,car,Normal,Sunny,18.47
0.4267,0.866025,-0.5,0.974928,-0.222521,2,1,4,2,0.3333,0,292.86,9,car,High,Sunny,5.79
0.8079,-1.0,-0.0,0.974928,-0.222521,4,3,12,8,0.2727,1,188.82,0,van,Normal,Sunny,19.33
0.6524,-0.5,-0.866025,-0.433884,-0.900969,10,12,14,1,0.9231,1,352.18,9,motorcycle,Medium,Sunny,6.72
0.337,-0.5,0.866025,0.433884,-0.900969,1,7,8,0,1.0,1,106.75,5,van,Normal,Sunny,3.01
0.9049,-0.866025,-0.5,-0.433884,-0.900969,4,1,6,4,0.2,0,359.81,4,motorcycle,High,Sunny,10.4
1.6943,-0.965926,0.258819,0.0,1.0,4,2,6,3,0.4,1,138.67,2,van,Medium,Sunny,36.59
0.4718,0.258819,-0.965926,-0.781831,0.62349,1,4,10,5,0.4444,0,94.47,4,van,Medium,Sunny,1.0
0.9471,0.5,-0.866025,0.781831,0.62349,8,2,11,8,0.2,0,137.81,5,car,Normal,Sunny,24.3
4.2046,-0.965926,0.258819,0.0,1.0,10,0,5,4,0.0,1,210.89,5,van,Medium,Sunny,90.0
0.2869,1.0,0.0,0.974928,-0.222521,2,10,11,0,1.0,0,170.62,7,car,Jam,Windy,3.31
6.9246,-0.707107,-0.707107,-0.433884,-0.900969,11,7,12,4,0.6364,1,18.07,6,van,Medium,Windy,90.0
0.5826,-0.5,0.866025,0.781831,0.62349,12,1,3,1,0.5,0,128.16,7,motorcycle,Medium,Sunny,4.17
1.3376,-0.5,0.866025,0.781831,0.62349,11,1,7,5,0.1667,0,177.06,5,car,High,Sunny,14.48
3.7255,-1.0,-0.0,-0.974928,-0.222521,9,2,6,3,0.4,0,238.79,9,van,Normal,Sunny,88.46
4.9785,-0.5,-0.866025,-0.974928,-0.222521,6,3,13,9,0.25,0,343.1,8,car,Medium,Sunny,70.36
1.7269,-0.965926,0.258819,-0.974928,-0.222521,3,2,11,8,0.2,0,344.13,9,van,Normal,Sunny,18.46
0.5713,1.0,0.0,0.781831,0.62349,11,8,9,0,1.0,1,185.05,7,car,Normal,Windy,19.97
0.5254,-0.965926,0.258819,0.433884,-0.900969,7,3,5,1,0.75,0,204.87,2,motorcycle,High,Windy,2.66
0.6401,0.707107,-0.707107,-0.433884,-0.900969,6,2,9,6,0.25,1,251.29,9,car,High,Sunny,25.19
6.6512,-1.0,-0.0,0.433884,-0.900969,5,3,15,11,0.2143,0,300.72,9,motorcycle,Jam,Rainy,90.0
0.768,0.258819,-0.965926,0.781831,0.62349,3,11,15,3,0.7857,0,268.28,2,motorcycle,High,Sunny,11.08
1.503,-1.0,-0.0,-0.974928,-0.222521,5,3,5,1,0.75,0,259.38,8,van,Medium,Rainy,58.45
0.41,-0.866025,-0.5,-0.781831,0.62349,10,7,9,1,0.875,0,161.02,5,van,Normal,Sandstorm,14.31
0.3684,-0.707107,0.707107,0.781831,0.62349,7,9,12,2,0.8182,1,312.82,7,van,Medium,Sunny,3.22
1.1332,-0.965926,0.258819,-0.433884,-0.900969,5,2,6,3,0.4,1,238.52,3,motorcycle,Jam,Sunny,18.72
0.8118,-0.707107,0.707107,-0.781831,0.62349,2,9,15,5,0.6429,0,57.31,2,car,High,Sunny,8.06
0.8701,0.866025,-0.5,0.433884,-0.900969,5,3,9,5,0.375,0,215.42,4,van,Medium,Rainy,23.55
0.2711,0.0,-1.0,0.0,1.0,3,0,7,6,0.0,1,111.8,1,car,Medium,Sunny,7.29
1.0306,-0.258819,-0.965926,-0.433884,-0.900969,5,0,15,14,0.0,0,73.1,1,van,High,Rainy,52.89
4.8153,1.0,0.0,-0.781831,0.62349,2,0,10,9,0.0,0,233.59,4,car,Jam,Sunny,90.0
0.4915,1.0,0.0,0.781831,0.62349,12,2,3,0,1.0,1,231.21,9,van,High,Sunny,17.48
2.5923,1.0,0.0,0.0,1.0,3,3,4,0,1.0,1,343.7,0,van,Medium,Windy,62.26
0.05,-0.965926,0.258819,0.781831,0.62349,2,5,15,9,0.3571,0,351.44,3,car,Normal,Sunny,1.0
0.5157,-0.258819,-0.965926,-0.974928,-0.222521,8,9,11,1,0.9,1,147.16,2,van,Medium,Sunny,1.0
0.18,-1.0,-0.0,0.433884,-0.900969,5,10,14,3,0.7692,0,64.27,2,van,Normal,Rainy,5.15
3.5765,-0.866025,0.5,0.0,1.0,12,2,15,12,0.1429,1,50.56,0,van,Jam,Sunny,90.0
2.5468,1.0,0.0,-0.433884,-0.900969,5,2,12,9,0.1818,0,350.73,1,car,Medium,Rainy,57.99
0.4137,-0.866025,0.5,-0.974928,-0.222521,8,5,15,9,0.3571,1,142.52,5,van,Medium,Foggy,2.1
1.4547,0.707107,-0.707107,0.781831,0.62349,11,12,15,2,0.8571,0,123.4,4,motorcycle,Normal,Sunny,25.91
3.4612,0.0,-1.0,-0.433884,-0.900969,12,5,8,2,0.7143,1,223.61,6,car,Medium,Sunny,61.12
4.0122,-0.5,0.866025,0.781831,0.62349,10,4,11,6,0.4,1,20.63,8,car,Medium,Sunny,38.46
0.7516,0.258819,-0.965926,0.0,1.0,7,10,13,2,0.8333,0,232.83,1,car,Normal,Windy,1.0
0.1356,-0.707107,0.707107,0.974928,-0.222521,10,4,15,10,0.2857,0,315.27,3,van,High,Foggy,1.0
0.4707,-0.5,-0.866025,-0.974928,-0.222521,4,11,13,1,0.9167,0,260.74,8,car,Normal,Rainy,10.63
2.2884,1.0,0.0,-0.433884,-0.900969,11,9,13,3,0.75,1,150.28,2,van,Medium,Rainy,61.56
8.1169,-0.866025,0.5,0.0,1.0,11,4,7,2,0.6667,1,41.81,0,van,Normal,Sunny,90.0
1.0496,1.0,0.0,0.781831,0.62349,5,0,8,7,0.0,1,86.85,2,car,Medium,Sunny,18.78
0.621,-0.866025,-0.5,0.433884,-0.900969,1,1,13,11,0.0833,1,95.55,3,motorcycle,High,Sunny,9.23
10.7984,-0.258819,-0.965926,0.974928,-0.222521,9,3,4,0,1.0,1,138.57,2,van,High,Rainy,90.0
1.6249,0.866025,-0.5,0.974928,-0.222521,2,3,5,1,0.75,1,48.0,5,car,Low,Sunny,21.95
0.3443,-0.5,-0.866025,0.433884,-0.900969,1,3,13,9,0.25,0,207.24,2,car,Jam,Sunny,24.76
0.9871,0.0,-1.0,-0.974928,-0.222521,12,12,15,2,0.8571,1,131.87,5,car,High,Sunny,16.9
2.8575,0.965926,-0.258819,-0.433884,-0.900969,7,2,8,5,0.2857,0,178.69,8,car,Normal,Sunny,30.41
1.0337,-0.707107,-0.707107,-0.974928,-0.222521,8,4,14,9,0.3077,0,102.65,3,car,Normal,Sunny,5.58
2.3505,1.0,0.0,0.0,1.0,11,2,7,4,0.3333,0,163.39,5,motorcycle,Normal,Sunny,22.31
0.2406,-0.707107,-0.707107,0.433884,-0.900969,12,4,9,4,0.5,0,256.55,7,car,High,Rainy,3.07
0.283,0.707107,-0.707107,0.433884,-0.900969,12,11,15,3,0.7857,1,31.76,0,car,Normal,Sandstorm,18.66
0.5498,-0.866025,0.5,-0.974928,-0.222521,2,1,8,6,0.1429,0,183.63,3,van,Medium,Sunny,13.46
0.8453,-0.5,0.866025,0.433884,-0.900969,4,13,14,0,1.0,1,222.6,6,van,High,Sandstorm,19.32
1.5178,-0.707107,0.707107,-0.781831,0.62349,10,4,15,10,0.2857,0,240.36,2,motorcycle,High,Sunny,13.3
2.0237,-0.707107,0.707107,-0.974928,-0.222521,1,11,12,0,1.0,0,332.21,4,van,Medium,Sandstorm,41.35
11.5053,0.965926,-0.258819,-0.433884,-0.900969,3,2,3,0,1.0,0,281.2,4,car,High,Sunny,90.0
0.5479,-0.5,-0.866025,0.974928,-0.222521,7,8,15,6,0.5714,0,266.04,9,car,Normal,Sunny,1.0
0.8201,0.707107,-0.707107,0.974928,-0.222521,5,0,9,8,0.0,1,312.48,1,motorcycle,High,Sunny,15.45
0.5626,0.965926,-0.258819,0.433884,-0.900969,3,3,6,2,0.6,1,329.19,6,van,Normal,Sunny,8.42
3.0815,0.0,-1.0,0.433884,-0.900969,11,6,9,2,0.75,1,302.17,9,motorcycle,Normal,Sunny,31.76
3.2454,-0.258819,-0.965926,0.0,1.0,6,7,8,0,1.0,1,221.04,9,car,Jam,Sandstorm,90.0
0.7223,0.258819,-0.965926,0.781831,0.62349,5,0,7,6,0.0,1,303.52,5,motorcycle,Normal,Sandstorm,1.0
7.8653,0.965926,-0.258819,-0.974928,-0.222521,8,8,11,2,0.8,0,117.51,3,van,Normal,Sunny,90.0
0.5636,0.0,-1.0,0.433884,-0.900969,9,1,4,2,0.3333,0,342.71,1,car,Medium,Sunny,12.53
2.94,0.866025,-0.5,-0.781831,0.62349,6,8,11,2,0.8,0,62.45,2,van,Normal,Sandstorm,82.49
4.4008,1.0,0.0,0.781831,0.62349,11,3,6,2,0.6,0,82.52,7,van,Normal,Sunny,72.46
0.3032,-0.258819,-0.965926,-0.781831,0.62349,4,11,13,1,0.9167,0,57.07,0,car,Medium,Sunny,2.11
1.9131,0.965926,-0.258819,-0.974928,-0.222521,11,0,15,14,0.0,0,279.72,7,car,High,Sunny,21.49
0.083,-0.5,0.866025,0.974928,-0.222521,11,4,9,4,0.5,1,156.42,9,motorcycle,High,Sunny,1.0
2.4181,-0.866025,0.5,-0.433884,-0.900969,1,8,13,4,0.6667,0,265.69,4,car,Normal,Sunny,16.65
0.3881,-0.707107,0.707107,-0.781831,0.62349,10,2,7,4,0.3333,0,183.62,8,car,Medium,Sunny,1.0
1.8948,0.965926,-0.258819,-0.433884,-0.900969,2,4,13,8,0.3333,0,145.18,9,car,High,Sunny,37.01
2.2642,-0.258819,-0.965926,-0.781831,0.62349,6,2,9,6,0.25,0,322.7,7,car,Normal,Windy,37.17
3.2031,-0.866025,0.5,0.0,1.0,12,6,9,2,0.75,0,155.57,5,motorcycle,Normal,Sandstorm,32.1
2.5746,-0.707107,-0.707107,0.781831,0.62349,3,0,4,3,0.0,0,222.62,5,van,Low,Windy,36.56
1.1654,0.258819,-0.965926,0.0,1.0,7,10,11,0,1.0,1,309.1,2,car,Medium,Sunny,13.26
0.7699,-0.866025,0.5,0.974928,-0.222521,10,2,13,10,0.1667,1,76.53,1,motorcycle,Normal,Rainy,5.5
1.0298,0.258819,-0.965926,-0.974928,-0.222521,6,3,9,5,0.375,1,144.98,7,motorcycle,High,Windy,29.17
0.3828,-0.5,0.866025,-0.781831,0.62349,1,4,5,0,1.0,0,52.17,5,car,Jam,Sunny,12.19
0.9038,0.965926,-0.258819,0.433884,-0.900969,1,0,11,10,0.0,1,195.37,9,motorcycle,Normal,Sunny,1.0
0.8385,-1.0,-0.0,0.974928,-0.222521,7,3,11,7,0.3,0,284.24,7,car,Medium,Windy,17.82
0.5227,1.0,0.0,-0.781831,0.62349,1,11,14,2,0.8462,0,19.81,2,motorcycle,Normal,Sunny,9.75
0.2114,-0.707107,0.707107,-0.433884,-0.900969,1,4,15,10,0.2857,0,21.72,9,van,Low,Windy,1.97
0.3285,0.0,-1.0,0.433884,-0.900969,12,1,6,4,0.2,0,266.83,0,van,High,Sandstorm,1.0
0.0554,1.0,0.0,0.0,1.0,7,0,6,5,0.0,0,255.45,0,car,Medium,Rainy,7.46
0.8249,-0.866025,0.5,0.781831,0.62349,6,2,15,12,0.1429,0,144.79,6,motorcycle,Jam,Rainy,22.32
1.5566,-0.5,0.866025,-0.433884,-0.900969,2,0,4,3,0.0,0,129.85,6,car,Medium,Windy,16.08
0.0864,-0.707107,0.707107,-0.433884,-0.900969,10,12,14,1,0.9231,1,101.53,7,car,Normal,Foggy,1.0
1.3839,-0.5,-0.866025,0.433884,-0.900969,7,2,5,2,0.5,0,22.23,6,car,Medium,Rainy,30.88
0.9838,0.965926,-0.258819,-0.433884,-0.900969,3,1,8,6,0.1429,0,184.88,2,van,Normal,Sunny,1.0
0.3613,0.707107,-0.707107,-0.433884,-0.900969,10,3,4,0,1.0,0,221.79,1,car,High,Windy,1.0
0.7337,1.0,0.0,0.0,1.0,3,9,15,5,0.6429,0,311.53,9,motorcycle,Medium,Sunny,1.65
2.999,1.0,0.0,-0.974928,-0.222521,7,2,9,6,0.25,0,195.07,3,van,Normal,Sunny,47.4
0.438,0.866025,-0.5,-0.433884,-0.900969,7,3,14,10,0.2308,0,54.7,1,car,Medium,Sunny,1.0
1.1911,-0.707107,-0.707107,0.781831,0.62349,4,0,3,2,0.0,0,110.94,0,car,Medium,Sunny,22.51
1.5361,-0.965926,0.258819,0.781831,0.62349,11,2,3,0,1.0,0,282.61,8,car,High,Sunny,26.16
0.5061,-0.707107,-0.707107,-0.781831,0.62349,9,6,9,2,0.75,0,222.55,8,van,Low,Sunny,11.49
2.8802,0.707107,-0.707107,0.781831,0.62349,4,1,3,1,0.5,0,277.6,8,motorcycle,Low,Sunny,21.99
1.622,-0.866025,-0.5,0.0,1.0,2,4,10,5,0.4444,1,148.86,8,car,Normal,Windy,28.5
0.87,0.707107,-0.707107,0.0,1.0,4,6,12,5,0.5455,1,24.31,1,motorcycle,Normal,Rainy,6.39
10.4341,-0.258819,-0.965926,0.781831,0.62349,6,8,9,0,1.0,0,321.17,0,car,Medium,Foggy,90.0
2.892,-0.707107,0.707107,-0.433884,-0.900969,7,7,13,5,0.5833,0,125.72,5,motorcycle,Normal,Sunny,22.42
0.2227,0.866025,-0.5,0.433884,-0.900969,5,2,4,1,0.6667,0,30.02,5,motorcycle,Medium,Sunny,8.35
0.7636,-0.866025,0.5,-0.974928,-0.222521,1,1,6,4,0.2,1,211.28,0,van,Medium,Rainy,11.05
11.5111,0.5,-0.866025,0.781831,0.62349,9,2,5,2,0.5,0,267.83,8,van,Normal,Sunny,90.0
0.4347,-0.965926,-0.258819,0.781831,0.62349,5,0,9,8,0.0,0,172.08,6,motorcycle,Jam,Foggy,21.34
1.1771,0.5,-0.866025,0.974928,-0.222521,5,3,8,4,0.4286,0,220.99,6,car,Medium,Windy,21.33
3.5589,0.866025,-0.5,-0.974928,-0.222521,7,8,10,1,0.8889,0,150.21,5,car,Normal,Sunny,49.68
2.0538,-0.258819,-0.965926,0.433884,-0.900969,11,2,4,1,0.6667,0,292.93,9,car,Medium,Sunny,37.34
2.3552,0.0,-1.0,-0.974928,-0.222521,1,7,8,0,1.0,0,282.14,7,van,Normal,Sunny,32.62
2.2271,-0.5,-0.866025,0.0,1.0,12,4,12,7,0.3636,1,259.19,5,van,High,Sunny,55.92
1.1322,0.5,-0.866025,0.974928,-0.222521,8,2,3,0,1.0,0,7.16,5,van,Medium,Sunny,39.16
0.5206,-0.5,0.866025,0.433884,-0.900969,7,9,13,3,0.75,1,185.89,8,motorcycle,Medium,Sandstorm,6.44
1.6703,-0.965926,-0.258819,0.0,1.0,1,3,5,1,0.75,0,282.72,3,car,Jam,Windy,70.63
0.7538,-0.866025,0.5,0.974928,-0.222521,9,11,14,2,0.8462,0,88.15,8,van,High,Sunny,23.28
0.6996,-0.965926,0.258819,0.781831,0.62349,9,6,13,6,0.5,0,93.31,1,car,High,Sunny,8.35
4.5193,-1.0,-0.0,0.433884,-0.900969,7,2,8,5,0.2857,0,325.53,0,car,Normal,Sunny,86.28
0.7696,0.866025,-0.5,0.781831,0.62349,10,1,3,1,0.5,0,303.02,0,van,Normal,Sunny,21.05
5.5891,-0.707107,-0.707107,0.781831,0.62349,11,3,8,4,0.4286,0,355.73,3,motorcycle,Medium,Windy,90.0
1.4105,-0.707107,0.707107,-0.781831,0.62349,11,7,11,3,0.7,0,179.07,5,van,Medium,Windy,15.61
0.9501,0.965926,-0.258819,0.781831,0.62349,4,6,7,0,1.0,0,44.72,8,car,Medium,Sandstorm,10.92
0.1966,-0.258819,-0.965926,-0.974928,-0.222521,9,0,11,10,0.0,0,2.97,9,van,High,Sunny,26.92
8.2802,0.707107,-0.707107,0.433884,-0.900969,1,8,13,4,0.6667,1,254.21,0,car,Normal,Sunny,90.0
1.0989,-0.965926,0.258819,0.0,1.0,7,6,15,8,0.4286,0,294.0,7,motorcycle,Normal,Sandstorm,1.0
0.1278,-0.707107,0.707107,0.974928,-0.222521,2,0,8,7,0.0,1,154.18,2,van,Medium,Windy,10.78
2.8245,1.0,0.0,0.433884,-0.900969,4,3,15,11,0.2143,1,153.29,3,car,Normal,Windy,40.23
1.0537,-0.965926,0.258819,0.781831,0.62349,9,4,6,1,0.8,0,302.5,8,car,Medium,Sunny,17.62
0.4562,0.0,-1.0,0.781831,0.62349,6,5,15,9,0.3571,0,66.98,9,car,High,Rainy,1.0
2.6768,-0.5,0.866025,-0.433884,-0.900969,11,0,4,3,0.0,1,22.84,7,motorcycle,Medium,Sunny,24.65
0.0981,1.0,0.0,0.0,1.0,2,7,10,2,0.7778,0,347.65,1,car,High,Sunny,1.0
0.5608,0.707107,-0.707107,-0.781831,0.62349,12,2,11,8,0.2,0,195.26,0,van,Medium,Sandstorm,20.36
0.8316,-1.0,-0.0,0.974928,-0.222521,9,1,3,1,0.5,1,278.06,9,van,High,Sunny,37.94
2.4833,-0.965926,0.258819,0.974928,-0.222521,6,1,8,6,0.1429,1,343.71,2,van,Normal,Sandstorm,53.72
9.2835,0.965926,-0.258819,0.0,1.0,1,4,6,1,0.8,1,291.75,2,car,High,Sunny,90.0
0.8759,0.866025,-0.5,-0.781831,0.62349,1,11,13,1,0.9167,0,168.34,5,motorcycle,High,Sunny,28.05
1.7108,0.258819,-0.965926,0.781831,0.62349,5,8,9,0,1.0,0,233.32,1,car,Normal,Sunny,25.17
15.0,1.0,0.0,-0.974928,-0.222521,7,0,4,3,0.0,0,227.61,6,van,Medium,Sandstorm,90.0
1.1102,-0.965926,0.258819,0.974928,-0.222521,7,2,3,0,1.0,1,333.19,8,van,High,Sandstorm,34.44
1.7242,-0.965926,-0.258819,0.0,1.0,4,1,3,1,0.5,1,50.79,3,van,Normal,Sunny,35.65
0.3411,-1.0,-0.0,0.974928,-0.222521,8,2,3,0,1.0,1,250.46,4,motorcycle,High,Sunny,7.09
7.1079,-0.258819,-0.965926,0.433884,-0.900969,8,0,9,8,0.0,0,310.62,8,car,Jam,Sunny,90.0
0.5614,-0.866025,-0.5,0.433884,-0.900969,5,5,7,1,0.8333,0,129.27,8,van,High,Sunny,8.61
1.4264,-0.707107,-0.707107,-0.781831,0.62349,4,1,5,3,0.25,0,254.99,0,car,Medium,Windy,18.73
1.3885,-0.965926,-0.258819,0.433884,-0.900969,6,3,8,4,0.4286,0,89.94,7,car,Medium,Sunny,24.67
1.1985,-0.258819,-0.965926,-0.974928,-0.222521,9,7,8,0,1.0,1,31.69,0,car,Jam,Sunny,50.68
0.7315,-0.965926,-0.258819,0.974928,-0.222521,8,7,10,2,0.7778,1,9.15,1,car,Medium,Sunny,18.4
1.3899,-0.866025,-0.5,0.781831,0.62349,2,4,9,4,0.5,0,190.77,6,car,Normal,Sunny,37.07
5.8678,-0.866025,-0.5,0.433884,-0.900969,12,10,15,4,0.7143,0,18.6,1,car,Low,Windy,78.05
9.6493,-0.866025,0.5,0.433884,-0.900969,3,2,7,4,0.3333,0,213.27,1,car,High,Windy,90.0
0.9358,0.258819,-0.965926,0.974928,-0.222521,9,7,8,0,1.0,1,135.19,4,van,Medium,Sunny,4.58
0.7211,-0.866025,0.5,-0.974928,-0.222521,1,0,8,7,0.0,1,2.47,4,van,Normal,Foggy,6.89
0.5126,1.0,0.0,-0.781831,0.62349,4,1,3,1,0.5,0,81.53,5,car,Normal,Sunny,1.0
14.1799,-0.5,-0.866025,0.0,1.0,7,0,12,11,0.0,1,265.83,9,car,High,Rainy,90.0
1.2491,-0.258819,-0.965926,0.0,1.0,11,4,10,5,0.4444,0,136.37,4,car,Medium,Windy,16.18
3.1877,-0.866025,0.5,0.781831,0.62349,7,4,8,3,0.5714,1,261.2,3,van,High,Sunny,75.64
2.1422,1.0,0.0,-0.433884,-0.900969,1,5,7,1,0.8333,1,293.39,2,car,High,Sandstorm,53.9
9.0068,0.707107,-0.707107,0.0,1.0,12,8,9,0,1.0,1,286.9,8,car,Jam,Sunny,90.0
0.8734,-0.258819,-0.965926,0.781831,0.62349,4,10,14,3,0.7692,0,241.42,2,car,High,Windy,24.1
0.3861,-0.965926,0.258819,0.974928,-0.222521,5,7,8,0,1.0,0,268.77,0,car,Normal,Sunny,1.0
6.4655,-0.258819,-0.965926,0.974928,-0.222521,2,0,8,7,0.0,1,205.13,5,car,Medium,Sunny,90.0
2.6068,-0.866025,-0.5,-0.974928,-0.222521,9,2,4,1,0.6667,0,167.31,7,van,Low,Rainy,60.41
1.7048,0.707107,-0.707107,0.433884,-0.900969,6,4,7,2,0.6667,1,22.22,0,van,Jam,Sunny,90.0
4.7514,-0.5,0.866025,-0.781831,0.62349,3,0,12,11,0.0,1,351.04,6,van,Normal,Sunny,59.57
1.7998,-0.965926,0.258819,-0.974928,-0.222521,8,7,12,4,0.6364,0,302.49,4,van,Medium,Sunny,33.48
4.9106,1.0,0.0,0.974928,-0.222521,3,0,13,12,0.0,0,241.89,7,van,High,Sunny,90.0
1.3969,-0.965926,-0.258819,-0.781831,0.62349,7,5,9,3,0.625,0,231.87,0,car,Normal,Sandstorm,37.0
2.6035,0.866025,-0.5,-0.974928,-0.222521,8,3,14,10,0.2308,0,207.65,8,van,High,Windy,90.0
1.8222,-0.707107,-0.707107,0.433884,-0.900969,10,9,10,0,1.0,0,33.99,8,van,Low,Rainy,31.71
0.8114,-1.0,-0.0,-0.974928,-0.222521,9,1,4,2,0.3333,0,114.99,6,car,Medium,Sunny,12.86
0.9093,-0.707107,0.707107,0.781831,0.62349,7,2,4,1,0.6667,1,122.26,6,van,Medium,Sunny,12.33
0.7609,0.965926,-0.258819,0.781831,0.62349,1,5,9,3,0.625,0,285.73,7,car,Normal,Sunny,12.89
1.4222,0.5,-0.866025,-0.974928,-0.222521,3,6,7,0,1.0,0,217.79,1,van,Medium,Sunny,36.97
0.7168,-0.965926,-0.258819,-0.974928,-0.222521,7,1,4,2,0.3333,1,143.33,8,van,Jam,Windy,55.86
1.6721,0.5,-0.866025,0.781831,0.62349,7,1,3,1,0.5,1,118.11,7,motorcycle,Normal,Sunny,33.67
1.619,-1.0,-0.0,-0.974928,-0.222521,7,7,11,3,0.7,0,307.4,7,motorcycle,Medium,Sunny,19.75
1.343,0.707107,-0.707107,0.433884,-0.900969,9,0,12,11,0.0,0,282.83,4,van,High,Rainy,69.6
1.3653,0.866025,-0.5,0.433884,-0.900969,11,2,5,2,0.5,1,292.72,1,van,High,Sunny,51.78
0.6454,-0.707107,-0.707107,-0.974928,-0.222521,7,2,6,3,0.4,1,142.35,5,van,Low,Sunny,14.2
0.8455,-0.965926,-0.258819,0.781831,0.62349,2,8,9,0,1.0,0,172.53,5,car,Jam,Windy,38.92
0.226,0.707107,-0.707107,0.974928,-0.222521,6,2,4,1,0.6667,0,206.38,2,motorcycle,Low,Sunny,11.65
0.9862,-0.866025,0.5,0.974928,-0.222521,4,10,13,2,0.8333,0,69.05,9,car,Medium,Rainy,19.01
0.4332,-0.866025,0.5,0.433884,-0.900969,7,8,10,1,0.8889,0,130.42,3,car,Medium,Windy,3.73
1.2151,0.965926,-0.258819,0.781831,0.62349,8,1,7,5,0.1667,0,176.81,9,car,High,Sunny,19.52
0.5606,0.258819,-0.965926,0.0,1.0,7,6,10,3,0.6667,1,241.34,8,motorcycle,Normal,Sunny,1.0
0.1575,-0.707107,-0.707107,-0.433884,-0.900969,7,3,5,1,0.75,1,161.82,0,car,Normal,Sunny,1.0
9.3916,-0.5,-0.866025,0.0,1.0,4,3,7,3,0.5,1,55.66,1,car,High,Windy,90.0
0.887,0.5,-0.866025,0.974928,-0.222521,3,1,9,7,0.125,0,153.04,3,car,Normal,Sunny,22.89
4.3697,-0.707107,-0.707107,-0.781831,0.62349,11,6,15,8,0.4286,0,191.29,6,car,Medium,Windy,90.0
0.6699,-0.5,0.866025,-0.781831,0.62349,5,0,13,12,0.0,0,234.28,1,car,High,Sunny,1.0
5.5467,0.258819,-0.965926,0.781831,0.62349,3,10,11,0,1.0,0,307.37,2,van,Medium,Sunny,90.0
0.3701,0.707107,-0.707107,-0.781831,0.62349,12,0,7,6,0.0,0,83.7,8,car,Normal,Sunny,9.37
1.3063,-1.0,-0.0,0.974928,-0.222521,1,2,15,12,0.1429,1,201.5,4,motorcycle,Normal,Sunny,1.05
0.3915,-0.707107,-0.707107,0.781831,0.62349,5,0,4,3,0.0,1,150.25,5,motorcycle,Jam,Sunny,35.67
13.0751,-0.965926,-0.258819,0.433884,-0.900969,9,1,6,4,0.2,0,247.3,5,car,Medium,Sunny,90.0
0.8721,-0.866025,-0.5,0.433884,-0.900969,5,1,8,6,0.1429,0,314.74,9,car,Low,Rainy,26.51
2.4279,-1.0,-0.0,0.974928,-0.222521,11,6,10,3,0.6667,0,171.75,1,van,Normal,Sunny,60.13
1.6956,-1.0,-0.0,0.974928,-0.222521,5,1,11,9,0.1,1,303.9,5,car,Normal,Windy,23.75
1.0787,-0.866025,-0.5,0.0,1.0,8,5,8,2,0.7143,0,0.73,0,car,Jam,Sunny,49.0
1.8073,-0.258819,-0.965926,0.781831,0.62349,6,6,15,8,0.4286,0,328.4,0,motorcycle,Normal,Windy,7.22
4.0197,-0.258819,-0.965926,0.781831,0.62349,6,3,8,4,0.4286,1,283.86,4,motorcycle,Low,Sunny,27.0
2.0851,0.5,-0.866025,-0.781831,0.62349,6,5,11,5,0.5,0,48.18,9,van,Medium,Windy,54.7
1.2896,-0.258819,-0.965926,0.433884,-0.900969,12,0,3,2,0.0,0,243.11,4,car,Low,Sunny,10.62
1.8101,-0.866025,-0.5,0.433884,-0.900969,10,2,5,2,0.5,0,185.12,7,van,Normal,Sunny,45.78
6.8161,-1.0,-0.0,0.433884,-0.900969,5,2,5,2,0.5,0,349.45,9,van,Jam,Sunny,90.0
0.7438,-0.965926,0.258819,-0.781831,0.62349,5,2,3,0,1.0,0,109.57,0,car,High,Sunny,2.31
0.1899,0.0,-1.0,-0.974928,-0.222521,5,2,14,11,0.1538,0,219.24,6,van,Low,Sunny,1.0
0.39,-1.0,-0.0,-0.433884,-0.900969,9,0,11,10,0.0,0,188.23,8,car,Medium,Sunny,1.0
0.4185,-0.258819,-0.965926,0.974928,-0.222521,8,0,14,13,0.0,0,79.61,8,car,Normal,Foggy,11.93
0.4784,0.0,-1.0,0.974928,-0.222521,7,6,7,0,1.0,0,292.92,7,van,Normal,Sunny,10.37
0.4943,0.866025,-0.5,-0.781831,0.62349,6,1,4,2,0.3333,0,267.49,9,car,Medium,Sunny,1.0
1.0807,0.5,-0.866025,-0.781831,0.62349,5,1,7,5,0.1667,0,195.89,6,car,Medium,Rainy,37.4
1.398,-0.965926,-0.258819,0.781831,0.62349,7,0,3,2,0.0,0,339.86,0,motorcycle,High,Windy,37.17
1.3838,0.707107,-0.707107,0.974928,-0.222521,10,1,6,4,0.2,0,333.6,9,motorcycle,High,Sunny,27.23
0.5522,0.965926,-0.258819,0.974928,-0.222521,12,1,4,2,0.3333,1,294.48,8,van,Normal,Sunny,4.5
2.8411,0.5,-0.866025,-0.974928,-0.222521,1,4,5,0,1.0,0,54.86,1,motorcycle,Jam,Sunny,78.46
1.8363,-0.5,0.866025,-0.781831,0.62349,3,8,11,2,0.8,1,321.9,9,motorcycle,Medium,Sunny,7.64
4.9642,0.866025,-0.5,-0.781831,0.62349,9,12,15,2,0.8571,1,110.09,6,car,Normal,Sunny,89.03
2.4705,0.866025,-0.5,-0.974928,-0.222521,2,0,6,5,0.0,0,205.23,4,car,High,Sandstorm,90.0
0.7929,0.0,-1.0,0.974928,-0.222521,8,8,15,6,0.5714,0,350.91,8,car,Low,Sandstorm,1.65
3.8199,0.0,-1.0,0.974928,-0.222521,6,5,12,6,0.4545,1,83.15,6,car,Medium,Sunny,75.53
1.4332,-0.707107,0.707107,-0.781831,0.62349,3,0,4,3,0.0,1,71.91,7,van,High,Sunny,26.73
2.3586,0.5,-0.866025,0.974928,-0.222521,7,1,3,1,0.5,0,306.7,3,car,Normal,Sunny,30.49
2.1911,-0.258819,-0.965926,0.781831,0.62349,7,2,4,1,0.6667,0,4.7,3,car,High,Sunny,66.06
0.9821,0.5,-0.866025,-0.974928,-0.222521,9,0,12,11,0.0,1,62.72,0,car,Normal,Sunny,6.99
1.2191,0.5,-0.866025,0.433884,-0.900969,10,10,11,0,1.0,1,117.84,8,car,High,Windy,29.66
0.9755,0.258819,-0.965926,0.0,1.0,12,10,14,3,0.7692,0,265.78,2,motorcycle,Low,Sunny,5.58
0.4915,0.5,-0.866025,-0.781831,0.62349,6,8,9,0,1.0,1,172.97,1,car,Normal,Rainy,11.85
0.1441,-1.0,-0.0,0.974928,-0.222521,9,0,3,2,0.0,1,141.6,0,car,Normal,Sunny,1.0
0.5717,-0.965926,0.258819,0.974928,-0.222521,10,0,15,14,0.0,0,330.75,3,car,High,Sunny,1.0
1.3354,0.707107,-0.707107,0.433884,-0.900969,12,13,14,0,1.0,0,272.13,4,car,Normal,Sunny,21.68
3.0997,-0.5,-0.866025,0.781831,0.62349,8,11,12,0,1.0,0,227.82,8,van,High,Windy,77.83
2.3542,0.5,-0.866025,-0.974928,-0.222521,3,8,14,5,0.6154,0,122.41,6,car,Normal,Sunny,34.9
0.8474,-0.866025,0.5,-0.433884,-0.900969,5,1,6,4,0.2,0,309.2,8,car,Medium,Sunny,5.37
0.5792,0.965926,-0.258819,0.433884,-0.900969,3,2,9,6,0.25,0,91.11,0,car,Normal,Sunny,1.0
0.9316,0.0,-1.0,0.781831,0.62349,3,7,9,1,0.875,0,340.53,0,motorcycle,Normal,Windy,7.64
0.4377,0.258819,-0.965926,0.433884,-0.900969,4,5,6,0,1.0,0,93.77,2,van,Jam,Rainy,14.25
0.1482,0.0,-1.0,0.781831,0.62349,6,10,15,4,0.7143,1,295.23,3,van,Medium,Sunny,1.0
0.2546,-0.5,0.866025,-0.781831,0.62349,10,4,10,5,0.4444,0,329.12,0,van,Medium,Sunny,11.35
4.0796,-0.707107,-0.707107,-0.974928,-0.222521,4,11,14,2,0.8462,1,81.54,8,van,Medium,Sunny,90.0
6.4522,0.0,-1.0,0.0,1.0,3,1,7,5,0.1667,0,82.6,9,car,Medium,Sunny,90.0
2.262,-0.965926,0.258819,0.433884,-0.900969,2,1,9,7,0.125,0,28.3,4,car,Medium,Foggy,39.25
1.0458,-0.965926,0.258819,-0.974928,-0.222521,3,5,15,9,0.3571,0,122.88,8,van,High,Sunny,13.52
0.2942,0.866025,-0.5,0.433884,-0.900969,6,2,5,2,0.5,0,180.09,1,car,Medium,Windy,1.0
0.9483,-0.258819,-0.965926,0.0,1.0,5,6,10,3,0.6667,0,30.94,0,motorcycle,Medium,Rainy,13.64
1.9763,-0.258819,-0.965926,0.0,1.0,5,8,13,4,0.6667,0,52.68,8,car,Medium,Windy,35.63
2.4312,-0.258819,-0.965926,-0.974928,-0.222521,4,9,13,3,0.75,1,151.98,8,van,Medium,Sunny,50.71
2.1263,0.258819,-0.965926,0.433884,-0.900969,6,2,12,9,0.1818,0,64.85,7,motorcycle,Medium,Windy,23.24
3.4872,-0.866025,0.5,0.433884,-0.900969,8,6,10,3,0.6667,0,278.46,8,van,Medium,Sunny,69.2
6.9993,-0.5,0.866025,0.781831,0.62349,1,0,3,2,0.0,0,116.08,7,motorcycle,Medium,Sunny,57.87
0.7522,1.0,0.0,0.781831,0.62349,11,5,6,0,1.0,0,16.68,8,van,High,Foggy,29.65
15.0,-0.866025,0.5,0.974928,-0.222521,4,5,13,7,0.4167,0,55.63,9,motorcycle,Jam,Sunny,90.0
0.1622,-0.866025,0.5,0.433884,-0.900969,2,8,9,0,1.0,0,110.61,8,car,Jam,Sunny,5.28
0.5276,0.0,-1.0,0.433884,-0.900969,3,6,7,0,1.0,0,52.48,8,car,High,Sunny,1.0
1.3364,-0.5,-0.866025,-0.781831,0.62349,7,2,14,11,0.1538,0,77.6,4,van,Medium,Sunny,23.33
1.8619,0.965926,-0.258819,0.781831,0.62349,7,0,7,6,0.0,0,74.37,8,car,High,Windy,27.5
0.93,0.258819,-0.965926,0.433884,-0.900969,2,6,7,0,1.0,0,150.73,2,car,Normal,Sandstorm,20.29
0.6901,0.5,-0.866025,0.781831,0.62349,6,3,8,4,0.4286,0,188.67,3,motorcycle,Medium,Windy,22.18
8.9572,-0.707107,0.707107,0.0,1.0,3,0,7,6,0.0,1,224.13,8,van,Normal,Sunny,90.0
0.6595,0.965926,-0.258819,0.974928,-0.222521,11,5,9,3,0.625,0,327.38,3,car,Low,Sunny,14.44
0.4196,0.258819,-0.965926,0.0,1.0,4,14,15,0,1.0,1,247.71,8,car,Jam,Sunny,20.2
5.5085,-0.5,-0.866025,0.974928,-0.222521,12,9,15,5,0.6429,0,71.49,4,car,High,Sunny,90.0
2.4761,-0.5,0.866025,-0.433884,-0.900969,7,1,7,5,0.1667,1,161.71,2,car,Medium,Sandstorm,38.42
3.1267,-0.965926,0.258819,0.974928,-0.222521,12,2,7,4,0.3333,0,262.62,4,motorcycle,Normal,Windy,34.49
1.3312,-0.707107,0.707107,-0.433884,-0.900969,7,3,14,10,0.2308,1,199.85,5,car,Medium,Rainy,5.06
0.299,0.258819,-0.965926,0.974928,-0.222521,2,5,10,4,0.5556,1,60.97,0,car,Medium,Sandstorm,7.56
1.1977,0.5,-0.866025,0.974928,-0.222521,8,2,5,2,0.5,0,283.5,5,van,High,Sunny,49.98
0.2624,-0.707107,-0.707107,-0.781831,0.62349,6,3,10,6,0.3333,0,70.79,1,car,Jam,Windy,1.0
1.3912,0.258819,-0.965926,0.781831,0.62349,10,2,13,10,0.1667,0,123.95,4,car,Normal,Windy,31.62
2.0559,1.0,0.0,0.433884,-0.900969,5,0,8,7,0.0,0,264.12,3,van,Normal,Foggy,47.29
3.0699,-0.965926,0.258819,-0.974928,-0.222521,3,8,10,1,0.8889,1,348.97,6,van,Normal,Sunny,54.85
1.0123,0.965926,-0.258819,0.974928,-0.222521,2,10,13,2,0.8333,0,320.54,8,motorcycle,Low,Windy,9.49
2.2494,0.707107,-0.707107,0.974928,-0.222521,9,0,4,3,0.0,0,349.13,0,van,Normal,Sunny,42.03
0.4683,-0.5,0.866025,-0.433884,-0.900969,3,3,15,11,0.2143,0,142.83,0,car,Low,Windy,1.0
2.7685,-1.0,-0.0,0.0,1.0,9,1,3,1,0.5,1,156.91,4,van,Normal,Rainy,78.01
2.0977,-0.866025,-0.5,0.781831,0.62349,2,2,4,1,0.6667,0,58.63,7,motorcycle,Normal,Rainy,37.42
0.5167,0.866025,-0.5,0.974928,-0.222521,1,5,6,0,1.0,0,170.14,2,van,Normal,Sunny,15.74
1.8291,0.5,-0.866025,0.781831,0.62349,9,2,3,0,1.0,0,280.96,7,motorcycle,High,Sunny,50.78
3.1119,0.707107,-0.707107,0.433884,-0.900969,5,6,11,4,0.6,0,24.81,0,van,Normal,Sandstorm,89.04
1.1909,-0.866025,-0.5,-0.433884,-0.900969,7,6,9,2,0.75,1,114.84,2,motorcycle,High,Windy,25.61
0.5059,-0.5,-0.866025,-0.781831,0.62349,1,4,7,2,0.6667,1,333.2,5,car,Normal,Rainy,6.56
1.3085,0.0,-1.0,-0.433884,-0.900969,3,13,15,1,0.9286,0,65.72,6,van,Normal,Sunny,14.69
1.8679,-1.0,-0.0,-0.433884,-0.900969,2,5,6,0,1.0,1,106.97,3,car,Low,Sandstorm,43.32
0.5023,-0.965926,0.258819,-0.974928,-0.222521,4,6,14,7,0.4615,0,336.62,8,van,High,Windy,11.97
0.4243,-1.0,-0.0,0.781831,0.62349,4,0,10,9,0.0,1,124.13,4,van,Normal,Sunny,12.29
1.814,0.965926,-0.258819,0.433884,-0.900969,5,11,12,0,1.0,0,299.13,6,motorcycle,Medium,Sunny,25.12
2.4161,-0.866025,-0.5,-0.974928,-0.222521,3,4,15,10,0.2857,0,103.36,1,motorcycle,Normal,Windy,27.5
8.5187,0.707107,-0.707107,0.781831,0.62349,6,1,6,4,0.2,0,92.52,9,car,Jam,Sunny,90.0
2.0802,0.5,-0.866025,0.974928,-0.222521,11,0,4,3,0.0,1,67.35,5,van,Normal,Sandstorm,61.12
0.3504,-0.5,0.866025,0.781831,0.62349,2,9,13,3,0.75,1,22.56,4,van,Medium,Sunny,12.79
7.6737,-0.258819,-0.965926,-0.781831,0.62349,11,2,11,8,0.2,0,149.53,2,car,High,Sunny,90.0
3.0109,-0.965926,0.258819,0.974928,-0.222521,5,4,5,0,1.0,0,256.83,6,car,Normal,Sunny,9.99
0.1645,0.5,-0.866025,0.974928,-0.222521,7,3,14,10,0.2308,0,181.92,0,car,Normal,Foggy,1.0
0.4153,-0.5,0.866025,-0.974928,-0.222521,9,0,12,11,0.0,0,146.64,4,van,High,Windy,1.0
0.6928,0.5,-0.866025,-0.781831,0.62349,9,6,10,3,0.6667,0,73.6,7,car,Normal,Sandstorm,30.24
2.4503,0.707107,-0.707107,0.0,1.0,12,0,4,3,0.0,0,246.06,7,motorcycle,Low,Sandstorm,38.77
0.1153,0.258819,-0.965926,-0.781831,0.62349,12,4,15,10,0.2857,0,91.03,6,car,Medium,Sunny,1.0
0.9869,0.866025,-0.5,-0.433884,-0.900969,2,0,9,8,0.0,0,11.55,3,motorcycle,Low,Rainy,1.67
2.321,-0.866025,-0.5,-0.781831,0.62349,5,6,10,3,0.6667,0,347.23,5,car,Jam,Sunny,90.0
0.0748,0.866025,-0.5,0.0,1.0,7,0,3,2,0.0,0,339.3,1,van,Medium,Sunny,3.85
2.2466,0.707107,-0.707107,0.0,1.0,7,8,11,2,0.8,0,77.21,6,car,Medium,Sunny,38.56
2.5183,-0.965926,-0.258819,0.974928,-0.222521,12,3,13,9,0.25,0,85.89,2,van,Normal,Sunny,58.8
0.4944,1.0,0.0,-0.974928,-0.222521,8,5,13,7,0.4167,1,208.84,3,motorcycle,Medium,Windy,1.0
0.3695,-0.258819,-0.965926,0.433884,-0.900969,5,3,7,3,0.5,0,153.87,7,motorcycle,Medium,Sunny,8.06
0.4872,-0.965926,-0.258819,-0.974928,-0.222521,12,2,5,2,0.5,1,319.6,1,motorcycle,Low,Windy,1.0
0.0873,-0.258819,-0.965926,0.781831,0.62349,9,6,8,1,0.8571,1,153.69,3,car,High,Foggy,22.53
0.8107,1.0,0.0,0.974928,-0.222521,10,1,10,8,0.1111,0,48.9,3,car,Medium,Sunny,23.37
1.3615,0.866025,-0.5,-0.781831,0.62349,8,1,6,4,0.2,0,196.8,9,car,High,Sunny,57.51
0.347,-0.5,0.866025,0.433884,-0.900969,1,7,10,2,0.7778,0,40.77,7,car,Normal,Windy,7.87
2.7828,-0.965926,0.258819,-0.974928,-0.222521,12,12,15,2,0.8571,0,161.0,3,van,Normal,Sunny,54.2
1.2183,0.258819,-0.965926,-0.433884,-0.900969,9,1,4,2,0.3333,0,207.82,6,van,High,Sandstorm,49.15
1.4148,-0.866025,0.5,0.781831,0.62349,2,0,6,5,0.0,0,340.32,2,van,High,Sunny,28.55
0.7544,1.0,0.0,-0.781831,0.62349,4,6,8,1,0.8571,0,105.61,7,motorcycle,Normal,Sunny,3.06
2.2387,1.0,0.0,-0.781831,0.62349,5,3,5,1,0.75,1,233.79,3,van,Low,Sunny,27.38
3.7661,-0.707107,0.707107,-0.974928,-0.222521,4,6,13,6,0.5,1,0.06,9,motorcycle,High,Sunny,47.7
0.7504,-0.965926,-0.258819,0.433884,-0.900969,8,1,3,1,0.5,1,313.72,8,car,Normal,Sunny,13.15
2.2773,-0.866025,-0.5,0.974928,-0.222521,7,2,3,0,1.0,0,114.15,2,car,Normal,Sunny,44.51
2.3012,0.258819,-0.965926,0.974928,-0.222521,3,2,7,4,0.3333,1,86.7,4,van,Medium,Sunny,41.59
1.6437,-0.965926,0.258819,-0.433884,-0.900969,9,2,8,5,0.2857,0,36.9,9,motorcycle,Low,Rainy,7.75
5.4369,-0.866025,-0.5,0.974928,-0.222521,4,9,12,2,0.8182,1,282.69,0,car,Low,Sunny,56.56
0.5542,-0.258819,-0.965926,0.781831,0.62349,2,1,4,2,0.3333,1,20.37,6,van,Low,Sunny,10.78
0.7405,0.0,-1.0,0.0,1.0,12,12,13,0,1.0,0,222.43,5,van,Jam,Sunny,29.93
0.5283,0.0,-1.0,0.974928,-0.222521,4,2,5,2,0.5,1,113.59,5,car,Normal,Sunny,1.0
2.2007,-0.707107,-0.707107,-0.974928,-0.222521,3,8,15,6,0.5714,0,256.01,5,car,Medium,Sunny,44.9
0.8531,-0.965926,-0.258819,-0.974928,-0.222521,9,5,9,3,0.625,0,347.69,5,motorcycle,Jam,Sandstorm,38.98
0.5707,-0.965926,0.258819,-0.974928,-0.222521,10,8,12,3,0.7273,0,98.95,3,van,Medium,Sunny,16.32
5.3655,0.0,-1.0,-0.433884,-0.900969,2,1,3,1,0.5,0,223.1,4,car,Medium,Windy,90.0
6.1659,0.5,-0.866025,-0.781831,0.62349,1,4,12,7,0.3636,0,133.39,9,motorcycle,Medium,Sunny,90.0
0.8088,-0.707107,-0.707107,-0.974928,-0.222521,11,6,8,1,0.8571,0,183.4,0,car,Normal,Sunny,26.15
0.3015,-0.707107,-0.707107,-0.974928,-0.222521,7,6,9,2,0.75,1,29.99,1,motorcycle,Medium,Sunny,2.69
6.4905,0.5,-0.866025,0.433884,-0.900969,6,0,3,2,0.0,1,73.57,0,car,Jam,Windy,90.0
1.7284,0.965926,-0.258819,0.0,1.0,6,6,11,4,0.6,0,285.92,6,van,High,Rainy,47.25
1.6482,0.258819,-0.965926,0.974928,-0.222521,8,13,15,1,0.9286,0,124.18,3,car,Medium,Sunny,12.65
1.2211,0.965926,-0.258819,-0.974928,-0.222521,9,8,15,6,0.5714,0,0.36,0,car,Normal,Foggy,9.09
0.5167,0.965926,-0.258819,-0.974928,-0.222521,1,12,14,1,0.9231,0,115.51,2,motorcycle,High,Sunny,1.0
0.7463,-0.5,0.866025,0.0,1.0,4,4,12,7,0.3636,0,241.09,2,car,Normal,Sunny,2.53
2.104,-0.965926,0.258819,0.0,1.0,12,1,5,3,0.25,1,349.77,0,car,High,Windy,58.41
0.7224,1.0,0.0,-0.433884,-0.900969,3,3,7,3,0.5,0,307.48,7,car,Normal,Sunny,3.69
1.6675,0.258819,-0.965926,-0.781831,0.62349,11,0,3,2,0.0,0,272.47,0,van,High,Sunny,40.11
1.1193,0.5,-0.866025,-0.974928,-0.222521,5,0,5,4,0.0,1,334.55,8,motorcycle,High,Sunny,23.93
0.4049,-0.5,0.866025,-0.781831,0.62349,3,3,6,2,0.6,1,237.39,9,motorcycle,Medium,Windy,1.0
5.1556,-0.258819,-0.965926,0.0,1.0,8,0,11,10,0.0,0,186.9,9,car,Normal,Sunny,69.76
1.9432,0.5,-0.866025,-0.781831,0.62349,8,0,3,2,0.0,0,194.25,2,car,High,Rainy,68.49
1.513,-0.866025,-0.5,0.0,1.0,5,6,15,8,0.4286,1,339.92,2,car,Normal,Sunny,38.48
1.8725,-0.5,-0.866025,-0.781831,0.62349,10,2,12,9,0.1818,0,0.77,9,van,Normal,Rainy,43.55
0.2012,0.707107,-0.707107,-0.781831,0.62349,1,1,11,9,0.1,0,185.64,6,motorcycle,Medium,Sunny,5.94
0.6918,0.258819,-0.965926,0.433884,-0.900969,2,5,10,4,0.5556,1,276.87,5,van,Medium,Windy,12.52
0.259,0.866025,-0.5,0.433884,-0.900969,8,1,6,4,0.2,0,13.72,8,van,Medium,Sunny,6.0
1.2441,-0.965926,-0.258819,0.433884,-0.900969,7,6,10,3,0.6667,0,296.34,1,car,Normal,Sunny,25.15
1.5062,-0.5,0.866025,0.433884,-0.900969,9,4,11,6,0.4,1,303.83,4,motorcycle,Medium,Sunny,11.07
1.264,-0.965926,0.258819,-0.974928,-0.222521,11,2,14,11,0.1538,0,188.49,1,car,High,Windy,24.84
3.386,0.0,-1.0,0.781831,0.62349,12,7,11,3,0.7,0,298.36,7,car,Low,Sunny,24.7
0.2665,-0.5,-0.866025,0.781831,0.62349,7,12,13,0,1.0,0,51.35,2,car,Medium,Sunny,9.09
0.5172,0.965926,-0.258819,-0.781831,0.62349,7,5,8,2,0.7143,1,339.5,1,car,Medium,Foggy,11.42
1.6383,0.0,-1.0,-0.974928,-0.222521,12,1,8,6,0.1429,0,17.58,3,car,High,Sunny,31.53
1.4201,1.0,0.0,0.433884,-0.900969,12,7,13,5,0.5833,0,13.41,5,car,Medium,Sunny,31.77
0.3167,-1.0,-0.0,0.781831,0.62349,1,1,10,8,0.1111,0,188.65,2,car,High,Sunny,11.28
3.4442,-0.707107,0.707107,-0.781831,0.62349,7,0,8,7,0.0,0,264.69,9,van,Normal,Sunny,26.88
4.7878,0.707107,-0.707107,-0.781831,0.62349,12,1,8,6,0.1429,0,252.02,8,car,Normal,Sunny,84.37
1.6558,-0.965926,-0.258819,0.974928,-0.222521,1,8,10,1,0.8889,0,198.08,9,car,Jam,Windy,72.94
0.2635,-0.866025,-0.5,0.433884,-0.900969,12,10,11,0,1.0,1,282.1,3,motorcycle,High,Sunny,2.58
1.2863,-0.258819,-0.965926,0.974928,-0.222521,9,4,7,2,0.6667,0,218.78,3,van,Medium,Sunny,28.67
1.527,-1.0,-0.0,-0.974928,-0.222521,2,3,4,0,1.0,0,306.07,5,van,Medium,Windy,57.84
0.8536,-0.965926,-0.258819,-0.433884,-0.900969,8,5,14,8,0.3846,1,41.68,9,car,Medium,Sunny,18.79
3.9744,0.5,-0.866025,0.433884,-0.900969,6,0,6,5,0.0,1,353.31,5,motorcycle,Low,Sunny,38.35
0.9899,-0.965926,0.258819,-0.781831,0.62349,5,4,5,0,1.0,1,317.06,3,car,High,Rainy,9.32
8.1606,-0.965926,-0.258819,-0.433884,-0.900969,8,4,6,1,0.8,1,322.3,6,car,High,Sunny,90.0
2.3256,0.258819,-0.965926,0.433884,-0.900969,9,9,14,4,0.6923,1,130.9,1,motorcycle,Medium,Sunny,24.11
1.4366,-1.0,-0.0,-0.781831,0.62349,11,0,5,4,0.0,1,340.87,9,van,Normal,Sandstorm,40.54
2.6496,-0.866025,-0.5,0.433884,-0.900969,6,11,12,0,1.0,0,50.94,6,van,Normal,Windy,67.29
4.732,0.965926,-0.258819,0.974928,-0.222521,2,0,8,7,0.0,0,28.04,4,van,Normal,Sandstorm,90.0
2.5963,0.866025,-0.5,0.974928,-0.222521,11,0,10,9,0.0,1,143.54,0,van,High,Sandstorm,90.0
1.0284,0.258819,-0.965926,0.781831,0.62349,5,0,12,11,0.0,0,335.91,3,car,Medium,Sunny,8.5
0.5904,1.0,0.0,0.781831,0.62349,10,4,5,0,1.0,1,348.43,5,car,Normal,Sunny,7.32
0.3806,0.0,-1.0,0.0,1.0,10,6,8,1,0.8571,0,177.67,9,car,Medium,Windy,1.0
0.1088,-0.258819,-0.965926,-0.974928,-0.222521,1,1,13,11,0.0833,0,270.69,4,car,Jam,Windy,11.95
1.3041,-0.965926,0.258819,-0.433884,-0.900969,5,6,15,8,0.4286,0,193.77,9,motorcycle,Normal,Windy,12.26
0.7647,0.866025,-0.5,-0.781831,0.62349,2,7,14,6,0.5385,0,40.84,5,car,Medium,Sunny,16.47
0.8046,-0.707107,-0.707107,-0.433884,-0.900969,8,3,6,2,0.6,0,235.13,7,van,Medium,Sandstorm,28.96
2.9371,-0.965926,-0.258819,0.0,1.0,10,1,6,4,0.2,1,52.87,0,van,Normal,Sunny,76.57
0.9936,-0.258819,-0.965926,-0.433884,-0.900969,7,0,15,14,0.0,0,236.23,7,van,Medium,Sunny,22.01
6.6882,-0.707107,0.707107,0.781831,0.62349,4,0,11,10,0.0,1,86.56,2,car,Medium,Sunny,79.1
0.6412,0.258819,-0.965926,0.0,1.0,12,4,5,0,1.0,0,94.8,4,car,Normal,Sunny,1.0
0.4394,0.0,-1.0,-0.433884,-0.900969,2,6,11,4,0.6,0,242.97,3,motorcycle,Normal,Windy,5.12
0.3346,1.0,0.0,0.0,1.0,2,6,7,0,1.0,0,167.38,5,van,High,Sunny,8.99
2.1959,0.0,-1.0,0.974928,-0.222521,5,4,5,0,1.0,0,298.89,6,motorcycle,Normal,Windy,25.53
3.3,1.0,0.0,-0.781831,0.62349,12,1,5,3,0.25,0,244.9,3,motorcycle,Medium,Sunny,45.08
0.6283,-0.5,0.866025,0.781831,0.62349,11,0,7,6,0.0,0,106.2,0,van,Medium,Sunny,1.0
0.4022,0.5,-0.866025,-0.433884,-0.900969,7,3,6,2,0.6,0,279.76,6,car,High,Sunny,1.0
4.7292,-0.965926,0.258819,0.974928,-0.222521,12,2,13,10,0.1667,0,23.28,4,van,High,Sunny,90.0
0.2786,0.965926,-0.258819,0.0,1.0,11,3,5,1,0.75,0,264.54,8,car,High,Windy,1.0
2.8855,0.5,-0.866025,0.781831,0.62349,8,4,5,0,1.0,0,138.74,6,van,Medium,Sunny,90.0
0.6425,0.866025,-0.5,0.0,1.0,2,10,11,0,1.0,1,108.76,3,motorcycle,Medium,Sunny,17.16
1.6116,0.0,-1.0,0.781831,0.62349,11,2,8,5,0.2857,0,188.16,0,van,Normal,Sunny,33.62
3.0743,-0.866025,-0.5,0.781831,0.62349,8,2,5,2,0.5,0,326.56,5,car,Normal,Sunny,60.36
1.7375,-0.258819,-0.965926,-0.781831,0.62349,2,2,3,0,1.0,1,92.43,7,car,Medium,Sunny,39.8
0.8349,-0.866025,-0.5,-0.974928,-0.222521,11,0,4,3,0.0,0,359.78,7,motorcycle,Normal,Foggy,8.55
4.1632,-0.965926,0.258819,0.974928,-0.222521,5,3,6,2,0.6,0,212.0,3,car,Medium,Sunny,55.34
1.4545,1.0,0.0,-0.974928,-0.222521,10,2,6,3,0.4,0,90.76,2,car,Normal,Sunny,18.61
15.0,-0.258819,-0.965926,0.781831,0.62349,4,5,10,4,0.5556,1,248.8,0,car,Low,Rainy,90.0
0.2187,-0.866025,-0.5,-0.433884,-0.900969,1,7,11,3,0.7,1,264.74,6,car,Normal,Windy,1.0
0.2157,-0.5,-0.866025,0.781831,0.62349,6,4,5,0,1.0,1,191.35,2,car,High,Sunny,1.0
2.8421,0.866025,-0.5,-0.433884,-0.900969,6,3,8,4,0.4286,1,47.01,7,van,Medium,Windy,89.48
1.0723,0.707107,-0.707107,0.974928,-0.222521,11,2,9,6,0.25,1,293.44,5,car,High,Rainy,42.19
2.3466,0.0,-1.0,-0.781831,0.62349,2,0,5,4,0.0,1,291.69,0,car,Medium,Sunny,29.86
0.3893,-0.965926,-0.258819,-0.974928,-0.222521,11,6,9,2,0.75,1,275.48,6,car,High,Sunny,10.29
1.1635,-0.5,0.866025,0.974928,-0.222521,2,2,3,0,1.0,1,272.05,2,car,High,Rainy,18.64
1.7065,0.0,-1.0,0.0,1.0,12,2,7,4,0.3333,1,137.28,8,car,Low,Sandstorm,10.5
0.6593,-0.5,-0.866025,0.974928,-0.222521,9,10,12,1,0.9091,0,177.38,0,van,Jam,Foggy,34.5
1.3775,0.258819,-0.965926,0.781831,0.62349,5,2,6,3,0.4,0,238.13,3,car,Low,Sunny,9.88
0.3032,1.0,0.0,0.974928,-0.222521,12,5,12,6,0.4545,0,59.65,0,car,Medium,Rainy,1.0
1.6081,0.0,-1.0,-0.433884,-0.900969,5,0,4,3,0.0,1,217.52,6,car,High,Sunny,33.03
4.3631,0.258819,-0.965926,-0.781831,0.62349,8,4,8,3,0.5714,1,39.67,4,car,Normal,Windy,55.46
0.3411,0.866025,-0.5,0.0,1.0,1,8,14,5,0.6154,0,305.22,5,car,Medium,Rainy,16.08
0.322,-0.965926,-0.258819,0.433884,-0.900969,2,4,9,4,0.5,0,43.14,7,car,Normal,Sunny,8.38
3.4227,0.5,-0.866025,0.781831,0.62349,5,6,13,6,0.5,0,278.07,8,motorcycle,Low,Sunny,44.01
0.3167,0.707107,-0.707107,0.433884,-0.900969,3,3,6,2,0.6,0,79.92,3,car,Low,Sunny,12.55
2.4561,0.0,-1.0,-0.433884,-0.900969,3,3,5,1,0.75,0,334.21,5,van,Low,Sandstorm,47.2
1.1648,-0.5,0.866025,-0.974928,-0.222521,5,0,9,8,0.0,0,236.87,6,car,Low,Sunny,1.1
0.7431,-0.866025,-0.5,0.433884,-0.900969,8,3,6,2,0.6,0,155.21,8,car,Medium,Rainy,28.77
4.4513,-0.258819,-0.965926,0.781831,0.62349,2,5,12,6,0.4545,1,15.71,1,car,Medium,Sunny,69.77
2.6691,-0.965926,0.258819,-0.781831,0.62349,10,2,7,4,0.3333,0,218.58,5,van,Medium,Sunny,57.3
1.4416,1.0,0.0,0.974928,-0.222521,11,5,13,7,0.4167,0,136.09,8,motorcycle,Medium,Sunny,1.0
0.143,0.258819,-0.965926,0.433884,-0.900969,11,2,3,0,1.0,1,287.39,2,car,Low,Rainy,1.0
2.1742,-0.707107,-0.707107,-0.433884,-0.900969,3,6,7,0,1.0,0,285.38,3,car,Normal,Sunny,27.07
0.3996,-0.5,-0.866025,0.781831,0.62349,11,1,6,4,0.2,0,247.33,4,car,High,Sunny,5.23
0.8956,-0.965926,-0.258819,-0.781831,0.62349,2,0,11,10,0.0,0,96.42,7,car,Jam,Sunny,27.08
1.1129,-0.965926,-0.258819,0.0,1.0,2,1,5,3,0.25,0,62.26,6,van,Medium,Rainy,40.84
6.7021,-0.258819,-0.965926,0.781831,0.62349,9,2,9,6,0.25,1,178.94,1,car,Low,Sandstorm,88.65
0.8689,-0.707107,0.707107,-0.781831,0.62349,10,0,7,6,0.0,0,162.85,2,car,High,Sunny,6.9
0.286,-0.707107,0.707107,0.433884,-0.900969,2,5,12,6,0.4545,1,242.26,8,motorcycle,High,Sunny,1.0
4.4645,-0.5,-0.866025,-0.781831,0.62349,5,3,7,3,0.5,0,191.81,6,car,Medium,Sunny,64.2
2.2022,-0.707107,0.707107,-0.781831,0.62349,5,9,11,1,0.9,1,178.18,5,car,Normal,Sunny,17.42
2.2815,-0.866025,-0.5,-0.781831,0.62349,9,2,4,1,0.6667,0,173.09,4,van,Low,Sandstorm,63.35
4.5449,0.866025,-0.5,-0.974928,-0.222521,7,5,12,6,0.4545,0,181.53,9,car,Medium,Sunny,87.99
5.6806,0.866025,-0.5,-0.433884,-0.900969,8,7,11,3,0.7,1,313.98,8,car,Jam,Sunny,90.0
0.4737,0.965926,-0.258819,-0.433884,-0.900969,1,1,5,3,0.25,0,61.51,4,car,Medium,Windy,9.21
0.2948,0.707107,-0.707107,-0.433884,-0.900969,12,0,4,3,0.0,0,6.75,3,motorcycle,Normal,Sunny,1.0
2.4605,0.258819,-0.965926,0.781831,0.62349,7,3,7,3,0.5,0,79.87,8,car,Medium,Sunny,35.11
0.8613,0.965926,-0.258819,-0.974928,-0.222521,9,7,15,7,0.5,0,111.7,3,car,High,Sunny,15.5
0.9388,-0.866025,-0.5,0.781831,0.62349,6,1,6,4,0.2,1,220.47,4,car,Medium,Sunny,17.24
0.3808,0.0,-1.0,0.433884,-0.900969,3,8,9,0,1.0,0,303.35,9,car,High,Windy,23.59
1.9246,-0.866025,-0.5,0.974928,-0.222521,9,4,8,3,0.5714,1,256.7,1,van,Normal,Sunny,56.84
1.6193,-0.5,-0.866025,-0.974928,-0.222521,4,3,6,2,0.6,0,359.39,7,car,Normal,Sunny,11.56
0.9534,0.5,-0.866025,0.781831,0.62349,3,6,9,2,0.75,0,0.26,6,van,Medium,Sunny,32.05
0.2955,-0.866025,-0.5,0.781831,0.62349,7,1,5,3,0.25,1,68.44,3,van,Medium,Windy,15.81
3.4858,-0.5,0.866025,-0.974928,-0.222521,5,5,11,5,0.5,1,31.35,1,motorcycle,Jam,Sunny,52.81
1.4091,0.258819,-0.965926,0.433884,-0.900969,11,4,5,0,1.0,0,238.89,8,car,Medium,Sunny,10.92
3.1962,0.258819,-0.965926,-0.974928,-0.222521,8,6,10,3,0.6667,1,153.71,7,motorcycle,Normal,Sunny,17.95
0.1499,-0.5,-0.866025,-0.781831,0.62349,5,5,7,1,0.8333,0,112.07,8,van,Normal,Sunny,6.47
1.1665,-0.965926,0.258819,-0.974928,-0.222521,1,0,10,9,0.0,0,112.56,3,car,Medium,Sunny,20.37
0.5593,-0.707107,-0.707107,0.974928,-0.222521,5,7,10,2,0.7778,1,321.47,9,van,Normal,Sunny,11.25
1.1438,-0.866025,0.5,0.781831,0.62349,2,7,11,3,0.7,0,27.18,7,motorcycle,High,Sandstorm,31.56
2.7076,0.965926,-0.258819,-0.781831,0.62349,3,8,10,1,0.8889,0,112.82,2,car,Normal,Sunny,41.48
1.5706,0.965926,-0.258819,0.974928,-0.222521,4,5,6,0,1.0,0,179.96,4,motorcycle,Normal,Windy,25.36
1.1244,0.0,-1.0,-0.974928,-0.222521,8,1,10,8,0.1111,1,148.17,3,car,Medium,Sunny,31.06
1.1187,0.707107,-0.707107,-0.974928,-0.222521,2,2,5,2,0.5,0,247.51,5,van,Low,Sunny,17.5
0.2511,1.0,0.0,0.433884,-0.900969,2,7,8,0,1.0,1,218.7,1,motorcycle,Medium,Sunny,1.0
0.4671,0.707107,-0.707107,0.781831,0.62349,1,4,5,0,1.0,0,288.17,7,car,Medium,Sunny,7.03
3.2066,0.5,-0.866025,0.433884,-0.900969,12,0,9,8,0.0,0,303.9,4,motorcycle,Medium,Windy,51.09
0.6837,-0.707107,0.707107,0.781831,0.62349,12,7,13,5,0.5833,1,143.98,6,car,High,Sandstorm,7.66
3.2655,-0.965926,0.258819,0.974928,-0.222521,4,3,10,6,0.3333,0,311.79,6,van,High,Sandstorm,90.0
2.4231,0.258819,-0.965926,0.974928,-0.222521,6,2,4,1,0.6667,1,227.58,6,van,High,Sunny,53.42
2.5478,-0.5,0.866025,0.433884,-0.900969,4,1,3,1,0.5,0,309.74,7,car,Normal,Windy,27.85
1.5163,-0.866025,0.5,0.781831,0.62349,7,2,7,4,0.3333,0,167.53,6,car,Normal,Sunny,29.57
0.7304,0.5,-0.866025,-0.974928,-0.222521,7,4,10,5,0.4444,0,9.2,5,car,High,Sunny,39.26
0.9573,-0.5,-0.866025,0.0,1.0,4,5,6,0,1.0,0,236.87,5,car,Medium,Sunny,15.38
2.0307,-0.707107,0.707107,-0.781831,0.62349,8,5,15,9,0.3571,0,347.76,6,car,Medium,Sunny,19.66
0.1467,-0.258819,-0.965926,0.974928,-0.222521,1,2,10,7,0.2222,1,334.9,8,car,Medium,Windy,2.39
3.6024,0.0,-1.0,0.433884,-0.900969,8,1,14,12,0.0769,0,54.73,4,car,High,Rainy,90.0
0.6872,-0.707107,0.707107,-0.781831,0.62349,10,2,15,12,0.1429,0,176.24,3,car,Normal,Sunny,16.31
1.0182,-0.965926,-0.258819,-0.433884,-0.900969,1,0,4,3,0.0,1,314.21,2,van,Medium,Sunny,29.66
1.0266,-0.258819,-0.965926,0.0,1.0,9,0,14,13,0.0,0,149.95,1,van,Normal,Windy,29.82
1.0641,-0.866025,0.5,-0.433884,-0.900969,9,1,3,1,0.5,1,186.54,6,van,Medium,Rainy,25.37
0.3173,-1.0,-0.0,0.433884,-0.900969,12,2,4,1,0.6667,1,359.14,7,car,Medium,Windy,1.81
1.2765,0.258819,-0.965926,-0.781831,0.62349,10,7,10,2,0.7778,1,173.75,3,motorcycle,Medium,Sunny,11.86
1.9438,-0.258819,-0.965926,0.433884,-0.900969,1,6,10,3,0.6667,0,68.41,5,van,Normal,Sunny,49.18
0.1585,1.0,0.0,-0.781831,0.62349,1,2,11,8,0.2,1,13.92,3,car,High,Windy,8.98
0.3212,0.965926,-0.258819,0.433884,-0.900969,2,1,3,1,0.5,0,166.09,9,car,High,Sunny,1.99
2.5885,-0.5,0.866025,0.781831,0.62349,7,1,4,2,0.3333,1,185.26,9,van,Medium,Rainy,50.88
2.1691,1.0,0.0,0.433884,-0.900969,9,2,13,10,0.1667,1,331.18,9,car,Jam,Rainy,75.31
1.4679,-0.866025,0.5,-0.781831,0.62349,8,6,10,3,0.6667,1,285.12,8,van,Medium,Rainy,30.73
0.5781,0.707107,-0.707107,0.0,1.0,4,4,7,2,0.6667,0,22.63,8,motorcycle,High,Sunny,5.75
2.1811,-0.707107,-0.707107,0.974928,-0.222521,3,2,5,2,0.5,1,294.05,5,car,Normal,Windy,32.38
0.3525,-1.0,-0.0,0.0,1.0,1,0,5,4,0.0,1,25.03,5,car,Normal,Windy,1.0
0.97,-0.5,0.866025,-0.974928,-0.222521,5,0,6,5,0.0,1,5.06,3,motorcycle,Normal,Sunny,1.0
0.3194,0.0,-1.0,0.433884,-0.900969,4,6,9,2,0.75,0,196.91,7,van,Normal,Sunny,4.42
0.9475,-0.707107,0.707107,-0.974928,-0.222521,4,2,13,10,0.1667,1,190.73,3,car,Medium,Sunny,19.9
0.4153,-0.258819,-0.965926,-0.781831,0.62349,2,2,8,5,0.2857,1,113.92,3,motorcycle,Normal,Sunny,10.65
2.266,-0.866025,0.5,-0.974928,-0.222521,4,5,8,2,0.7143,0,165.8,9,motorcycle,Medium,Foggy,30.62
1.6678,0.965926,-0.258819,0.974928,-0.222521,11,6,15,8,0.4286,0,331.33,0,van,Normal,Sandstorm,18.37
0.6427,0.5,-0.866025,-0.781831,0.62349,3,3,4,0,1.0,1,243.5,1,van,Normal,Sunny,16.54
3.1136,-0.866025,-0.5,0.433884,-0.900969,11,1,3,1,0.5,0,123.27,7,car,Jam,Sunny,90.0
0.4455,-1.0,-0.0,-0.781831,0.62349,2,13,15,1,0.9286,0,336.22,6,car,Medium,Sunny,17.04
1.0687,-0.965926,0.258819,-0.781831,0.62349,8,5,15,9,0.3571,0,58.67,7,van,Jam,Sunny,47.29
0.6163,0.0,-1.0,0.781831,0.62349,2,0,8,7,0.0,0,63.07,4,car,Medium,Sunny,10.92
2.2373,-0.866025,-0.5,-0.974928,-0.222521,5,4,6,1,0.8,0,83.88,0,van,Low,Windy,48.11
2.0366,-0.866025,-0.5,-0.433884,-0.900969,12,2,4,1,0.6667,1,83.7,2,motorcycle,Medium,Windy,44.34
3.8071,-0.5,0.866025,-0.974928,-0.222521,10,3,4,0,1.0,0,25.56,8,car,Medium,Sandstorm,53.46
1.1958,0.965926,-0.258819,0.781831,0.62349,7,1,14,12,0.0769,1,111.48,6,van,Low,Rainy,13.91
0.0664,1.0,0.0,0.433884,-0.900969,8,6,12,5,0.5455,0,197.51,8,car,High,Sunny,1.0
0.7339,-0.707107,-0.707107,0.781831,0.62349,8,9,13,3,0.75,1,80.2,0,motorcycle,Medium,Windy,10.21
4.889,1.0,0.0,-0.781831,0.62349,10,3,9,5,0.375,0,38.46,3,car,High,Sunny,83.98
0.8116,0.707107,-0.707107,-0.781831,0.62349,8,2,11,8,0.2,0,234.17,6,van,Medium,Sunny,14.9
0.1788,-0.5,-0.866025,-0.433884,-0.900969,7,4,14,9,0.3077,0,151.2,0,van,Medium,Sunny,1.0
1.6936,0.5,-0.866025,0.0,1.0,1,0,7,6,0.0,1,235.2,4,car,Normal,Sunny,11.48
1.8182,0.5,-0.866025,-0.433884,-0.900969,12,6,10,3,0.6667,0,89.29,8,van,Jam,Sunny,90.0
0.5539,0.258819,-0.965926,0.433884,-0.900969,7,4,6,1,0.8,0,272.19,1,van,Medium,Sunny,12.4
0.8742,-0.965926,-0.258819,-0.974928,-0.222521,4,4,9,4,0.5,1,350.2,0,van,Normal,Sunny,30.44
0.4941,0.0,-1.0,0.0,1.0,2,0,5,4,0.0,1,94.04,6,van,Low,Rainy,14.01
1.8156,-0.965926,0.258819,0.974928,-0.222521,8,3,5,1,0.75,0,230.17,2,motorcycle,Medium,Sunny,22.61
1.1662,0.866025,-0.5,0.974928,-0.222521,10,6,7,0,1.0,0,275.42,1,car,Jam,Sunny,53.13
0.3651,0.965926,-0.258819,-0.781831,0.62349,10,9,15,5,0.6429,1,195.58,5,van,High,Foggy,13.01
1.0952,0.866025,-0.5,0.974928,-0.222521,11,0,6,5,0.0,1,104.81,6,car,High,Sunny,40.73
0.5508,-0.707107,0.707107,-0.781831,0.62349,11,4,11,6,0.4,0,77.19,8,van,Jam,Sunny,11.22
4.4283,0.5,-0.866025,-0.781831,0.62349,8,5,10,4,0.5556,0,232.77,1,van,High,Rainy,90.0
2.5832,1.0,0.0,-0.433884,-0.900969,12,9,10,0,1.0,1,172.76,7,car,Normal,Sunny,25.95
0.984,0.258819,-0.965926,0.781831,0.62349,1,1,4,2,0.3333,0,301.42,6,car,Medium,Sunny,29.9
1.1936,-0.965926,-0.258819,0.781831,0.62349,5,0,13,12,0.0,0,32.17,6,motorcycle,Low,Sunny,5.95
2.8953,0.0,-1.0,0.0,1.0,6,9,13,3,0.75,1,11.78,2,car,Normal,Sunny,48.82
0.9371,0.0,-1.0,-0.974928,-0.222521,9,2,4,1,0.6667,1,133.51,8,van,Medium,Sandstorm,18.4
2.2716,0.965926,-0.258819,-0.974928,-0.222521,4,1,8,6,0.1429,1,170.77,1,car,Normal,Sunny,25.58
4.4975,-0.965926,-0.258819,0.974928,-0.222521,4,5,14,8,0.3846,0,230.24,6,motorcycle,Jam,Windy,90.0
0.6933,0.707107,-0.707107,-0.974928,-0.222521,11,0,6,5,0.0,0,41.06,1,car,Jam,Windy,21.73
5.2795,0.965926,-0.258819,-0.433884,-0.900969,8,1,9,7,0.125,0,211.43,6,car,Normal,Foggy,66.68
4.0043,-1.0,-0.0,-0.974928,-0.222521,8,4,13,8,0.3333,0,292.69,4,motorcycle,High,Sunny,90.0
1.3995,-0.707107,0.707107,0.0,1.0,3,1,13,11,0.0833,1,327.44,1,motorcycle,Medium,Sunny,7.94
0.7249,-0.866025,-0.5,0.781831,0.62349,7,2,8,5,0.2857,0,323.91,1,car,Normal,Rainy,7.28
1.3831,-0.707107,0.707107,-0.974928,-0.222521,6,7,12,4,0.6364,0,186.65,4,car,Normal,Windy,19.2
0.8761,0.0,-1.0,0.974928,-0.222521,8,5,15,9,0.3571,0,323.73,3,van,Normal,Sunny,15.86
0.5204,-0.5,-0.866025,-0.781831,0.62349,12,1,8,6,0.1429,0,193.54,4,motorcycle,Normal,Sunny,6.81
1.8325,0.0,-1.0,-0.781831,0.62349,4,9,15,5,0.6429,0,26.41,4,car,Normal,Sandstorm,41.25
0.418,-0.5,-0.866025,0.0,1.0,10,11,13,1,0.9167,0,350.52,0,van,Normal,Sunny,18.64
0.8012,-0.707107,0.707107,0.974928,-0.222521,8,6,11,4,0.6,1,0.94,4,van,Normal,Sunny,1.0
0.8113,-0.866025,-0.5,-0.974928,-0.222521,6,3,12,8,0.2727,0,102.89,4,van,Jam,Rainy,56.87
0.3021,1.0,0.0,0.0,1.0,12,4,5,0,1.0,0,16.7,3,van,Low,Sunny,1.0
2.0659,-0.707107,-0.707107,-0.781831,0.62349,2,1,3,1,0.5,0,195.72,2,van,Normal,Sunny,71.79
0.8897,0.0,-1.0,0.0,1.0,9,0,13,12,0.0,0,204.28,1,car,Medium,Windy,17.52
3.7958,-0.707107,-0.707107,0.0,1.0,5,7,12,4,0.6364,0,229.66,0,motorcycle,Normal,Rainy,65.41
0.876,-0.707107,-0.707107,0.433884,-0.900969,9,10,15,4,0.7143,0,50.53,6,motorcycle,Medium,Sunny,9.47
0.7511,-0.866025,-0.5,0.781831,0.62349,2,1,9,7,0.125,0,6.27,5,van,Low,Windy,11.11
0.4679,-0.866025,0.5,-0.433884,-0.900969,9,3,8,4,0.4286,0,95.65,8,car,Medium,Sunny,15.34
1.1469,-0.866025,0.5,0.974928,-0.222521,1,0,13,12,0.0,0,18.54,2,car,Medium,Sunny,20.16
1.1531,-0.5,0.866025,0.781831,0.62349,5,7,15,7,0.5,1,12.7,4,van,Medium,Rainy,32.75
2.236,-0.866025,-0.5,-0.974928,-0.222521,11,5,13,7,0.4167,0,95.02,1,car,Medium,Sunny,43.76
1.1778,0.5,-0.866025,0.781831,0.62349,8,3,13,9,0.25,0,359.58,9,motorcycle,Medium,Sunny,16.02
8.0786,0.707107,-0.707107,0.433884,-0.900969,6,2,5,2,0.5,0,289.22,7,car,Normal,Sandstorm,90.0
1.7047,-0.866025,0.5,0.781831,0.62349,4,9,14,4,0.6923,1,130.23,1,van,Normal,Sunny,30.9
0.4328,-0.707107,0.707107,0.0,1.0,2,1,3,1,0.5,1,135.39,8,motorcycle,Medium,Sunny,6.64
0.3994,1.0,0.0,0.781831,0.62349,2,9,12,2,0.8182,1,334.74,9,car,Low,Sandstorm,1.0
1.8369,0.707107,-0.707107,0.781831,0.62349,9,2,5,2,0.5,0,238.31,6,car,Normal,Sunny,21.93
0.42,-0.965926,-0.258819,0.974928,-0.222521,4,1,3,1,0.5,0,301.31,9,van,Medium,Windy,16.74
1.9447,0.866025,-0.5,0.433884,-0.900969,1,7,12,4,0.6364,0,311.2,1,van,Normal,Sunny,30.55
2.5879,1.0,0.0,0.0,1.0,6,1,7,5,0.1667,1,60.94,2,car,Low,Sunny,13.08
2.6479,-0.5,0.866025,0.0,1.0,5,11,14,2,0.8462,0,5.8,6,van,Medium,Windy,40.86
0.484,0.965926,-0.258819,0.0,1.0,12,3,6,2,0.6,0,96.57,5,motorcycle,Normal,Sunny,1.0
2.6522,0.707107,-0.707107,-0.433884,-0.900969,3,4,12,7,0.3636,0,213.99,7,car,High,Rainy,88.14
1.5015,-0.5,0.866025,-0.781831,0.62349,4,2,11,8,0.2,0,327.08,9,car,Jam,Rainy,34.97
0.6203,0.965926,-0.258819,0.0,1.0,2,10,13,2,0.8333,1,111.1,2,car,Jam,Sandstorm,16.25
0.9499,-0.965926,0.258819,0.0,1.0,3,0,14,13,0.0,1,306.05,8,car,Medium,Sunny,7.17
1.7293,-0.707107,-0.707107,-0.974928,-0.222521,7,0,10,9,0.0,0,238.39,1,car,Normal,Sunny,40.65
0.5832,-0.707107,-0.707107,-0.974928,-0.222521,3,4,7,2,0.6667,0,235.62,4,car,Medium,Rainy,18.55
1.4722,-0.866025,0.5,-0.974928,-0.222521,9,4,9,4,0.5,0,257.86,4,van,Medium,Sunny,30.29
4.3637,1.0,0.0,0.781831,0.62349,10,1,10,8,0.1111,1,184.15,8,car,Medium,Windy,66.06
2.7617,0.965926,-0.258819,-0.781831,0.62349,6,5,15,9,0.3571,0,242.49,4,motorcycle,Normal,Sandstorm,22.2
1.1947,0.707107,-0.707107,-0.433884,-0.900969,3,3,5,1,0.75,0,285.58,8,car,Low,Sunny,9.18
1.3805,-0.5,-0.866025,0.781831,0.62349,10,1,4,2,0.3333,0,212.18,1,car,Normal,Sunny,1.0
0.6629,-0.5,0.866025,0.0,1.0,12,4,9,4,0.5,1,14.12,9,van,Normal,Windy,2.83
0.6809,0.965926,-0.258819,-0.433884,-0.900969,12,0,8,7,0.0,0,183.81,1,motorcycle,Normal,Sunny,1.0
0.2566,-0.258819,-0.965926,-0.974928,-0.222521,12,10,14,3,0.7692,0,214.91,5,car,Jam,Sunny,12.92
1.4029,-0.258819,-0.965926,-0.974928,-0.222521,10,0,6,5,0.0,0,315.13,4,car,Low,Sunny,8.51
2.1136,0.707107,-0.707107,-0.433884,-0.900969,9,0,4,3,0.0,1,1.88,0,car,Medium,Sandstorm,64.25
1.0332,0.258819,-0.965926,0.433884,-0.900969,12,1,4,2,0.3333,1,17.49,5,van,Jam,Sunny,36.67
0.4802,0.707107,-0.707107,-0.433884,-0.900969,5,6,14,7,0.4615,1,132.46,8,car,Normal,Sunny,8.89
1.1768,0.866025,-0.5,0.0,1.0,12,2,10,7,0.2222,0,289.07,5,car,Medium,Windy,25.78
3.9538,-0.5,-0.866025,0.974928,-0.222521,1,12,15,2,0.8571,0,174.36,7,car,Medium,Sandstorm,79.33
2.5937,-0.707107,0.707107,0.0,1.0,10,2,6,3,0.4,0,109.89,9,car,Normal,Foggy,35.85
1.0747,0.0,-1.0,-0.974928,-0.222521,5,0,4,3,0.0,0,249.57,3,motorcycle,Medium,Sunny,5.55
7.7296,-0.866025,-0.5,-0.433884,-0.900969,4,4,9,4,0.5,0,181.57,0,van,High,Rainy,90.0
14.3504,-0.965926,-0.258819,-0.974928,-0.222521,9,0,5,4,0.0,1,206.54,6,car,High,Sandstorm,90.0
0.7004,-0.866025,0.5,0.433884,-0.900969,3,0,4,3,0.0,0,154.2,7,car,High,Windy,12.69
0.8749,-0.866025,0.5,-0.781831,0.62349,12,8,14,5,0.6154,0,261.02,1,car,Jam,Sunny,19.63
2.1354,-0.707107,0.707107,-0.781831,0.62349,9,4,8,3,0.5714,0,5.61,3,car,Normal,Sunny,29.32
0.4643,-0.965926,0.258819,-0.433884,-0.900969,1,1,3,1,0.5,0,0.6,3,van,High,Sunny,3.52
2.4761,-0.707107,0.707107,-0.974928,-0.222521,11,1,5,3,0.25,1,245.82,7,motorcycle,Medium,Sunny,24.55
1.217,-0.5,0.866025,-0.433884,-0.900969,2,5,7,1,0.8333,0,9.6,8,motorcycle,Medium,Sunny,1.0
1.5731,-1.0,-0.0,-0.974928,-0.222521,10,0,14,13,0.0,0,121.39,7,motorcycle,High,Rainy,47.68
0.6398,-0.5,-0.866025,0.781831,0.62349,10,4,11,6,0.4,0,131.88,2,motorcycle,High,Sunny,7.29
0.5229,0.258819,-0.965926,-0.781831,0.62349,8,2,9,6,0.25,1,220.97,6,motorcycle,High,Rainy,5.49
0.1676,-0.707107,-0.707107,0.781831,0.62349,8,0,10,9,0.0,0,278.07,2,car,Normal,Sunny,1.0
4.5292,-0.866025,0.5,-0.433884,-0.900969,10,7,13,5,0.5833,0,295.86,6,car,Medium,Sandstorm,83.93
2.703,-1.0,-0.0,-0.433884,-0.900969,11,0,5,4,0.0,1,100.86,9,car,Normal,Sunny,44.72
2.0953,-0.5,-0.866025,0.0,1.0,9,5,9,3,0.625,0,58.43,6,van,Medium,Windy,31.4
1.5387,0.965926,-0.258819,-0.974928,-0.222521,3,6,8,1,0.8571,1,353.09,7,car,High,Sunny,22.66
0.1238,0.5,-0.866025,0.0,1.0,8,2,3,0,1.0,1,15.75,7,motorcycle,High,Rainy,9.34
0.5414,-0.707107,-0.707107,0.433884,-0.900969,3,6,10,3,0.6667,1,292.97,4,van,Medium,Sunny,13.57
0.8665,0.0,-1.0,-0.974928,-0.222521,1,2,12,9,0.1818,1,7.25,1,van,Medium,Sunny,14.0
0.3956,-0.258819,-0.965926,0.0,1.0,2,7,11,3,0.7,0,174.64,9,car,Normal,Rainy,6.56
0.2212,0.258819,-0.965926,0.974928,-0.222521,6,1,3,1,0.5,0,230.94,3,car,Normal,Sunny,6.32
0.4367,0.965926,-0.258819,0.433884,-0.900969,12,3,8,4,0.4286,0,171.98,8,car,Normal,Windy,10.32
1.158,-0.258819,-0.965926,-0.781831,0.62349,1,3,8,4,0.4286,1,203.29,8,motorcycle,Jam,Sunny,30.95
1.1583,-0.258819,-0.965926,0.974928,-0.222521,1,0,5,4,0.0,0,9.13,6,van,Normal,Sunny,30.86
2.6173,-0.965926,0.258819,0.0,1.0,2,8,10,1,0.8889,0,55.52,5,van,Jam,Sunny,90.0
7.8461,0.965926,-0.258819,0.0,1.0,3,7,9,1,0.875,0,199.19,2,car,Normal,Sunny,83.71
2.1201,-0.5,-0.866025,0.781831,0.62349,7,9,13,3,0.75,0,297.98,1,car,High,Sunny,46.86
0.9354,-0.866025,0.5,-0.781831,0.62349,10,6,12,5,0.5455,0,197.43,8,car,Medium,Sunny,7.41
6.1123,0.5,-0.866025,-0.974928,-0.222521,1,1,14,12,0.0769,0,179.81,9,van,Medium,Windy,90.0
0.2459,0.258819,-0.965926,0.974928,-0.222521,10,5,8,2,0.7143,1,355.75,6,van,Medium,Foggy,1.0
0.1534,0.965926,-0.258819,-0.974928,-0.222521,11,4,5,0,1.0,1,140.34,9,car,High,Sunny,17.4
0.476,-0.707107,-0.707107,-0.781831,0.62349,1,1,10,8,0.1111,1,138.77,2,motorcycle,Jam,Sunny,32.04
2.3907,-0.866025,0.5,-0.781831,0.62349,6,3,11,7,0.3,0,26.65,5,car,Medium,Sunny,32.04
1.2971,-0.5,-0.866025,0.0,1.0,10,6,7,0,1.0,1,281.94,1,motorcycle,Low,Sandstorm,15.99
0.3784,-0.258819,-0.965926,0.0,1.0,9,8,9,0,1.0,0,24.38,5,car,Normal,Sunny,10.63
0.5539,-1.0,-0.0,-0.974928,-0.222521,3,6,14,7,0.4615,0,49.02,8,car,High,Windy,19.58
0.3398,-0.258819,-0.965926,0.974928,-0.222521,2,3,12,8,0.2727,1,20.43,2,motorcycle,Medium,Sunny,13.97
0.3398,0.0,-1.0,0.781831,0.62349,6,2,10,7,0.2222,1,69.26,4,car,Medium,Windy,1.0
4.8235,-1.0,-0.0,-0.433884,-0.900969,11,7,15,7,0.5,1,158.0,5,car,Medium,Sandstorm,90.0
0.9644,0.5,-0.866025,0.974928,-0.222521,12,0,3,2,0.0,1,15.12,4,car,Normal,Sunny,1.0
5.9364,-0.866025,0.5,-0.781831,0.62349,6,4,9,4,0.5,0,148.12,9,car,High,Sunny,90.0
0.4745,0.5,-0.866025,-0.433884,-0.900969,7,0,6,5,0.0,1,173.18,4,van,High,Sunny,5.04
1.7622,-0.5,-0.866025,0.781831,0.62349,7,0,6,5,0.0,0,39.89,2,motorcycle,High,Sunny,9.6
1.3713,0.5,-0.866025,-0.781831,0.62349,6,0,13,12,0.0,1,19.85,3,motorcycle,High,Sunny,23.85
2.549,-0.866025,-0.5,-0.433884,-0.900969,8,9,13,3,0.75,0,113.18,3,car,High,Sandstorm,90.0
1.4075,-0.258819,-0.965926,0.974928,-0.222521,4,8,9,0,1.0,1,234.19,3,van,Medium,Sunny,27.69
2.8174,0.5,-0.866025,0.781831,0.62349,7,0,9,8,0.0,1,218.57,8,car,Jam,Sunny,90.0
1.871,-1.0,-0.0,0.433884,-0.900969,8,9,10,0,1.0,1,45.58,5,car,Normal,Sunny,27.04
0.3919,-0.707107,0.707107,-0.974928,-0.222521,7,2,14,11,0.1538,0,33.09,3,car,Medium,Sunny,5.18
2.2168,1.0,0.0,-0.974928,-0.222521,12,0,3,2,0.0,0,67.28,1,motorcycle,High,Rainy,31.14
1.0021,-0.707107,-0.707107,0.0,1.0,9,2,10,7,0.2222,1,314.77,9,motorcycle,Medium,Sunny,8.52
0.5284,-1.0,-0.0,0.433884,-0.900969,9,0,3,2,0.0,0,335.4,1,van,Normal,Sunny,20.24
2.1367,-1.0,-0.0,-0.781831,0.62349,10,14,15,0,1.0,0,187.78,3,van,Medium,Sunny,59.3
2.6524,0.707107,-0.707107,-0.433884,-0.900969,7,0,6,5,0.0,0,324.82,6,car,Normal,Foggy,43.02
0.6981,0.965926,-0.258819,0.0,1.0,4,2,3,0,1.0,0,47.3,0,van,Jam,Sandstorm,40.82
0.7921,-0.5,-0.866025,-0.781831,0.62349,7,11,13,1,0.9167,1,236.6,3,van,Normal,Sunny,1.0
0.2959,-0.866025,-0.5,-0.433884,-0.900969,12,5,12,6,0.4545,0,233.55,9,car,Normal,Windy,15.43
0.199,0.5,-0.866025,0.433884,-0.900969,11,9,14,4,0.6923,0,161.76,0,car,Medium,Sandstorm,1.0
0.8779,0.0,-1.0,-0.974928,-0.222521,5,3,7,3,0.5,0,265.61,2,car,Normal,Sandstorm,16.21
2.3454,-0.707107,-0.707107,-0.433884,-0.900969,6,5,6,0,1.0,0,171.0,0,motorcycle,Low,Sunny,13.66
0.6411,-0.258819,-0.965926,0.781831,0.62349,4,2,11,8,0.2,1,308.33,6,car,Medium,Windy,11.86
4.2905,-0.5,-0.866025,-0.974928,-0.222521,1,14,15,0,1.0,1,48.91,0,motorcycle,Medium,Sunny,39.84
0.9095,-0.965926,-0.258819,0.781831,0.62349,4,6,15,8,0.4286,0,6.23,0,car,Normal,Sunny,8.14
0.9131,-0.5,0.866025,0.781831,0.62349,2,7,8,0,1.0,0,136.12,4,van,Medium,Sunny,1.0
0.8398,-0.965926,0.258819,-0.433884,-0.900969,5,10,11,0,1.0,1,46.3,7,car,Medium,Sunny,7.42
2.8081,1.0,0.0,0.0,1.0,1,11,13,1,0.9167,0,64.49,9,car,High,Sunny,56.62
0.4444,0.258819,-0.965926,-0.433884,-0.900969,4,9,12,2,0.8182,1,17.19,2,car,Normal,Sunny,10.24
0.9777,1.0,0.0,0.433884,-0.900969,9,4,10,5,0.4444,1,155.02,5,car,Normal,Sandstorm,8.47
0.657,-0.866025,0.5,-0.974928,-0.222521,11,3,5,1,0.75,0,265.4,8,motorcycle,Jam,Sandstorm,11.79
0.6482,-0.866025,-0.5,0.781831,0.62349,11,2,11,8,0.2,0,200.4,7,car,Medium,Sunny,13.23
1.1427,0.707107,-0.707107,-0.433884,-0.900969,7,1,5,3,0.25,1,128.41,9,van,Low,Sunny,18.02
0.9924,-0.866025,0.5,0.433884,-0.900969,7,5,8,2,0.7143,1,4.22,0,car,High,Windy,20.04
3.0014,-0.707107,-0.707107,0.781831,0.62349,12,7,10,2,0.7778,1,183.26,0,car,Normal,Sunny,49.34
1.0939,1.0,0.0,0.433884,-0.900969,7,0,3,2,0.0,0,117.97,6,van,High,Sunny,25.37
1.8725,0.866025,-0.5,-0.781831,0.62349,2,7,8,0,1.0,0,85.99,3,car,High,Sandstorm,66.76
1.3023,-0.965926,0.258819,-0.974928,-0.222521,12,4,7,2,0.6667,1,162.56,7,motorcycle,Jam,Sunny,6.72
4.1936,0.5,-0.866025,0.781831,0.62349,8,3,4,0,1.0,1,61.22,7,motorcycle,Jam,Sunny,90.0
0.8292,-0.5,-0.866025,-0.974928,-0.222521,8,5,11,5,0.5,1,115.78,4,van,Normal,Windy,19.63
0.8314,-0.707107,0.707107,0.433884,-0.900969,2,7,12,4,0.6364,1,333.42,9,car,High,Windy,23.6
2.2429,0.5,-0.866025,0.0,1.0,6,9,14,4,0.6923,0,219.91,8,car,Normal,Sunny,45.39
0.8186,1.0,0.0,-0.781831,0.62349,6,1,12,10,0.0909,0,356.31,3,motorcycle,Medium,Windy,9.75
1.7744,0.965926,-0.258819,0.433884,-0.900969,10,1,5,3,0.25,1,226.04,0,car,Medium,Rainy,19.69
10.186,-0.707107,0.707107,-0.781831,0.62349,5,3,4,0,1.0,0,34.91,9,car,Low,Sunny,54.41
0.436,-0.866025,-0.5,0.0,1.0,5,8,13,4,0.6667,1,239.69,9,car,Low,Windy,1.0
4.7355,0.258819,-0.965926,0.781831,0.62349,9,1,3,1,0.5,1,311.71,8,van,Low,Sunny,39.47
0.6924,0.965926,-0.258819,-0.781831,0.62349,1,0,7,6,0.0,0,328.57,0,van,Normal,Sunny,2.85
3.9385,-0.965926,-0.258819,0.781831,0.62349,9,0,7,6,0.0,0,199.63,7,van,Normal,Sunny,89.45
2.1207,1.0,0.0,0.433884,-0.900969,1,2,5,2,0.5,1,43.25,9,van,Jam,Sunny,68.37
1.9548,0.965926,-0.258819,-0.433884,-0.900969,3,0,11,10,0.0,1,231.5,3,car,Medium,Sunny,34.8
0.9575,-0.866025,-0.5,-0.781831,0.62349,6,1,13,11,0.0833,1,51.47,7,motorcycle,High,Sandstorm,33.27
0.8711,-0.866025,-0.5,0.974928,-0.222521,3,8,14,5,0.6154,1,20.17,5,car,High,Sunny,26.03
0.5566,-0.707107,-0.707107,-0.974928,-0.222521,1,8,9,0,1.0,0,76.22,4,van,High,Rainy,30.37
1.1118,-0.707107,0.707107,-0.974928,-0.222521,6,6,8,1,0.8571,0,34.93,7,car,Normal,Sunny,11.43
0.928,0.5,-0.866025,-0.433884,-0.900969,9,2,5,2,0.5,1,160.34,5,motorcycle,High,Sandstorm,19.23
1.3251,-0.707107,-0.707107,0.433884,-0.900969,3,3,4,0,1.0,0,339.81,6,car,High,Sunny,54.59
0.2893,0.258819,-0.965926,0.0,1.0,4,7,13,5,0.5833,0,237.74,2,car,High,Sunny,1.0
1.1292,0.0,-1.0,0.781831,0.62349,9,12,13,0,1.0,1,250.01,2,car,Jam,Windy,27.04
3.6675,0.866025,-0.5,0.433884,-0.900969,12,3,15,11,0.2143,0,289.3,6,car,Medium,Sandstorm,90.0
2.7097,-0.965926,0.258819,0.974928,-0.222521,7,2,4,1,0.6667,0,86.12,5,car,Medium,Sunny,42.41
1.1296,-0.965926,-0.258819,0.781831,0.62349,7,7,8,0,1.0,0,206.07,3,van,High,Sunny,44.7
12.6076,-1.0,-0.0,-0.433884,-0.900969,10,10,11,0,1.0,0,256.66,8,car,Medium,Sunny,90.0
0.6386,0.866025,-0.5,0.433884,-0.900969,1,12,14,1,0.9231,0,109.46,3,motorcycle,High,Sunny,14.4
1.0178,0.866025,-0.5,-0.974928,-0.222521,12,1,8,6,0.1429,0,139.52,4,car,Low,Sunny,5.1
0.2786,-0.965926,0.258819,0.433884,-0.900969,6,2,4,1,0.6667,0,252.48,3,van,Low,Sandstorm,1.0
0.7532,-0.965926,-0.258819,0.974928,-0.222521,5,1,14,12,0.0769,0,291.05,5,car,Medium,Sunny,18.18
6.0401,1.0,0.0,0.0,1.0,8,1,4,2,0.3333,0,130.19,5,van,Low,Sunny,65.36
0.781,-0.965926,-0.258819,0.0,1.0,11,0,12,11,0.0,0,225.25,3,van,Jam,Windy,60.5
0.2589,-0.5,0.866025,0.433884,-0.900969,12,5,7,1,0.8333,0,239.15,7,car,Low,Foggy,8.55
2.5305,-1.0,-0.0,0.974928,-0.222521,10,2,3,0,1.0,1,334.39,1,motorcycle,High,Sunny,43.75
1.5996,0.5,-0.866025,-0.974928,-0.222521,6,0,9,8,0.0,1,283.49,7,car,Normal,Sunny,24.31
2.433,0.258819,-0.965926,-0.433884,-0.900969,2,6,7,0,1.0,0,70.03,0,car,Jam,Sunny,56.41
0.8334,-1.0,-0.0,0.781831,0.62349,3,6,8,1,0.8571,1,225.23,2,van,Normal,Windy,33.35
0.4245,0.0,-1.0,-0.974928,-0.222521,11,4,5,0,1.0,0,344.78,4,motorcycle,Low,Sunny,1.0
0.9283,-1.0,-0.0,0.433884,-0.900969,2,4,11,6,0.4,0,136.18,4,car,Low,Sunny,13.28
1.8722,-0.5,0.866025,-0.781831,0.62349,6,5,6,0,1.0,0,275.5,6,car,Medium,Sunny,13.81
1.0318,0.0,-1.0,-0.781831,0.62349,5,3,4,0,1.0,0,194.12,9,motorcycle,Jam,Rainy,13.78
1.5977,-0.707107,-0.707107,-0.781831,0.62349,9,4,8,3,0.5714,1,157.61,7,van,Jam,Sunny,86.59
0.6637,-0.5,-0.866025,0.0,1.0,5,1,5,3,0.25,0,205.3,5,motorcycle,Normal,Windy,3.71
1.6551,-0.5,-0.866025,0.433884,-0.900969,9,7,10,2,0.7778,0,153.05,0,van,Medium,Sunny,36.38
1.102,0.965926,-0.258819,0.0,1.0,7,0,9,8,0.0,1,114.49,9,van,Normal,Sunny,20.78
0.5652,-0.5,0.866025,-0.781831,0.62349,11,4,13,8,0.3333,0,274.0,3,car,Medium,Sunny,1.0
1.2623,-0.707107,-0.707107,-0.433884,-0.900969,3,0,15,14,0.0,0,191.77,6,motorcycle,Medium,Sunny,23.39
0.7654,0.707107,-0.707107,0.781831,0.62349,10,3,4,0,1.0,1,336.55,8,car,Normal,Sunny,19.88
1.9864,-0.707107,-0.707107,-0.433884,-0.900969,9,0,3,2,0.0,0,3.15,6,van,Medium,Sunny,65.71
2.5332,0.0,-1.0,0.433884,-0.900969,10,6,8,1,0.8571,1,276.97,1,car,High,Sunny,55.21
1.7797,-0.965926,0.258819,0.433884,-0.900969,6,1,3,1,0.5,0,56.64,2,van,Low,Sunny,19.45
0.2338,-1.0,-0.0,0.433884,-0.900969,4,6,14,7,0.4615,1,274.04,9,van,Normal,Sunny,6.88
0.442,0.0,-1.0,-0.781831,0.62349,7,8,13,4,0.6667,0,313.28,7,van,Normal,Sunny,19.26
0.6037,-1.0,-0.0,-0.974928,-0.222521,12,0,8,7,0.0,0,282.26,6,motorcycle,Normal,Sunny,21.4
0.5187,1.0,0.0,0.974928,-0.222521,3,12,15,2,0.8571,1,213.78,4,car,Normal,Sunny,10.82
0.6599,-0.5,0.866025,-0.974928,-0.222521,8,2,9,6,0.25,0,44.18,9,van,Medium,Windy,10.53
2.6618,-0.5,-0.866025,0.0,1.0,3,8,10,1,0.8889,1,345.74,7,car,Normal,Rainy,33.91
2.1462,-0.965926,-0.258819,0.781831,0.62349,10,11,13,1,0.9167,1,117.49,7,car,High,Windy,70.59
0.7389,-0.866025,-0.5,0.0,1.0,6,5,10,4,0.5556,0,10.16,9,car,High,Sunny,24.06
1.9391,0.258819,-0.965926,-0.781831,0.62349,11,7,12,4,0.6364,0,0.68,9,car,Jam,Foggy,61.97
1.5104,-0.965926,-0.258819,0.0,1.0,2,5,6,0,1.0,0,265.9,8,car,Medium,Foggy,58.34
1.0712,0.0,-1.0,-0.781831,0.62349,2,3,9,5,0.375,1,299.89,6,van,Normal,Sunny,13.26
3.2898,-0.965926,-0.258819,-0.974928,-0.222521,12,5,13,7,0.4167,0,289.09,2,van,Low,Sunny,67.22
0.5896,0.965926,-0.258819,-0.781831,0.62349,5,14,15,0,1.0,1,201.25,2,van,Normal,Windy,1.0
1.162,0.866025,-0.5,-0.974928,-0.222521,2,2,5,2,0.5,1,227.48,1,car,Jam,Foggy,56.05
0.4073,-0.707107,0.707107,0.433884,-0.900969,11,1,3,1,0.5,1,326.45,8,car,Jam,Sandstorm,8.26
0.4262,-1.0,-0.0,-0.974928,-0.222521,5,0,10,9,0.0,1,238.91,3,car,Normal,Windy,9.89
0.3034,0.866025,-0.5,-0.781831,0.62349,12,0,3,2,0.0,0,126.43,2,van,Normal,Windy,4.28
0.4332,0.707107,-0.707107,-0.781831,0.62349,6,2,11,8,0.2,0,342.14,7,motorcycle,Medium,Foggy,19.26
1.196,-0.707107,-0.707107,-0.974928,-0.222521,10,6,8,1,0.8571,1,347.61,5,car,Normal,Sunny,19.1
0.8291,1.0,0.0,-0.974928,-0.222521,7,6,13,6,0.5,0,226.04,2,van,Jam,Sunny,22.86
0.8552,0.0,-1.0,-0.433884,-0.900969,6,1,5,3,0.25,1,203.8,3,car,Normal,Sandstorm,7.44
0.8318,0.258819,-0.965926,-0.781831,0.62349,6,2,3,0,1.0,1,337.27,4,car,Normal,Sunny,5.29
5.9543,0.866025,-0.5,0.433884,-0.900969,4,2,5,2,0.5,0,280.11,7,car,Medium,Sunny,90.0
0.3752,0.258819,-0.965926,0.433884,-0.900969,9,1,3,1,0.5,1,42.74,0,car,Normal,Sunny,11.34
0.339,0.5,-0.866025,-0.974928,-0.222521,7,2,4,1,0.6667,0,344.94,7,van,Normal,Sunny,1.0
0.495,0.965926,-0.258819,0.781831,0.62349,1,3,12,8,0.2727,1,260.77,0,motorcycle,High,Sunny,1.0
1.0322,-0.866025,-0.5,-0.974928,-0.222521,5,5,12,6,0.4545,0,266.04,8,car,Normal,Sunny,9.64
1.8022,0.5,-0.866025,0.0,1.0,5,7,11,3,0.7,0,144.34,1,van,Medium,Sunny,48.68
1.9891,1.0,0.0,-0.433884,-0.900969,11,2,8,5,0.2857,0,3.04,2,van,Medium,Sunny,45.95
2.7112,1.0,0.0,0.0,1.0,6,2,5,2,0.5,1,97.82,3,motorcycle,Normal,Sunny,23.06
0.9972,-0.5,0.866025,-0.781831,0.62349,7,0,13,12,0.0,1,119.2,9,van,Low,Rainy,13.71
0.7584,0.866025,-0.5,-0.974928,-0.222521,1,11,14,2,0.8462,0,164.12,3,car,Normal,Sunny,18.14
5.2163,-0.707107,0.707107,0.781831,0.62349,5,5,6,0,1.0,0,252.48,8,van,Low,Foggy,47.05
0.0785,0.866025,-0.5,0.781831,0.62349,4,9,14,4,0.6923,0,162.22,2,car,Normal,Sunny,1.0
1.1731,0.965926,-0.258819,-0.433884,-0.900969,6,5,11,5,0.5,0,133.97,3,motorcycle,High,Sunny,11.48
1.6628,-0.707107,-0.707107,-0.781831,0.62349,11,6,7,0,1.0,0,89.32,5,car,High,Sandstorm,73.83
6.5535,-0.866025,0.5,0.974928,-0.222521,12,4,5,0,1.0,0,276.66,1,van,Jam,Sandstorm,90.0
0.2282,0.965926,-0.258819,-0.781831,0.62349,4,4,10,5,0.4444,1,283.5,0,car,Medium,Sunny,3.82
0.7415,0.258819,-0.965926,0.433884,-0.900969,8,1,3,1,0.5,0,130.76,3,car,High,Windy,22.59
0.3043,-1.0,-0.0,0.433884,-0.900969,12,6,7,0,1.0,0,78.32,7,motorcycle,Medium,Windy,6.58
0.2002,0.965926,-0.258819,0.974928,-0.222521,3,2,11,8,0.2,1,79.22,1,van,Normal,Sunny,1.0
0.91,0.866025,-0.5,0.781831,0.62349,6,7,9,1,0.875,1,238.61,8,car,Normal,Sunny,2.05
2.4386,0.258819,-0.965926,0.974928,-0.222521,7,1,4,2,0.3333,0,278.13,6,motorcycle,Medium,Sunny,35.18
3.4753,-0.965926,0.258819,0.781831,0.62349,1,0,5,4,0.0,0,282.59,2,motorcycle,High,Sunny,47.17
0.6668,-0.965926,0.258819,0.974928,-0.222521,6,5,12,6,0.4545,0,313.44,1,car,Medium,Rainy,7.36
2.0817,-1.0,-0.0,0.974928,-0.222521,2,6,13,6,0.5,0,271.61,5,van,Normal,Sunny,49.54
0.9159,-0.965926,-0.258819,0.0,1.0,4,8,11,2,0.8,1,174.94,4,car,Jam,Sandstorm,65.71
1.8753,1.0,0.0,0.974928,-0.222521,2,0,5,4,0.0,1,96.25,1,van,Normal,Windy,38.19
3.3093,0.5,-0.866025,0.0,1.0,9,6,11,4,0.6,0,134.56,6,car,Jam,Foggy,90.0
0.919,-0.707107,0.707107,0.781831,0.62349,11,3,6,2,0.6,0,102.14,8,car,High,Sunny,16.56
3.0744,-1.0,-0.0,-0.974928,-0.222521,4,6,10,3,0.6667,0,35.82,4,motorcycle,High,Sunny,78.21
0.3491,0.5,-0.866025,0.0,1.0,1,8,10,1,0.8889,0,51.8,4,motorcycle,High,Sunny,9.86
2.062,-1.0,-0.0,0.974928,-0.222521,6,10,14,3,0.7692,0,4.57,8,motorcycle,Normal,Windy,29.58
2.9505,-1.0,-0.0,-0.433884,-0.900969,2,6,13,6,0.5,0,70.83,3,motorcycle,Medium,Sunny,32.09
2.6743,-1.0,-0.0,0.0,1.0,6,0,3,2,0.0,0,300.68,2,van,High,Windy,90.0
0.3585,-0.5,0.866025,-0.974928,-0.222521,7,2,3,0,1.0,0,193.37,8,van,High,Sunny,1.0
0.9089,-0.707107,-0.707107,0.0,1.0,6,13,15,1,0.9286,0,140.2,5,van,Normal,Sunny,7.02
1.4727,0.965926,-0.258819,0.0,1.0,7,0,6,5,0.0,0,85.46,9,car,Normal,Rainy,4.47
1.6835,-0.965926,0.258819,0.781831,0.62349,7,1,3,1,0.5,0,212.35,9,car,Normal,Sandstorm,17.65
1.2338,1.0,0.0,-0.781831,0.62349,2,3,5,1,0.75,1,350.42,8,car,Medium,Sunny,21.14
4.2962,-0.866025,-0.5,0.0,1.0,9,5,9,3,0.625,0,125.27,3,van,Medium,Windy,90.0
0.3228,-0.965926,0.258819,0.0,1.0,9,12,14,1,0.9231,0,305.1,7,car,High,Sunny,8.8
0.8796,0.866025,-0.5,-0.781831,0.62349,2,3,15,11,0.2143,0,338.1,4,car,High,Sandstorm,46.33
0.2224,-0.965926,0.258819,-0.433884,-0.900969,6,10,11,0,1.0,1,283.3,7,van,Medium,Sunny,1.05
1.9941,-0.965926,0.258819,0.433884,-0.900969,4,1,6,4,0.2,1,212.92,9,car,Normal,Sunny,19.9
1.8718,-0.965926,-0.258819,0.0,1.0,5,1,12,10,0.0909,0,108.73,7,car,Medium,Sunny,27.29
15.0,0.258819,-0.965926,0.974928,-0.222521,10,9,13,3,0.75,1,12.02,4,motorcycle,Normal,Sunny,90.0
2.9301,0.707107,-0.707107,-0.433884,-0.900969,8,7,8,0,1.0,1,265.17,9,motorcycle,Normal,Sandstorm,29.63
1.5141,-0.965926,-0.258819,0.433884,-0.900969,11,3,10,6,0.3333,1,344.15,8,car,Low,Sunny,8.3
1.408,0.866025,-0.5,0.433884,-0.900969,7,1,9,7,0.125,1,248.11,2,car,Normal,Sunny,27.63
0.8181,-0.965926,-0.258819,0.0,1.0,1,12,14,1,0.9231,0,13.04,9,car,Normal,Sunny,1.0
1.251,0.866025,-0.5,-0.781831,0.62349,9,0,10,9,0.0,0,50.2,4,van,Medium,Sunny,22.67
1.4368,0.258819,-0.965926,-0.433884,-0.900969,1,1,3,1,0.5,0,141.46,2,motorcycle,Low,Windy,1.0
0.1709,-0.5,-0.866025,0.781831,0.62349,5,1,14,12,0.0769,0,356.14,2,car,Normal,Sunny,8.08
1.3325,0.866025,-0.5,-0.781831,0.62349,12,6,10,3,0.6667,0,30.56,7,van,Low,Windy,35.69
1.2165,-0.965926,0.258819,0.974928,-0.222521,12,0,8,7,0.0,0,114.44,3,car,Medium,Rainy,19.42
5.8492,-0.965926,-0.258819,0.0,1.0,2,1,5,3,0.25,0,198.68,6,car,Medium,Sunny,90.0
0.9752,1.0,0.0,-0.781831,0.62349,12,5,12,6,0.4545,0,40.3,4,motorcycle,Normal,Sandstorm,1.09
0.534,-0.866025,0.5,0.781831,0.62349,12,2,3,0,1.0,0,42.34,9,car,Normal,Sunny,15.67
1.4263,-1.0,-0.0,0.0,1.0,11,3,5,1,0.75,0,24.73,1,car,Jam,Sunny,57.02
1.1861,-0.866025,0.5,-0.433884,-0.900969,10,10,11,0,1.0,1,181.0,5,car,Medium,Sunny,21.93
0.9762,-0.866025,-0.5,0.781831,0.62349,1,3,6,2,0.6,0,103.15,3,van,Medium,Sunny,30.06
0.3279,-0.866025,-0.5,0.781831,0.62349,2,3,12,8,0.2727,1,14.22,7,motorcycle,Medium,Sunny,1.0
0.9529,0.0,-1.0,0.0,1.0,8,2,6,3,0.4,1,180.66,9,motorcycle,High,Sunny,8.95
0.6375,0.707107,-0.707107,0.0,1.0,2,6,12,5,0.5455,1,262.96,3,car,High,Sandstorm,24.88
0.8997,0.5,-0.866025,-0.781831,0.62349,4,6,11,4,0.6,0,240.78,9,car,Normal,Sunny,1.0
2.2156,0.258819,-0.965926,-0.433884,-0.900969,12,10,12,1,0.9091,1,246.35,6,van,Medium,Rainy,52.5
0.5823,0.5,-0.866025,-0.974928,-0.222521,11,10,12,1,0.9091,0,198.23,0,car,Normal,Sunny,1.0
0.8957,-1.0,-0.0,-0.433884,-0.900969,4,1,13,11,0.0833,0,281.25,7,motorcycle,Medium,Windy,20.26
1.8481,-0.5,-0.866025,0.433884,-0.900969,7,5,7,1,0.8333,0,22.46,5,van,Normal,Sunny,16.84
0.8556,0.0,-1.0,0.781831,0.62349,7,2,9,6,0.25,0,68.66,9,car,Low,Sunny,11.68
13.1803,-1.0,-0.0,-0.781831,0.62349,4,1,3,1,0.5,0,253.19,4,motorcycle,Jam,Sunny,90.0
1.3999,-1.0,-0.0,-0.974928,-0.222521,3,6,7,0,1.0,0,120.87,2,car,High,Rainy,48.62
0.3397,-0.707107,0.707107,0.433884,-0.900969,6,7,8,0,1.0,0,85.98,1,car,Normal,Rainy,2.59
0.4979,0.258819,-0.965926,0.0,1.0,8,6,13,6,0.5,0,9.74,0,van,Jam,Sunny,30.56
0.4525,0.5,-0.866025,-0.974928,-0.222521,10,0,14,13,0.0,0,312.65,7,van,Normal,Windy,4.47
0.5047,1.0,0.0,0.974928,-0.222521,11,10,11,0,1.0,0,301.67,9,van,Medium,Windy,6.16
1.8407,0.866025,-0.5,0.781831,0.62349,1,3,4,0,1.0,1,21.77,6,van,High,Sunny,75.13
0.3863,-0.866025,-0.5,-0.974928,-0.222521,8,1,5,3,0.25,1,109.58,6,motorcycle,Normal,Sunny,8.36
0.8068,-0.965926,0.258819,-0.974928,-0.222521,8,1,9,7,0.125,0,77.24,0,motorcycle,Medium,Windy,6.96
3.2727,-0.866025,-0.5,-0.433884,-0.900969,1,4,8,3,0.5714,0,74.44,0,van,Medium,Sandstorm,90.0
0.6745,-0.5,0.866025,0.0,1.0,11,12,15,2,0.8571,0,92.91,4,car,Normal,Sunny,13.24
2.0916,-0.866025,-0.5,-0.433884,-0.900969,8,2,5,2,0.5,1,106.93,5,van,Medium,Sunny,54.97
0.2234,-0.707107,0.707107,-0.781831,0.62349,9,0,10,9,0.0,0,254.35,4,motorcycle,Normal,Sunny,19.55
0.7772,0.5,-0.866025,-0.433884,-0.900969,8,5,13,7,0.4167,0,349.15,9,car,Medium,Rainy,9.24
0.4763,0.258819,-0.965926,0.781831,0.62349,5,4,8,3,0.5714,0,16.36,3,car,Normal,Sunny,1.0
1.4693,-0.965926,0.258819,-0.433884,-0.900969,3,5,6,0,1.0,0,116.24,9,car,Normal,Sunny,18.76
0.4135,-0.965926,-0.258819,0.781831,0.62349,5,3,4,0,1.0,0,240.27,2,car,High,Sunny,16.94
7.8946,-0.5,-0.866025,-0.781831,0.62349,10,7,11,3,0.7,1,110.13,3,van,Normal,Sandstorm,90.0
0.2328,-0.5,0.866025,-0.974928,-0.222521,8,4,11,6,0.4,1,68.81,2,car,Medium,Windy,16.13
3.2511,-1.0,-0.0,0.433884,-0.900969,8,11,12,0,1.0,1,60.42,7,van,High,Sunny,90.0
2.5456,0.258819,-0.965926,0.0,1.0,2,3,13,9,0.25,0,215.26,3,motorcycle,High,Sunny,33.13
1.4834,-0.866025,-0.5,0.974928,-0.222521,1,4,15,10,0.2857,0,54.38,4,motorcycle,Low,Sandstorm,21.32
1.1638,0.0,-1.0,0.0,1.0,9,4,5,0,1.0,0,34.76,1,car,High,Sunny,36.38
6.438,-0.258819,-0.965926,-0.974928,-0.222521,12,7,8,0,1.0,1,269.89,3,car,High,Sunny,90.0
11.5584,-0.965926,0.258819,-0.433884,-0.900969,5,5,7,1,0.8333,0,123.75,1,van,Normal,Foggy,90.0
0.9076,-0.965926,-0.258819,0.781831,0.62349,6,9,14,4,0.6923,1,322.03,7,motorcycle,High,Sunny,10.0
1.2839,1.0,0.0,-0.974928,-0.222521,12,3,4,0,1.0,0,178.7,8,car,High,Sunny,14.08
0.6539,-0.707107,-0.707107,-0.974928,-0.222521,3,1,11,9,0.1,0,47.44,2,motorcycle,Medium,Sunny,1.0
0.3639,-0.866025,-0.5,-0.781831,0.62349,7,4,7,2,0.6667,0,69.39,9,car,Medium,Windy,3.69
1.7159,-0.5,-0.866025,0.781831,0.62349,2,1,3,1,0.5,0,317.33,4,motorcycle,High,Sandstorm,31.86
1.4009,0.258819,-0.965926,0.781831,0.62349,4,5,10,4,0.5556,0,45.2,8,car,Jam,Sunny,39.92
0.2394,-0.965926,-0.258819,0.433884,-0.900969,5,1,8,6,0.1429,0,113.59,2,car,Medium,Windy,14.82
1.7044,-0.5,0.866025,0.781831,0.62349,9,5,11,5,0.5,0,109.23,8,van,High,Rainy,21.83
1.4463,0.965926,-0.258819,-0.974928,-0.222521,4,1,8,6,0.1429,0,355.58,1,car,High,Sandstorm,36.18
0.6243,-0.866025,-0.5,0.974928,-0.222521,6,3,5,1,0.75,1,350.8,3,car,High,Sunny,22.62
0.5867,-0.707107,0.707107,-0.433884,-0.900969,4,3,4,0,1.0,1,249.14,3,car,Jam,Sunny,1.0
1.653,0.0,-1.0,0.781831,0.62349,2,0,5,4,0.0,1,84.78,1,car,Normal,Rainy,29.5
5.0959,0.258819,-0.965926,0.0,1.0,10,7,8,0,1.0,1,64.54,9,van,Normal,Sunny,90.0
1.6136,0.5,-0.866025,-0.781831,0.62349,9,3,6,2,0.6,0,21.63,2,car,Medium,Sunny,39.38
2.3198,0.707107,-0.707107,0.433884,-0.900969,8,0,4,3,0.0,0,22.07,4,van,Medium,Sunny,68.07
0.5013,0.0,-1.0,0.0,1.0,7,4,7,2,0.6667,1,338.69,0,motorcycle,Medium,Sandstorm,6.17
0.7456,-0.965926,0.258819,-0.974928,-0.222521,2,1,13,11,0.0833,1,217.27,6,car,High,Sunny,15.89
1.9692,0.707107,-0.707107,0.0,1.0,7,10,13,2,0.8333,1,71.39,1,car,Jam,Sunny,90.0
0.3041,0.707107,-0.707107,-0.781831,0.62349,9,1,7,5,0.1667,0,281.28,2,motorcycle,Medium,Windy,2.16
1.3456,-0.5,0.866025,0.974928,-0.222521,6,0,9,8,0.0,1,27.51,9,motorcycle,High,Sunny,23.3
1.7661,-0.5,0.866025,0.433884,-0.900969,9,4,5,0,1.0,1,188.06,8,van,Normal,Sunny,23.34
1.0654,0.707107,-0.707107,0.781831,0.62349,4,4,8,3,0.5714,0,70.48,1,motorcycle,Medium,Sunny,29.08
1.4969,-0.258819,-0.965926,0.0,1.0,7,6,10,3,0.6667,0,161.51,6,car,Low,Sunny,22.94
1.1676,0.0,-1.0,0.974928,-0.222521,5,2,3,0,1.0,1,82.46,7,car,Medium,Foggy,26.41
0.612,0.258819,-0.965926,0.974928,-0.222521,12,7,14,6,0.5385,0,49.14,9,van,Medium,Sunny,12.77
0.3609,0.866025,-0.5,0.433884,-0.900969,3,11,14,2,0.8462,0,333.67,2,car,High,Sandstorm,10.8
1.0143,0.965926,-0.258819,0.433884,-0.900969,4,8,15,6,0.5714,0,331.17,3,van,Medium,Sunny,27.32
3.8163,-0.866025,-0.5,-0.433884,-0.900969,9,0,5,4,0.0,0,177.58,2,van,Normal,Sunny,87.61
2.9246,1.0,0.0,0.0,1.0,1,13,14,0,1.0,1,283.03,5,van,Low,Sunny,32.25
0.7961,-0.866025,-0.5,0.974928,-0.222521,7,3,4,0,1.0,1,72.63,6,car,Normal,Sunny,12.46
0.7805,0.965926,-0.258819,-0.781831,0.62349,1,3,14,10,0.2308,0,142.91,1,car,Jam,Sunny,10.56
0.7278,0.866025,-0.5,-0.781831,0.62349,7,2,4,1,0.6667,1,81.2,0,car,Jam,Sunny,30.95
0.7279,1.0,0.0,0.433884,-0.900969,4,0,7,6,0.0,1,30.16,1,car,Normal,Foggy,1.0
1.4526,0.0,-1.0,0.974928,-0.222521,3,4,15,10,0.2857,1,152.59,2,van,Normal,Sunny,22.99
3.018,0.258819,-0.965926,0.974928,-0.222521,6,5,9,3,0.625,0,268.17,5,car,Medium,Rainy,55.0
9.4846,0.258819,-0.965926,-0.974928,-0.222521,4,1,5,3,0.25,0,268.13,2,car,Medium,Sunny,90.0
0.5024,0.258819,-0.965926,0.974928,-0.222521,1,6,7,0,1.0,0,159.62,8,car,Normal,Sunny,6.7
2.0516,-0.707107,0.707107,-0.781831,0.62349,7,0,7,6,0.0,0,160.68,6,car,Low,Sunny,4.92
1.8501,-0.258819,-0.965926,0.0,1.0,7,9,14,4,0.6923,0,217.04,1,motorcycle,Medium,Sunny,31.53
0.8079,-0.965926,0.258819,-0.433884,-0.900969,8,4,8,3,0.5714,0,335.92,9,car,Normal,Sunny,1.72
0.417,0.707107,-0.707107,0.433884,-0.900969,11,3,4,0,1.0,1,54.02,7,motorcycle,Normal,Sunny,10.56
1.4356,-0.5,-0.866025,0.433884,-0.900969,9,4,5,0,1.0,1,145.77,8,car,Normal,Sunny,26.05
8.2804,0.965926,-0.258819,0.433884,-0.900969,10,8,10,1,0.8889,1,326.05,6,van,Medium,Sandstorm,90.0
1.427,0.5,-0.866025,0.781831,0.62349,8,2,3,0,1.0,1,197.53,6,car,Medium,Sunny,26.1
0.5232,0.965926,-0.258819,0.974928,-0.222521,9,1,6,4,0.2,0,285.44,4,car,Normal,Foggy,3.15
0.9518,1.0,0.0,0.974928,-0.222521,10,4,10,5,0.4444,1,166.55,6,motorcycle,Medium,Sunny,11.95
0.3741,0.707107,-0.707107,-0.433884,-0.900969,8,9,14,4,0.6923,1,331.58,7,motorcycle,Medium,Sunny,1.0
1.1248,0.866025,-0.5,-0.433884,-0.900969,7,3,4,0,1.0,0,320.5,9,motorcycle,High,Sunny,13.49
2.1154,0.258819,-0.965926,0.974928,-0.222521,9,6,7,0,1.0,1,160.54,5,car,Jam,Sunny,57.26
0.5724,-1.0,-0.0,0.433884,-0.900969,12,5,8,2,0.7143,0,1.8,7,car,Normal,Rainy,7.36
0.0501,0.866025,-0.5,-0.433884,-0.900969,6,1,14,12,0.0769,0,203.82,9,van,High,Sandstorm,1.38
1.4377,-0.866025,-0.5,0.0,1.0,3,5,13,7,0.4167,1,73.41,6,car,High,Sunny,50.76
0.6863,0.0,-1.0,-0.781831,0.62349,5,9,15,5,0.6429,1,86.6,7,van,Medium,Sunny,3.16
0.5416,0.0,-1.0,-0.781831,0.62349,1,8,11,2,0.8,0,154.71,1,van,Normal,Sandstorm,12.3
0.5372,-0.707107,0.707107,0.974928,-0.222521,4,1,5,3,0.25,0,162.0,8,van,Normal,Sunny,1.24
1.6165,-0.258819,-0.965926,-0.974928,-0.222521,11,7,15,7,0.5,0,309.84,9,motorcycle,Low,Sunny,11.45
0.7501,0.5,-0.866025,0.974928,-0.222521,2,9,12,2,0.8182,1,11.26,3,van,Jam,Sunny,36.67
2.6749,0.5,-0.866025,0.0,1.0,11,9,11,1,0.9,0,106.23,8,car,Medium,Sunny,45.58
2.7314,0.866025,-0.5,-0.781831,0.62349,7,1,7,5,0.1667,1,227.63,8,car,Medium,Sunny,59.32
0.8546,-0.965926,0.258819,0.781831,0.62349,4,3,13,9,0.25,0,223.91,2,van,Medium,Sunny,38.61
0.6738,-0.965926,-0.258819,0.974928,-0.222521,6,2,8,5,0.2857,1,114.4,9,car,Low,Rainy,9.16
1.2477,0.5,-0.866025,-0.433884,-0.900969,11,4,7,2,0.6667,0,64.06,5,car,Normal,Sunny,14.21
0.9626,-0.5,-0.866025,0.433884,-0.900969,2,4,6,1,0.8,0,99.73,1,car,Medium,Rainy,10.01
0.2091,-0.5,-0.866025,0.781831,0.62349,7,8,11,2,0.8,0,321.24,1,van,Medium,Windy,11.8
6.81,1.0,0.0,-0.974928,-0.222521,4,6,11,4,0.6,1,94.63,5,motorcycle,High,Sunny,86.92
2.1785,-0.707107,0.707107,0.974928,-0.222521,7,4,5,0,1.0,0,177.03,5,van,Medium,Sunny,41.43
0.7115,-0.965926,0.258819,-0.433884,-0.900969,10,0,7,6,0.0,1,339.23,8,car,Medium,Sunny,1.0
0.179,-0.707107,-0.707107,-0.433884,-0.900969,12,2,5,2,0.5,0,42.63,5,car,High,Sandstorm,8.78
0.9311,-1.0,-0.0,-0.781831,0.62349,4,2,12,9,0.1818,0,313.46,3,van,Low,Sunny,21.4
0.6322,0.965926,-0.258819,0.433884,-0.900969,8,3,7,3,0.5,1,267.62,3,car,Medium,Rainy,16.5
1.0434,-0.5,0.866025,0.433884,-0.900969,6,11,13,1,0.9167,0,174.75,5,van,High,Sunny,25.53
0.1415,-0.866025,-0.5,-0.781831,0.62349,7,5,6,0,1.0,0,341.62,2,van,Normal,Windy,5.81
0.7057,-0.707107,0.707107,0.433884,-0.900969,2,7,8,0,1.0,1,26.79,7,car,Normal,Sunny,14.93
0.7477,-0.866025,0.5,0.974928,-0.222521,11,1,3,1,0.5,1,307.65,1,car,Normal,Sunny,1.0
0.9207,-0.707107,-0.707107,0.0,1.0,3,2,3,0,1.0,0,71.17,8,car,Normal,Windy,12.27
0.883,0.5,-0.866025,0.974928,-0.222521,1,1,3,1,0.5,0,127.51,2,motorcycle,Medium,Windy,11.1
1.1614,-0.965926,-0.258819,0.781831,0.62349,10,0,3,2,0.0,0,44.05,1,van,Normal,Sunny,39.97
4.6885,-0.5,-0.866025,0.974928,-0.222521,5,4,15,10,0.2857,1,178.3,9,car,Medium,Sunny,69.3
0.6776,0.0,-1.0,0.433884,-0.900969,1,4,6,1,0.8,1,60.87,3,motorcycle,Normal,Sunny,12.07
0.4651,-1.0,-0.0,0.433884,-0.900969,9,0,9,8,0.0,1,91.84,6,car,Low,Windy,4.85
0.2142,-0.707107,0.707107,0.781831,0.62349,4,9,15,5,0.6429,0,21.46,3,car,Normal,Sunny,8.27
0.6801,0.866025,-0.5,0.433884,-0.900969,12,4,9,4,0.5,0,109.84,9,motorcycle,Normal,Sunny,1.0
0.2919,-0.707107,-0.707107,0.433884,-0.900969,12,3,8,4,0.4286,0,58.99,1,car,Jam,Windy,10.54
2.7513,-0.965926,0.258819,0.0,1.0,7,8,12,3,0.7273,0,246.72,4,car,Normal,Sunny,28.28
1.0087,0.258819,-0.965926,0.781831,0.62349,6,2,12,9,0.1818,0,229.74,0,van,Normal,Sunny,11.34
2.6979,0.258819,-0.965926,-0.974928,-0.222521,6,1,4,2,0.3333,1,239.57,5,car,Normal,Windy,29.08
4.4478,1.0,0.0,0.0,1.0,8,2,15,12,0.1429,0,243.36,7,van,Normal,Windy,76.11
0.4859,0.258819,-0.965926,0.974928,-0.222521,11,0,4,3,0.0,0,37.14,4,car,Medium,Windy,9.21
0.7945,-0.707107,-0.707107,0.433884,-0.900969,8,0,7,6,0.0,1,76.98,8,car,High,Sunny,33.65
3.9161,-0.5,0.866025,0.781831,0.62349,2,1,15,13,0.0714,0,265.49,7,car,Normal,Sunny,14.96
1.3228,-0.5,-0.866025,-0.433884,-0.900969,3,6,10,3,0.6667,1,173.59,9,car,Medium,Windy,31.8
1.8138,0.5,-0.866025,-0.974928,-0.222521,8,2,10,7,0.2222,1,226.84,9,car,Medium,Sunny,32.11
2.9486,-0.965926,0.258819,0.974928,-0.222521,5,4,14,9,0.3077,0,20.38,9,car,High,Sunny,65.99
2.5901,0.707107,-0.707107,0.781831,0.62349,6,6,8,1,0.8571,1,139.07,4,motorcycle,Medium,Sunny,35.73
1.6321,0.707107,-0.707107,-0.974928,-0.222521,5,5,10,4,0.5556,0,157.68,9,car,Normal,Sunny,29.14
4.1643,-0.5,-0.866025,0.781831,0.62349,8,0,10,9,0.0,1,249.25,6,car,High,Foggy,89.29
1.0358,-0.965926,0.258819,0.781831,0.62349,3,2,4,1,0.6667,0,328.34,0,car,High,Sunny,9.75
1.8102,0.707107,-0.707107,0.0,1.0,1,3,6,2,0.6,0,206.83,0,car,Medium,Sunny,41.88
0.9343,1.0,0.0,0.0,1.0,3,7,13,5,0.5833,0,274.0,3,car,Jam,Rainy,8.67
2.914,-1.0,-0.0,-0.781831,0.62349,9,6,7,0,1.0,1,231.66,5,van,High,Foggy,90.0
0.5679,-0.707107,-0.707107,-0.781831,0.62349,8,8,14,5,0.6154,0,327.57,0,car,Normal,Sunny,16.13
0.2234,-0.965926,-0.258819,0.433884,-0.900969,10,12,15,2,0.8571,0,291.88,5,motorcycle,High,Rainy,2.53
2.0589,0.0,-1.0,-0.781831,0.62349,2,6,12,5,0.5455,1,89.03,6,motorcycle,Medium,Sunny,18.69
0.4193,0.866025,-0.5,-0.433884,-0.900969,2,1,3,1,0.5,1,80.03,6,car,Medium,Sandstorm,23.68
0.3816,0.258819,-0.965926,0.974928,-0.222521,2,1,12,10,0.0909,1,328.28,9,car,Medium,Sunny,20.33
3.6755,-0.258819,-0.965926,-0.433884,-0.900969,7,14,15,0,1.0,0,215.08,3,car,High,Sunny,84.31
2.7676,-0.258819,-0.965926,0.974928,-0.222521,7,0,12,11,0.0,1,161.86,0,van,Medium,Sunny,75.1
0.7982,-0.707107,0.707107,-0.781831,0.62349,2,10,11,0,1.0,1,252.05,9,car,Medium,Windy,21.03
0.0612,0.707107,-0.707107,-0.974928,-0.222521,6,5,10,4,0.5556,0,101.42,5,motorcycle,Low,Sunny,1.0
1.8341,0.258819,-0.965926,-0.974928,-0.222521,1,3,9,5,0.375,0,291.09,6,van,Medium,Sunny,31.17
2.0738,0.707107,-0.707107,0.433884,-0.900969,8,2,6,3,0.4,1,189.99,5,motorcycle,Jam,Windy,66.29
1.8057,-0.707107,-0.707107,0.433884,-0.900969,7,0,9,8,0.0,0,313.55,4,van,High,Sunny,63.69
1.7286,-0.965926,0.258819,0.0,1.0,1,5,14,8,0.3846,1,231.73,1,motorcycle,Low,Rainy,16.16
0.9302,-0.707107,0.707107,-0.433884,-0.900969,2,0,4,3,0.0,0,93.68,5,car,High,Sunny,10.32
0.7483,0.707107,-0.707107,0.0,1.0,9,1,4,2,0.3333,1,347.57,8,car,High,Sunny,21.15
0.3864,-0.258819,-0.965926,0.433884,-0.900969,11,1,14,12,0.0769,0,144.88,1,car,Medium,Sunny,6.93
0.5698,-1.0,-0.0,0.0,1.0,11,1,13,11,0.0833,0,275.74,3,motorcycle,Low,Sunny,1.0
1.4999,1.0,0.0,0.433884,-0.900969,7,6,9,2,0.75,1,91.99,9,van,Medium,Sunny,28.56
1.5235,-1.0,-0.0,-0.974928,-0.222521,7,1,7,5,0.1667,0,150.15,4,motorcycle,Low,Sunny,3.17
2.3404,0.866025,-0.5,0.974928,-0.222521,10,1,4,2,0.3333,0,265.78,1,car,Normal,Windy,36.51
0.2905,1.0,0.0,-0.433884,-0.900969,11,7,11,3,0.7,0,250.65,9,motorcycle,Medium,Sunny,1.0
0.2285,0.965926,-0.258819,0.781831,0.62349,11,5,10,4,0.5556,0,338.04,1,car,Jam,Sunny,1.0
0.7705,-0.866025,0.5,0.974928,-0.222521,5,6,13,6,0.5,0,287.22,2,car,Normal,Sandstorm,1.0
0.4194,-0.965926,-0.258819,0.781831,0.62349,6,3,7,3,0.5,1,116.71,4,motorcycle,High,Sunny,5.9
1.3188,-0.965926,0.258819,0.781831,0.62349,1,7,13,5,0.5833,0,310.79,3,car,Jam,Windy,42.56
0.3184,-0.965926,-0.258819,0.974928,-0.222521,3,9,15,5,0.6429,0,331.58,4,car,Low,Rainy,6.13
3.3913,-0.965926,0.258819,0.0,1.0,5,0,5,4,0.0,0,343.47,7,van,Normal,Sunny,59.54
0.5061,-0.5,-0.866025,-0.781831,0.62349,10,11,12,0,1.0,0,324.17,5,car,High,Windy,2.61
5.018,-0.965926,0.258819,-0.974928,-0.222521,6,8,10,1,0.8889,1,250.33,4,car,High,Rainy,90.0
1.8186,1.0,0.0,0.781831,0.62349,8,3,8,4,0.4286,0,286.49,7,car,Normal,Sunny,27.18
0.4056,-0.707107,-0.707107,-0.781831,0.62349,11,1,5,3,0.25,1,233.23,6,car,Medium,Foggy,10.74
8.085,-1.0,-0.0,0.974928,-0.222521,6,3,5,1,0.75,0,115.1,6,motorcycle,Medium,Sunny,90.0
1.4222,-0.5,0.866025,0.433884,-0.900969,5,2,4,1,0.6667,0,293.79,4,van,High,Sunny,44.16
1.2941,0.0,-1.0,-0.433884,-0.900969,9,4,6,1,0.8,0,81.92,5,car,High,Sunny,27.65
1.0388,0.707107,-0.707107,-0.974928,-0.222521,4,4,9,4,0.5,0,155.27,2,car,Low,Sunny,8.03
1.7216,-1.0,-0.0,0.0,1.0,5,3,9,5,0.375,0,123.66,4,car,Normal,Foggy,29.92
1.8206,0.965926,-0.258819,0.781831,0.62349,11,7,15,7,0.5,0,61.97,1,van,Normal,Sunny,24.99
0.4859,-0.965926,0.258819,0.974928,-0.222521,6,3,12,8,0.2727,0,287.61,0,motorcycle,Jam,Foggy,20.32
0.9022,-0.965926,-0.258819,-0.433884,-0.900969,4,11,15,3,0.7857,0,169.89,8,motorcycle,Jam,Windy,35.88
1.2336,-0.965926,-0.258819,-0.781831,0.62349,11,9,12,2,0.8182,1,189.72,8,car,High,Rainy,55.49
1.9225,0.5,-0.866025,0.433884,-0.900969,8,1,10,8,0.1111,1,180.73,2,car,Normal,Foggy,41.44
1.9537,0.866025,-0.5,0.433884,-0.900969,10,1,13,11,0.0833,1,248.17,4,car,Medium,Sunny,22.26
1.2922,-0.866025,-0.5,0.0,1.0,4,0,13,12,0.0,0,63.32,9,van,Normal,Foggy,44.11
0.6552,0.0,-1.0,0.433884,-0.900969,10,4,13,8,0.3333,0,180.29,5,car,Normal,Sandstorm,12.46
0.6241,0.0,-1.0,0.433884,-0.900969,12,0,6,5,0.0,1,93.69,0,van,Normal,Sunny,11.43
0.3563,0.707107,-0.707107,-0.433884,-0.900969,2,6,12,5,0.5455,1,349.8,5,van,High,Windy,24.32
1.9405,0.258819,-0.965926,-0.974928,-0.222521,3,4,5,0,1.0,1,21.66,8,car,Normal,Sunny,18.97
0.6156,-0.866025,0.5,0.433884,-0.900969,7,4,7,2,0.6667,0,334.22,2,car,Medium,Sunny,13.25
0.9211,-0.707107,0.707107,0.0,1.0,9,11,12,0,1.0,1,21.57,9,car,Jam,Sunny,9.99
1.3852,0.258819,-0.965926,-0.974928,-0.222521,1,1,9,7,0.125,0,39.34,7,car,Medium,Sunny,7.23
1.1093,0.866025,-0.5,0.433884,-0.900969,7,9,13,3,0.75,0,326.26,0,car,Low,Sunny,7.92
1.0993,1.0,0.0,0.433884,-0.900969,2,8,12,3,0.7273,0,233.23,9,van,Jam,Sunny,38.71
0.4678,0.707107,-0.707107,-0.781831,0.62349,12,5,12,6,0.4545,0,116.79,6,car,Medium,Windy,14.73
1.4268,1.0,0.0,-0.433884,-0.900969,9,2,4,1,0.6667,1,211.81,2,car,Medium,Windy,12.68
0.821,-0.965926,-0.258819,-0.974928,-0.222521,12,0,4,3,0.0,1,59.81,7,van,Medium,Rainy,42.02
1.0181,-0.866025,-0.5,-0.781831,0.62349,3,3,6,2,0.6,1,23.35,8,van,High,Foggy,45.36
3.3203,-0.965926,0.258819,0.433884,-0.900969,10,5,7,1,0.8333,0,17.72,6,car,Medium,Rainy,53.93
1.7861,0.258819,-0.965926,-0.781831,0.62349,5,5,13,7,0.4167,1,97.21,9,motorcycle,Medium,Windy,19.79
0.6426,-0.866025,0.5,0.781831,0.62349,2,0,3,2,0.0,1,64.58,8,motorcycle,Medium,Sunny,8.98
0.9594,0.866025,-0.5,-0.781831,0.62349,6,0,10,9,0.0,1,145.2,3,van,Low,Rainy,21.39
5.0504,0.707107,-0.707107,-0.974928,-0.222521,6,3,13,9,0.25,0,315.6,1,van,High,Sunny,90.0
0.8253,-0.707107,0.707107,0.0,1.0,7,5,7,1,0.8333,1,136.28,8,car,Normal,Sunny,1.85
1.1478,-0.866025,0.5,0.781831,0.62349,11,5,7,1,0.8333,0,143.48,9,motorcycle,Normal,Sunny,11.68
2.077,-0.866025,-0.5,0.0,1.0,4,3,5,1,0.75,1,43.48,2,car,Normal,Sunny,35.88
1.3559,-0.866025,-0.5,0.781831,0.62349,8,2,8,5,0.2857,0,355.93,5,motorcycle,Normal,Windy,26.68
0.7756,-0.965926,-0.258819,-0.781831,0.62349,3,2,11,8,0.2,1,52.29,5,van,Medium,Sunny,27.65
0.5454,-0.965926,0.258819,0.0,1.0,11,8,10,1,0.8889,0,121.79,3,car,Medium,Sandstorm,11.93
1.0946,0.707107,-0.707107,0.0,1.0,6,8,14,5,0.6154,0,340.47,5,car,Normal,Sunny,5.61
2.065,0.965926,-0.258819,0.433884,-0.900969,10,2,3,0,1.0,0,163.77,5,van,Normal,Sunny,27.35
3.8762,0.707107,-0.707107,0.974928,-0.222521,4,2,6,3,0.4,1,121.72,9,van,High,Sunny,90.0
0.2747,0.0,-1.0,-0.433884,-0.900969,4,5,7,1,0.8333,0,257.46,3,car,Jam,Sunny,5.56
5.8982,0.5,-0.866025,-0.433884,-0.900969,12,3,8,4,0.4286,0,11.89,1,van,Medium,Sandstorm,90.0
0.8403,-0.5,-0.866025,-0.974928,-0.222521,3,8,12,3,0.7273,0,115.63,4,motorcycle,Normal,Sunny,2.58
2.6607,0.866025,-0.5,0.974928,-0.222521,7,3,4,0,1.0,1,208.88,1,car,Low,Sunny,27.2
0.5485,-0.707107,-0.707107,0.433884,-0.900969,4,2,6,3,0.4,0,356.76,1,car,Low,Sunny,3.74
0.2392,-1.0,-0.0,0.0,1.0,5,2,3,0,1.0,0,348.32,6,car,Normal,Sandstorm,3.26
0.3175,0.965926,-0.258819,-0.781831,0.62349,9,6,10,3,0.6667,0,225.43,8,van,Jam,Foggy,7.46
0.807,0.5,-0.866025,0.781831,0.62349,10,7,15,7,0.5,1,122.44,1,car,High,Windy,24.3
1.8183,-0.707107,-0.707107,-0.433884,-0.900969,6,12,15,2,0.8571,0,198.02,3,motorcycle,Normal,Sunny,16.25
1.1384,0.965926,-0.258819,-0.781831,0.62349,8,1,3,1,0.5,1,336.19,1,car,Jam,Rainy,31.74
0.8713,-0.965926,-0.258819,-0.433884,-0.900969,1,2,4,1,0.6667,0,240.18,4,van,Medium,Sunny,26.63
3.1967,-1.0,-0.0,-0.433884,-0.900969,3,0,10,9,0.0,1,53.71,5,car,Normal,Sunny,35.59
1.1073,0.0,-1.0,0.781831,0.62349,9,5,6,0,1.0,1,349.76,9,car,Medium,Sunny,38.82
1.4417,1.0,0.0,-0.433884,-0.900969,8,5,6,0,1.0,0,324.79,8,van,Normal,Sunny,25.82
15.0,-0.5,-0.866025,0.781831,0.62349,1,10,11,0,1.0,0,78.04,9,car,High,Sunny,90.0
1.0968,-0.866025,0.5,-0.433884,-0.900969,11,5,6,0,1.0,1,236.46,4,van,Normal,Sunny,12.28
0.5706,0.5,-0.866025,-0.433884,-0.900969,5,6,10,3,0.6667,0,316.16,7,motorcycle,Medium,Sunny,9.36
1.7453,-0.866025,0.5,0.433884,-0.900969,4,2,3,0,1.0,0,79.39,2,motorcycle,Normal,Sunny,4.28
2.2197,-0.866025,0.5,-0.974928,-0.222521,6,13,15,1,0.9286,0,332.51,0,motorcycle,Jam,Sunny,48.32
1.471,0.5,-0.866025,-0.974928,-0.222521,5,2,4,1,0.6667,0,64.82,9,car,Medium,Sunny,16.78
1.2828,-0.866025,-0.5,0.781831,0.62349,7,0,3,2,0.0,0,128.58,9,van,Medium,Rainy,36.66
4.5182,1.0,0.0,0.974928,-0.222521,2,1,8,6,0.1429,0,339.52,1,motorcycle,Normal,Windy,33.19
4.0124,-0.707107,-0.707107,0.433884,-0.900969,2,13,14,0,1.0,0,340.8,1,car,Jam,Sunny,90.0
0.9888,-0.866025,0.5,0.781831,0.62349,12,1,11,9,0.1,0,8.38,9,car,Medium,Sunny,5.01
0.5997,-0.5,0.866025,0.974928,-0.222521,9,8,9,0,1.0,1,311.9,4,motorcycle,Normal,Sunny,6.22
1.6615,0.707107,-0.707107,0.0,1.0,5,5,6,0,1.0,1,249.74,7,car,High,Sunny,29.46
0.5964,-0.965926,-0.258819,0.433884,-0.900969,11,0,5,4,0.0,0,313.82,9,van,Low,Sunny,10.51
2.5623,0.965926,-0.258819,0.781831,0.62349,10,8,11,2,0.8,0,166.29,5,motorcycle,Normal,Sunny,34.38
1.6534,0.5,-0.866025,0.781831,0.62349,9,5,9,3,0.625,0,353.34,0,van,Medium,Sandstorm,66.35
13.9647,-0.866025,0.5,-0.974928,-0.222521,9,3,10,6,0.3333,1,269.36,6,car,Normal,Sandstorm,90.0
4.48,-0.866025,-0.5,0.0,1.0,12,4,8,3,0.5714,0,273.37,1,car,Medium,Sandstorm,90.0
0.3966,0.0,-1.0,0.0,1.0,11,2,6,3,0.4,0,153.7,6,car,Normal,Windy,1.96
0.6751,-0.5,0.866025,0.974928,-0.222521,4,4,5,0,1.0,1,141.24,5,car,Normal,Windy,15.68
0.1794,-1.0,-0.0,0.0,1.0,9,2,6,3,0.4,0,74.0,4,van,Low,Windy,2.53
0.145,1.0,0.0,-0.781831,0.62349,2,0,5,4,0.0,0,20.97,4,motorcycle,Normal,Rainy,1.0
1.2314,0.965926,-0.258819,-0.781831,0.62349,7,3,9,5,0.375,0,324.53,9,car,Jam,Windy,35.02
0.356,-0.866025,-0.5,-0.974928,-0.222521,1,3,6,2,0.6,1,212.65,3,car,Medium,Windy,3.07
5.2547,-0.866025,0.5,-0.974928,-0.222521,3,5,13,7,0.4167,0,200.92,8,motorcycle,Medium,Sandstorm,54.58
3.3202,0.866025,-0.5,0.0,1.0,9,5,10,4,0.5556,0,121.69,8,car,Normal,Sunny,51.87
0.8539,-0.707107,-0.707107,0.433884,-0.900969,5,5,6,0,1.0,0,266.29,9,van,High,Sunny,35.66
0.809,-0.965926,0.258819,0.0,1.0,2,1,4,2,0.3333,1,146.48,8,car,Normal,Sunny,11.88
4.5317,-0.866025,0.5,0.974928,-0.222521,12,3,4,0,1.0,0,291.36,6,van,Normal,Sunny,76.12
5.6343,-0.866025,-0.5,0.433884,-0.900969,12,3,4,0,1.0,0,28.74,9,car,Medium,Sunny,90.0
0.4557,-0.5,0.866025,-0.433884,-0.900969,3,5,7,1,0.8333,0,89.08,7,van,Medium,Sunny,1.0
0.4033,-0.707107,0.707107,0.781831,0.62349,8,3,7,3,0.5,1,102.03,1,car,High,Sunny,1.0
0.8302,-0.866025,0.5,0.781831,0.62349,4,2,3,0,1.0,0,8.4,0,van,High,Sunny,21.32
1.6647,-0.965926,-0.258819,-0.974928,-0.222521,10,4,12,7,0.3636,0,238.84,6,car,High,Foggy,72.85
0.6784,-0.5,0.866025,0.781831,0.62349,9,2,9,6,0.25,0,252.58,5,car,Normal,Sunny,5.51
1.6983,1.0,0.0,0.433884,-0.900969,6,12,15,2,0.8571,1,148.82,8,van,Low,Sunny,17.14
7.0483,0.965926,-0.258819,0.974928,-0.222521,12,12,14,1,0.9231,0,286.36,5,car,Normal,Sunny,75.0
0.2906,-0.5,-0.866025,-0.974928,-0.222521,9,0,3,2,0.0,1,343.34,2,car,High,Sunny,5.4
0.7237,-0.965926,-0.258819,0.433884,-0.900969,2,3,12,8,0.2727,0,265.21,8,car,Jam,Windy,49.51
0.2959,-0.707107,0.707107,0.0,1.0,6,4,15,10,0.2857,0,242.38,4,car,Jam,Windy,5.75
0.4992,-0.965926,-0.258819,0.781831,0.62349,10,10,13,2,0.8333,1,161.86,9,car,Normal,Sunny,6.67
0.8353,0.707107,-0.707107,-0.781831,0.62349,7,3,11,7,0.3,0,199.25,0,motorcycle,High,Sunny,17.25
0.5539,-0.707107,0.707107,-0.781831,0.62349,2,2,4,1,0.6667,0,103.72,0,car,Medium,Sunny,1.0
1.8112,0.965926,-0.258819,-0.974928,-0.222521,10,13,14,0,1.0,0,87.88,1,motorcycle,High,Windy,14.37
1.2756,0.965926,-0.258819,0.0,1.0,6,11,13,1,0.9167,0,9.44,9,motorcycle,Medium,Rainy,1.47
1.4682,-1.0,-0.0,-0.974928,-0.222521,3,7,9,1,0.875,0,173.11,1,car,Normal,Rainy,24.58
0.8258,-0.5,0.866025,-0.433884,-0.900969,10,7,14,6,0.5385,0,81.03,7,van,Low,Sunny,16.0
0.9013,-0.5,-0.866025,-0.781831,0.62349,11,5,9,3,0.625,0,168.25,7,motorcycle,Jam,Windy,28.72
0.792,0.866025,-0.5,0.433884,-0.900969,8,6,9,2,0.75,1,292.45,8,van,Medium,Sandstorm,20.94
0.8726,1.0,0.0,0.433884,-0.900969,9,4,13,8,0.3333,1,132.17,6,car,Normal,Rainy,9.93
1.6455,-0.5,0.866025,-0.433884,-0.900969,3,6,12,5,0.5455,0,115.88,0,car,Normal,Sunny,14.35
0.1778,0.5,-0.866025,0.781831,0.62349,9,4,10,5,0.4444,1,160.86,0,car,Normal,Sunny,1.0
1.4529,-0.866025,-0.5,-0.974928,-0.222521,11,10,13,2,0.8333,0,178.38,0,van,Jam,Sunny,90.0
0.4842,0.258819,-0.965926,0.433884,-0.900969,3,7,14,6,0.5385,0,98.16,5,motorcycle,Low,Sunny,8.86
0.801,0.707107,-0.707107,0.781831,0.62349,12,4,11,6,0.4,1,215.97,4,motorcycle,Normal,Windy,13.02
0.2507,-0.965926,-0.258819,-0.974928,-0.222521,2,7,14,6,0.5385,1,10.44,0,car,High,Sunny,8.15
0.786,-1.0,-0.0,0.781831,0.62349,6,1,8,6,0.1429,1,175.0,0,van,Medium,Sunny,11.88
1.4391,-0.5,-0.866025,-0.781831,0.62349,1,2,9,6,0.25,1,233.65,2,car,Normal,Sandstorm,31.79
1.7061,-0.5,-0.866025,0.781831,0.62349,6,8,11,2,0.8,1,167.86,4,motorcycle,Low,Sunny,14.39
0.3581,-0.5,-0.866025,0.433884,-0.900969,8,1,10,8,0.1111,1,352.17,9,car,Normal,Foggy,8.16
1.6297,-0.866025,-0.5,0.433884,-0.900969,11,3,5,1,0.75,0,55.81,8,motorcycle,Normal,Sandstorm,22.13
3.2635,-0.965926,0.258819,-0.974928,-0.222521,2,7,8,0,1.0,1,163.1,4,motorcycle,Low,Rainy,16.73
0.6914,-1.0,-0.0,0.781831,0.62349,11,2,4,1,0.6667,1,105.05,2,car,Normal,Sandstorm,20.18
1.1061,0.5,-0.866025,0.781831,0.62349,12,7,11,3,0.7,0,325.16,7,car,High,Sunny,39.41
0.1549,0.5,-0.866025,0.781831,0.62349,1,9,13,3,0.75,0,64.66,9,motorcycle,High,Sunny,16.94
0.4713,-0.965926,-0.258819,0.781831,0.62349,12,1,11,9,0.1,1,187.71,3,car,High,Rainy,10.94
1.429,-0.866025,-0.5,0.433884,-0.900969,11,1,14,12,0.0769,0,152.76,4,van,Normal,Sunny,33.3
2.7393,0.0,-1.0,-0.433884,-0.900969,1,10,11,0,1.0,0,330.2,1,motorcycle,Normal,Sunny,9.97
0.6254,-0.866025,0.5,-0.781831,0.62349,1,2,7,4,0.3333,0,200.74,1,van,Jam,Windy,5.53
13.9561,-0.258819,-0.965926,0.974928,-0.222521,9,1,3,1,0.5,0,167.64,8,car,High,Sunny,90.0
1.4891,0.258819,-0.965926,0.974928,-0.222521,6,0,3,2,0.0,0,211.17,2,car,Medium,Sunny,14.0
0.3297,-0.707107,-0.707107,0.781831,0.62349,4,10,15,4,0.7143,0,256.11,1,car,Normal,Sunny,1.0
3.754,0.707107,-0.707107,0.0,1.0,5,0,13,12,0.0,0,11.51,3,motorcycle,Normal,Sunny,34.86
0.3361,-0.965926,-0.258819,-0.974928,-0.222521,5,1,7,5,0.1667,0,88.83,3,car,Medium,Windy,10.9
1.5098,-0.707107,0.707107,-0.433884,-0.900969,12,3,15,11,0.2143,1,84.86,2,car,Medium,Sunny,18.71
0.4571,-0.5,0.866025,0.433884,-0.900969,3,5,6,0,1.0,0,149.61,7,car,Low,Sunny,1.0
0.3044,-0.258819,-0.965926,0.433884,-0.900969,2,12,13,0,1.0,0,207.49,5,motorcycle,Jam,Sunny,17.31
2.7567,0.5,-0.866025,0.433884,-0.900969,10,0,5,4,0.0,1,329.72,5,car,Medium,Windy,55.4
0.8635,-0.5,-0.866025,-0.974928,-0.222521,11,1,12,10,0.0909,1,203.68,9,motorcycle,Medium,Sunny,11.06
5.6939,0.965926,-0.258819,0.781831,0.62349,11,2,3,0,1.0,0,65.32,9,van,Normal,Sunny,85.71
0.4202,-0.965926,-0.258819,0.433884,-0.900969,12,6,11,4,0.6,0,189.31,2,motorcycle,High,Sandstorm,12.37
0.2512,-0.258819,-0.965926,0.781831,0.62349,1,5,8,2,0.7143,0,154.29,9,motorcycle,High,Sunny,1.0
0.7007,0.866025,-0.5,0.0,1.0,10,5,10,4,0.5556,0,232.46,6,motorcycle,Low,Windy,6.14
15.0,-0.707107,-0.707107,-0.433884,-0.900969,4,0,3,2,0.0,1,229.26,1,motorcycle,Medium,Sunny,90.0
2.4405,-1.0,-0.0,-0.433884,-0.900969,6,5,7,1,0.8333,0,237.65,3,car,Medium,Sunny,53.46
1.8705,0.707107,-0.707107,-0.974928,-0.222521,6,0,5,4,0.0,0,359.03,2,van,High,Sunny,71.95
1.9301,0.0,-1.0,0.0,1.0,12,0,11,10,0.0,1,9.94,7,van,Normal,Rainy,50.35
0.6973,-0.707107,0.707107,0.781831,0.62349,7,2,3,0,1.0,1,274.41,6,van,High,Sunny,9.59
14.7742,-1.0,-0.0,-0.433884,-0.900969,3,5,14,8,0.3846,0,307.74,7,motorcycle,Medium,Sunny,90.0
1.7078,-0.965926,0.258819,-0.974928,-0.222521,2,0,5,4,0.0,0,88.25,1,motorcycle,Low,Sunny,8.08
1.5622,-0.258819,-0.965926,-0.781831,0.62349,8,3,9,5,0.375,0,272.66,5,van,Normal,Sunny,39.97
2.8169,-0.5,-0.866025,-0.974928,-0.222521,10,1,15,13,0.0714,0,37.79,5,car,Normal,Sandstorm,29.72
0.3297,-0.5,-0.866025,-0.781831,0.62349,9,3,8,4,0.4286,0,195.31,6,car,Normal,Foggy,14.93
0.4793,-0.258819,-0.965926,-0.974928,-0.222521,12,6,10,3,0.6667,1,116.06,3,car,Medium,Sunny,3.92
0.8753,0.866025,-0.5,0.974928,-0.222521,1,5,15,9,0.3571,1,82.08,0,car,High,Sunny,41.1
2.8342,1.0,0.0,-0.433884,-0.900969,5,0,3,2,0.0,0,232.98,8,car,Normal,Sunny,34.4
0.322,-0.866025,0.5,-0.433884,-0.900969,8,8,10,1,0.8889,0,144.94,4,car,Jam,Foggy,17.78
1.0367,-0.707107,-0.707107,0.974928,-0.222521,11,5,10,4,0.5556,0,59.78,9,car,Normal,Sunny,16.95
0.9063,-0.707107,-0.707107,-0.781831,0.62349,4,0,12,11,0.0,0,218.37,4,van,Medium,Sunny,33.56
0.2477,-0.866025,-0.5,-0.974928,-0.222521,9,5,10,4,0.5556,0,182.45,2,car,Jam,Foggy,19.06
0.6815,-0.258819,-0.965926,0.433884,-0.900969,3,8,9,0,1.0,0,15.21,4,motorcycle,High,Foggy,13.19
1.8499,-0.707107,0.707107,0.433884,-0.900969,8,0,10,9,0.0,0,295.47,0,van,Medium,Sunny,32.47
0.2701,-0.258819,-0.965926,-0.974928,-0.222521,10,4,6,1,0.8,0,355.23,5,car,High,Sunny,1.0
4.2239,-0.5,-0.866025,0.781831,0.62349,10,2,7,4,0.3333,0,123.21,9,car,Normal,Windy,44.39
1.724,-0.707107,-0.707107,0.781831,0.62349,6,10,15,4,0.7143,1,355.43,2,car,Low,Sandstorm,29.06
1.5353,0.866025,-0.5,0.974928,-0.222521,6,0,11,10,0.0,0,358.5,1,motorcycle,Medium,Sunny,27.17
1.1138,0.866025,-0.5,0.0,1.0,11,9,11,1,0.9,0,167.17,1,car,Low,Sunny,20.54
0.3915,0.707107,-0.707107,0.433884,-0.900969,7,3,4,0,1.0,0,331.44,1,van,Normal,Sunny,6.62
0.5962,0.5,-0.866025,0.433884,-0.900969,5,4,8,3,0.5714,0,281.62,3,motorcycle,Normal,Sunny,3.89
1.5586,0.866025,-0.5,0.433884,-0.900969,4,1,5,3,0.25,1,300.41,2,motorcycle,Jam,Sunny,52.81
0.5951,0.707107,-0.707107,0.433884,-0.900969,9,2,15,12,0.1429,1,44.1,7,car,High,Sandstorm,31.16
1.3222,-0.707107,0.707107,-0.781831,0.62349,9,10,15,4,0.7143,1,280.92,3,car,High,Sunny,24.34
0.4705,0.0,-1.0,0.781831,0.62349,7,5,7,1,0.8333,0,85.15,3,car,High,Sunny,9.57
1.697,-0.965926,0.258819,0.974928,-0.222521,2,5,8,2,0.7143,1,269.09,1,car,Normal,Sandstorm,45.07
1.8217,0.0,-1.0,-0.974928,-0.222521,2,5,11,5,0.5,0,84.92,5,car,Low,Sunny,17.95
0.2354,-0.866025,0.5,0.781831,0.62349,3,3,4,0,1.0,1,282.21,3,van,Medium,Sunny,6.26
1.1781,-1.0,-0.0,-0.433884,-0.900969,1,7,10,2,0.7778,0,321.75,7,motorcycle,Medium,Rainy,35.99
0.2604,-0.866025,0.5,-0.781831,0.62349,6,1,5,3,0.25,0,180.63,0,van,Normal,Sunny,16.13
0.1886,0.5,-0.866025,0.974928,-0.222521,5,6,9,2,0.75,1,155.96,6,van,Medium,Rainy,11.94
0.6286,0.965926,-0.258819,0.781831,0.62349,5,2,12,9,0.1818,0,52.45,8,car,Medium,Sunny,1.58
15.0,0.258819,-0.965926,0.781831,0.62349,12,9,12,2,0.8182,1,84.95,7,motorcycle,Normal,Sunny,90.0
2.3085,-0.965926,-0.258819,0.0,1.0,3,2,4,1,0.6667,1,357.2,2,van,Normal,Windy,64.2
4.1475,-0.965926,-0.258819,0.781831,0.62349,10,4,6,1,0.8,0,263.09,6,motorcycle,Medium,Sunny,84.23
1.9699,-0.965926,-0.258819,-0.974928,-0.222521,3,4,7,2,0.6667,0,276.87,8,motorcycle,Medium,Sunny,56.19
1.3434,-0.5,0.866025,0.781831,0.62349,8,1,12,10,0.0909,1,293.04,5,car,Jam,Sunny,22.35
2.5873,0.707107,-0.707107,-0.781831,0.62349,11,5,7,1,0.8333,0,210.11,6,car,Medium,Sunny,60.04
0.6019,-0.258819,-0.965926,-0.781831,0.62349,11,7,9,1,0.875,0,158.8,8,car,High,Sunny,7.29
1.728,-0.5,-0.866025,-0.433884,-0.900969,8,0,5,4,0.0,0,125.31,4,car,High,Sandstorm,42.34
3.3812,0.866025,-0.5,-0.781831,0.62349,3,1,7,5,0.1667,0,9.82,1,motorcycle,Normal,Sunny,32.84
2.1478,-0.965926,-0.258819,0.974928,-0.222521,5,6,9,2,0.75,0,291.5,9,car,Medium,Sunny,61.8
3.5989,1.0,0.0,-0.781831,0.62349,6,1,5,3,0.25,0,311.36,3,van,Medium,Sunny,71.11
1.3145,-0.707107,0.707107,0.433884,-0.900969,11,0,4,3,0.0,0,123.46,3,van,Medium,Sunny,21.07
5.515,0.965926,-0.258819,0.0,1.0,5,3,4,0,1.0,1,185.41,6,car,Low,Sunny,43.37
0.9068,0.965926,-0.258819,-0.974928,-0.222521,10,4,8,3,0.5714,0,208.09,1,car,Jam,Sunny,27.74
8.2632,0.866025,-0.5,-0.781831,0.62349,12,1,5,3,0.25,0,236.69,3,van,Jam,Windy,90.0
1.9058,-0.707107,0.707107,-0.781831,0.62349,2,1,3,1,0.5,0,233.96,5,van,Low,Sunny,9.64
0.7674,-0.866025,0.5,0.974928,-0.222521,12,5,13,7,0.4167,0,70.82,7,car,Normal,Sunny,1.0
0.3605,-0.707107,0.707107,0.0,1.0,7,1,15,13,0.0714,0,247.2,1,car,Normal,Windy,1.0
0.5129,-0.866025,0.5,-0.433884,-0.900969,8,5,9,3,0.625,1,270.91,8,van,High,Sunny,1.0
0.4442,-0.707107,0.707107,-0.781831,0.62349,4,9,10,0,1.0,0,6.22,2,car,Medium,Sunny,6.16
1.0158,-0.5,-0.866025,-0.974928,-0.222521,5,4,5,0,1.0,0,222.44,9,motorcycle,Normal,Windy,2.21
0.3295,1.0,0.0,-0.433884,-0.900969,7,1,3,1,0.5,1,150.02,9,car,High,Windy,14.5
3.7739,-0.258819,-0.965926,-0.974928,-0.222521,3,0,4,3,0.0,1,318.65,7,car,Normal,Sunny,52.13
1.2278,0.707107,-0.707107,0.0,1.0,9,1,5,3,0.25,0,339.74,8,car,Medium,Sunny,10.57
1.1813,0.5,-0.866025,-0.433884,-0.900969,9,1,4,2,0.3333,1,210.15,1,van,Normal,Sunny,22.77
0.3653,-0.965926,-0.258819,0.0,1.0,1,0,12,11,0.0,1,143.86,4,van,Medium,Sunny,1.0
0.5323,0.866025,-0.5,-0.974928,-0.222521,3,1,13,11,0.0833,0,337.7,1,car,Medium,Sunny,1.79
0.1341,0.258819,-0.965926,0.0,1.0,7,9,12,2,0.8182,0,97.13,4,motorcycle,Normal,Windy,1.0
5.1393,0.0,-1.0,-0.433884,-0.900969,9,2,6,3,0.4,0,177.32,5,car,Medium,Sandstorm,90.0
0.2874,0.965926,-0.258819,-0.781831,0.62349,4,5,7,1,0.8333,0,127.12,5,car,Jam,Rainy,24.3
0.3089,-0.965926,-0.258819,0.0,1.0,11,0,7,6,0.0,0,55.31,0,car,Medium,Sunny,12.96
4.2313,-1.0,-0.0,0.974928,-0.222521,7,0,4,3,0.0,0,321.95,0,car,Jam,Sunny,90.0
1.5971,-0.707107,-0.707107,0.0,1.0,7,6,9,2,0.75,0,90.18,9,van,Medium,Sunny,60.95
1.2395,1.0,0.0,-0.974928,-0.222521,2,2,9,6,0.25,0,286.32,2,car,High,Sunny,15.52
1.5269,-0.965926,0.258819,-0.781831,0.62349,8,1,5,3,0.25,0,271.15,4,van,Normal,Sunny,20.25
2.7352,-0.258819,-0.965926,0.0,1.0,10,3,6,2,0.6,1,240.06,5,car,High,Rainy,80.64
1.2152,0.5,-0.866025,0.433884,-0.900969,3,8,9,0,1.0,1,39.24,1,motorcycle,Normal,Sunny,5.37
0.255,-0.5,0.866025,-0.974928,-0.222521,7,1,4,2,0.3333,0,144.23,3,car,Low,Sunny,6.95
2.2178,-0.866025,0.5,0.0,1.0,1,7,10,2,0.7778,1,333.67,6,motorcycle,Normal,Sunny,20.08
1.6507,-0.258819,-0.965926,0.433884,-0.900969,3,2,7,4,0.3333,1,131.73,2,car,Low,Foggy,24.31
3.3635,-0.258819,-0.965926,0.0,1.0,1,10,12,1,0.9091,0,7.32,7,car,Jam,Sunny,90.0
0.3373,-0.707107,0.707107,-0.781831,0.62349,10,5,12,6,0.4545,1,261.2,6,motorcycle,Jam,Sandstorm,10.31
0.5527,0.707107,-0.707107,0.433884,-0.900969,12,1,7,5,0.1667,1,247.53,9,van,High,Sandstorm,29.04
1.604,0.0,-1.0,0.433884,-0.900969,1,3,7,3,0.5,0,208.85,5,van,Normal,Sunny,17.36
0.4506,-0.707107,-0.707107,-0.781831,0.62349,9,2,9,6,0.25,1,130.63,8,car,High,Windy,16.38
0.1182,0.258819,-0.965926,-0.974928,-0.222521,8,0,3,2,0.0,0,116.21,3,van,High,Sunny,1.0
1.333,0.258819,-0.965926,0.974928,-0.222521,9,0,5,4,0.0,0,82.63,6,motorcycle,Normal,Sunny,9.68
2.5864,0.965926,-0.258819,-0.433884,-0.900969,7,1,4,2,0.3333,0,213.03,9,van,Medium,Sunny,45.95
0.9778,0.5,-0.866025,0.974928,-0.222521,12,0,6,5,0.0,1,358.61,8,car,Medium,Sunny,24.04
1.8603,0.0,-1.0,0.433884,-0.900969,1,0,10,9,0.0,1,282.03,7,van,Low,Windy,18.21
1.6213,-0.866025,0.5,-0.974928,-0.222521,2,3,6,2,0.6,0,235.74,4,van,Medium,Sandstorm,43.27
1.1162,0.258819,-0.965926,-0.781831,0.62349,3,0,9,8,0.0,0,205.02,5,motorcycle,High,Sunny,7.06
1.2575,0.866025,-0.5,-0.781831,0.62349,10,8,11,2,0.8,0,253.92,5,car,Normal,Sunny,5.78
3.9816,-0.866025,0.5,0.433884,-0.900969,1,10,11,0,1.0,1,180.69,2,car,Medium,Sunny,52.95
0.4422,0.258819,-0.965926,-0.781831,0.62349,2,1,9,7,0.125,1,305.07,2,motorcycle,Medium,Sunny,8.25
2.3034,-0.707107,0.707107,-0.781831,0.62349,9,0,10,9,0.0,1,209.47,6,van,High,Windy,41.23
0.3599,0.965926,-0.258819,0.433884,-0.900969,6,1,8,6,0.1429,0,89.08,6,van,Jam,Sunny,14.59
0.5194,1.0,0.0,0.0,1.0,9,0,9,8,0.0,1,202.79,6,car,High,Sandstorm,10.12
3.4422,-0.707107,0.707107,0.0,1.0,5,3,13,9,0.25,1,88.35,6,car,Medium,Sunny,27.38
0.3502,0.965926,-0.258819,-0.433884,-0.900969,2,8,9,0,1.0,0,192.84,5,van,Medium,Sandstorm,13.44
0.8785,1.0,0.0,-0.974928,-0.222521,8,5,7,1,0.8333,1,289.66,5,car,Medium,Sunny,7.08
10.4153,-0.866025,-0.5,-0.781831,0.62349,2,14,15,0,1.0,1,261.92,6,car,Medium,Sunny,90.0
2.9279,0.258819,-0.965926,0.781831,0.62349,6,11,14,2,0.8462,1,97.33,3,van,Low,Sandstorm,30.15
0.5486,-0.5,-0.866025,-0.781831,0.62349,11,11,14,2,0.8462,0,262.55,1,van,Medium,Sunny,11.65
0.6456,0.0,-1.0,-0.974928,-0.222521,3,7,13,5,0.5833,0,44.56,6,motorcycle,High,Sunny,15.85
0.9402,0.258819,-0.965926,0.433884,-0.900969,3,0,7,6,0.0,0,232.32,3,car,Medium,Rainy,18.29
3.8434,-0.5,-0.866025,0.974928,-0.222521,12,11,15,3,0.7857,0,113.35,7,car,High,Sunny,79.43
0.4267,0.5,-0.866025,0.433884,-0.900969,4,7,11,3,0.7,0,222.17,8,motorcycle,Medium,Sunny,11.6
0.4029,0.707107,-0.707107,-0.433884,-0.900969,5,13,14,0,1.0,1,310.45,3,car,Normal,Sunny,8.86
2.1764,0.707107,-0.707107,-0.974928,-0.222521,9,2,3,0,1.0,1,48.16,1,car,Low,Sunny,31.71
0.2238,0.866025,-0.5,0.781831,0.62349,2,2,4,1,0.6667,0,250.73,0,car,Low,Windy,1.0
0.4651,-0.5,-0.866025,0.974928,-0.222521,1,2,3,0,1.0,0,246.0,5,van,Normal,Sandstorm,13.47
1.0194,-0.707107,-0.707107,0.0,1.0,11,9,15,5,0.6429,0,272.49,8,motorcycle,Medium,Sunny,17.04
1.0702,1.0,0.0,-0.781831,0.62349,12,0,7,6,0.0,0,348.95,8,van,Normal,Sunny,30.86
0.3023,-0.258819,-0.965926,0.974928,-0.222521,12,1,3,1,0.5,0,173.87,8,van,Normal,Sunny,7.72
1.5466,-1.0,-0.0,0.781831,0.62349,1,4,12,7,0.3636,0,49.07,0,car,Normal,Sunny,16.93
1.8703,1.0,0.0,0.781831,0.62349,7,2,13,10,0.1667,1,250.54,0,car,High,Windy,39.85
0.589,0.258819,-0.965926,0.0,1.0,11,4,15,10,0.2857,0,196.31,9,car,High,Sunny,3.47
5.3533,-0.5,0.866025,0.433884,-0.900969,11,8,10,1,0.8889,0,292.28,6,car,Normal,Windy,52.34
1.526,-0.258819,-0.965926,-0.974928,-0.222521,5,7,11,3,0.7,1,285.47,8,car,Normal,Sunny,26.27
0.4254,1.0,0.0,0.974928,-0.222521,6,0,11,10,0.0,1,263.92,9,car,Normal,Sandstorm,1.32
5.1538,-0.5,-0.866025,0.974928,-0.222521,2,4,12,7,0.3636,0,142.94,7,car,Low,Sunny,31.86
0.6722,0.0,-1.0,-0.433884,-0.900969,2,6,9,2,0.75,1,171.25,4,van,Normal,Sunny,13.36
1.3099,0.707107,-0.707107,0.974928,-0.222521,5,1,3,1,0.5,1,329.78,7,van,Low,Rainy,17.05
0.696,0.965926,-0.258819,-0.974928,-0.222521,3,3,5,1,0.75,1,156.95,6,car,Normal,Sunny,1.0
1.9996,-0.707107,0.707107,0.974928,-0.222521,12,9,15,5,0.6429,0,211.18,8,car,Jam,Sunny,36.35
0.6995,-0.965926,0.258819,0.433884,-0.900969,1,0,3,2,0.0,0,246.07,8,van,Medium,Windy,19.46
0.741,-0.965926,-0.258819,-0.781831,0.62349,7,3,4,0,1.0,1,41.66,1,van,High,Rainy,24.49
0.9493,1.0,0.0,-0.974928,-0.222521,7,7,13,5,0.5833,1,276.99,8,motorcycle,Normal,Sunny,1.56
0.686,-0.866025,0.5,-0.433884,-0.900969,1,13,15,1,0.9286,0,5.38,6,car,Normal,Rainy,27.99
3.0594,-0.5,-0.866025,0.974928,-0.222521,6,1,8,6,0.1429,0,353.55,7,motorcycle,Jam,Sunny,76.82
0.3346,-0.5,-0.866025,-0.781831,0.62349,12,2,4,1,0.6667,1,204.62,3,car,Normal,Foggy,14.24
1.0668,-0.866025,0.5,0.433884,-0.900969,2,0,10,9,0.0,0,60.5,4,car,Medium,Sunny,15.27
1.2032,-0.258819,-0.965926,0.974928,-0.222521,2,0,3,2,0.0,1,282.31,8,car,Jam,Sunny,46.03
0.9818,0.5,-0.866025,-0.433884,-0.900969,2,6,7,0,1.0,1,304.03,1,car,Medium,Sunny,17.11
2.7729,0.5,-0.866025,0.974928,-0.222521,1,8,10,1,0.8889,1,73.72,5,car,Normal,Sandstorm,37.67
0.2648,-0.707107,0.707107,-0.781831,0.62349,11,13,14,0,1.0,0,14.85,9,car,Medium,Foggy,1.0
1.8956,-0.707107,-0.707107,0.781831,0.62349,1,0,4,3,0.0,0,188.82,7,van,Low,Sunny,28.97
0.3387,-0.707107,-0.707107,0.0,1.0,4,8,10,1,0.8889,0,230.6,1,car,Normal,Sunny,6.18
0.6816,-0.866025,-0.5,0.433884,-0.900969,10,0,3,2,0.0,0,60.57,1,car,Low,Sunny,12.43
0.3072,0.707107,-0.707107,-0.781831,0.62349,12,3,9,5,0.375,1,202.18,5,car,High,Sunny,21.7
0.8061,-0.258819,-0.965926,0.0,1.0,2,4,11,6,0.4,1,189.5,2,car,Medium,Sandstorm,18.59
0.6381,-0.5,0.866025,-0.974928,-0.222521,5,2,3,0,1.0,1,310.9,8,car,Normal,Sunny,1.0
5.2402,0.866025,-0.5,0.0,1.0,3,8,12,3,0.7273,0,293.7,8,car,Normal,Foggy,90.0
1.39,-0.5,0.866025,0.433884,-0.900969,3,5,15,9,0.3571,0,47.5,9,car,Medium,Rainy,22.09
1.6783,0.5,-0.866025,0.433884,-0.900969,12,0,6,5,0.0,0,254.53,3,van,Jam,Sunny,90.0
0.3859,0.258819,-0.965926,0.781831,0.62349,5,4,12,7,0.3636,0,181.03,2,motorcycle,Normal,Sunny,1.0
2.2324,1.0,0.0,-0.974928,-0.222521,8,2,9,6,0.25,1,167.85,5,car,Normal,Foggy,34.64
5.24,-0.965926,-0.258819,0.781831,0.62349,2,9,14,4,0.6923,1,58.44,1,van,High,Rainy,90.0
2.5254,0.258819,-0.965926,0.433884,-0.900969,4,0,10,9,0.0,0,269.15,7,motorcycle,High,Windy,30.43
0.3178,-0.258819,-0.965926,0.433884,-0.900969,5,5,13,7,0.4167,0,312.61,8,motorcycle,Jam,Sunny,11.08
0.7111,-0.707107,-0.707107,0.433884,-0.900969,8,3,5,1,0.75,1,73.98,1,van,Normal,Sunny,10.92
1.2252,-0.866025,-0.5,0.0,1.0,11,3,6,2,0.6,1,10.59,1,motorcycle,Normal,Sandstorm,18.26
0.6387,-0.5,0.866025,0.433884,-0.900969,3,5,8,2,0.7143,1,219.29,3,motorcycle,Medium,Sunny,4.98
12.26,-0.707107,-0.707107,-0.433884,-0.900969,8,4,14,9,0.3077,0,353.26,8,van,Normal,Windy,90.0
0.699,0.707107,-0.707107,0.433884,-0.900969,6,5,11,5,0.5,1,244.37,3,car,High,Windy,13.05
1.0606,-0.965926,-0.258819,-0.974928,-0.222521,10,0,5,4,0.0,0,90.97,7,car,Low,Sunny,15.96
0.6249,1.0,0.0,-0.974928,-0.222521,5,6,14,7,0.4615,0,314.18,9,car,Medium,Sunny,1.4
1.3773,-0.866025,0.5,0.781831,0.62349,6,10,11,0,1.0,0,193.7,4,car,Jam,Sunny,50.77
4.1092,0.258819,-0.965926,-0.974928,-0.222521,8,6,8,1,0.8571,1,183.51,1,car,Jam,Rainy,90.0
1.2326,-1.0,-0.0,-0.781831,0.62349,6,4,7,2,0.6667,1,20.62,9,car,Medium,Sunny,32.67
0.8976,0.866025,-0.5,-0.974928,-0.222521,10,5,12,6,0.4545,1,21.84,3,van,Jam,Sunny,55.36
0.3984,0.0,-1.0,-0.974928,-0.222521,1,12,14,1,0.9231,0,208.55,5,van,Low,Foggy,3.67
3.4847,-0.965926,-0.258819,0.781831,0.62349,5,3,9,5,0.375,0,290.41,9,motorcycle,Normal,Windy,40.61
0.9641,-0.866025,-0.5,-0.433884,-0.900969,3,9,13,3,0.75,1,271.14,8,car,Low,Sunny,17.95
0.9256,1.0,0.0,0.433884,-0.900969,2,6,12,5,0.5455,0,338.68,8,car,Jam,Sandstorm,22.28
0.1198,1.0,0.0,-0.781831,0.62349,1,0,3,2,0.0,1,180.99,3,van,Jam,Sunny,1.0
0.9794,-0.5,0.866025,-0.974928,-0.222521,5,9,13,3,0.75,0,223.46,6,motorcycle,Low,Foggy,10.04
0.755,-0.5,-0.866025,0.781831,0.62349,3,8,10,1,0.8889,0,225.79,3,motorcycle,Low,Rainy,3.47
0.195,-0.866025,0.5,-0.781831,0.62349,10,6,9,2,0.75,0,136.87,5,motorcycle,Normal,Sunny,1.0
2.8296,0.965926,-0.258819,-0.433884,-0.900969,7,6,10,3,0.6667,0,1.02,3,motorcycle,Normal,Sunny,18.65
0.6647,-0.5,-0.866025,0.433884,-0.900969,10,0,3,2,0.0,1,302.0,8,car,High,Sunny,6.14
6.6912,-0.707107,-0.707107,0.433884,-0.900969,11,0,14,13,0.0,0,24.15,7,car,Normal,Windy,90.0
4.2364,-0.707107,0.707107,0.433884,-0.900969,10,11,14,2,0.8462,0,345.34,9,car,High,Windy,71.61
0.5577,-1.0,-0.0,-0.974928,-0.222521,6,7,15,7,0.5,0,303.79,2,van,Medium,Sunny,10.7
4.0586,-0.866025,-0.5,-0.974928,-0.222521,12,4,10,5,0.4444,0,37.36,9,motorcycle,Normal,Foggy,62.96
5.104,0.5,-0.866025,0.433884,-0.900969,5,3,6,2,0.6,0,43.93,2,car,Normal,Sunny,86.66
0.6498,-0.5,0.866025,-0.781831,0.62349,10,9,10,0,1.0,0,265.36,6,van,Jam,Sandstorm,16.26
0.4144,0.258819,-0.965926,0.781831,0.62349,3,2,6,3,0.4,0,195.72,1,car,Medium,Windy,1.76
0.1426,0.5,-0.866025,0.974928,-0.222521,12,4,9,4,0.5,0,233.61,7,car,Medium,Sunny,1.0
1.5863,-1.0,-0.0,-0.433884,-0.900969,4,7,13,5,0.5833,0,104.38,7,car,Normal,Sunny,20.86
0.4384,-0.5,0.866025,0.781831,0.62349,8,2,5,2,0.5,0,318.13,7,car,Jam,Windy,18.29
1.6323,-0.866025,0.5,0.433884,-0.900969,5,5,8,2,0.7143,0,195.47,2,motorcycle,High,Windy,18.49
0.6444,0.707107,-0.707107,-0.974928,-0.222521,3,1,9,7,0.125,1,203.57,8,car,High,Sunny,16.89
0.5269,-0.965926,0.258819,-0.433884,-0.900969,4,5,15,9,0.3571,1,356.61,1,motorcycle,Medium,Sandstorm,8.14
0.6483,0.0,-1.0,-0.433884,-0.900969,8,4,9,4,0.5,1,277.76,7,van,High,Sunny,33.14
0.3215,0.707107,-0.707107,0.781831,0.62349,2,3,7,3,0.5,0,247.97,4,car,Normal,Sunny,4.47
0.648,-0.707107,0.707107,0.781831,0.62349,3,3,7,3,0.5,0,311.99,1,car,High,Sandstorm,29.13
0.5489,-0.5,0.866025,0.433884,-0.900969,12,2,6,3,0.4,0,356.74,9,motorcycle,Medium,Sunny,1.27
1.0904,0.0,-1.0,0.974928,-0.222521,2,3,4,0,1.0,0,292.51,7,car,Medium,Windy,18.23
1.2202,1.0,0.0,0.0,1.0,9,9,12,2,0.8182,1,290.3,1,motorcycle,Jam,Windy,33.74
0.3995,0.707107,-0.707107,0.433884,-0.900969,4,10,12,1,0.9091,0,68.88,3,car,Jam,Sunny,31.38
3.1448,-0.707107,-0.707107,-0.974928,-0.222521,4,2,5,2,0.5,1,314.4,7,van,Medium,Sunny,90.0
0.9497,0.965926,-0.258819,-0.974928,-0.222521,5,3,8,4,0.4286,1,317.24,1,motorcycle,Medium,Sunny,19.63
4.6058,0.707107,-0.707107,0.0,1.0,5,5,12,6,0.4545,0,214.94,4,car,High,Sunny,90.0
1.3896,0.866025,-0.5,-0.974928,-0.222521,9,10,12,1,0.9091,0,234.23,1,car,Jam,Windy,53.84
1.1802,-0.5,0.866025,0.974928,-0.222521,10,2,4,1,0.6667,1,224.56,0,motorcycle,High,Sunny,11.91
0.6932,0.0,-1.0,0.781831,0.62349,5,2,3,0,1.0,0,196.18,2,car,Low,Foggy,7.91
1.982,0.0,-1.0,0.433884,-0.900969,3,2,3,0,1.0,0,66.02,7,car,Normal,Sunny,18.12
1.141,-0.258819,-0.965926,0.781831,0.62349,1,8,9,0,1.0,1,236.77,5,car,High,Sunny,27.48
2.4981,1.0,0.0,-0.433884,-0.900969,9,7,14,6,0.5385,0,136.59,3,car,High,Rainy,55.92
5.0755,-0.707107,-0.707107,-0.974928,-0.222521,12,1,3,1,0.5,1,193.14,2,van,High,Sunny,90.0
0.554,-0.707107,0.707107,-0.974928,-0.222521,1,10,12,1,0.9091,0,324.4,8,van,Medium,Windy,9.05
1.9794,-0.965926,0.258819,0.0,1.0,8,2,12,9,0.1818,1,39.3,6,car,Medium,Windy,24.43
1.9268,0.5,-0.866025,0.974928,-0.222521,3,4,15,10,0.2857,1,343.96,8,motorcycle,Medium,Rainy,53.76
1.7078,1.0,0.0,0.433884,-0.900969,3,9,10,0,1.0,1,204.55,9,car,High,Sunny,33.86
0.7323,-0.965926,0.258819,-0.781831,0.62349,10,10,15,4,0.7143,1,341.94,6,car,Normal,Sunny,18.39
0.7465,-0.866025,0.5,0.433884,-0.900969,4,4,8,3,0.5714,0,72.23,0,van,Medium,Foggy,21.45
0.6346,-0.707107,0.707107,-0.433884,-0.900969,4,3,6,2,0.6,0,19.54,9,motorcycle,High,Sunny,18.54
0.6228,-0.707107,-0.707107,0.974928,-0.222521,2,6,15,8,0.4286,1,223.56,1,car,High,Windy,14.11
0.4975,-0.5,-0.866025,0.974928,-0.222521,11,8,9,0,1.0,0,189.67,7,car,Normal,Windy,5.12
1.0007,-1.0,-0.0,-0.974928,-0.222521,11,2,7,4,0.3333,1,264.56,2,van,High,Sunny,38.16
0.538,-0.965926,-0.258819,-0.974928,-0.222521,11,5,11,5,0.5,0,216.52,7,motorcycle,Normal,Sandstorm,4.68
1.6717,-1.0,-0.0,0.0,1.0,3,0,8,7,0.0,0,185.14,8,car,Normal,Foggy,38.91
1.1666,0.5,-0.866025,0.433884,-0.900969,3,1,12,10,0.0909,0,324.92,7,car,Medium,Sunny,22.02
1.2978,-0.707107,0.707107,-0.974928,-0.222521,12,2,12,9,0.1818,0,116.43,2,van,Low,Windy,1.0
0.8523,1.0,0.0,0.781831,0.62349,8,0,3,2,0.0,0,97.76,6,car,Jam,Windy,22.57
1.1799,0.965926,-0.258819,-0.433884,-0.900969,4,2,9,6,0.25,0,289.44,1,car,Jam,Sunny,29.09
0.8738,-0.965926,-0.258819,0.433884,-0.900969,1,9,14,4,0.6923,0,126.59,8,car,Low,Rainy,19.97
2.3177,-0.707107,-0.707107,0.433884,-0.900969,10,6,11,4,0.6,1,202.71,1,car,High,Sunny,58.74
0.726,-0.707107,-0.707107,-0.433884,-0.900969,10,0,12,11,0.0,1,221.06,8,car,Medium,Sunny,12.27
1.5789,-0.707107,0.707107,-0.781831,0.62349,1,7,15,7,0.5,1,106.01,1,motorcycle,High,Rainy,12.98
0.3195,-0.866025,0.5,0.0,1.0,6,0,7,6,0.0,0,128.07,2,van,High,Rainy,15.68
2.1738,-1.0,-0.0,0.781831,0.62349,6,6,12,5,0.5455,0,14.65,7,van,Medium,Sunny,63.06
0.6497,0.866025,-0.5,0.974928,-0.222521,6,0,3,2,0.0,0,100.63,9,motorcycle,Normal,Sandstorm,18.56
0.4646,0.965926,-0.258819,-0.974928,-0.222521,5,0,4,3,0.0,0,117.39,7,car,Low,Sunny,3.24
0.3746,0.866025,-0.5,-0.433884,-0.900969,4,9,12,2,0.8182,0,6.05,3,car,Medium,Sunny,11.62
0.3475,-0.866025,-0.5,0.781831,0.62349,5,0,5,4,0.0,0,296.34,3,motorcycle,Jam,Sunny,20.05
0.6995,-1.0,-0.0,0.0,1.0,12,12,13,0,1.0,0,318.73,6,car,Medium,Rainy,8.95
4.5892,-0.965926,0.258819,-0.781831,0.62349,12,6,14,7,0.4615,0,63.82,4,van,Normal,Sunny,66.86
0.5998,0.965926,-0.258819,0.0,1.0,2,11,14,2,0.8462,0,217.96,2,van,Low,Sunny,9.8
0.1355,0.5,-0.866025,0.0,1.0,9,0,3,2,0.0,0,159.11,6,car,Jam,Windy,7.43
1.5639,0.258819,-0.965926,0.974928,-0.222521,7,3,7,3,0.5,0,46.01,4,car,Normal,Sunny,6.68
0.3835,-0.866025,-0.5,0.433884,-0.900969,4,8,9,0,1.0,0,8.99,9,car,High,Sunny,17.2
2.3966,1.0,0.0,0.781831,0.62349,3,0,3,2,0.0,0,238.88,0,car,Medium,Sunny,33.9
0.7408,-0.866025,0.5,0.781831,0.62349,10,6,14,7,0.4615,1,28.69,7,car,Normal,Sandstorm,11.8
0.8519,0.965926,-0.258819,0.0,1.0,5,1,15,13,0.0714,0,320.77,7,car,Low,Windy,5.37
3.4468,-0.5,-0.866025,0.974928,-0.222521,2,4,13,8,0.3333,0,284.28,8,van,Normal,Sandstorm,43.48
1.9874,-0.707107,0.707107,-0.781831,0.62349,12,5,6,0,1.0,0,260.74,7,motorcycle,Normal,Sunny,16.14
0.3382,0.707107,-0.707107,0.781831,0.62349,12,2,4,1,0.6667,0,303.39,9,motorcycle,High,Sunny,11.56
0.389,-0.965926,-0.258819,-0.433884,-0.900969,6,4,13,8,0.3333,0,38.38,3,car,High,Sandstorm,12.36
0.203,-0.707107,-0.707107,0.781831,0.62349,6,7,12,4,0.6364,1,225.68,3,car,Normal,Sunny,1.0
13.1059,-0.965926,0.258819,-0.433884,-0.900969,6,4,15,10,0.2857,0,74.3,9,car,Medium,Sunny,90.0
0.487,-0.707107,-0.707107,0.0,1.0,3,0,7,6,0.0,0,187.11,0,car,Low,Sunny,14.08
3.3579,-0.866025,0.5,0.781831,0.62349,2,2,5,2,0.5,0,129.08,8,motorcycle,Normal,Sunny,23.6
0.6665,0.0,-1.0,0.0,1.0,4,10,14,3,0.7692,1,44.06,7,car,High,Sunny,15.47
0.3962,0.866025,-0.5,-0.433884,-0.900969,5,0,4,3,0.0,1,264.43,5,car,High,Foggy,11.03
1.128,-0.965926,-0.258819,-0.974928,-0.222521,2,1,10,8,0.1111,0,108.67,1,motorcycle,High,Sunny,27.62
0.8103,-0.5,0.866025,0.781831,0.62349,1,5,9,3,0.625,1,44.25,6,car,Normal,Windy,1.0
2.3674,-0.258819,-0.965926,0.433884,-0.900969,12,3,10,6,0.3333,1,316.59,4,car,Medium,Sunny,38.76
2.3957,-0.965926,0.258819,0.974928,-0.222521,11,7,8,0,1.0,1,48.47,0,car,Medium,Windy,44.8
0.6309,-0.866025,0.5,0.0,1.0,4,1,3,1,0.5,1,73.95,7,van,Jam,Sunny,16.32
0.2814,-0.866025,-0.5,0.0,1.0,8,4,11,6,0.4,1,8.54,8,van,Medium,Rainy,8.07
0.3544,-0.965926,0.258819,-0.781831,0.62349,2,3,6,2,0.6,0,186.69,5,car,Jam,Sunny,18.09
0.1264,-0.707107,-0.707107,-0.433884,-0.900969,12,3,4,0,1.0,0,297.11,1,motorcycle,Normal,Sandstorm,8.15
0.8515,-0.965926,0.258819,-0.433884,-0.900969,10,5,8,2,0.7143,0,306.44,3,motorcycle,Medium,Sunny,12.35
1.0929,0.258819,-0.965926,0.974928,-0.222521,3,3,6,2,0.6,0,267.76,5,motorcycle,High,Sunny,18.18
0.3732,-0.5,-0.866025,0.781831,0.62349,3,9,12,2,0.8182,0,169.68,5,car,Normal,Rainy,7.77
0.3327,0.965926,-0.258819,-0.974928,-0.222521,4,5,7,1,0.8333,0,320.2,5,car,Medium,Windy,3.16
1.0884,0.707107,-0.707107,0.433884,-0.900969,2,4,9,4,0.5,1,276.17,2,motorcycle,Medium,Windy,26.47
0.6063,-0.707107,-0.707107,0.0,1.0,5,2,9,6,0.25,1,320.13,7,car,Jam,Rainy,27.63
0.9028,-1.0,-0.0,0.433884,-0.900969,9,2,14,11,0.1538,1,86.21,0,van,Normal,Rainy,17.74
0.7797,1.0,0.0,0.433884,-0.900969,9,2,4,1,0.6667,0,216.46,9,van,Jam,Sunny,18.17
1.3998,0.965926,-0.258819,0.433884,-0.900969,1,2,3,0,1.0,0,7.77,4,car,Medium,Sunny,14.64
0.646,1.0,0.0,0.433884,-0.900969,5,5,14,8,0.3846,0,187.74,8,van,Medium,Sunny,7.39
0.6947,-0.5,-0.866025,-0.781831,0.62349,10,3,7,3,0.5,0,315.68,0,motorcycle,Medium,Foggy,3.22
0.1849,0.258819,-0.965926,0.781831,0.62349,11,5,12,6,0.4545,1,265.85,6,van,Normal,Sunny,1.0
1.0536,1.0,0.0,-0.433884,-0.900969,7,5,10,4,0.5556,0,279.42,9,car,Jam,Sunny,31.73
1.2023,-0.965926,0.258819,-0.781831,0.62349,9,9,12,2,0.8182,1,114.15,9,motorcycle,Jam,Sunny,16.47
0.9335,-0.5,-0.866025,-0.781831,0.62349,3,4,11,6,0.4,0,143.34,4,van,Jam,Sunny,39.39
6.7954,1.0,0.0,-0.781831,0.62349,11,3,6,2,0.6,1,355.05,3,van,Jam,Sunny,90.0
1.29,-0.965926,-0.258819,-0.974928,-0.222521,6,3,9,5,0.375,0,96.22,8,motorcycle,Medium,Sunny,41.92
0.9525,-0.707107,0.707107,0.0,1.0,9,1,6,4,0.2,0,31.05,6,van,Medium,Sunny,9.93
1.7757,-0.258819,-0.965926,-0.781831,0.62349,4,5,8,2,0.7143,0,140.05,9,car,High,Windy,42.52
8.2253,-0.5,0.866025,0.0,1.0,3,6,10,3,0.6667,1,276.21,2,car,Low,Sunny,41.51
1.4051,-0.258819,-0.965926,0.433884,-0.900969,7,1,3,1,0.5,0,188.5,4,car,High,Sunny,22.86
0.1337,0.965926,-0.258819,0.433884,-0.900969,7,0,3,2,0.0,1,15.74,3,van,Medium,Sunny,1.0
1.6661,0.866025,-0.5,-0.433884,-0.900969,7,10,12,1,0.9091,1,239.3,4,van,Medium,Sunny,40.91
0.4794,0.965926,-0.258819,-0.974928,-0.222521,10,3,4,0,1.0,0,264.82,8,van,Normal,Sunny,1.0
0.1779,0.258819,-0.965926,-0.974928,-0.222521,10,10,14,3,0.7692,1,217.0,8,car,Normal,Sunny,3.83
5.5438,0.0,-1.0,0.781831,0.62349,4,8,11,2,0.8,0,61.68,5,van,Low,Sunny,63.86
4.5149,-0.258819,-0.965926,-0.974928,-0.222521,6,6,13,6,0.5,1,68.78,0,motorcycle,Medium,Windy,65.25
0.4677,-0.5,-0.866025,-0.974928,-0.222521,2,5,9,3,0.625,0,146.64,4,car,Medium,Sunny,13.39
0.4706,-0.866025,0.5,0.0,1.0,10,2,12,9,0.1818,0,128.95,4,van,Normal,Sunny,1.0
1.2868,1.0,0.0,-0.433884,-0.900969,2,3,5,1,0.75,1,36.68,7,van,Normal,Sunny,30.49
0.4767,-0.707107,0.707107,0.0,1.0,1,0,11,10,0.0,1,309.36,2,van,Medium,Sunny,10.0
0.9721,0.5,-0.866025,0.433884,-0.900969,7,3,7,3,0.5,0,332.86,5,car,Normal,Sunny,15.01
0.5613,-0.5,0.866025,0.781831,0.62349,12,2,13,10,0.1667,0,51.77,7,van,High,Sunny,1.0
0.7555,0.866025,-0.5,0.974928,-0.222521,5,4,7,2,0.6667,1,202.44,5,motorcycle,Normal,Sunny,1.0
0.2911,0.965926,-0.258819,0.781831,0.62349,3,3,13,9,0.25,1,154.72,8,van,Medium,Sunny,18.18
2.4243,0.866025,-0.5,-0.781831,0.62349,3,13,14,0,1.0,0,147.24,2,motorcycle,Normal,Rainy,44.11
3.4681,0.258819,-0.965926,-0.781831,0.62349,11,0,3,2,0.0,1,208.92,6,motorcycle,Medium,Sunny,48.37
1.0048,-0.5,0.866025,-0.974928,-0.222521,8,2,3,0,1.0,1,163.77,4,car,Medium,Sunny,25.27
1.0678,-0.258819,-0.965926,-0.974928,-0.222521,6,4,7,2,0.6667,1,162.54,4,van,Medium,Sunny,36.04
2.0091,0.866025,-0.5,0.974928,-0.222521,12,9,10,0,1.0,0,51.71,4,car,Medium,Sunny,43.23
1.1072,-0.866025,-0.5,0.781831,0.62349,2,4,14,9,0.3077,0,255.83,5,motorcycle,Medium,Sandstorm,28.9
5.715,-0.5,-0.866025,0.433884,-0.900969,8,5,8,2,0.7143,1,208.77,5,car,Normal,Sunny,56.87
0.3165,-0.965926,-0.258819,0.974928,-0.222521,5,0,14,13,0.0,0,20.16,5,car,Medium,Sunny,9.05
2.504,-1.0,-0.0,0.781831,0.62349,3,8,12,3,0.7273,1,135.16,9,motorcycle,Normal,Rainy,43.98
0.9915,-0.965926,0.258819,0.781831,0.62349,12,5,12,6,0.4545,1,78.4,6,car,Medium,Sunny,19.99
0.3809,0.866025,-0.5,0.781831,0.62349,12,10,14,3,0.7692,0,140.39,5,van,Medium,Sunny,9.77
9.344,-0.5,-0.866025,-0.974928,-0.222521,11,5,7,1,0.8333,0,42.79,9,car,High,Windy,90.0
10.6541,-0.866025,-0.5,0.974928,-0.222521,2,5,11,5,0.5,0,219.8,2,motorcycle,Medium,Foggy,90.0
0.9071,-0.707107,-0.707107,-0.781831,0.62349,9,4,13,8,0.3333,0,209.35,2,motorcycle,Normal,Sunny,15.51
1.6862,-0.5,0.866025,-0.433884,-0.900969,5,10,15,4,0.7143,1,213.4,1,car,Normal,Windy,10.61
0.7064,-0.5,0.866025,0.781831,0.62349,5,5,6,0,1.0,1,131.8,2,van,Low,Sunny,10.93
0.823,-0.965926,0.258819,0.0,1.0,3,4,13,8,0.3333,1,259.94,0,car,Medium,Windy,2.64
0.3769,0.5,-0.866025,0.974928,-0.222521,8,4,5,0,1.0,0,303.35,1,van,High,Sunny,25.23
0.3275,-0.5,-0.866025,0.0,1.0,11,6,15,8,0.4286,0,149.88,6,van,High,Windy,1.61
6.3722,-0.965926,0.258819,-0.781831,0.62349,3,8,9,0,1.0,0,155.9,6,motorcycle,Medium,Sunny,77.17
1.0652,0.5,-0.866025,-0.781831,0.62349,7,9,14,4,0.6923,1,323.44,6,car,Normal,Sunny,4.68
1.1596,-1.0,-0.0,-0.433884,-0.900969,8,6,10,3,0.6667,1,217.86,9,car,High,Sunny,40.0
0.5117,0.5,-0.866025,0.974928,-0.222521,8,2,3,0,1.0,0,183.49,8,van,Low,Windy,1.22
1.3238,0.866025,-0.5,-0.781831,0.62349,4,5,7,1,0.8333,1,265.37,3,van,Normal,Windy,31.33
0.2648,0.5,-0.866025,-0.433884,-0.900969,1,8,10,1,0.8889,0,111.65,1,car,High,Sandstorm,18.38
0.5299,-0.707107,0.707107,0.974928,-0.222521,10,3,10,6,0.3333,0,11.79,4,car,Normal,Foggy,12.57
0.3535,-0.5,0.866025,-0.781831,0.62349,8,7,10,2,0.7778,0,252.69,9,car,Normal,Sunny,1.0
3.7744,-0.866025,0.5,0.781831,0.62349,9,8,12,3,0.7273,0,232.58,9,motorcycle,Normal,Windy,27.57
0.2301,0.5,-0.866025,0.433884,-0.900969,7,5,10,4,0.5556,1,154.27,2,car,Medium,Sunny,1.0
0.3605,-0.965926,0.258819,-0.433884,-0.900969,5,1,5,3,0.25,0,16.5,1,car,Normal,Rainy,1.0
0.158,0.707107,-0.707107,-0.781831,0.62349,4,1,4,2,0.3333,1,338.42,7,motorcycle,Medium,Windy,1.0
0.4745,0.866025,-0.5,0.0,1.0,8,1,6,4,0.2,0,263.08,8,car,Medium,Sunny,2.92
0.7142,0.5,-0.866025,0.974928,-0.222521,10,0,4,3,0.0,0,138.8,9,van,Normal,Sunny,3.7
2.798,0.866025,-0.5,-0.974928,-0.222521,4,11,12,0,1.0,1,72.38,9,car,Normal,Sandstorm,58.21
0.895,-0.866025,-0.5,0.433884,-0.900969,1,10,15,4,0.7143,0,199.92,2,motorcycle,High,Sandstorm,26.29
0.7482,-0.965926,-0.258819,-0.974928,-0.222521,2,8,15,6,0.5714,1,7.65,7,van,Normal,Sandstorm,24.03
1.4695,1.0,0.0,-0.974928,-0.222521,7,4,10,5,0.4444,0,164.59,6,motorcycle,High,Sunny,13.88
0.7256,0.965926,-0.258819,0.974928,-0.222521,3,1,14,12,0.0769,0,355.82,3,car,Medium,Sunny,5.52
10.9071,-0.5,-0.866025,0.974928,-0.222521,10,3,11,7,0.3,0,266.11,0,van,Low,Rainy,90.0
0.6304,0.965926,-0.258819,0.433884,-0.900969,4,0,4,3,0.0,0,354.57,6,van,Medium,Windy,19.57
1.6373,-0.866025,0.5,0.0,1.0,6,5,10,4,0.5556,1,142.57,3,car,Medium,Sunny,17.48
2.4233,0.0,-1.0,-0.974928,-0.222521,3,4,10,5,0.4444,0,31.37,2,car,Medium,Sunny,27.9
0.6134,-0.258819,-0.965926,0.0,1.0,6,9,10,0,1.0,1,347.44,0,car,High,Windy,12.56
1.2932,1.0,0.0,-0.781831,0.62349,9,10,13,2,0.8333,0,311.49,1,motorcycle,Jam,Windy,24.32
0.6867,-0.965926,-0.258819,-0.974928,-0.222521,10,9,15,5,0.6429,0,202.51,1,van,High,Sunny,15.73
1.4338,-1.0,-0.0,0.974928,-0.222521,9,5,6,0,1.0,0,82.74,1,van,Medium,Rainy,49.13
1.2164,-1.0,-0.0,0.0,1.0,7,0,3,2,0.0,0,265.95,9,van,Medium,Rainy,37.31
0.9673,-0.707107,-0.707107,-0.974928,-0.222521,6,1,11,9,0.1,1,6.92,0,van,Medium,Sunny,29.38
0.3687,0.5,-0.866025,0.433884,-0.900969,4,2,4,1,0.6667,1,329.19,3,car,Normal,Sunny,9.27
6.4916,0.965926,-0.258819,0.781831,0.62349,12,0,8,7,0.0,0,250.99,9,car,High,Sunny,90.0
1.9291,0.258819,-0.965926,0.433884,-0.900969,9,14,15,0,1.0,1,63.29,1,van,High,Windy,57.74
0.2443,-0.707107,-0.707107,-0.781831,0.62349,11,1,11,9,0.1,1,59.23,6,car,Normal,Sunny,1.85
0.7413,0.965926,-0.258819,-0.433884,-0.900969,9,12,15,2,0.8571,0,20.87,2,motorcycle,Jam,Rainy,15.33
0.2488,1.0,0.0,-0.433884,-0.900969,2,2,3,0,1.0,0,277.38,3,motorcycle,High,Sunny,1.0
2.2795,0.707107,-0.707107,0.433884,-0.900969,4,2,12,9,0.1818,0,46.03,4,car,Medium,Sunny,45.33
1.0825,0.965926,-0.258819,0.781831,0.62349,6,3,7,3,0.5,1,187.23,5,van,Jam,Rainy,36.75
1.1095,1.0,0.0,-0.781831,0.62349,4,1,3,1,0.5,1,128.95,7,car,Normal,Rainy,1.0
0.4965,-0.5,-0.866025,-0.974928,-0.222521,11,4,6,1,0.8,1,197.67,6,motorcycle,Low,Sunny,11.78
0.8189,-1.0,-0.0,0.433884,-0.900969,6,6,15,8,0.4286,0,250.13,0,motorcycle,Normal,Sunny,12.26
2.3346,-0.5,-0.866025,-0.974928,-0.222521,3,4,8,3,0.5714,0,75.59,1,motorcycle,Medium,Sunny,19.6
3.0133,0.965926,-0.258819,0.974928,-0.222521,8,5,14,8,0.3846,0,72.18,6,car,Normal,Sunny,41.38
2.4697,0.258819,-0.965926,-0.974928,-0.222521,5,0,4,3,0.0,0,121.54,2,car,Jam,Sunny,90.0
0.253,1.0,0.0,-0.781831,0.62349,2,7,11,3,0.7,0,336.67,0,car,Normal,Sunny,1.0
0.9261,-0.866025,-0.5,0.974928,-0.222521,12,2,8,5,0.2857,1,159.85,5,car,Normal,Sunny,15.98
1.4059,0.707107,-0.707107,0.0,1.0,12,1,6,4,0.2,0,92.5,3,car,Medium,Windy,36.43
0.5499,0.0,-1.0,-0.974928,-0.222521,10,3,10,6,0.3333,1,187.04,8,car,Low,Windy,1.0
0.2285,-0.707107,0.707107,-0.974928,-0.222521,4,5,10,4,0.5556,0,64.93,8,motorcycle,High,Windy,1.0
0.3255,-0.707107,-0.707107,-0.974928,-0.222521,10,2,3,0,1.0,1,275.47,1,car,Normal,Sunny,13.35
4.5942,-0.965926,0.258819,-0.781831,0.62349,4,8,11,2,0.8,1,114.94,7,car,Jam,Sunny,90.0
0.3563,0.258819,-0.965926,0.974928,-0.222521,11,3,6,2,0.6,0,353.75,8,motorcycle,Medium,Sunny,1.0
1.1563,-0.707107,0.707107,-0.781831,0.62349,11,5,13,7,0.4167,0,226.76,6,van,Low,Foggy,1.0
0.9526,-1.0,-0.0,0.781831,0.62349,3,4,5,0,1.0,1,220.16,6,van,Low,Sunny,19.07
0.955,-0.5,-0.866025,-0.433884,-0.900969,4,2,6,3,0.4,0,104.59,4,van,Low,Windy,1.0
0.8156,-0.707107,-0.707107,-0.781831,0.62349,9,2,15,12,0.1429,1,64.23,4,motorcycle,Jam,Sunny,18.16
2.3389,-0.866025,-0.5,-0.781831,0.62349,3,4,6,1,0.8,1,27.99,0,van,Medium,Rainy,77.7
1.1432,0.866025,-0.5,-0.433884,-0.900969,10,3,4,0,1.0,0,308.04,1,van,Medium,Sunny,29.62
0.61,0.5,-0.866025,0.433884,-0.900969,9,2,10,7,0.2222,0,352.66,6,van,Normal,Sunny,4.65
1.1604,-0.965926,-0.258819,0.433884,-0.900969,3,2,11,8,0.2,0,77.49,5,car,High,Sandstorm,39.34
0.3284,-0.258819,-0.965926,-0.781831,0.62349,10,3,10,6,0.3333,0,357.63,1,car,Normal,Sunny,11.93
1.737,-0.965926,0.258819,-0.781831,0.62349,1,2,8,5,0.2857,0,221.73,3,car,High,Sunny,34.01
0.5787,-0.5,-0.866025,0.781831,0.62349,5,0,4,3,0.0,0,283.21,6,car,High,Sunny,11.01
0.6113,0.965926,-0.258819,0.0,1.0,3,0,6,5,0.0,0,355.81,1,van,Normal,Foggy,14.95
1.7993,-0.965926,-0.258819,-0.974928,-0.222521,1,0,3,2,0.0,1,351.1,2,car,Medium,Windy,35.17
0.7505,-0.866025,-0.5,-0.974928,-0.222521,9,4,14,9,0.3077,1,204.49,8,car,Normal,Sunny,16.11
0.7918,0.0,-1.0,0.0,1.0,2,1,6,4,0.2,0,189.75,4,car,Normal,Sandstorm,17.46
3.351,-0.965926,0.258819,0.433884,-0.900969,9,2,11,8,0.2,0,243.27,4,motorcycle,Jam,Windy,63.87
0.4384,0.258819,-0.965926,0.433884,-0.900969,1,5,6,0,1.0,0,79.12,0,car,Medium,Sunny,10.91
1.7744,0.965926,-0.258819,0.0,1.0,11,2,11,8,0.2,1,139.97,0,van,High,Sunny,47.78
2.7239,0.866025,-0.5,-0.433884,-0.900969,12,3,4,0,1.0,0,297.93,6,motorcycle,Medium,Sunny,43.18
3.3486,-0.707107,0.707107,-0.781831,0.62349,4,2,4,1,0.6667,1,39.53,3,car,Normal,Windy,42.43
8.7381,0.0,-1.0,0.781831,0.62349,6,3,7,3,0.5,0,165.26,2,van,High,Sunny,90.0
0.6005,-0.258819,-0.965926,-0.974928,-0.222521,8,4,6,1,0.8,0,113.65,1,car,Medium,Rainy,4.66
0.4845,0.258819,-0.965926,0.0,1.0,8,0,7,6,0.0,0,209.7,7,car,Normal,Sunny,6.33
2.4021,-1.0,-0.0,0.781831,0.62349,1,4,6,1,0.8,1,68.18,9,van,Medium,Windy,80.22
2.6999,-0.866025,-0.5,0.433884,-0.900969,12,4,12,7,0.3636,0,334.1,2,motorcycle,Medium,Sunny,35.79
0.5214,-0.707107,0.707107,-0.781831,0.62349,12,6,8,1,0.8571,1,285.01,2,car,High,Windy,1.0
1.7517,-0.707107,0.707107,-0.781831,0.62349,6,4,5,0,1.0,1,29.26,7,van,Normal,Sunny,18.94
14.7022,-0.5,0.866025,-0.781831,0.62349,7,10,14,3,0.7692,0,117.31,5,car,High,Sunny,90.0
1.2207,0.258819,-0.965926,-0.781831,0.62349,3,1,11,9,0.1,0,15.55,7,van,Normal,Sunny,25.93
2.6573,-0.707107,-0.707107,-0.974928,-0.222521,9,7,8,0,1.0,0,44.35,7,van,Normal,Windy,71.39
4.9426,0.258819,-0.965926,0.974928,-0.222521,7,6,9,2,0.75,0,152.51,7,van,Normal,Sunny,86.7
11.9241,-0.965926,-0.258819,0.0,1.0,4,0,7,6,0.0,0,118.6,1,van,High,Sandstorm,90.0
1.3957,-1.0,-0.0,-0.974928,-0.222521,4,1,8,6,0.1429,0,187.42,5,car,Normal,Sunny,22.98
3.6342,0.5,-0.866025,0.781831,0.62349,1,2,3,0,1.0,1,104.72,4,van,Medium,Sunny,90.0
0.5225,-0.866025,0.5,0.433884,-0.900969,10,10,13,2,0.8333,1,119.58,8,van,Normal,Sunny,1.97
1.1316,0.5,-0.866025,-0.974928,-0.222521,1,3,8,4,0.4286,0,344.94,6,van,Medium,Sunny,21.86
0.7232,-0.5,0.866025,0.0,1.0,7,11,12,0,1.0,0,314.97,7,car,High,Sunny,2.25
0.1843,-0.866025,0.5,-0.781831,0.62349,10,1,3,1,0.5,0,4.82,8,car,Normal,Sunny,1.0
0.241,1.0,0.0,0.974928,-0.222521,1,3,4,0,1.0,0,216.82,6,car,Jam,Windy,14.0
1.6628,0.0,-1.0,0.781831,0.62349,2,4,7,2,0.6667,0,51.18,6,car,Low,Foggy,8.18
1.6942,0.0,-1.0,0.974928,-0.222521,10,1,3,1,0.5,0,284.2,5,car,Normal,Sunny,14.75
0.4108,-0.965926,0.258819,0.433884,-0.900969,10,0,15,14,0.0,0,300.94,0,car,Medium,Windy,12.62
4.8526,-1.0,-0.0,0.433884,-0.900969,1,2,3,0,1.0,1,237.74,7,van,High,Windy,90.0
0.385,1.0,0.0,0.781831,0.62349,4,1,10,8,0.1111,0,242.34,3,car,Normal,Windy,2.92
1.4112,-0.866025,0.5,0.781831,0.62349,8,1,7,5,0.1667,0,306.52,1,motorcycle,Medium,Sunny,11.48
0.7449,0.707107,-0.707107,0.433884,-0.900969,7,2,5,2,0.5,0,36.66,3,van,Normal,Foggy,36.0
1.2234,0.0,-1.0,0.781831,0.62349,7,3,4,0,1.0,0,254.76,3,van,Medium,Sunny,33.17
2.5951,0.866025,-0.5,-0.433884,-0.900969,4,4,6,1,0.8,0,43.18,3,car,Medium,Sandstorm,73.18
2.2693,0.866025,-0.5,-0.781831,0.62349,7,1,3,1,0.5,0,15.23,2,car,Jam,Sunny,90.0
2.1651,-0.5,-0.866025,0.0,1.0,1,8,10,1,0.8889,1,229.9,9,van,Medium,Sandstorm,58.79
1.9177,0.965926,-0.258819,0.0,1.0,11,4,6,1,0.8,0,97.95,8,motorcycle,Medium,Foggy,39.37
0.3299,0.965926,-0.258819,-0.433884,-0.900969,7,0,3,2,0.0,1,16.52,0,car,Medium,Rainy,2.44
3.2472,-0.965926,0.258819,0.0,1.0,5,3,4,0,1.0,1,22.73,4,van,Normal,Sunny,50.06
0.4036,0.258819,-0.965926,-0.433884,-0.900969,5,3,14,10,0.2308,1,352.69,3,van,Normal,Sandstorm,8.31
0.9993,-0.965926,-0.258819,0.433884,-0.900969,5,3,6,2,0.6,0,80.31,8,van,Jam,Sunny,67.67
0.7916,-0.5,0.866025,0.433884,-0.900969,6,6,10,3,0.6667,1,146.82,4,car,Normal,Windy,20.52
1.5413,1.0,0.0,-0.433884,-0.900969,3,3,8,4,0.4286,1,95.95,6,van,High,Sunny,35.15
0.6973,-0.965926,0.258819,-0.781831,0.62349,8,3,9,5,0.375,0,336.72,0,car,Normal,Windy,11.8
0.9507,0.965926,-0.258819,0.0,1.0,3,3,14,10,0.2308,0,26.58,7,motorcycle,High,Sunny,14.52
5.1445,-1.0,-0.0,0.0,1.0,4,3,12,8,0.2727,0,195.55,4,car,Normal,Sunny,79.38
0.3229,0.258819,-0.965926,-0.433884,-0.900969,11,9,10,0,1.0,0,172.0,8,car,Jam,Sunny,16.57
1.1026,0.866025,-0.5,0.0,1.0,7,1,5,3,0.25,0,249.16,1,motorcycle,Medium,Sunny,29.14
0.3835,0.707107,-0.707107,0.433884,-0.900969,11,6,14,7,0.4615,0,323.39,3,car,Low,Sunny,10.95
2.0973,0.0,-1.0,0.433884,-0.900969,8,2,3,0,1.0,0,0.14,8,car,Medium,Sandstorm,42.64
0.5541,-1.0,-0.0,0.974928,-0.222521,10,2,10,7,0.2222,0,5.96,2,car,Medium,Windy,2.59
1.1464,-0.965926,-0.258819,0.433884,-0.900969,2,1,10,8,0.1111,0,135.82,2,car,Normal,Sandstorm,32.02
0.314,-1.0,-0.0,0.0,1.0,7,3,15,11,0.2143,0,144.58,3,car,Normal,Sandstorm,1.0
3.7696,1.0,0.0,0.781831,0.62349,5,0,5,4,0.0,1,320.57,5,car,High,Sunny,63.06
1.1843,-0.5,0.866025,0.0,1.0,1,2,6,3,0.4,1,100.39,0,van,High,Sunny,24.36
1.2597,-0.258819,-0.965926,-0.781831,0.62349,2,0,3,2,0.0,0,305.4,6,van,Normal,Sunny,28.93
2.4293,0.965926,-0.258819,-0.974928,-0.222521,3,2,6,3,0.4,0,32.14,8,car,High,Sunny,43.0
0.3366,-0.707107,0.707107,0.781831,0.62349,1,7,15,7,0.5,1,27.87,3,van,Normal,Sunny,2.09
0.6161,-0.965926,0.258819,0.0,1.0,6,0,3,2,0.0,0,268.24,1,car,Low,Windy,4.27
1.2989,0.965926,-0.258819,0.781831,0.62349,1,3,13,9,0.25,1,274.55,3,motorcycle,Medium,Windy,7.0
0.2072,-0.258819,-0.965926,-0.781831,0.62349,10,9,15,5,0.6429,0,34.02,6,car,Normal,Windy,1.0
0.2295,-0.707107,0.707107,-0.974928,-0.222521,8,2,4,1,0.6667,0,357.5,5,van,Normal,Sunny,1.0
0.5065,-0.965926,-0.258819,-0.433884,-0.900969,12,5,7,1,0.8333,0,28.97,6,car,Medium,Sandstorm,21.12
0.3738,0.707107,-0.707107,-0.781831,0.62349,2,12,14,1,0.9231,0,318.31,8,van,Normal,Sunny,30.55
0.7972,-0.965926,-0.258819,0.781831,0.62349,1,2,12,9,0.1818,0,69.81,9,car,Normal,Rainy,16.98
1.8154,0.707107,-0.707107,0.433884,-0.900969,11,0,3,2,0.0,0,7.91,4,van,High,Sunny,78.57
2.2533,0.258819,-0.965926,-0.974928,-0.222521,5,7,14,6,0.5385,0,307.73,7,car,Medium,Sunny,29.42
6.1653,0.707107,-0.707107,0.0,1.0,10,2,13,10,0.1667,0,66.36,4,motorcycle,High,Sunny,90.0
1.0817,-0.965926,-0.258819,0.433884,-0.900969,3,5,7,1,0.8333,0,190.59,1,van,Medium,Sunny,51.56
1.2797,-0.707107,0.707107,0.974928,-0.222521,1,0,8,7,0.0,1,297.65,5,van,Medium,Sunny,11.46
1.0794,1.0,0.0,0.781831,0.62349,6,2,6,3,0.4,1,55.7,9,motorcycle,Normal,Sunny,16.21
1.4982,-0.866025,-0.5,0.781831,0.62349,7,8,9,0,1.0,1,266.78,4,motorcycle,High,Sunny,35.06
1.6136,0.5,-0.866025,-0.781831,0.62349,2,9,13,3,0.75,0,191.35,5,car,Normal,Rainy,39.95
2.6539,-1.0,-0.0,0.433884,-0.900969,1,5,11,5,0.5,1,92.11,7,car,Normal,Sunny,46.16
2.644,0.866025,-0.5,0.0,1.0,3,0,15,14,0.0,0,14.96,8,car,High,Sunny,63.82
1.8101,0.0,-1.0,-0.433884,-0.900969,2,3,4,0,1.0,0,94.66,0,car,High,Rainy,43.53
4.6398,0.707107,-0.707107,-0.433884,-0.900969,12,6,15,8,0.4286,0,152.91,0,van,Medium,Sunny,90.0
1.1336,-0.866025,0.5,0.974928,-0.222521,12,12,14,1,0.9231,0,132.45,4,motorcycle,Low,Sandstorm,11.19
0.6182,0.965926,-0.258819,0.974928,-0.222521,1,5,7,1,0.8333,0,258.08,1,motorcycle,Normal,Sunny,22.36
0.7221,-0.707107,-0.707107,0.433884,-0.900969,6,3,4,0,1.0,1,147.54,9,van,Medium,Sunny,19.46
0.9995,0.866025,-0.5,-0.781831,0.62349,5,0,5,4,0.0,0,136.92,7,van,High,Sunny,43.72
0.3948,-0.866025,-0.5,-0.974928,-0.222521,1,12,15,2,0.8571,0,292.41,6,motorcycle,Medium,Sunny,1.0
0.6171,-0.965926,0.258819,0.974928,-0.222521,8,2,3,0,1.0,1,167.01,5,motorcycle,Low,Windy,4.03
0.3742,-1.0,-0.0,0.781831,0.62349,11,1,4,2,0.3333,1,354.78,4,car,Normal,Sandstorm,26.56
1.5323,1.0,0.0,0.0,1.0,8,2,3,0,1.0,0,206.81,0,van,Medium,Sunny,23.2
1.5467,-0.965926,0.258819,0.781831,0.62349,12,2,5,2,0.5,1,337.4,7,motorcycle,Medium,Rainy,13.14
0.2059,0.258819,-0.965926,0.0,1.0,8,8,13,4,0.6667,1,317.59,4,car,Low,Sunny,8.22
0.5937,-0.965926,-0.258819,-0.974928,-0.222521,7,2,3,0,1.0,0,149.05,3,car,Low,Sunny,8.38
6.2584,-0.5,0.866025,-0.433884,-0.900969,12,8,15,6,0.5714,0,220.56,4,motorcycle,Normal,Rainy,58.8
2.0103,0.866025,-0.5,0.0,1.0,9,5,8,2,0.7143,1,50.69,4,motorcycle,Low,Rainy,17.95
1.7017,0.0,-1.0,-0.781831,0.62349,10,7,9,1,0.875,0,189.73,9,motorcycle,Medium,Sunny,21.83
0.588,-0.866025,0.5,0.781831,0.62349,10,7,10,2,0.7778,0,152.63,1,van,Normal,Sunny,11.35
1.452,0.866025,-0.5,-0.433884,-0.900969,1,8,13,4,0.6667,1,174.15,1,car,Medium,Sunny,21.26
1.09,0.5,-0.866025,0.0,1.0,9,9,11,1,0.9,0,66.34,1,car,High,Sunny,19.76
0.5185,-0.707107,-0.707107,-0.433884,-0.900969,9,2,3,0,1.0,0,311.84,6,van,Jam,Sandstorm,30.69
0.6914,-0.5,0.866025,0.433884,-0.900969,6,7,13,5,0.5833,0,28.79,0,van,Jam,Sunny,1.0
0.7063,0.258819,-0.965926,-0.781831,0.62349,7,0,4,3,0.0,0,281.23,7,van,Normal,Windy,10.71
0.2687,0.0,-1.0,-0.433884,-0.900969,10,6,9,2,0.75,0,339.88,7,van,Low,Sunny,1.0
0.3143,-0.965926,0.258819,0.433884,-0.900969,2,4,14,9,0.3077,1,38.28,7,car,Normal,Sunny,1.0
0.9144,0.866025,-0.5,0.433884,-0.900969,7,5,9,3,0.625,0,156.13,4,van,High,Sunny,42.94
0.4938,0.258819,-0.965926,-0.433884,-0.900969,10,3,8,4,0.4286,1,210.58,4,car,Low,Sunny,1.0
0.8304,0.258819,-0.965926,0.974928,-0.222521,4,2,7,4,0.3333,0,356.88,9,car,Normal,Sunny,14.58
0.2404,0.0,-1.0,-0.433884,-0.900969,4,12,13,0,1.0,1,311.54,8,car,Normal,Foggy,1.0
2.3661,-0.707107,-0.707107,0.433884,-0.900969,1,2,11,8,0.2,1,149.12,1,car,Normal,Rainy,43.5
7.9761,0.707107,-0.707107,-0.781831,0.62349,4,2,13,10,0.1667,1,348.45,2,motorcycle,High,Windy,90.0
2.933,0.0,-1.0,0.781831,0.62349,5,8,14,5,0.6154,0,119.26,2,car,Medium,Sunny,46.6
3.2349,-0.707107,0.707107,-0.974928,-0.222521,12,6,10,3,0.6667,0,122.4,4,car,Medium,Rainy,49.73
2.0033,-0.866025,0.5,-0.974928,-0.222521,1,6,7,0,1.0,0,182.25,6,van,Jam,Rainy,90.0
1.4223,-0.5,0.866025,-0.974928,-0.222521,8,0,10,9,0.0,0,280.65,2,van,Normal,Rainy,15.24
1.1999,-0.965926,-0.258819,-0.781831,0.62349,1,6,7,0,1.0,0,69.18,0,car,Normal,Sunny,15.79
0.4636,-0.707107,-0.707107,0.433884,-0.900969,10,4,5,0,1.0,0,267.29,3,car,Normal,Sunny,1.0
2.1288,0.707107,-0.707107,0.433884,-0.900969,6,1,7,5,0.1667,1,0.97,5,car,Medium,Sandstorm,60.71
2.0121,0.866025,-0.5,0.781831,0.62349,6,7,9,1,0.875,1,94.49,6,van,Medium,Sunny,59.94
0.7119,-0.707107,-0.707107,0.974928,-0.222521,12,4,5,0,1.0,0,350.81,1,car,Low,Sunny,15.11
1.8216,0.0,-1.0,0.781831,0.62349,9,0,7,6,0.0,0,236.33,6,car,Jam,Sunny,71.72
0.5716,-0.965926,0.258819,-0.974928,-0.222521,2,0,10,9,0.0,0,166.52,1,car,Normal,Sunny,1.0
0.6073,1.0,0.0,-0.974928,-0.222521,4,2,4,1,0.6667,1,263.43,2,van,Normal,Sunny,24.08
2.3079,-0.707107,0.707107,0.781831,0.62349,4,2,4,1,0.6667,0,156.69,5,car,Medium,Windy,23.46
1.6636,0.866025,-0.5,-0.974928,-0.222521,8,11,13,1,0.9167,0,38.41,1,motorcycle,Jam,Windy,55.52
0.8866,0.0,-1.0,0.974928,-0.222521,10,12,13,0,1.0,0,179.12,5,car,Medium,Sunny,14.58
0.7943,0.0,-1.0,-0.974928,-0.222521,8,0,7,6,0.0,1,343.94,0,van,Jam,Sunny,30.15
1.3048,-0.707107,0.707107,-0.781831,0.62349,5,3,4,0,1.0,1,98.14,2,car,Normal,Rainy,2.81
0.1933,-1.0,-0.0,-0.974928,-0.222521,9,6,8,1,0.8571,1,19.03,5,car,Medium,Sunny,6.04
0.538,1.0,0.0,0.781831,0.62349,10,3,5,1,0.75,0,266.88,2,car,High,Sunny,2.41
0.3323,-0.866025,0.5,0.781831,0.62349,1,5,14,8,0.3846,0,163.59,4,motorcycle,Medium,Sunny,1.64
1.1177,-0.965926,-0.258819,0.0,1.0,7,1,3,1,0.5,0,120.49,2,motorcycle,Normal,Sunny,11.12
3.1086,0.965926,-0.258819,-0.974928,-0.222521,9,5,9,3,0.625,1,175.51,5,car,Jam,Windy,88.26
1.739,-0.965926,0.258819,0.433884,-0.900969,8,2,7,4,0.3333,1,334.8,1,car,Normal,Sunny,4.58
0.6798,1.0,0.0,0.781831,0.62349,3,0,9,8,0.0,0,90.09,1,motorcycle,Medium,Rainy,1.0
0.5648,-0.258819,-0.965926,-0.433884,-0.900969,2,8,12,3,0.7273,1,72.19,9,van,High,Sunny,24.53
0.54,0.866025,-0.5,0.433884,-0.900969,4,1,6,4,0.2,0,192.21,3,car,Jam,Foggy,36.08
7.3864,1.0,0.0,-0.433884,-0.900969,5,3,14,10,0.2308,0,166.79,6,car,Jam,Windy,90.0
1.179,-0.707107,-0.707107,-0.433884,-0.900969,12,5,15,9,0.3571,1,53.93,0,van,High,Sunny,52.52
1.3361,-0.965926,-0.258819,0.781831,0.62349,8,0,8,7,0.0,0,209.04,1,van,Low,Sunny,24.83
0.1487,-0.5,-0.866025,0.974928,-0.222521,11,3,8,4,0.4286,0,206.82,7,van,Jam,Sunny,1.0
0.3599,0.258819,-0.965926,-0.974928,-0.222521,1,5,6,0,1.0,0,217.96,3,motorcycle,Medium,Foggy,11.8
1.0597,-0.5,-0.866025,-0.781831,0.62349,10,9,13,3,0.75,1,148.88,3,car,Medium,Sandstorm,28.87
0.6885,0.866025,-0.5,0.781831,0.62349,3,0,12,11,0.0,1,104.42,1,car,Normal,Sunny,19.52
1.2541,1.0,0.0,0.433884,-0.900969,7,2,8,5,0.2857,0,118.2,2,car,High,Sunny,37.55
1.2385,0.866025,-0.5,-0.781831,0.62349,5,7,11,3,0.7,1,300.37,2,car,Medium,Foggy,39.84
1.9551,1.0,0.0,-0.433884,-0.900969,11,6,7,0,1.0,1,225.03,7,car,High,Windy,32.89
0.1872,-0.965926,0.258819,0.781831,0.62349,9,4,11,6,0.4,0,143.29,9,car,Normal,Sunny,2.18
0.3868,-0.866025,-0.5,-0.433884,-0.900969,6,12,13,0,1.0,0,220.78,0,car,Normal,Sunny,9.89
1.0054,0.707107,-0.707107,0.0,1.0,7,0,8,7,0.0,0,125.86,1,van,Medium,Sunny,40.58
0.5975,-0.707107,-0.707107,0.433884,-0.900969,9,10,11,0,1.0,0,310.55,6,car,Low,Windy,6.07
0.823,-0.5,-0.866025,0.433884,-0.900969,9,1,10,8,0.1111,1,261.95,8,car,Medium,Sunny,6.45
1.2258,0.965926,-0.258819,0.0,1.0,7,2,3,0,1.0,1,36.34,3,van,Normal,Sandstorm,11.28
0.5446,-0.5,0.866025,0.781831,0.62349,9,0,3,2,0.0,0,20.22,8,van,Medium,Sunny,14.74
1.3266,-0.707107,0.707107,-0.781831,0.62349,10,5,6,0,1.0,0,12.03,0,van,Low,Sunny,12.2
1.853,-1.0,-0.0,-0.433884,-0.900969,1,1,6,4,0.2,0,9.91,7,motorcycle,Normal,Sunny,16.98
1.1757,-0.965926,0.258819,0.433884,-0.900969,5,1,5,3,0.25,1,178.89,9,van,Medium,Sandstorm,36.31
2.1917,-0.707107,-0.707107,0.781831,0.62349,11,9,15,5,0.6429,0,65.1,4,car,Normal,Sunny,35.84
0.1403,-0.965926,0.258819,0.0,1.0,4,0,10,9,0.0,1,242.83,5,car,Normal,Rainy,1.0
0.6333,-0.5,-0.866025,0.974928,-0.222521,10,1,3,1,0.5,1,173.79,2,van,Normal,Sunny,20.15
2.5798,0.866025,-0.5,0.433884,-0.900969,7,4,14,9,0.3077,0,33.65,7,car,Normal,Windy,28.0
0.4862,0.866025,-0.5,0.781831,0.62349,4,2,6,3,0.4,0,2.1,8,car,Medium,Rainy,12.92
0.4274,-0.866025,0.5,-0.974928,-0.222521,5,4,15,10,0.2857,0,13.22,8,car,Normal,Sandstorm,5.33
0.9802,-0.258819,-0.965926,0.433884,-0.900969,6,4,5,0,1.0,0,192.0,8,car,Normal,Sunny,1.0
1.0871,-1.0,-0.0,0.0,1.0,2,1,4,2,0.3333,0,211.18,0,car,Medium,Windy,28.97
0.665,0.866025,-0.5,0.0,1.0,4,3,4,0,1.0,1,127.09,5,car,Medium,Sunny,8.13
6.3687,-0.258819,-0.965926,-0.781831,0.62349,9,0,8,7,0.0,0,28.4,5,motorcycle,Medium,Sunny,90.0
1.4509,0.965926,-0.258819,0.974928,-0.222521,11,10,15,4,0.7143,1,336.49,0,motorcycle,Normal,Sandstorm,23.51
0.4687,0.707107,-0.707107,0.974928,-0.222521,12,3,10,6,0.3333,0,146.06,8,car,Jam,Sandstorm,26.83
0.2815,0.965926,-0.258819,0.781831,0.62349,5,2,4,1,0.6667,0,154.55,1,motorcycle,Medium,Sunny,1.0
1.6247,0.707107,-0.707107,-0.974928,-0.222521,10,5,7,1,0.8333,0,137.32,4,car,Normal,Rainy,26.22
0.4583,-0.866025,-0.5,-0.974928,-0.222521,5,6,9,2,0.75,0,21.41,0,motorcycle,Jam,Sunny,9.72
8.5419,1.0,0.0,0.781831,0.62349,10,3,10,6,0.3333,1,255.76,7,motorcycle,Medium,Rainy,90.0
1.6595,0.707107,-0.707107,-0.974928,-0.222521,11,2,13,10,0.1667,1,239.33,1,car,Medium,Sandstorm,46.93
1.8813,-0.965926,-0.258819,0.433884,-0.900969,6,2,3,0,1.0,1,59.21,5,van,High,Rainy,90.0
1.3997,0.866025,-0.5,0.781831,0.62349,8,0,3,2,0.0,0,96.69,5,motorcycle,Low,Sandstorm,23.82
3.2075,-0.707107,-0.707107,-0.974928,-0.222521,11,0,12,11,0.0,1,196.89,0,motorcycle,High,Foggy,90.0
0.1135,-0.866025,0.5,0.0,1.0,2,1,4,2,0.3333,0,135.64,8,motorcycle,Medium,Windy,12.92
0.3524,-0.965926,0.258819,-0.781831,0.62349,3,0,11,10,0.0,0,359.25,0,van,Normal,Sunny,9.65
2.9518,0.866025,-0.5,0.0,1.0,8,5,7,1,0.8333,0,178.73,6,car,Normal,Sunny,45.18
4.5977,0.866025,-0.5,0.974928,-0.222521,3,7,8,0,1.0,1,317.6,1,motorcycle,Normal,Sandstorm,75.6
0.3418,-0.965926,-0.258819,0.781831,0.62349,10,1,4,2,0.3333,1,73.66,6,van,Jam,Sunny,20.41
0.1964,0.258819,-0.965926,0.781831,0.62349,4,7,13,5,0.5833,0,200.24,2,van,Normal,Rainy,9.75
1.2958,-0.258819,-0.965926,0.433884,-0.900969,5,4,5,0,1.0,0,115.85,7,car,Normal,Sunny,12.7
1.7527,-0.5,-0.866025,-0.974928,-0.222521,10,2,3,0,1.0,0,336.42,5,van,Medium,Rainy,46.88
1.2713,-0.707107,-0.707107,0.974928,-0.222521,7,0,10,9,0.0,1,198.42,6,car,High,Sunny,38.94
1.0443,-0.258819,-0.965926,0.433884,-0.900969,10,0,4,3,0.0,1,235.42,9,van,Normal,Sandstorm,28.56
0.1903,1.0,0.0,-0.781831,0.62349,8,1,5,3,0.25,1,27.37,4,car,High,Foggy,1.0
0.7739,0.965926,-0.258819,0.433884,-0.900969,7,1,5,3,0.25,0,175.57,7,van,Medium,Sunny,12.69
0.8917,1.0,0.0,-0.974928,-0.222521,7,1,11,9,0.1,0,208.61,8,motorcycle,High,Windy,16.8
0.6565,0.5,-0.866025,0.974928,-0.222521,10,1,12,10,0.0909,1,104.55,3,car,Low,Sunny,6.06
0.1786,-0.965926,0.258819,0.0,1.0,12,11,14,2,0.8462,0,264.88,3,van,Low,Sandstorm,1.0
1.9261,-0.5,0.866025,0.781831,0.62349,1,2,15,12,0.1429,1,167.97,7,car,Medium,Sandstorm,16.73
2.5155,-0.5,-0.866025,0.781831,0.62349,7,2,5,2,0.5,0,202.07,9,motorcycle,Normal,Sunny,22.86
0.5195,1.0,0.0,-0.781831,0.62349,10,0,5,4,0.0,0,129.93,0,van,Medium,Sunny,22.02
0.9262,0.965926,-0.258819,0.0,1.0,8,3,5,1,0.75,0,243.54,1,car,Low,Sunny,5.36
0.6893,-0.965926,0.258819,-0.974928,-0.222521,6,3,5,1,0.75,1,37.14,1,car,High,Sunny,9.05
0.6957,0.258819,-0.965926,0.0,1.0,10,1,3,1,0.5,0,182.24,6,car,High,Sandstorm,25.87
1.7656,-0.866025,0.5,0.781831,0.62349,6,2,10,7,0.2222,0,322.43,4,car,High,Sunny,33.3
1.8066,-0.5,-0.866025,0.433884,-0.900969,2,0,3,2,0.0,1,84.67,5,motorcycle,Jam,Rainy,48.45
3.068,-0.866025,0.5,0.0,1.0,4,1,3,1,0.5,1,312.64,3,van,Jam,Foggy,90.0
3.0079,0.866025,-0.5,0.0,1.0,1,6,8,1,0.8571,0,318.62,4,car,Medium,Rainy,69.53
0.9387,-0.866025,0.5,-0.974928,-0.222521,9,1,13,11,0.0833,0,82.96,7,motorcycle,Normal,Sunny,14.09
15.0,-0.707107,-0.707107,0.0,1.0,12,7,9,1,0.875,0,29.06,4,car,High,Sunny,90.0
4.8185,-0.258819,-0.965926,-0.433884,-0.900969,5,7,8,0,1.0,1,275.19,3,motorcycle,Jam,Sandstorm,90.0
0.5914,-0.5,-0.866025,0.0,1.0,9,3,5,1,0.75,1,345.09,0,car,Jam,Windy,8.35
1.2464,0.258819,-0.965926,0.0,1.0,12,9,11,1,0.9,0,92.06,3,van,High,Foggy,26.94
0.1675,-0.866025,-0.5,-0.433884,-0.900969,5,1,7,5,0.1667,1,328.68,7,motorcycle,Normal,Sunny,1.0
1.1342,-0.965926,0.258819,0.974928,-0.222521,11,9,15,5,0.6429,1,74.94,1,car,Jam,Sunny,25.87
5.4195,-0.965926,0.258819,0.0,1.0,1,2,4,1,0.6667,1,129.35,3,van,Jam,Foggy,90.0
15.0,-0.5,0.866025,-0.433884,-0.900969,9,9,13,3,0.75,0,318.93,2,motorcycle,Medium,Sandstorm,90.0
0.9849,-0.258819,-0.965926,-0.781831,0.62349,2,7,11,3,0.7,1,109.46,4,car,High,Sunny,9.79
1.5191,-0.965926,0.258819,0.433884,-0.900969,10,1,7,5,0.1667,0,272.05,8,car,Medium,Windy,25.87
1.9641,-0.707107,0.707107,0.974928,-0.222521,1,7,8,0,1.0,0,52.91,8,van,Jam,Sunny,67.11
7.2479,1.0,0.0,-0.974928,-0.222521,10,10,15,4,0.7143,0,136.36,3,car,Low,Sunny,65.19
0.4344,-0.5,-0.866025,0.974928,-0.222521,5,1,12,10,0.0909,1,338.67,5,car,High,Sunny,1.0
13.7734,-0.965926,-0.258819,-0.433884,-0.900969,3,1,3,1,0.5,1,81.46,8,car,Low,Sunny,90.0
0.8177,-0.258819,-0.965926,0.433884,-0.900969,7,9,10,0,1.0,1,252.61,8,van,Normal,Sunny,22.6
0.3636,0.965926,-0.258819,-0.974928,-0.222521,12,0,12,11,0.0,0,331.04,6,car,Normal,Sunny,1.0
0.8191,-0.965926,-0.258819,0.433884,-0.900969,2,6,7,0,1.0,0,282.58,1,car,Medium,Sunny,16.58
0.5122,0.0,-1.0,0.433884,-0.900969,4,3,11,7,0.3,0,341.28,3,motorcycle,Normal,Sunny,7.66
1.6459,-0.866025,-0.5,0.974928,-0.222521,8,3,11,7,0.3,0,339.75,2,van,Jam,Sunny,90.0
0.23,1.0,0.0,0.974928,-0.222521,2,3,7,3,0.5,1,40.91,6,motorcycle,Medium,Sunny,5.38
1.2643,1.0,0.0,0.433884,-0.900969,12,2,3,0,1.0,0,216.6,2,car,High,Windy,31.37
2.0767,-0.866025,-0.5,0.0,1.0,7,0,3,2,0.0,0,153.68,0,motorcycle,Normal,Windy,30.54
4.5208,-0.5,0.866025,0.974928,-0.222521,12,2,11,8,0.2,0,245.79,8,van,Low,Sunny,30.87
2.1098,-0.866025,-0.5,0.0,1.0,5,10,13,2,0.8333,0,267.32,1,car,High,Sunny,60.43
4.264,-0.5,0.866025,0.974928,-0.222521,10,1,7,5,0.1667,0,88.29,7,motorcycle,High,Sandstorm,51.85
0.6216,-0.866025,0.5,0.974928,-0.222521,4,3,9,5,0.375,0,287.95,9,car,Medium,Rainy,6.54
1.6072,0.5,-0.866025,0.0,1.0,6,5,9,3,0.625,1,147.31,8,car,High,Foggy,60.06
0.133,0.965926,-0.258819,0.974928,-0.222521,5,3,14,10,0.2308,0,236.43,4,car,High,Foggy,1.0
0.9917,-0.707107,-0.707107,-0.433884,-0.900969,7,0,9,8,0.0,1,153.97,5,van,Medium,Windy,41.64
1.5959,-0.866025,-0.5,-0.781831,0.62349,3,5,10,4,0.5556,0,124.6,7,car,Jam,Rainy,74.68
1.7391,-0.965926,0.258819,-0.433884,-0.900969,7,0,10,9,0.0,0,249.8,2,car,High,Sunny,34.34
0.2477,-0.5,-0.866025,-0.433884,-0.900969,11,1,4,2,0.3333,1,195.09,4,car,Medium,Sandstorm,11.31
0.7629,-0.707107,0.707107,-0.433884,-0.900969,2,7,12,4,0.6364,0,307.05,3,car,Normal,Foggy,11.3
0.8709,-0.866025,0.5,-0.781831,0.62349,10,10,14,3,0.7692,0,282.96,2,car,Low,Sandstorm,1.0
0.7352,-0.707107,-0.707107,-0.781831,0.62349,11,3,4,0,1.0,0,312.6,5,van,Normal,Sunny,18.85
2.2007,-0.707107,-0.707107,0.0,1.0,1,2,3,0,1.0,1,275.68,4,car,High,Sunny,60.86
0.8994,1.0,0.0,0.433884,-0.900969,9,0,9,8,0.0,1,330.06,0,car,High,Sunny,6.34
1.2145,-0.965926,0.258819,-0.781831,0.62349,6,5,12,6,0.4545,0,56.4,0,van,Normal,Sunny,20.0
0.6941,-0.965926,-0.258819,-0.781831,0.62349,8,0,4,3,0.0,0,230.57,6,car,Medium,Sandstorm,10.89
3.0392,-0.707107,0.707107,0.433884,-0.900969,4,9,12,2,0.8182,0,29.67,5,van,Normal,Windy,38.27
3.2618,0.965926,-0.258819,0.433884,-0.900969,3,0,6,5,0.0,0,179.87,8,car,Normal,Sunny,47.23
0.8245,0.866025,-0.5,0.0,1.0,4,3,5,1,0.75,0,310.08,0,car,Jam,Windy,37.98
15.0,-0.965926,-0.258819,0.433884,-0.900969,2,0,5,4,0.0,1,261.22,3,car,Medium,Sunny,90.0
0.5336,-0.5,-0.866025,0.433884,-0.900969,5,0,9,8,0.0,0,209.85,3,car,Normal,Sunny,4.54
2.8773,-0.707107,-0.707107,-0.433884,-0.900969,11,9,10,0,1.0,1,249.83,6,car,Medium,Sunny,72.22
0.4478,-0.258819,-0.965926,0.433884,-0.900969,10,1,9,7,0.125,0,62.38,4,motorcycle,Normal,Sunny,1.92
2.3034,-0.866025,-0.5,0.781831,0.62349,3,4,10,5,0.4444,0,335.09,4,car,High,Windy,71.41
2.1388,-0.965926,-0.258819,-0.781831,0.62349,7,6,13,6,0.5,0,76.49,9,van,Jam,Windy,90.0
0.4227,0.707107,-0.707107,0.781831,0.62349,1,8,13,4,0.6667,1,60.11,0,van,Medium,Sandstorm,8.79
0.9762,-1.0,-0.0,0.974928,-0.222521,1,11,12,0,1.0,1,50.4,8,car,Medium,Sunny,29.17
6.5166,-0.5,-0.866025,0.433884,-0.900969,8,3,9,5,0.375,0,337.04,2,van,Normal,Windy,90.0
0.5099,-0.707107,-0.707107,0.974928,-0.222521,4,3,5,1,0.75,0,165.91,0,car,Medium,Sunny,15.94
1.6189,-0.866025,-0.5,0.0,1.0,9,11,12,0,1.0,0,191.9,5,car,Normal,Sunny,33.57
1.52,-1.0,-0.0,-0.433884,-0.900969,2,1,11,9,0.1,0,136.45,2,car,Low,Sunny,11.46
1.0617,0.258819,-0.965926,0.781831,0.62349,2,6,14,7,0.4615,0,9.82,7,van,High,Windy,23.16
0.2134,1.0,0.0,-0.781831,0.62349,9,3,12,8,0.2727,1,24.0,7,motorcycle,Medium,Rainy,7.19
2.4283,0.707107,-0.707107,-0.974928,-0.222521,3,3,4,0,1.0,1,5.67,4,car,Medium,Sunny,51.07
1.1174,-0.5,0.866025,0.974928,-0.222521,1,6,10,3,0.6667,0,194.04,7,van,Low,Sandstorm,10.39
3.1539,0.707107,-0.707107,0.433884,-0.900969,10,7,12,4,0.6364,1,69.65,1,van,High,Sunny,90.0
1.3774,0.5,-0.866025,-0.781831,0.62349,9,2,15,12,0.1429,0,144.76,3,car,Normal,Sunny,30.2
1.175,-0.866025,0.5,0.0,1.0,12,6,7,0,1.0,0,165.72,0,van,Medium,Sandstorm,29.82
1.5745,0.5,-0.866025,0.974928,-0.222521,8,0,14,13,0.0,0,191.73,6,van,High,Windy,59.84
0.4325,-0.258819,-0.965926,0.0,1.0,6,2,6,3,0.4,0,321.41,7,motorcycle,Medium,Rainy,7.3
4.8559,0.0,-1.0,0.0,1.0,9,4,7,2,0.6667,0,15.56,7,motorcycle,Jam,Sandstorm,90.0
0.7736,-0.965926,-0.258819,-0.781831,0.62349,10,13,15,1,0.9286,0,177.92,3,car,Normal,Sunny,14.75
0.7831,-0.866025,-0.5,0.0,1.0,8,1,5,3,0.25,0,47.47,8,car,High,Foggy,29.71
3.7723,-0.5,-0.866025,-0.781831,0.62349,4,1,5,3,0.25,0,333.55,6,van,Jam,Rainy,90.0
1.3979,-0.5,-0.866025,-0.974928,-0.222521,11,0,13,12,0.0,1,330.28,5,car,Medium,Sunny,16.31
0.8828,-0.866025,0.5,-0.433884,-0.900969,9,9,14,4,0.6923,0,50.38,2,car,Medium,Sunny,9.75
1.6374,-0.707107,-0.707107,-0.974928,-0.222521,11,0,4,3,0.0,1,42.25,8,motorcycle,Normal,Sunny,26.99
2.0031,-0.5,-0.866025,0.781831,0.62349,7,8,13,4,0.6667,1,39.55,7,car,High,Sandstorm,43.23
0.9877,-0.707107,0.707107,0.0,1.0,6,0,10,9,0.0,0,35.31,8,car,Jam,Foggy,18.47
2.6544,0.965926,-0.258819,0.974928,-0.222521,11,6,14,7,0.4615,1,56.92,3,motorcycle,High,Sandstorm,45.83
0.3305,-0.866025,0.5,-0.974928,-0.222521,8,4,9,4,0.5,1,56.05,5,car,Jam,Sunny,13.53
1.4173,0.707107,-0.707107,0.974928,-0.222521,10,5,10,4,0.5556,0,58.86,0,car,Medium,Sunny,34.97
2.3638,0.258819,-0.965926,0.781831,0.62349,11,1,6,4,0.2,0,53.49,5,motorcycle,Medium,Sunny,26.34
1.9951,1.0,0.0,-0.974928,-0.222521,4,1,10,8,0.1111,0,136.05,5,car,Normal,Sunny,27.48
0.1315,-0.707107,-0.707107,-0.433884,-0.900969,3,6,8,1,0.8571,0,91.4,8,car,High,Sunny,13.29
0.9799,-0.866025,0.5,0.433884,-0.900969,2,7,8,0,1.0,0,150.15,7,car,High,Sunny,19.69
0.3488,0.0,-1.0,0.974928,-0.222521,8,1,6,4,0.2,0,321.75,9,motorcycle,Medium,Sunny,1.0
3.749,-0.965926,-0.258819,-0.974928,-0.222521,10,3,8,4,0.4286,1,126.71,9,car,Normal,Sunny,65.35
0.7625,0.0,-1.0,-0.974928,-0.222521,12,0,5,4,0.0,1,103.13,1,van,Medium,Sandstorm,12.95
3.3736,-1.0,-0.0,0.974928,-0.222521,1,2,14,11,0.1538,1,329.17,9,car,High,Sunny,90.0
0.3478,-0.5,0.866025,0.0,1.0,1,2,8,5,0.2857,0,115.78,0,car,Jam,Sunny,3.09
1.6018,-1.0,-0.0,-0.781831,0.62349,9,5,8,2,0.7143,1,43.92,4,motorcycle,Normal,Sunny,21.56
1.1135,0.258819,-0.965926,0.0,1.0,4,10,15,4,0.7143,0,222.83,9,van,Normal,Foggy,20.2
15.0,-0.866025,0.5,0.433884,-0.900969,6,6,9,2,0.75,0,101.45,6,motorcycle,Medium,Sandstorm,90.0
3.3839,1.0,0.0,-0.781831,0.62349,1,1,12,10,0.0909,0,187.19,9,car,Normal,Windy,41.5
3.1842,-0.5,0.866025,0.974928,-0.222521,1,0,15,14,0.0,0,276.48,5,van,Jam,Windy,90.0
7.5869,-0.866025,0.5,-0.974928,-0.222521,7,3,14,10,0.2308,1,203.6,6,motorcycle,Medium,Windy,78.63
1.4471,-0.965926,-0.258819,0.433884,-0.900969,9,2,7,4,0.3333,1,291.16,5,car,Medium,Windy,26.32
1.0055,-0.866025,-0.5,-0.974928,-0.222521,11,4,9,4,0.5,0,124.09,9,car,Normal,Sunny,20.54
0.9023,0.5,-0.866025,-0.433884,-0.900969,6,7,13,5,0.5833,0,60.72,1,motorcycle,Medium,Sunny,3.96
1.509,-0.258819,-0.965926,0.781831,0.62349,8,1,9,7,0.125,1,142.08,3,car,Jam,Sunny,64.55
0.0795,0.965926,-0.258819,-0.781831,0.62349,11,4,6,1,0.8,0,148.29,6,van,Medium,Sunny,11.83
1.1076,0.258819,-0.965926,0.433884,-0.900969,6,6,9,2,0.75,1,257.75,4,motorcycle,Low,Sunny,1.0
1.3709,-0.866025,-0.5,0.433884,-0.900969,3,0,3,2,0.0,1,247.26,9,car,Normal,Sunny,29.14
0.9531,0.0,-1.0,-0.433884,-0.900969,10,9,14,4,0.6923,1,111.37,5,car,Jam,Sunny,40.81
0.2581,-0.965926,0.258819,-0.781831,0.62349,1,2,10,7,0.2222,0,334.56,1,car,Jam,Sunny,2.35
0.9585,-0.866025,0.5,-0.781831,0.62349,4,0,6,5,0.0,0,99.21,6,car,Normal,Sunny,13.27
0.2574,-0.707107,-0.707107,0.974928,-0.222521,2,6,9,2,0.75,0,358.73,3,car,Medium,Sunny,4.81
5.96,0.258819,-0.965926,0.781831,0.62349,8,0,3,2,0.0,0,11.77,4,van,Low,Sunny,69.31
0.8655,0.258819,-0.965926,0.974928,-0.222521,4,2,13,10,0.1667,0,242.55,0,car,Medium,Sunny,8.53
0.1557,-0.707107,-0.707107,0.781831,0.62349,5,2,9,6,0.25,1,223.28,8,van,Normal,Windy,12.16
0.9083,-1.0,-0.0,0.974928,-0.222521,8,2,3,0,1.0,0,210.57,4,car,High,Sunny,26.41
2.5873,0.866025,-0.5,0.433884,-0.900969,4,4,8,3,0.5714,1,280.49,8,car,Jam,Sunny,90.0
1.3064,-0.258819,-0.965926,0.0,1.0,5,2,3,0,1.0,0,212.72,4,car,Normal,Sunny,22.57
0.4639,-0.258819,-0.965926,0.433884,-0.900969,6,7,8,0,1.0,0,219.57,9,van,Medium,Sunny,18.08
0.5802,0.5,-0.866025,-0.974928,-0.222521,2,12,14,1,0.9231,0,315.85,3,car,Normal,Sunny,1.0
0.8416,0.5,-0.866025,0.433884,-0.900969,12,6,11,4,0.6,0,67.23,1,car,Normal,Sunny,1.0
0.7278,-0.866025,0.5,0.0,1.0,12,3,9,5,0.375,0,191.22,4,motorcycle,Low,Sunny,6.89
0.334,-0.258819,-0.965926,0.974928,-0.222521,9,3,9,5,0.375,1,256.36,0,van,Normal,Rainy,1.89
1.0364,-0.707107,-0.707107,0.974928,-0.222521,2,1,9,7,0.125,0,110.84,8,car,Jam,Windy,38.45
0.3113,1.0,0.0,-0.433884,-0.900969,6,2,4,1,0.6667,1,79.01,9,motorcycle,Low,Sunny,1.0
2.7226,0.5,-0.866025,0.781831,0.62349,5,2,5,2,0.5,0,46.4,2,car,High,Sunny,90.0
3.0574,0.707107,-0.707107,0.974928,-0.222521,2,12,13,0,1.0,0,94.57,0,car,Low,Sandstorm,36.07
0.4261,0.258819,-0.965926,-0.974928,-0.222521,11,2,15,12,0.1429,1,239.79,7,car,Medium,Sunny,13.04
0.5594,-0.866025,0.5,0.781831,0.62349,5,3,4,0,1.0,1,221.39,6,car,Medium,Rainy,3.11
0.7394,-0.707107,-0.707107,-0.781831,0.62349,8,3,14,10,0.2308,0,61.83,7,car,Jam,Sunny,20.91
1.0726,-0.707107,0.707107,0.974928,-0.222521,9,0,3,2,0.0,0,176.82,5,van,Normal,Sunny,7.02
1.4106,-0.258819,-0.965926,-0.974928,-0.222521,4,3,9,5,0.375,0,76.96,5,car,Normal,Sunny,7.4
1.7158,-0.965926,0.258819,0.0,1.0,5,12,13,0,1.0,0,336.95,2,motorcycle,High,Rainy,15.3
1.6782,0.866025,-0.5,0.974928,-0.222521,12,2,5,2,0.5,0,260.69,3,motorcycle,High,Foggy,36.75
4.8364,-0.965926,0.258819,0.974928,-0.222521,10,2,15,12,0.1429,0,62.4,6,van,Medium,Rainy,90.0
1.1704,-0.866025,-0.5,0.433884,-0.900969,7,4,15,10,0.2857,0,104.3,9,van,Low,Sunny,19.06
0.3207,1.0,0.0,0.0,1.0,7,5,8,2,0.7143,0,307.11,3,van,Normal,Sandstorm,7.76
0.2396,-0.965926,-0.258819,0.781831,0.62349,1,3,14,10,0.2308,0,200.56,3,motorcycle,High,Sunny,1.0
5.2278,-0.5,-0.866025,-0.781831,0.62349,3,0,4,3,0.0,1,128.14,5,car,Medium,Sunny,78.15
1.7935,1.0,0.0,-0.781831,0.62349,1,2,9,6,0.25,0,215.43,0,car,Medium,Windy,21.66
1.3446,-0.866025,0.5,0.433884,-0.900969,10,0,6,5,0.0,1,140.21,6,van,Normal,Foggy,23.98
1.6931,-0.707107,-0.707107,0.0,1.0,12,7,11,3,0.7,0,328.11,1,van,Normal,Sunny,23.61
1.2869,-0.866025,-0.5,0.781831,0.62349,2,1,6,4,0.2,0,314.47,6,car,Jam,Sunny,57.27
1.6678,-0.707107,-0.707107,-0.781831,0.62349,4,2,8,5,0.2857,0,57.74,8,van,High,Sunny,87.59
0.7757,0.965926,-0.258819,-0.781831,0.62349,5,3,12,8,0.2727,1,243.88,9,car,Normal,Sunny,14.82
3.0115,0.258819,-0.965926,-0.974928,-0.222521,10,3,5,1,0.75,1,301.53,1,motorcycle,Jam,Sunny,58.85
0.6712,-0.965926,-0.258819,-0.781831,0.62349,5,11,13,1,0.9167,0,76.05,5,car,Medium,Rainy,8.55
0.4685,0.258819,-0.965926,-0.433884,-0.900969,1,8,11,2,0.8,1,313.74,4,car,Normal,Sunny,18.17
0.2217,-0.707107,0.707107,-0.433884,-0.900969,8,3,6,2,0.6,1,151.04,4,car,Normal,Windy,1.0
0.8818,0.258819,-0.965926,-0.974928,-0.222521,2,7,11,3,0.7,1,110.78,6,car,High,Sunny,11.2
3.6845,-0.258819,-0.965926,-0.433884,-0.900969,8,1,7,5,0.1667,0,354.26,9,car,Normal,Sunny,43.83
0.7157,-0.258819,-0.965926,0.974928,-0.222521,11,9,10,0,1.0,0,247.68,5,car,Medium,Sunny,28.79
0.2983,1.0,0.0,-0.433884,-0.900969,1,6,10,3,0.6667,1,104.58,5,car,High,Sunny,4.67
1.4486,-0.965926,0.258819,0.974928,-0.222521,12,12,13,0,1.0,0,190.69,6,car,Normal,Sunny,19.41
0.5954,0.866025,-0.5,-0.433884,-0.900969,8,1,7,5,0.1667,0,231.65,5,car,Jam,Windy,24.05
4.8108,-0.258819,-0.965926,0.974928,-0.222521,1,1,8,6,0.1429,0,256.3,3,car,Normal,Rainy,74.77
3.0675,-0.707107,0.707107,0.433884,-0.900969,3,5,8,2,0.7143,0,75.38,8,car,Medium,Sunny,28.38
0.3304,-0.5,0.866025,0.781831,0.62349,3,4,14,9,0.3077,1,221.98,6,car,Medium,Sunny,14.8
0.9369,0.707107,-0.707107,-0.781831,0.62349,11,2,13,10,0.1667,0,305.01,5,car,Medium,Rainy,23.02
0.5393,0.0,-1.0,-0.974928,-0.222521,9,3,5,1,0.75,1,289.32,0,car,Medium,Sunny,1.0
0.367,-0.707107,-0.707107,0.0,1.0,5,2,4,1,0.6667,1,105.94,2,car,Medium,Rainy,12.89
1.048,-0.965926,-0.258819,0.433884,-0.900969,7,11,15,3,0.7857,0,349.27,2,van,Jam,Foggy,78.31
2.4044,0.5,-0.866025,0.433884,-0.900969,5,1,5,3,0.25,0,4.53,6,motorcycle,High,Sandstorm,68.08
1.0226,-0.707107,-0.707107,-0.781831,0.62349,5,0,5,4,0.0,0,280.45,1,motorcycle,High,Sunny,20.1
0.6768,-0.866025,0.5,-0.974928,-0.222521,8,1,4,2,0.3333,0,114.16,3,van,Normal,Windy,6.59
0.1359,-1.0,-0.0,-0.781831,0.62349,3,4,5,0,1.0,0,338.83,4,van,Medium,Sunny,11.37
0.5871,-0.965926,0.258819,0.433884,-0.900969,10,1,3,1,0.5,1,309.98,7,car,Medium,Sunny,23.08
1.8668,-0.707107,0.707107,0.781831,0.62349,12,8,10,1,0.8889,0,317.22,1,van,Low,Foggy,3.65
0.3089,-0.866025,0.5,-0.974928,-0.222521,12,7,9,1,0.875,0,90.67,6,van,High,Sunny,8.64
3.7376,-0.5,-0.866025,0.781831,0.62349,3,3,4,0,1.0,0,286.71,5,motorcycle,Normal,Sandstorm,35.55
0.6348,-0.5,0.866025,-0.433884,-0.900969,5,5,11,5,0.5,0,119.76,7,motorcycle,Normal,Sunny,1.0
1.3285,-0.5,-0.866025,0.974928,-0.222521,4,1,5,3,0.25,0,161.0,1,car,Normal,Sunny,1.0
0.7564,-1.0,-0.0,0.974928,-0.222521,8,8,9,0,1.0,0,325.56,5,van,Normal,Windy,22.56
0.3615,-0.5,0.866025,0.0,1.0,4,6,12,5,0.5455,0,259.36,4,motorcycle,Normal,Sandstorm,1.0
1.6791,1.0,0.0,-0.974928,-0.222521,5,2,8,5,0.2857,0,230.6,2,car,Medium,Sunny,19.14
0.6262,-0.707107,0.707107,-0.433884,-0.900969,2,3,7,3,0.5,0,46.43,0,motorcycle,Medium,Sandstorm,15.96
0.5009,-0.965926,0.258819,0.974928,-0.222521,7,10,14,3,0.7692,0,193.78,3,car,Normal,Sunny,1.95
0.1156,-0.5,0.866025,-0.974928,-0.222521,7,4,13,8,0.3333,1,44.47,4,motorcycle,Normal,Rainy,1.0
3.8097,-0.965926,0.258819,-0.781831,0.62349,7,10,13,2,0.8333,0,27.01,0,van,High,Windy,90.0
1.1116,0.866025,-0.5,-0.974928,-0.222521,5,1,5,3,0.25,0,340.77,8,car,Low,Sandstorm,9.72
3.1621,0.258819,-0.965926,-0.781831,0.62349,10,1,6,4,0.2,1,213.26,6,van,Medium,Sunny,72.54
1.9921,1.0,0.0,0.433884,-0.900969,8,1,8,6,0.1429,0,2.21,3,car,Medium,Sunny,32.75
3.1617,-0.866025,-0.5,0.974928,-0.222521,3,4,5,0,1.0,0,168.85,0,van,Medium,Rainy,90.0
0.6467,-0.258819,-0.965926,-0.974928,-0.222521,5,6,8,1,0.8571,0,103.23,7,van,High,Sunny,13.67
0.3,-0.5,-0.866025,-0.433884,-0.900969,8,1,6,4,0.2,0,55.41,0,van,Medium,Sunny,8.66
2.2809,-1.0,-0.0,-0.433884,-0.900969,2,4,9,4,0.5,0,294.88,4,motorcycle,Jam,Sandstorm,90.0
1.2507,-0.965926,0.258819,-0.433884,-0.900969,5,9,12,2,0.8182,0,55.3,2,car,High,Windy,29.93
0.7096,0.965926,-0.258819,-0.781831,0.62349,11,4,8,3,0.5714,0,59.89,2,car,Normal,Rainy,21.75
2.238,-0.707107,0.707107,-0.433884,-0.900969,6,7,12,4,0.6364,1,83.74,7,car,Normal,Windy,22.66
1.481,0.0,-1.0,-0.974928,-0.222521,7,2,8,5,0.2857,1,256.48,3,car,Normal,Rainy,23.17
2.0279,-1.0,-0.0,0.0,1.0,9,0,9,8,0.0,1,68.66,2,car,Normal,Sunny,16.85
0.4184,-0.707107,-0.707107,-0.974928,-0.222521,4,6,7,0,1.0,0,115.69,3,car,Medium,Windy,13.48
2.7975,-0.258819,-0.965926,0.974928,-0.222521,10,3,4,0,1.0,0,324.84,1,car,Normal,Sandstorm,54.4
1.1003,0.707107,-0.707107,0.0,1.0,1,2,3,0,1.0,1,203.45,7,car,Normal,Windy,28.16
3.0976,0.707107,-0.707107,0.781831,0.62349,6,0,5,4,0.0,0,62.28,4,motorcycle,Normal,Sunny,30.09
2.7728,-1.0,-0.0,-0.974928,-0.222521,8,7,11,3,0.7,1,309.57,2,car,Medium,Sunny,62.28
2.1212,0.258819,-0.965926,-0.974928,-0.222521,3,1,4,2,0.3333,1,184.38,3,motorcycle,Medium,Sunny,9.04
0.9944,0.707107,-0.707107,0.974928,-0.222521,10,2,9,6,0.25,0,300.32,9,car,Jam,Sandstorm,40.27
2.1686,1.0,0.0,0.781831,0.62349,1,1,4,2,0.3333,0,28.35,5,car,Normal,Sunny,27.76
3.1748,-0.866025,0.5,0.974928,-0.222521,8,1,7,5,0.1667,1,58.26,6,van,Normal,Sandstorm,73.63
1.9668,0.0,-1.0,0.974928,-0.222521,8,3,6,2,0.6,1,33.05,8,car,Jam,Sandstorm,90.0
1.3397,0.258819,-0.965926,0.433884,-0.900969,10,2,5,2,0.5,0,173.24,4,car,Medium,Sunny,22.25
2.1733,0.0,-1.0,-0.974928,-0.222521,3,8,9,0,1.0,0,139.46,3,van,Medium,Windy,71.17
0.6707,-0.866025,-0.5,0.974928,-0.222521,2,11,14,2,0.8462,0,149.76,9,car,Medium,Sunny,11.99
4.6566,-0.5,-0.866025,0.781831,0.62349,7,7,11,3,0.7,0,131.95,5,car,Low,Sunny,43.47
0.2236,-0.707107,-0.707107,0.0,1.0,12,5,6,0,1.0,0,152.69,2,van,High,Sunny,1.0
1.1419,0.5,-0.866025,-0.433884,-0.900969,10,5,14,8,0.3846,0,137.24,8,car,Medium,Sunny,1.0
0.7515,0.258819,-0.965926,0.781831,0.62349,3,0,14,13,0.0,1,57.48,7,motorcycle,Medium,Sandstorm,6.43
0.6012,-0.866025,0.5,0.781831,0.62349,5,10,12,1,0.9091,0,204.87,4,car,Medium,Sunny,7.44
1.4769,-0.258819,-0.965926,-0.974928,-0.222521,4,1,5,3,0.25,0,312.9,2,motorcycle,Normal,Sunny,16.29
0.3794,-0.5,0.866025,0.0,1.0,10,2,5,2,0.5,0,357.87,6,van,Normal,Sunny,2.73
8.5364,-0.866025,0.5,-0.433884,-0.900969,7,5,15,9,0.3571,0,42.23,5,motorcycle,High,Sandstorm,90.0
0.3059,-1.0,-0.0,0.0,1.0,6,12,14,1,0.9231,0,148.04,2,motorcycle,Medium,Sunny,18.98
0.4477,-0.707107,-0.707107,-0.781831,0.62349,1,2,8,5,0.2857,0,86.79,0,car,Low,Sunny,11.53
0.4093,-0.866025,0.5,-0.433884,-0.900969,8,5,8,2,0.7143,0,204.08,8,van,Normal,Rainy,1.1
1.3345,1.0,0.0,-0.974928,-0.222521,6,6,9,2,0.75,0,129.73,8,car,Jam,Sunny,16.3
2.8974,-0.5,-0.866025,-0.433884,-0.900969,1,7,14,6,0.5385,0,315.99,9,motorcycle,Normal,Sunny,14.58
1.8216,-1.0,-0.0,0.974928,-0.222521,3,3,6,2,0.6,1,336.67,3,van,Medium,Sunny,67.24
4.476,0.965926,-0.258819,-0.781831,0.62349,9,0,11,10,0.0,0,117.03,7,car,Medium,Windy,63.28
0.5036,0.707107,-0.707107,-0.974928,-0.222521,9,13,15,1,0.9286,1,128.31,5,motorcycle,High,Sandstorm,19.05
2.0664,0.965926,-0.258819,0.0,1.0,6,2,6,3,0.4,0,192.59,2,car,Medium,Sunny,34.02
0.8283,-0.5,-0.866025,-0.433884,-0.900969,10,1,6,4,0.2,0,228.79,9,van,High,Sandstorm,28.12
1.3726,-0.707107,-0.707107,0.433884,-0.900969,9,0,4,3,0.0,1,270.89,3,van,Normal,Windy,35.01
3.1685,-0.258819,-0.965926,0.974928,-0.222521,8,4,12,7,0.3636,0,36.03,0,car,Jam,Rainy,90.0
0.2214,1.0,0.0,0.433884,-0.900969,3,3,6,2,0.6,1,18.39,1,van,Jam,Rainy,27.59
7.3262,-0.5,-0.866025,-0.781831,0.62349,6,1,3,1,0.5,0,244.16,9,motorcycle,Medium,Sandstorm,90.0
0.9627,-0.707107,0.707107,0.0,1.0,10,7,9,1,0.875,1,172.33,0,car,Medium,Sunny,18.94
0.2402,1.0,0.0,-0.781831,0.62349,4,8,10,1,0.8889,0,242.19,5,van,Normal,Sunny,10.25
0.5722,-0.965926,0.258819,-0.433884,-0.900969,8,1,3,1,0.5,0,108.58,4,car,Medium,Rainy,14.34
1.218,0.5,-0.866025,0.0,1.0,10,9,12,2,0.8182,0,61.98,7,van,Normal,Sunny,25.91
0.5721,0.965926,-0.258819,0.974928,-0.222521,7,6,10,3,0.6667,1,40.05,8,car,Low,Sunny,1.0
0.1579,1.0,0.0,-0.974928,-0.222521,7,7,9,1,0.875,0,283.08,4,motorcycle,Jam,Rainy,1.0
1.2116,1.0,0.0,-0.433884,-0.900969,3,0,7,6,0.0,0,145.09,6,motorcycle,Normal,Rainy,5.21
0.5567,-0.258819,-0.965926,0.0,1.0,6,5,11,5,0.5,0,29.83,8,car,Medium,Windy,13.17
2.0515,-0.5,-0.866025,0.781831,0.62349,1,7,12,4,0.6364,1,88.84,8,car,Normal,Rainy,33.45
0.4005,-0.866025,-0.5,-0.781831,0.62349,2,2,12,9,0.1818,0,310.15,8,van,Normal,Sunny,12.2
9.4731,0.965926,-0.258819,0.781831,0.62349,7,5,8,2,0.7143,1,173.35,7,van,Normal,Sandstorm,90.0
1.8003,-0.965926,-0.258819,-0.433884,-0.900969,3,6,9,2,0.75,1,307.2,3,car,Normal,Foggy,47.94
1.3324,-1.0,-0.0,-0.781831,0.62349,5,0,6,5,0.0,0,340.32,5,car,Medium,Sunny,13.34
1.9976,0.965926,-0.258819,0.781831,0.62349,5,4,5,0,1.0,0,24.1,7,car,Jam,Sunny,36.83
0.1958,-0.965926,-0.258819,0.0,1.0,6,13,14,0,1.0,0,339.56,2,motorcycle,Medium,Sandstorm,1.0
0.6893,0.866025,-0.5,-0.974928,-0.222521,9,2,8,5,0.2857,1,133.58,9,car,Jam,Sunny,35.05
6.0127,-0.258819,-0.965926,-0.781831,0.62349,6,1,6,4,0.2,1,251.38,4,motorcycle,Medium,Sunny,59.13
0.8154,-0.965926,-0.258819,0.433884,-0.900969,11,2,12,9,0.1818,1,145.13,7,car,Medium,Sunny,18.31
1.0411,-0.866025,0.5,0.781831,0.62349,6,0,12,11,0.0,0,221.26,5,motorcycle,Normal,Sunny,1.05
0.7095,-0.707107,-0.707107,0.0,1.0,12,0,6,5,0.0,1,241.12,9,car,Low,Sunny,10.16
4.4428,-0.258819,-0.965926,-0.781831,0.62349,12,1,5,3,0.25,0,47.87,6,car,High,Rainy,90.0
0.876,-0.866025,0.5,-0.974928,-0.222521,6,7,11,3,0.7,0,155.2,7,motorcycle,Medium,Windy,11.66
0.3365,0.707107,-0.707107,-0.781831,0.62349,10,9,14,4,0.6923,0,74.37,7,motorcycle,Medium,Windy,2.26
12.8055,0.707107,-0.707107,-0.974928,-0.222521,6,2,4,1,0.6667,0,42.95,3,car,High,Sunny,90.0
0.2993,-0.258819,-0.965926,0.433884,-0.900969,11,3,6,2,0.6,1,213.1,3,car,Normal,Sunny,15.69
1.0075,0.866025,-0.5,0.433884,-0.900969,10,2,15,12,0.1429,0,244.89,8,car,High,Sunny,37.99
0.4967,1.0,0.0,0.974928,-0.222521,5,11,12,0,1.0,0,92.72,4,car,Normal,Rainy,3.48
0.5675,0.0,-1.0,-0.974928,-0.222521,4,1,10,8,0.1111,1,2.64,6,car,Jam,Foggy,16.67
0.4038,0.866025,-0.5,0.0,1.0,11,2,7,4,0.3333,1,349.47,5,motorcycle,Normal,Sunny,6.32
0.6617,-0.866025,-0.5,0.0,1.0,7,5,9,3,0.625,1,170.95,0,car,Normal,Foggy,30.36
2.8146,-0.707107,-0.707107,-0.781831,0.62349,9,0,5,4,0.0,0,234.66,4,van,Medium,Sunny,86.88
0.1814,-0.5,-0.866025,0.974928,-0.222521,9,5,13,7,0.4167,0,27.08,1,car,Normal,Sunny,8.69
3.6611,-0.5,-0.866025,0.0,1.0,2,8,9,0,1.0,0,223.28,0,car,Jam,Sandstorm,90.0
3.108,0.965926,-0.258819,-0.433884,-0.900969,3,3,13,9,0.25,0,274.54,2,van,Medium,Sunny,65.95
1.7925,0.0,-1.0,0.974928,-0.222521,11,8,14,5,0.6154,0,17.06,2,car,Normal,Rainy,38.24
1.2459,0.965926,-0.258819,0.781831,0.62349,4,2,4,1,0.6667,0,188.49,7,van,Normal,Sunny,8.15
1.4374,0.0,-1.0,0.433884,-0.900969,11,1,14,12,0.0769,1,51.12,2,car,Jam,Sandstorm,56.04
4.2727,-0.965926,-0.258819,0.433884,-0.900969,5,0,6,5,0.0,0,52.89,7,motorcycle,Medium,Sunny,71.06
0.2105,-0.5,0.866025,-0.433884,-0.900969,11,1,7,5,0.1667,0,221.33,2,van,High,Sunny,13.87
2.2054,0.258819,-0.965926,-0.781831,0.62349,7,0,8,7,0.0,0,222.93,8,motorcycle,Normal,Sunny,27.47
0.544,0.5,-0.866025,-0.781831,0.62349,2,3,6,2,0.6,0,199.36,5,car,Jam,Rainy,25.3
2.4217,-0.965926,-0.258819,-0.974928,-0.222521,4,1,7,5,0.1667,1,183.66,0,car,Medium,Sunny,62.61
0.617,-0.707107,0.707107,0.433884,-0.900969,12,7,12,4,0.6364,0,169.2,1,car,Medium,Windy,3.5
2.1631,0.258819,-0.965926,0.433884,-0.900969,3,2,7,4,0.3333,0,173.24,0,van,Normal,Sunny,25.83
0.2538,-0.866025,0.5,0.0,1.0,3,3,10,6,0.3333,1,120.41,4,car,Low,Sunny,1.0
0.2214,0.258819,-0.965926,-0.433884,-0.900969,2,0,7,6,0.0,1,92.64,2,car,Jam,Sunny,4.94
0.9926,-0.866025,-0.5,-0.433884,-0.900969,8,5,7,1,0.8333,1,95.63,0,car,Jam,Sandstorm,55.45
4.3222,0.707107,-0.707107,-0.781831,0.62349,10,0,4,3,0.0,0,326.92,6,car,Normal,Sunny,77.37
1.8395,0.5,-0.866025,0.0,1.0,12,12,14,1,0.9231,1,96.01,8,car,Jam,Sunny,78.28
1.827,-0.5,0.866025,-0.781831,0.62349,11,0,4,3,0.0,1,134.83,8,car,Normal,Windy,16.31
2.5022,0.0,-1.0,0.433884,-0.900969,11,9,10,0,1.0,0,181.47,1,car,Normal,Sunny,33.76
0.758,1.0,0.0,0.0,1.0,11,4,6,1,0.8,1,267.37,8,van,Low,Sunny,4.77
1.9743,-0.965926,0.258819,-0.781831,0.62349,7,12,15,2,0.8571,0,279.76,4,car,Normal,Sunny,7.3
0.6372,0.866025,-0.5,0.433884,-0.900969,10,2,3,0,1.0,0,259.8,2,car,Low,Sunny,1.0
0.8201,0.965926,-0.258819,0.974928,-0.222521,8,3,8,4,0.4286,0,109.09,1,van,Normal,Windy,19.52
0.9228,-0.866025,0.5,0.781831,0.62349,2,1,9,7,0.125,0,58.71,7,van,Normal,Sunny,12.73
0.6582,0.258819,-0.965926,0.0,1.0,1,10,15,4,0.7143,1,294.13,2,car,High,Windy,2.82
1.038,0.866025,-0.5,0.0,1.0,2,2,4,1,0.6667,1,314.82,6,van,High,Sunny,50.41
0.8678,-0.5,0.866025,0.781831,0.62349,5,10,13,2,0.8333,0,328.65,5,motorcycle,Medium,Rainy,21.34
0.5642,0.5,-0.866025,0.974928,-0.222521,6,0,3,2,0.0,0,309.0,9,van,Normal,Foggy,25.19
0.967,-0.866025,-0.5,0.433884,-0.900969,8,4,6,1,0.8,0,130.1,7,motorcycle,High,Sunny,24.9
1.2808,0.5,-0.866025,-0.433884,-0.900969,7,11,13,1,0.9167,0,55.26,7,van,Normal,Sunny,30.54
0.3887,-0.707107,-0.707107,-0.781831,0.62349,5,5,7,1,0.8333,0,241.35,4,car,High,Sunny,11.6
1.6431,-0.965926,-0.258819,-0.974928,-0.222521,9,2,10,7,0.2222,1,233.79,5,car,Medium,Sandstorm,50.73
0.6914,-1.0,-0.0,0.433884,-0.900969,11,1,8,6,0.1429,1,89.24,1,van,Normal,Sunny,21.76
1.3341,0.0,-1.0,-0.781831,0.62349,3,1,14,12,0.0769,0,223.28,7,motorcycle,Low,Windy,15.66
0.5874,-0.866025,-0.5,0.433884,-0.900969,4,3,4,0,1.0,0,359.37,7,car,High,Sunny,21.45
2.9981,-0.866025,0.5,0.974928,-0.222521,12,6,15,8,0.4286,1,60.67,3,car,Jam,Sunny,55.55
2.741,-0.866025,0.5,0.781831,0.62349,12,1,6,4,0.2,0,136.29,1,van,Medium,Windy,65.89
0.4078,-1.0,-0.0,0.974928,-0.222521,4,1,10,8,0.1111,1,140.78,7,car,Jam,Windy,20.89
1.8198,0.0,-1.0,0.0,1.0,7,2,6,3,0.4,0,76.87,7,van,Jam,Sandstorm,90.0
4.3665,-0.707107,-0.707107,0.781831,0.62349,7,2,13,10,0.1667,1,283.71,7,van,Normal,Sandstorm,90.0
0.449,-0.5,0.866025,-0.781831,0.62349,8,10,12,1,0.9091,0,254.63,0,van,High,Windy,11.67
0.4841,0.5,-0.866025,0.781831,0.62349,11,1,5,3,0.25,1,78.11,8,motorcycle,Normal,Sunny,1.0
2.2218,-0.965926,-0.258819,0.433884,-0.900969,2,2,6,3,0.4,0,308.81,3,van,Medium,Rainy,75.93
0.3192,-0.965926,0.258819,0.0,1.0,7,7,12,4,0.6364,0,153.29,2,van,Normal,Sandstorm,1.0
0.528,-0.5,-0.866025,-0.433884,-0.900969,3,6,9,2,0.75,0,198.33,5,van,Jam,Rainy,15.51
0.4215,-0.866025,0.5,-0.781831,0.62349,10,1,10,8,0.1111,1,246.56,8,motorcycle,High,Foggy,11.83
2.2482,-0.258819,-0.965926,0.433884,-0.900969,8,0,7,6,0.0,1,314.7,8,motorcycle,Normal,Sunny,16.96
0.5725,-0.866025,0.5,0.0,1.0,9,3,11,7,0.3,1,81.66,1,car,Normal,Windy,7.46
0.8433,-0.866025,-0.5,0.0,1.0,11,11,15,3,0.7857,0,213.24,9,van,Medium,Windy,34.03
0.5429,1.0,0.0,-0.974928,-0.222521,10,3,4,0,1.0,0,241.77,7,car,High,Sunny,6.74
3.2907,-0.965926,0.258819,0.0,1.0,11,11,12,0,1.0,1,319.1,9,motorcycle,Jam,Windy,76.99
0.4885,-0.965926,-0.258819,0.974928,-0.222521,10,4,15,10,0.2857,1,278.03,9,van,Normal,Sunny,22.66
0.2902,0.707107,-0.707107,-0.974928,-0.222521,8,3,5,1,0.75,0,329.2,5,car,Medium,Sunny,12.74
0.2796,-0.965926,-0.258819,0.433884,-0.900969,5,1,8,6,0.1429,1,27.08,0,car,Medium,Sunny,11.11
2.1361,-0.5,-0.866025,-0.781831,0.62349,5,1,10,8,0.1111,0,153.16,0,car,Normal,Windy,31.89
2.2878,-0.5,0.866025,-0.781831,0.62349,5,6,13,6,0.5,0,110.28,6,van,Medium,Windy,38.2
3.6187,0.258819,-0.965926,-0.433884,-0.900969,8,1,11,9,0.1,0,178.99,0,car,Normal,Sunny,46.27
0.3336,0.5,-0.866025,-0.781831,0.62349,10,0,15,14,0.0,0,291.89,6,car,Normal,Sunny,1.0
0.8872,1.0,0.0,0.0,1.0,5,9,10,0,1.0,0,177.32,1,motorcycle,Medium,Sunny,8.5
11.0888,-0.965926,0.258819,0.781831,0.62349,7,11,14,2,0.8462,0,12.65,8,van,Jam,Sunny,90.0
0.8293,-0.5,0.866025,0.781831,0.62349,5,6,9,2,0.75,1,241.5,2,car,Normal,Sunny,6.1
0.6471,-0.965926,-0.258819,-0.781831,0.62349,8,1,7,5,0.1667,1,3.71,1,car,Normal,Sunny,31.41
1.0833,0.0,-1.0,-0.433884,-0.900969,10,0,11,10,0.0,0,35.19,3,motorcycle,High,Rainy,19.91
1.8284,-0.866025,0.5,0.781831,0.62349,5,1,8,6,0.1429,1,261.98,9,van,Jam,Sunny,54.31
1.7996,0.5,-0.866025,0.781831,0.62349,5,4,11,6,0.4,0,299.16,5,van,Medium,Sunny,51.33
0.6165,-0.965926,-0.258819,-0.974928,-0.222521,3,8,11,2,0.8,0,114.52,9,car,Low,Rainy,15.74
0.634,-0.866025,-0.5,-0.781831,0.62349,6,1,3,1,0.5,1,204.84,2,car,Medium,Sunny,7.32
0.8339,-0.866025,0.5,0.0,1.0,6,7,9,1,0.875,0,196.99,6,car,Medium,Rainy,13.43
0.5523,-0.5,0.866025,0.974928,-0.222521,2,2,3,0,1.0,1,20.02,1,van,Medium,Sunny,7.28
0.342,0.0,-1.0,0.433884,-0.900969,12,5,8,2,0.7143,1,196.15,4,car,Normal,Sunny,4.07
6.1568,0.965926,-0.258819,0.781831,0.62349,11,1,11,9,0.1,1,3.95,3,car,Low,Sunny,43.19
0.7508,0.866025,-0.5,-0.974928,-0.222521,4,2,11,8,0.2,1,295.19,6,van,Normal,Sunny,25.34
0.7924,-1.0,-0.0,-0.974928,-0.222521,12,1,4,2,0.3333,1,269.33,6,motorcycle,High,Foggy,39.37
0.8162,0.0,-1.0,-0.974928,-0.222521,4,7,14,6,0.5385,0,102.14,0,van,Normal,Windy,9.34
1.0238,0.866025,-0.5,-0.974928,-0.222521,6,9,12,2,0.8182,0,94.44,6,car,Normal,Windy,7.21
1.6703,-0.965926,0.258819,-0.974928,-0.222521,2,6,7,0,1.0,1,68.44,7,car,Medium,Sunny,19.86
0.7104,-0.965926,-0.258819,0.974928,-0.222521,8,7,8,0,1.0,1,342.99,3,car,High,Rainy,36.61
3.2621,0.866025,-0.5,0.974928,-0.222521,6,1,4,2,0.3333,0,304.48,0,car,Normal,Sunny,50.27
1.9502,-1.0,-0.0,0.974928,-0.222521,4,6,7,0,1.0,1,301.59,4,van,Medium,Sunny,63.42
0.9219,-0.866025,-0.5,-0.974928,-0.222521,4,10,11,0,1.0,1,167.84,3,car,Medium,Foggy,18.7
0.5869,-0.5,0.866025,-0.433884,-0.900969,12,2,14,11,0.1538,0,292.15,7,van,Normal,Sunny,20.79
3.0978,-0.5,0.866025,0.974928,-0.222521,9,6,10,3,0.6667,0,212.96,1,motorcycle,Jam,Sunny,43.53
0.9475,-0.5,0.866025,-0.974928,-0.222521,2,2,6,3,0.4,1,107.81,2,motorcycle,High,Sunny,11.68
0.3394,-0.707107,0.707107,0.781831,0.62349,2,11,14,2,0.8462,0,154.96,7,car,Normal,Sunny,1.0
2.9154,-0.965926,0.258819,0.781831,0.62349,1,8,10,1,0.8889,0,147.27,9,car,Low,Sandstorm,23.15
0.5543,-0.965926,-0.258819,0.0,1.0,3,2,12,9,0.1818,0,126.66,5,car,Normal,Sunny,9.72
2.5221,-0.707107,-0.707107,-0.781831,0.62349,9,7,12,4,0.6364,1,87.23,0,car,Normal,Foggy,56.3
0.1014,-0.965926,0.258819,0.781831,0.62349,1,7,8,0,1.0,0,143.37,6,car,Medium,Sunny,8.32
0.7786,-0.5,0.866025,-0.974928,-0.222521,3,2,3,0,1.0,0,215.75,0,car,Jam,Windy,3.41
3.3267,0.965926,-0.258819,0.0,1.0,1,9,11,1,0.9,1,70.63,0,van,High,Windy,84.9
1.1106,0.866025,-0.5,0.0,1.0,8,10,14,3,0.7692,0,51.06,6,car,Normal,Windy,13.66
1.9508,-0.5,-0.866025,-0.433884,-0.900969,10,10,14,3,0.7692,0,248.48,3,motorcycle,Medium,Sunny,20.97
0.4691,0.5,-0.866025,0.0,1.0,7,11,14,2,0.8462,0,189.48,0,car,Low,Sunny,1.0
1.5377,-0.707107,-0.707107,0.781831,0.62349,11,6,7,0,1.0,1,126.78,4,car,Medium,Windy,36.54
1.1091,0.258819,-0.965926,0.974928,-0.222521,9,2,14,11,0.1538,1,326.84,3,car,Low,Rainy,5.02
1.3926,-0.965926,0.258819,-0.433884,-0.900969,10,2,3,0,1.0,0,166.08,6,car,Jam,Sunny,36.9
7.67,-0.707107,0.707107,0.0,1.0,4,2,7,4,0.3333,1,119.43,9,car,High,Sunny,90.0
3.8166,0.5,-0.866025,0.0,1.0,11,6,11,4,0.6,1,77.85,1,motorcycle,Normal,Windy,40.19
2.3453,-0.965926,0.258819,0.974928,-0.222521,8,4,7,2,0.6667,0,116.34,6,car,Medium,Sunny,35.08
2.3736,0.965926,-0.258819,-0.433884,-0.900969,2,1,3,1,0.5,0,98.55,6,car,Medium,Sunny,42.1
0.4659,-0.965926,0.258819,0.0,1.0,1,0,5,4,0.0,0,312.05,9,van,High,Foggy,21.57
0.7063,-0.965926,-0.258819,0.781831,0.62349,11,12,15,2,0.8571,0,321.12,3,car,Medium,Sunny,24.84
0.2577,-1.0,-0.0,0.781831,0.62349,4,5,8,2,0.7143,0,148.53,1,van,Normal,Sunny,16.07
0.3308,-0.5,-0.866025,0.974928,-0.222521,6,3,5,1,0.75,0,93.94,9,car,Medium,Windy,3.69
0.4761,0.965926,-0.258819,0.781831,0.62349,10,6,11,4,0.6,0,46.93,0,motorcycle,Low,Sunny,17.69
1.075,-0.866025,0.5,-0.433884,-0.900969,10,4,7,2,0.6667,0,257.81,4,car,Medium,Sunny,21.08
0.3452,0.965926,-0.258819,0.0,1.0,1,2,8,5,0.2857,0,316.47,6,car,Normal,Sunny,1.0
1.0648,-0.5,-0.866025,-0.781831,0.62349,8,8,15,6,0.5714,1,148.0,1,van,Medium,Sunny,15.13
0.9547,0.866025,-0.5,0.781831,0.62349,11,2,10,7,0.2222,0,314.96,2,motorcycle,High,Sunny,20.57
0.3762,-0.866025,0.5,-0.781831,0.62349,5,3,4,0,1.0,0,89.1,1,car,Normal,Sandstorm,12.52
4.7082,-0.707107,-0.707107,-0.974928,-0.222521,7,0,15,14,0.0,0,219.14,8,van,Medium,Sunny,90.0
0.314,-0.5,-0.866025,0.974928,-0.222521,4,0,3,2,0.0,0,29.19,2,car,High,Sunny,1.0
3.1946,0.258819,-0.965926,0.974928,-0.222521,9,8,11,2,0.8,1,202.72,6,car,Normal,Windy,43.8
0.1298,-0.965926,0.258819,-0.781831,0.62349,2,2,4,1,0.6667,0,229.93,2,car,Medium,Sunny,1.0
0.9655,0.707107,-0.707107,-0.781831,0.62349,7,3,6,2,0.6,0,231.98,6,van,Medium,Sunny,29.74
0.3543,-1.0,-0.0,-0.433884,-0.900969,5,8,15,6,0.5714,0,280.36,7,car,Normal,Sunny,6.58
0.5935,-0.5,0.866025,0.0,1.0,8,0,5,4,0.0,1,34.11,0,van,High,Sunny,1.0
6.1697,0.5,-0.866025,-0.781831,0.62349,6,12,15,2,0.8571,0,100.28,7,car,Medium,Sunny,90.0
0.7948,-0.965926,-0.258819,0.433884,-0.900969,12,5,6,0,1.0,1,249.5,6,motorcycle,Medium,Sunny,13.28
0.387,0.258819,-0.965926,0.0,1.0,12,1,7,5,0.1667,0,213.15,0,motorcycle,Normal,Rainy,1.0
1.7564,-0.707107,0.707107,-0.974928,-0.222521,4,0,15,14,0.0,0,341.8,2,car,Low,Foggy,13.06
0.7882,-0.707107,0.707107,0.0,1.0,1,6,12,5,0.5455,0,282.3,8,car,Low,Rainy,1.0
1.2753,0.258819,-0.965926,0.974928,-0.222521,6,1,6,4,0.2,0,169.55,4,car,Jam,Sunny,37.67
0.4636,0.707107,-0.707107,0.0,1.0,8,1,12,10,0.0909,0,192.15,0,motorcycle,High,Sandstorm,19.43
0.4858,0.965926,-0.258819,0.433884,-0.900969,10,1,9,7,0.125,1,237.49,6,car,High,Sunny,30.75
0.5229,-0.965926,-0.258819,-0.974928,-0.222521,7,2,4,1,0.6667,0,3.68,7,van,Normal,Sunny,13.43
2.3596,-0.707107,0.707107,0.0,1.0,8,2,6,3,0.4,0,131.12,4,car,Medium,Rainy,23.49
0.8909,0.866025,-0.5,0.0,1.0,1,4,6,1,0.8,0,43.88,1,van,High,Sandstorm,46.83
0.4083,-0.965926,0.258819,-0.781831,0.62349,10,2,9,6,0.25,0,86.2,1,car,Medium,Sunny,17.23
1.2888,-1.0,-0.0,0.781831,0.62349,4,8,14,5,0.6154,1,298.62,3,van,Normal,Foggy,42.98
1.1918,-0.5,-0.866025,0.0,1.0,5,2,10,7,0.2222,1,197.45,4,motorcycle,High,Sunny,23.1
1.9058,0.707107,-0.707107,-0.433884,-0.900969,6,2,5,2,0.5,0,309.77,7,car,Normal,Sunny,36.66
0.6993,-0.965926,-0.258819,0.781831,0.62349,1,6,10,3,0.6667,0,319.97,6,motorcycle,Normal,Sunny,13.07
1.0267,-0.866025,-0.5,-0.781831,0.62349,6,3,9,5,0.375,0,290.14,2,car,Jam,Sunny,33.95
1.6497,-0.965926,0.258819,0.781831,0.62349,5,7,8,0,1.0,1,274.35,6,car,Medium,Foggy,17.19
0.4236,-0.707107,-0.707107,0.433884,-0.900969,3,3,6,2,0.6,0,59.8,1,motorcycle,Normal,Sunny,1.0
2.5649,1.0,0.0,-0.781831,0.62349,3,2,12,9,0.1818,0,96.95,1,van,Medium,Sunny,39.74
1.1226,0.707107,-0.707107,-0.974928,-0.222521,1,8,10,1,0.8889,1,253.47,7,van,Jam,Sandstorm,73.88
0.3883,0.0,-1.0,0.0,1.0,11,3,8,4,0.4286,0,108.38,9,car,Normal,Rainy,20.96
0.3856,-0.5,-0.866025,0.781831,0.62349,4,3,5,1,0.75,0,135.05,6,car,High,Rainy,2.88
1.0056,0.258819,-0.965926,0.0,1.0,11,1,4,2,0.3333,1,337.09,4,car,Normal,Rainy,13.7
0.6553,-0.866025,0.5,-0.781831,0.62349,11,0,5,4,0.0,0,254.11,8,van,Normal,Rainy,9.61
2.2634,0.5,-0.866025,0.781831,0.62349,6,6,11,4,0.6,0,38.39,3,car,Medium,Windy,51.61
0.8416,-0.965926,-0.258819,0.0,1.0,10,1,3,1,0.5,1,259.63,6,car,Medium,Sunny,19.55
1.4739,0.0,-1.0,0.974928,-0.222521,3,2,3,0,1.0,0,285.76,6,car,Normal,Rainy,13.02
0.4935,-0.5,0.866025,0.781831,0.62349,3,11,15,3,0.7857,1,328.79,0,car,Medium,Sunny,9.89
1.0813,-0.707107,0.707107,0.781831,0.62349,11,4,6,1,0.8,0,246.64,9,car,Medium,Sunny,5.76
3.8565,-0.965926,0.258819,0.433884,-0.900969,8,2,4,1,0.6667,0,34.45,6,car,Medium,Sunny,48.23
0.9601,-0.965926,0.258819,-0.781831,0.62349,9,0,15,14,0.0,1,275.5,2,motorcycle,High,Sunny,10.79
0.6536,-0.866025,-0.5,0.781831,0.62349,12,4,8,3,0.5714,1,236.27,8,van,High,Windy,35.79
0.4865,-0.707107,-0.707107,-0.781831,0.62349,1,2,3,0,1.0,0,164.21,3,car,Medium,Rainy,7.91
1.0856,-0.707107,-0.707107,-0.433884,-0.900969,3,7,8,0,1.0,0,273.79,0,van,Medium,Sunny,34.41
4.2158,1.0,0.0,0.974928,-0.222521,12,0,3,2,0.0,1,189.04,6,motorcycle,Medium,Sunny,46.46
0.3026,-0.707107,0.707107,-0.433884,-0.900969,2,5,6,0,1.0,1,335.62,1,car,Medium,Sunny,5.19
1.054,-0.5,0.866025,0.974928,-0.222521,6,2,15,12,0.1429,0,335.37,5,car,Normal,Windy,10.77
0.2169,-0.5,-0.866025,0.781831,0.62349,1,1,13,11,0.0833,1,81.16,6,car,Normal,Sunny,1.0
0.7483,-0.866025,0.5,0.781831,0.62349,4,0,8,7,0.0,0,158.61,1,car,Normal,Sunny,9.18
1.4185,0.0,-1.0,0.0,1.0,3,3,7,3,0.5,1,71.47,7,van,Normal,Windy,20.58
0.2463,0.965926,-0.258819,-0.433884,-0.900969,4,1,10,8,0.1111,1,119.06,4,motorcycle,Jam,Sunny,1.0
0.7243,-0.866025,0.5,0.0,1.0,10,6,11,4,0.6,0,80.31,3,car,Medium,Sunny,6.43
1.4564,-0.5,-0.866025,0.781831,0.62349,4,5,12,6,0.4545,1,184.29,1,van,Medium,Sunny,23.86
1.2518,-0.707107,0.707107,0.0,1.0,10,8,10,1,0.8889,0,0.23,7,car,Medium,Sunny,36.65
1.525,0.707107,-0.707107,0.0,1.0,11,0,4,3,0.0,0,284.9,1,van,Medium,Windy,54.18
0.4379,-0.5,-0.866025,-0.781831,0.62349,7,3,14,10,0.2308,0,57.22,1,van,Medium,Sunny,14.69
1.4559,-0.965926,-0.258819,0.0,1.0,7,3,7,3,0.5,0,98.68,2,car,Medium,Sunny,29.58
0.625,0.866025,-0.5,-0.433884,-0.900969,5,1,13,11,0.0833,0,62.97,4,car,High,Rainy,18.86
2.1778,-0.5,0.866025,0.974928,-0.222521,9,5,13,7,0.4167,1,127.42,8,van,Low,Windy,39.16
0.1231,-0.866025,-0.5,0.0,1.0,10,2,5,2,0.5,1,27.73,7,motorcycle,Medium,Sunny,1.0
0.8393,0.866025,-0.5,0.974928,-0.222521,11,5,9,3,0.625,0,309.21,7,car,Medium,Windy,20.6
1.214,-1.0,-0.0,0.0,1.0,3,5,12,6,0.4545,0,149.38,1,car,High,Sunny,51.56
3.9827,-0.866025,0.5,0.974928,-0.222521,9,0,7,6,0.0,0,332.72,6,car,Jam,Sunny,90.0
1.2002,0.0,-1.0,-0.974928,-0.222521,2,3,13,9,0.25,0,16.91,3,van,High,Windy,41.9
1.3216,-0.866025,-0.5,-0.433884,-0.900969,6,0,9,8,0.0,1,62.13,4,van,Medium,Sunny,40.85
1.5789,-1.0,-0.0,-0.974928,-0.222521,2,13,14,0,1.0,0,300.9,6,van,Normal,Sunny,31.09
3.6344,0.866025,-0.5,-0.433884,-0.900969,7,8,14,5,0.6154,0,166.97,1,van,Medium,Rainy,90.0
0.7689,-0.707107,-0.707107,-0.781831,0.62349,11,4,15,10,0.2857,0,21.4,3,motorcycle,High,Windy,9.47
0.2914,-0.707107,-0.707107,0.0,1.0,10,1,5,3,0.25,0,16.8,3,motorcycle,Jam,Rainy,17.27
0.243,0.258819,-0.965926,0.781831,0.62349,9,0,12,11,0.0,1,322.15,8,car,High,Rainy,8.81
2.0771,0.258819,-0.965926,0.974928,-0.222521,7,5,12,6,0.4545,0,94.21,9,van,Normal,Sunny,38.34
1.3662,-0.866025,-0.5,0.433884,-0.900969,8,0,8,7,0.0,0,147.92,9,car,High,Windy,43.01
0.8663,-1.0,-0.0,-0.974928,-0.222521,2,3,5,1,0.75,0,322.92,5,car,High,Sunny,29.4
0.6333,0.0,-1.0,0.0,1.0,9,1,6,4,0.2,0,240.35,6,motorcycle,Medium,Windy,16.73
1.3123,0.866025,-0.5,0.0,1.0,9,0,9,8,0.0,0,277.36,7,van,Medium,Sunny,25.84
1.3488,-0.965926,0.258819,-0.974928,-0.222521,2,1,14,12,0.0769,0,169.74,7,motorcycle,Medium,Sunny,4.17
1.7434,0.866025,-0.5,0.433884,-0.900969,8,0,14,13,0.0,1,250.29,6,car,Medium,Sunny,40.51
0.3855,1.0,0.0,0.974928,-0.222521,5,5,14,8,0.3846,1,210.35,9,van,Normal,Sandstorm,14.29
0.2068,0.258819,-0.965926,0.781831,0.62349,7,0,15,14,0.0,0,61.3,3,car,Low,Sunny,2.7
0.464,-0.965926,0.258819,-0.433884,-0.900969,10,0,4,3,0.0,0,206.17,7,car,High,Sunny,16.09
0.3062,-1.0,-0.0,-0.974928,-0.222521,4,3,15,11,0.2143,0,333.21,6,car,Jam,Rainy,12.95
0.2915,0.258819,-0.965926,0.0,1.0,12,5,10,4,0.5556,0,124.28,7,van,High,Windy,18.24
4.9099,-0.5,-0.866025,0.0,1.0,6,0,4,3,0.0,0,177.8,9,car,Normal,Sunny,52.98
0.1283,-0.5,0.866025,-0.974928,-0.222521,7,1,4,2,0.3333,0,149.79,0,motorcycle,Low,Sunny,1.0
1.7267,-1.0,-0.0,-0.781831,0.62349,1,2,6,3,0.4,1,247.91,8,car,Normal,Rainy,47.14
2.616,-1.0,-0.0,0.781831,0.62349,2,3,6,2,0.6,0,225.73,8,car,High,Sunny,85.98
2.8238,0.965926,-0.258819,-0.433884,-0.900969,4,0,4,3,0.0,0,171.74,8,van,Medium,Sunny,50.7
1.4382,0.5,-0.866025,-0.974928,-0.222521,12,6,7,0,1.0,1,17.02,2,car,Jam,Rainy,64.42
3.8726,0.965926,-0.258819,0.0,1.0,4,0,10,9,0.0,1,95.23,5,motorcycle,Normal,Sunny,35.79
6.0148,-0.5,0.866025,0.781831,0.62349,5,6,7,0,1.0,0,113.23,0,van,Medium,Sunny,77.68
0.8293,0.258819,-0.965926,0.0,1.0,11,3,11,7,0.3,1,263.7,0,car,High,Sunny,18.16
1.6906,-0.5,-0.866025,-0.974928,-0.222521,4,5,12,6,0.4545,0,142.66,5,van,Normal,Sunny,24.01
3.7136,-0.707107,-0.707107,-0.974928,-0.222521,10,0,8,7,0.0,0,136.19,9,van,Jam,Sunny,90.0
0.4873,-0.5,-0.866025,0.0,1.0,2,1,4,2,0.3333,1,160.51,2,van,Medium,Windy,1.0
0.8758,1.0,0.0,0.781831,0.62349,2,6,7,0,1.0,0,155.51,7,motorcycle,Low,Sunny,1.0
0.6099,-0.707107,0.707107,-0.433884,-0.900969,1,6,10,3,0.6667,1,258.36,0,van,Low,Windy,7.23
1.7125,0.0,-1.0,-0.781831,0.62349,2,4,8,3,0.5714,0,241.31,0,van,High,Sandstorm,80.43
0.1821,-0.707107,0.707107,-0.974928,-0.222521,8,3,10,6,0.3333,1,274.63,6,car,Medium,Rainy,1.17
4.3267,-0.965926,0.258819,0.781831,0.62349,2,12,13,0,1.0,0,74.67,2,van,High,Sunny,90.0
1.8351,-0.965926,-0.258819,0.974928,-0.222521,8,10,13,2,0.8333,0,266.92,0,motorcycle,High,Sandstorm,42.58
1.9357,-0.965926,-0.258819,0.0,1.0,8,2,11,8,0.2,1,106.63,9,van,Medium,Sunny,56.45
0.1171,-0.5,0.866025,0.781831,0.62349,3,2,4,1,0.6667,0,0.02,8,van,High,Windy,4.65
0.4114,0.258819,-0.965926,0.433884,-0.900969,1,4,12,7,0.3636,0,230.25,0,car,Jam,Sunny,10.72
4.5537,0.258819,-0.965926,0.974928,-0.222521,2,1,7,5,0.1667,0,4.25,9,van,Normal,Windy,79.55
0.9338,-0.965926,-0.258819,-0.433884,-0.900969,2,5,8,2,0.7143,0,35.28,0,motorcycle,High,Sunny,18.72
0.2148,0.707107,-0.707107,0.974928,-0.222521,7,4,12,7,0.3636,0,14.81,7,car,Normal,Windy,1.73
1.3642,-0.965926,0.258819,0.433884,-0.900969,12,1,13,11,0.0833,0,218.29,7,car,Normal,Sunny,20.11
2.1069,1.0,0.0,-0.433884,-0.900969,6,10,12,1,0.9091,0,74.84,2,van,Medium,Sunny,36.22
1.8311,-0.707107,0.707107,0.781831,0.62349,8,3,6,2,0.6,0,291.3,1,car,High,Windy,20.17
0.958,0.258819,-0.965926,0.0,1.0,4,4,8,3,0.5714,1,128.27,5,van,Low,Sunny,13.98
3.2504,1.0,0.0,0.974928,-0.222521,2,6,7,0,1.0,1,120.66,8,car,Medium,Windy,41.17
0.5673,-0.866025,-0.5,0.0,1.0,3,6,9,2,0.75,0,185.33,0,car,Medium,Windy,25.11
1.8461,0.5,-0.866025,0.781831,0.62349,6,11,12,0,1.0,1,279.01,8,van,Normal,Windy,29.05
1.2564,0.258819,-0.965926,0.974928,-0.222521,11,10,15,4,0.7143,0,250.7,6,van,High,Windy,32.55
0.9739,-0.5,-0.866025,0.974928,-0.222521,3,1,8,6,0.1429,0,74.36,9,van,Jam,Sandstorm,61.71
0.771,-0.707107,-0.707107,0.781831,0.62349,12,3,7,3,0.5,0,274.86,2,van,Low,Rainy,31.48
0.7974,0.866025,-0.5,0.0,1.0,8,7,14,6,0.5385,0,182.45,6,van,Normal,Sunny,16.86
1.1396,1.0,0.0,0.781831,0.62349,5,1,4,2,0.3333,0,355.47,4,van,Jam,Sunny,51.57
0.8369,-0.258819,-0.965926,-0.781831,0.62349,8,2,8,5,0.2857,1,186.05,6,van,Normal,Windy,22.66
2.2176,0.0,-1.0,-0.974928,-0.222521,9,8,15,6,0.5714,1,103.03,1,van,Low,Sunny,25.04
0.6642,-0.707107,-0.707107,0.433884,-0.900969,9,5,14,8,0.3846,0,274.01,4,van,Jam,Sunny,43.91
4.9031,-1.0,-0.0,0.0,1.0,11,1,13,11,0.0833,0,10.54,9,car,High,Sunny,90.0
0.6366,-0.866025,-0.5,0.974928,-0.222521,8,8,14,5,0.6154,0,260.87,8,car,Medium,Sunny,1.86
2.6487,0.965926,-0.258819,-0.781831,0.62349,1,3,6,2,0.6,1,195.54,2,van,Medium,Sunny,54.97
2.7595,-0.5,0.866025,-0.974928,-0.222521,5,2,3,0,1.0,1,63.23,0,motorcycle,Jam,Windy,48.46
1.2938,-1.0,-0.0,-0.974928,-0.222521,11,1,14,12,0.0769,0,8.68,4,van,Medium,Windy,33.67
1.1888,1.0,0.0,0.781831,0.62349,3,4,9,4,0.5,0,16.77,2,car,Medium,Windy,16.74
0.5529,-1.0,-0.0,0.974928,-0.222521,6,5,6,0,1.0,0,29.44,2,van,High,Sunny,13.58
0.6762,-0.866025,0.5,0.0,1.0,7,2,9,6,0.25,0,175.58,1,car,Medium,Sandstorm,8.92
1.3618,-0.707107,-0.707107,-0.781831,0.62349,7,9,13,3,0.75,0,254.73,5,van,Medium,Windy,41.93
1.0588,-0.866025,0.5,0.0,1.0,11,3,9,5,0.375,0,48.17,0,motorcycle,Normal,Sunny,14.4
3.4005,-0.707107,0.707107,-0.433884,-0.900969,7,1,11,9,0.1,1,57.23,9,van,Medium,Sunny,44.44
0.7176,-0.5,0.866025,0.781831,0.62349,1,6,9,2,0.75,1,293.05,0,van,Medium,Sunny,1.0
0.7601,-0.5,0.866025,0.433884,-0.900969,3,7,9,1,0.875,1,82.05,1,car,Normal,Rainy,20.95
0.2273,0.707107,-0.707107,-0.974928,-0.222521,8,13,15,1,0.9286,0,298.05,5,car,Medium,Sunny,8.63
2.0367,1.0,0.0,0.974928,-0.222521,10,10,15,4,0.7143,0,34.22,1,motorcycle,High,Sunny,35.26
1.8693,-0.965926,-0.258819,0.0,1.0,8,2,8,5,0.2857,0,301.29,5,van,Medium,Sunny,62.85
2.7961,-0.965926,-0.258819,-0.433884,-0.900969,9,9,13,3,0.75,0,263.73,0,van,Low,Sunny,55.85
2.9499,-0.707107,-0.707107,0.433884,-0.900969,3,0,12,11,0.0,0,53.16,8,car,Normal,Sunny,55.4
2.3385,0.5,-0.866025,0.0,1.0,2,1,4,2,0.3333,0,121.66,5,car,Normal,Sandstorm,53.74
2.4341,-0.5,0.866025,0.0,1.0,12,2,14,11,0.1538,0,119.92,3,car,High,Sunny,34.93
1.973,0.0,-1.0,0.433884,-0.900969,7,6,12,5,0.5455,0,48.18,6,car,Medium,Sandstorm,41.36
2.2839,-1.0,-0.0,-0.433884,-0.900969,9,9,14,4,0.6923,1,135.76,5,car,Normal,Sunny,47.28
0.1921,-0.866025,-0.5,0.0,1.0,12,7,13,5,0.5833,0,244.02,8,motorcycle,High,Sunny,2.16
0.3888,-0.707107,0.707107,-0.433884,-0.900969,3,2,15,12,0.1429,0,263.0,7,van,Low,Sandstorm,5.06
0.3329,-1.0,-0.0,0.433884,-0.900969,11,3,10,6,0.3333,0,73.05,8,car,Normal,Windy,9.26
3.6938,-0.866025,-0.5,0.0,1.0,5,0,3,2,0.0,1,259.84,8,car,High,Rainy,90.0
0.5253,-0.866025,0.5,-0.433884,-0.900969,8,3,6,2,0.6,1,96.0,1,car,Medium,Sunny,1.0
0.6116,1.0,0.0,-0.433884,-0.900969,5,2,4,1,0.6667,0,15.3,7,motorcycle,High,Sunny,10.05
1.1122,-0.965926,-0.258819,0.781831,0.62349,3,1,6,4,0.2,0,70.07,9,car,High,Windy,28.11
0.3391,-0.707107,-0.707107,-0.433884,-0.900969,11,5,10,4,0.5556,1,123.21,1,van,Jam,Sunny,21.94
1.5865,-0.965926,0.258819,0.781831,0.62349,5,13,15,1,0.9286,0,12.93,8,motorcycle,Low,Sandstorm,18.33
0.146,0.707107,-0.707107,-0.433884,-0.900969,1,1,12,10,0.0909,0,34.31,6,car,High,Sunny,18.44
0.3611,-0.866025,-0.5,-0.974928,-0.222521,2,7,8,0,1.0,0,128.25,6,van,High,Sunny,19.68
1.3349,0.5,-0.866025,-0.781831,0.62349,12,2,9,6,0.25,0,332.85,7,motorcycle,Normal,Sandstorm,27.85
0.3397,0.965926,-0.258819,0.781831,0.62349,10,2,9,6,0.25,1,228.89,3,car,Jam,Windy,1.26
3.7968,-0.707107,-0.707107,0.974928,-0.222521,8,5,8,2,0.7143,0,336.38,8,car,Medium,Rainy,90.0
1.1548,1.0,0.0,0.0,1.0,10,3,10,6,0.3333,0,13.41,7,motorcycle,High,Rainy,9.82
3.2397,0.965926,-0.258819,-0.781831,0.62349,8,6,15,8,0.4286,0,312.51,4,motorcycle,Medium,Sunny,42.85
1.5527,-0.707107,-0.707107,0.974928,-0.222521,11,0,4,3,0.0,0,48.85,6,van,Medium,Windy,43.26
1.0927,-0.707107,0.707107,-0.974928,-0.222521,2,0,7,6,0.0,1,85.3,9,van,Normal,Foggy,7.36
0.4288,-1.0,-0.0,-0.781831,0.62349,1,3,4,0,1.0,0,36.11,3,car,Jam,Sunny,24.9
2.6716,1.0,0.0,0.433884,-0.900969,9,1,14,12,0.0769,0,148.03,8,motorcycle,Medium,Sunny,40.84
1.6807,0.965926,-0.258819,-0.433884,-0.900969,12,0,5,4,0.0,1,72.88,0,car,Low,Rainy,23.87
8.0078,-0.258819,-0.965926,0.433884,-0.900969,7,9,11,1,0.9,0,266.17,7,car,Low,Sunny,73.26
2.4278,-0.258819,-0.965926,-0.433884,-0.900969,12,2,3,0,1.0,0,271.77,5,van,High,Rainy,82.17
0.7577,1.0,0.0,0.781831,0.62349,5,1,9,7,0.125,0,104.58,7,motorcycle,Normal,Sunny,2.64
1.4549,0.5,-0.866025,-0.974928,-0.222521,9,11,14,2,0.8462,0,287.92,5,motorcycle,Medium,Rainy,26.82
1.6504,0.866025,-0.5,0.0,1.0,7,10,15,4,0.7143,0,58.92,4,car,Medium,Windy,35.88
3.3361,-0.707107,-0.707107,-0.433884,-0.900969,11,1,4,2,0.3333,0,14.49,1,car,Normal,Windy,54.89
3.8798,-0.965926,-0.258819,-0.781831,0.62349,8,0,11,10,0.0,1,59.41,2,motorcycle,Medium,Sandstorm,90.0
0.9475,0.0,-1.0,-0.974928,-0.222521,6,3,5,1,0.75,0,88.48,9,motorcycle,Normal,Sunny,19.71
0.3483,-0.707107,-0.707107,-0.974928,-0.222521,3,8,12,3,0.7273,0,18.12,4,van,Jam,Windy,37.73
0.1899,0.707107,-0.707107,-0.433884,-0.900969,4,4,9,4,0.5,0,39.52,1,van,High,Rainy,1.0
0.3743,-0.866025,0.5,-0.781831,0.62349,1,3,13,9,0.25,0,108.97,1,car,Normal,Foggy,1.0
0.6299,1.0,0.0,-0.781831,0.62349,2,4,14,9,0.3077,0,306.88,2,car,Medium,Foggy,13.02
4.6141,-0.5,-0.866025,0.781831,0.62349,7,1,7,5,0.1667,0,307.97,7,car,Medium,Windy,69.43
4.6811,0.258819,-0.965926,-0.433884,-0.900969,1,2,3,0,1.0,0,357.69,3,car,Jam,Windy,90.0
2.7515,-0.258819,-0.965926,0.433884,-0.900969,6,1,7,5,0.1667,0,35.28,4,car,Normal,Sunny,29.76
3.5569,-0.5,-0.866025,0.781831,0.62349,1,2,5,2,0.5,1,0.66,6,motorcycle,Medium,Windy,31.24
0.5644,-0.866025,-0.5,-0.974928,-0.222521,2,2,4,1,0.6667,0,203.62,6,car,Jam,Windy,42.9
0.262,-0.707107,0.707107,0.0,1.0,9,0,12,11,0.0,0,217.17,0,car,Normal,Sunny,1.0
0.4248,-0.707107,-0.707107,0.0,1.0,1,7,14,6,0.5385,0,85.02,3,van,Medium,Sunny,1.0
0.1599,0.707107,-0.707107,0.0,1.0,5,5,9,3,0.625,1,286.94,7,car,Normal,Windy,1.0
0.3836,-0.5,-0.866025,0.781831,0.62349,3,4,9,4,0.5,0,344.14,7,car,Medium,Sunny,6.9
0.6834,-0.5,-0.866025,0.433884,-0.900969,1,6,10,3,0.6667,0,119.41,4,van,Normal,Sunny,8.07
1.2948,-0.866025,0.5,-0.781831,0.62349,3,6,14,7,0.4615,0,340.5,2,car,Jam,Sunny,38.62
1.2569,-0.707107,-0.707107,-0.781831,0.62349,2,1,3,1,0.5,0,37.54,1,van,Medium,Sandstorm,46.33
0.574,-0.866025,0.5,-0.781831,0.62349,1,8,9,0,1.0,1,171.23,0,motorcycle,Normal,Foggy,6.44
1.8974,-0.965926,-0.258819,-0.974928,-0.222521,8,5,14,8,0.3846,0,70.98,1,car,High,Windy,62.57
0.5845,-0.707107,-0.707107,0.433884,-0.900969,2,1,5,3,0.25,1,210.4,9,motorcycle,High,Rainy,27.9
1.1158,0.258819,-0.965926,-0.974928,-0.222521,12,6,10,3,0.6667,0,25.61,4,motorcycle,Medium,Rainy,27.7
0.385,0.5,-0.866025,0.781831,0.62349,6,0,3,2,0.0,1,181.57,3,motorcycle,High,Sunny,6.6
3.1088,0.965926,-0.258819,-0.433884,-0.900969,5,3,13,9,0.25,0,62.34,4,van,Normal,Sunny,53.47
1.1273,-0.707107,-0.707107,0.0,1.0,11,1,11,9,0.1,0,150.28,5,van,Medium,Sunny,36.26
2.1062,-0.707107,0.707107,-0.781831,0.62349,10,6,15,8,0.4286,0,247.7,1,van,Low,Sunny,22.88
0.3481,1.0,0.0,-0.781831,0.62349,6,0,6,5,0.0,0,120.16,9,van,Normal,Sunny,8.3
1.3043,-0.5,0.866025,-0.974928,-0.222521,12,2,12,9,0.1818,1,194.56,4,car,Jam,Sunny,32.24
1.9035,-0.866025,0.5,0.781831,0.62349,7,5,13,7,0.4167,1,349.74,5,motorcycle,High,Rainy,37.71
0.1586,-0.258819,-0.965926,0.781831,0.62349,9,1,3,1,0.5,0,315.11,5,van,Normal,Windy,6.52
3.3525,0.258819,-0.965926,-0.974928,-0.222521,12,5,12,6,0.4545,0,358.91,9,van,Normal,Sunny,51.38
0.3372,-0.707107,-0.707107,0.433884,-0.900969,9,9,12,2,0.8182,0,63.73,9,car,Jam,Foggy,26.89
1.3503,-0.866025,0.5,0.433884,-0.900969,8,7,10,2,0.7778,0,177.89,1,car,Normal,Foggy,17.34
6.0395,1.0,0.0,0.974928,-0.222521,8,0,10,9,0.0,1,282.33,7,van,Normal,Sandstorm,90.0
2.7378,-0.258819,-0.965926,-0.974928,-0.222521,8,9,13,3,0.75,0,334.44,1,van,Normal,Sandstorm,54.34
0.2684,1.0,0.0,0.781831,0.62349,12,0,4,3,0.0,1,86.72,0,car,Low,Foggy,6.02
0.9332,-0.866025,-0.5,0.433884,-0.900969,9,1,8,6,0.1429,0,355.59,5,car,Normal,Windy,23.19
3.5671,0.965926,-0.258819,0.781831,0.62349,4,4,6,1,0.8,1,158.89,4,car,Jam,Rainy,90.0
0.5087,0.258819,-0.965926,-0.433884,-0.900969,1,7,13,5,0.5833,0,277.96,4,van,Normal,Sunny,2.72
0.7851,-1.0,-0.0,0.781831,0.62349,10,1,5,3,0.25,0,186.62,0,car,Medium,Sunny,23.72
0.7645,-1.0,-0.0,0.974928,-0.222521,6,0,3,2,0.0,0,107.14,6,motorcycle,High,Sunny,15.86
1.8994,0.707107,-0.707107,0.781831,0.62349,5,4,15,10,0.2857,1,39.2,5,car,Medium,Sunny,39.51
0.2566,-0.5,-0.866025,-0.781831,0.62349,12,6,8,1,0.8571,0,58.27,0,car,High,Sunny,12.13
2.0033,0.707107,-0.707107,0.781831,0.62349,2,7,13,5,0.5833,1,233.06,3,car,Medium,Sunny,40.34
0.6116,-0.866025,-0.5,-0.781831,0.62349,1,0,6,5,0.0,0,199.39,1,van,Medium,Sunny,22.04
1.0933,1.0,0.0,-0.781831,0.62349,9,5,12,6,0.4545,0,155.79,9,car,Medium,Sunny,6.64
0.8926,-0.965926,0.258819,-0.781831,0.62349,12,3,15,11,0.2143,1,225.39,7,van,High,Sunny,25.9
1.9538,1.0,0.0,0.974928,-0.222521,10,1,12,10,0.0909,1,182.66,4,motorcycle,High,Sandstorm,25.22
1.0833,-0.866025,-0.5,-0.433884,-0.900969,11,0,6,5,0.0,1,50.87,0,car,High,Windy,24.96
4.3423,0.0,-1.0,-0.974928,-0.222521,11,7,10,2,0.7778,0,94.16,8,van,Normal,Windy,81.38
2.8291,0.707107,-0.707107,0.0,1.0,9,2,13,10,0.1667,1,155.44,3,car,Medium,Sunny,62.58
0.5192,-0.707107,-0.707107,0.0,1.0,12,2,14,11,0.1538,1,143.22,5,car,High,Sandstorm,21.42
4.0432,0.866025,-0.5,0.781831,0.62349,5,5,6,0,1.0,1,324.91,7,car,Normal,Sunny,58.55
1.497,-0.707107,-0.707107,-0.781831,0.62349,9,4,5,0,1.0,1,339.09,3,car,High,Sunny,52.43
1.2987,-0.866025,-0.5,0.0,1.0,2,4,8,3,0.5714,0,192.26,9,van,Normal,Sunny,33.97
2.4739,-0.258819,-0.965926,-0.974928,-0.222521,7,4,6,1,0.8,0,95.63,2,van,Normal,Rainy,61.6
0.411,0.0,-1.0,-0.974928,-0.222521,4,0,12,11,0.0,1,287.59,3,van,High,Foggy,9.08
0.2981,-0.258819,-0.965926,-0.781831,0.62349,12,1,10,8,0.1111,0,65.46,1,van,Normal,Sandstorm,18.74
1.1317,-0.5,0.866025,0.433884,-0.900969,6,3,9,5,0.375,0,177.18,3,van,Medium,Windy,29.99
0.6213,-1.0,-0.0,0.433884,-0.900969,3,9,13,3,0.75,0,357.93,7,car,Normal,Sunny,18.22
7.9251,1.0,0.0,-0.974928,-0.222521,7,0,5,4,0.0,0,314.92,4,car,High,Windy,90.0
0.5347,0.5,-0.866025,-0.433884,-0.900969,1,8,13,4,0.6667,0,334.65,8,car,Medium,Sunny,14.97
1.1482,1.0,0.0,-0.974928,-0.222521,2,0,10,9,0.0,0,35.24,8,van,Medium,Sunny,24.73
1.3263,0.5,-0.866025,0.974928,-0.222521,6,14,15,0,1.0,0,166.37,3,motorcycle,High,Foggy,22.64
3.5598,-0.965926,0.258819,-0.781831,0.62349,8,2,10,7,0.2222,0,276.88,7,car,Medium,Foggy,57.45
0.4296,-0.866025,0.5,0.433884,-0.900969,7,8,12,3,0.7273,1,56.17,4,van,Jam,Sunny,15.28
0.239,-0.258819,-0.965926,0.781831,0.62349,1,3,5,1,0.75,1,276.83,4,van,High,Sunny,1.0
4.1567,-0.965926,-0.258819,-0.974928,-0.222521,9,2,6,3,0.4,0,123.04,2,motorcycle,Medium,Sunny,80.24
1.193,0.0,-1.0,-0.433884,-0.900969,1,7,10,2,0.7778,0,319.4,0,van,Jam,Sunny,58.56
2.3851,-0.5,-0.866025,0.0,1.0,10,3,5,1,0.75,0,150.34,4,van,Medium,Sunny,60.13
2.4939,-0.866025,0.5,0.781831,0.62349,1,1,3,1,0.5,0,90.1,6,van,Low,Windy,35.05
2.9403,0.5,-0.866025,0.0,1.0,1,5,8,2,0.7143,0,330.07,8,motorcycle,Normal,Sunny,23.42
0.7718,0.258819,-0.965926,-0.433884,-0.900969,7,1,6,4,0.2,0,256.61,4,car,Medium,Sunny,21.25
0.5966,0.866025,-0.5,-0.781831,0.62349,10,8,11,2,0.8,0,166.67,1,motorcycle,Normal,Sunny,3.41
0.1659,0.707107,-0.707107,0.974928,-0.222521,10,7,10,2,0.7778,0,345.97,4,car,Medium,Sandstorm,15.47
0.4295,1.0,0.0,0.0,1.0,8,4,9,4,0.5,0,216.86,2,motorcycle,Normal,Sunny,15.5
1.1724,-0.965926,0.258819,-0.974928,-0.222521,3,8,13,4,0.6667,0,211.34,9,car,Medium,Sunny,27.21
0.5676,-0.866025,0.5,-0.974928,-0.222521,12,2,3,0,1.0,0,130.04,6,car,Low,Windy,13.34
0.3739,-0.258819,-0.965926,0.433884,-0.900969,1,8,13,4,0.6667,0,300.5,9,car,High,Sandstorm,14.9
1.1594,-0.866025,-0.5,0.781831,0.62349,5,2,9,6,0.25,0,210.7,3,car,Normal,Sunny,20.32
3.9582,0.5,-0.866025,-0.433884,-0.900969,10,3,12,8,0.2727,0,223.79,4,car,Normal,Windy,83.36
1.0479,1.0,0.0,0.974928,-0.222521,8,12,13,0,1.0,1,337.04,0,car,Medium,Sunny,16.83
0.3767,-0.5,-0.866025,0.781831,0.62349,10,4,6,1,0.8,0,97.17,1,car,Medium,Windy,2.58
3.7017,0.866025,-0.5,0.974928,-0.222521,10,1,6,4,0.2,1,284.73,3,car,Medium,Sunny,79.67
0.5297,-0.866025,0.5,0.0,1.0,12,8,12,3,0.7273,1,291.88,3,van,Medium,Rainy,21.18
4.506,0.5,-0.866025,0.433884,-0.900969,7,0,11,10,0.0,0,22.82,6,motorcycle,Low,Foggy,56.23
0.8607,-1.0,-0.0,-0.974928,-0.222521,10,3,5,1,0.75,0,260.04,2,van,High,Sandstorm,39.18
1.2189,0.5,-0.866025,-0.974928,-0.222521,2,1,6,4,0.2,1,298.94,9,car,Medium,Rainy,38.14
4.8688,0.866025,-0.5,-0.974928,-0.222521,3,4,14,9,0.3077,1,193.09,7,car,Low,Sunny,61.31
0.3061,-0.707107,-0.707107,-0.781831,0.62349,1,9,10,0,1.0,0,40.03,8,motorcycle,High,Windy,4.56
0.4075,0.707107,-0.707107,-0.781831,0.62349,3,1,14,12,0.0769,0,28.41,3,car,Medium,Sunny,1.79
0.8104,0.0,-1.0,0.781831,0.62349,2,9,12,2,0.8182,0,8.48,5,car,Medium,Sunny,25.26
0.9676,0.5,-0.866025,0.433884,-0.900969,10,2,5,2,0.5,0,131.8,5,motorcycle,Medium,Sunny,26.82
13.5986,-0.866025,0.5,0.974928,-0.222521,6,2,5,2,0.5,0,223.64,7,motorcycle,Medium,Windy,90.0
0.4754,-0.5,-0.866025,-0.433884,-0.900969,6,6,15,8,0.4286,0,205.24,8,car,Medium,Windy,1.0
0.3201,-1.0,-0.0,-0.974928,-0.222521,8,10,12,1,0.9091,1,183.52,5,van,Low,Rainy,4.83
0.4543,-0.866025,-0.5,-0.781831,0.62349,5,5,10,4,0.5556,0,150.21,9,car,Normal,Sunny,8.45
1.3779,-0.707107,0.707107,0.0,1.0,7,2,11,8,0.2,0,245.11,4,van,Jam,Rainy,57.05
1.7637,-0.258819,-0.965926,0.433884,-0.900969,1,0,8,7,0.0,0,317.97,2,car,Medium,Rainy,41.85
0.5645,-0.866025,0.5,0.0,1.0,9,1,7,5,0.1667,0,297.53,1,car,Medium,Sandstorm,8.74
1.1275,-0.707107,0.707107,0.974928,-0.222521,11,2,13,10,0.1667,1,257.41,3,van,Normal,Sunny,13.82
7.0142,-0.707107,0.707107,0.433884,-0.900969,1,1,14,12,0.0769,0,105.24,2,car,High,Sunny,90.0
1.1427,-0.965926,-0.258819,-0.433884,-0.900969,1,13,14,0,1.0,0,338.56,2,van,Normal,Windy,35.71
1.4992,-0.5,0.866025,-0.974928,-0.222521,2,5,13,7,0.4167,0,310.04,4,car,Normal,Foggy,28.59
6.6495,-1.0,-0.0,-0.781831,0.62349,8,13,14,0,1.0,0,341.2,2,motorcycle,Normal,Sunny,90.0
0.5694,0.258819,-0.965926,0.974928,-0.222521,10,4,9,4,0.5,0,222.86,9,motorcycle,High,Sunny,17.83
0.5351,0.866025,-0.5,0.433884,-0.900969,10,1,7,5,0.1667,0,119.87,3,car,Medium,Sunny,4.89
0.7074,0.707107,-0.707107,0.0,1.0,10,0,4,3,0.0,1,162.78,6,van,Low,Sunny,5.52
0.6693,-0.707107,-0.707107,0.0,1.0,7,5,7,1,0.8333,0,117.85,7,car,Normal,Sandstorm,7.78
0.1959,0.866025,-0.5,-0.781831,0.62349,9,0,8,7,0.0,0,126.34,9,car,Medium,Sunny,7.42
1.26,0.5,-0.866025,-0.781831,0.62349,4,0,4,3,0.0,1,153.21,6,car,Medium,Sunny,22.16
1.3581,-0.866025,-0.5,-0.781831,0.62349,9,2,7,4,0.3333,0,336.6,2,motorcycle,Medium,Windy,28.92
0.9263,0.258819,-0.965926,0.781831,0.62349,3,4,15,10,0.2857,1,179.09,5,motorcycle,Normal,Sunny,13.33
1.3981,-0.965926,-0.258819,-0.433884,-0.900969,12,1,6,4,0.2,0,145.57,0,motorcycle,High,Sunny,33.07
1.4123,-0.5,0.866025,0.781831,0.62349,1,4,8,3,0.5714,0,230.17,2,motorcycle,Jam,Windy,29.75
0.3165,0.965926,-0.258819,-0.433884,-0.900969,12,6,11,4,0.6,0,103.08,9,motorcycle,Medium,Sunny,1.0
1.4538,-0.866025,-0.5,0.433884,-0.900969,6,6,14,7,0.4615,1,3.17,0,car,Normal,Foggy,20.39
1.8787,-0.965926,0.258819,-0.781831,0.62349,8,7,14,6,0.5385,1,262.76,3,motorcycle,Medium,Windy,15.31
0.2424,0.866025,-0.5,0.974928,-0.222521,2,8,13,4,0.6667,1,119.68,0,van,Normal,Foggy,13.63
4.4369,-0.965926,0.258819,-0.433884,-0.900969,4,0,4,3,0.0,0,85.49,5,car,Low,Sunny,49.54
0.3416,-0.5,-0.866025,-0.433884,-0.900969,11,1,4,2,0.3333,0,192.61,7,van,Normal,Sandstorm,18.92
0.3748,-0.866025,-0.5,-0.974928,-0.222521,1,0,12,11,0.0,1,58.0,0,car,Jam,Sunny,15.15
1.3389,1.0,0.0,0.0,1.0,3,13,14,0,1.0,1,100.07,1,car,Medium,Windy,28.09
1.8367,-0.258819,-0.965926,0.433884,-0.900969,8,7,11,3,0.7,1,184.43,8,car,High,Sunny,31.31
2.3136,0.0,-1.0,0.433884,-0.900969,10,11,14,2,0.8462,0,350.78,2,car,Medium,Sunny,52.14
1.8831,0.866025,-0.5,0.781831,0.62349,6,8,11,2,0.8,0,87.81,0,car,Medium,Sunny,43.24
0.6745,-1.0,-0.0,-0.974928,-0.222521,2,0,7,6,0.0,0,168.13,0,motorcycle,Low,Sandstorm,14.93
1.2252,-0.5,-0.866025,-0.974928,-0.222521,2,6,13,6,0.5,1,190.09,9,van,Medium,Sandstorm,16.44
0.818,-0.866025,0.5,0.0,1.0,11,10,12,1,0.9091,0,256.65,9,van,Normal,Sunny,16.31
1.3041,0.866025,-0.5,-0.433884,-0.900969,3,4,7,2,0.6667,0,187.92,1,car,Medium,Windy,43.95
1.1794,-1.0,-0.0,-0.781831,0.62349,7,5,10,4,0.5556,1,264.02,2,car,Normal,Windy,25.04
0.6841,-0.866025,-0.5,0.974928,-0.222521,12,9,10,0,1.0,1,311.12,1,car,Normal,Sunny,11.68
0.7946,-0.965926,-0.258819,-0.433884,-0.900969,5,2,4,1,0.6667,1,101.8,4,motorcycle,Medium,Sunny,11.48
0.1902,0.258819,-0.965926,-0.433884,-0.900969,1,4,6,1,0.8,0,300.84,8,car,Low,Rainy,1.0
2.4318,-0.965926,-0.258819,0.0,1.0,10,3,5,1,0.75,0,94.58,7,van,Normal,Windy,64.37
1.4662,0.5,-0.866025,-0.974928,-0.222521,10,2,6,3,0.4,0,291.37,3,van,Jam,Windy,77.6
0.1235,-1.0,-0.0,-0.974928,-0.222521,8,8,9,0,1.0,0,229.2,6,van,Low,Windy,6.29
2.3479,-0.258819,-0.965926,0.781831,0.62349,11,7,9,1,0.875,1,204.67,2,motorcycle,Normal,Windy,33.91
1.0509,-0.5,-0.866025,0.974928,-0.222521,10,0,14,13,0.0,0,167.02,9,car,Normal,Sunny,8.43
0.4539,-0.707107,-0.707107,-0.974928,-0.222521,9,1,3,1,0.5,0,196.35,5,motorcycle,Normal,Rainy,10.36
0.4172,0.965926,-0.258819,-0.974928,-0.222521,5,3,13,9,0.25,1,84.45,9,van,Medium,Sunny,7.91
0.5748,0.0,-1.0,0.0,1.0,1,3,6,2,0.6,0,179.3,2,van,Normal,Sandstorm,17.58
0.4561,0.707107,-0.707107,0.974928,-0.222521,9,5,7,1,0.8333,0,219.06,9,van,Medium,Rainy,22.86
0.5182,-0.5,0.866025,-0.433884,-0.900969,11,2,4,1,0.6667,0,137.36,2,motorcycle,Medium,Windy,7.95
5.56,-0.258819,-0.965926,0.0,1.0,9,2,3,0,1.0,0,137.46,6,motorcycle,Normal,Sunny,61.53
1.5723,1.0,0.0,-0.781831,0.62349,8,1,4,2,0.3333,0,125.07,0,car,Jam,Sunny,47.46
7.6462,1.0,0.0,0.781831,0.62349,9,0,5,4,0.0,1,294.44,2,motorcycle,Jam,Sunny,90.0
1.3695,-0.707107,0.707107,-0.781831,0.62349,4,7,8,0,1.0,1,138.4,5,van,Normal,Windy,19.29
1.9161,0.866025,-0.5,0.0,1.0,2,0,7,6,0.0,0,208.92,5,car,Normal,Sunny,33.79
0.4787,1.0,0.0,-0.781831,0.62349,8,0,4,3,0.0,0,350.0,1,motorcycle,Normal,Sunny,9.76
0.9421,0.707107,-0.707107,0.0,1.0,12,5,7,1,0.8333,0,10.83,0,car,Normal,Foggy,18.71
1.0227,0.707107,-0.707107,-0.433884,-0.900969,2,2,5,2,0.5,1,79.17,8,van,Medium,Sunny,32.92
1.9919,0.965926,-0.258819,0.974928,-0.222521,1,5,11,5,0.5,0,333.08,2,car,Medium,Sunny,21.13
1.0544,-0.5,0.866025,0.433884,-0.900969,9,0,11,10,0.0,0,258.01,7,car,Medium,Sunny,1.0
1.5431,0.965926,-0.258819,0.0,1.0,6,0,3,2,0.0,1,135.53,1,motorcycle,Normal,Windy,14.41
1.4915,-1.0,-0.0,-0.433884,-0.900969,11,7,11,3,0.7,1,32.32,2,car,Normal,Sunny,20.25
0.8289,-0.866025,0.5,-0.433884,-0.900969,6,7,14,6,0.5385,0,185.02,0,car,Jam,Sandstorm,45.98
0.7517,-0.866025,-0.5,0.974928,-0.222521,7,4,15,10,0.2857,1,282.19,5,car,Jam,Sunny,27.05
0.5854,0.866025,-0.5,0.433884,-0.900969,1,1,3,1,0.5,1,152.24,5,car,Low,Sunny,13.2
3.0901,-1.0,-0.0,0.433884,-0.900969,12,5,14,8,0.3846,1,303.83,5,motorcycle,Medium,Sunny,45.8
0.8292,0.258819,-0.965926,-0.433884,-0.900969,4,7,8,0,1.0,0,104.58,7,motorcycle,Medium,Sunny,8.68
1.5105,0.0,-1.0,0.433884,-0.900969,6,12,14,1,0.9231,0,178.26,6,car,Medium,Sandstorm,25.77
0.9524,0.5,-0.866025,0.0,1.0,8,2,5,2,0.5,1,32.47,2,van,Medium,Sunny,17.61
3.0328,-0.965926,0.258819,0.433884,-0.900969,11,2,11,8,0.2,0,189.21,4,car,High,Sunny,59.68
0.1672,-0.707107,-0.707107,0.974928,-0.222521,10,7,13,5,0.5833,1,309.98,0,van,Low,Sunny,1.0
1.4738,0.866025,-0.5,0.974928,-0.222521,10,0,6,5,0.0,0,54.79,6,car,Normal,Sunny,29.93
0.3355,0.0,-1.0,0.974928,-0.222521,2,7,12,4,0.6364,1,219.44,3,car,Jam,Sunny,21.49
1.6019,-0.965926,0.258819,0.974928,-0.222521,2,2,5,2,0.5,0,113.13,1,car,Normal,Sunny,5.07
0.9615,-0.707107,0.707107,0.781831,0.62349,10,10,12,1,0.9091,0,127.23,8,van,Normal,Foggy,22.1
0.2713,-0.707107,0.707107,0.974928,-0.222521,11,6,15,8,0.4286,0,3.09,4,van,High,Sunny,1.0
1.5231,0.866025,-0.5,-0.433884,-0.900969,8,3,6,2,0.6,1,191.88,0,car,High,Sunny,39.46
1.3675,-0.866025,0.5,0.781831,0.62349,11,0,15,14,0.0,0,354.72,0,motorcycle,Medium,Windy,3.87
0.8872,-0.707107,-0.707107,-0.974928,-0.222521,4,9,11,1,0.9,0,52.87,2,van,High,Sunny,26.03
1.0007,-1.0,-0.0,0.433884,-0.900969,5,2,9,6,0.25,0,84.33,9,car,Medium,Windy,8.71
1.2884,0.0,-1.0,-0.433884,-0.900969,3,5,7,1,0.8333,0,81.47,0,motorcycle,Normal,Rainy,11.55
3.3848,-0.965926,-0.258819,0.0,1.0,10,2,10,7,0.2222,0,202.37,4,motorcycle,Medium,Sandstorm,75.15
0.8199,0.5,-0.866025,0.781831,0.62349,9,5,15,9,0.3571,0,68.37,3,car,High,Rainy,23.71
2.8932,-0.5,-0.866025,-0.781831,0.62349,3,0,3,2,0.0,1,342.6,6,van,High,Windy,66.13
1.0665,0.707107,-0.707107,-0.974928,-0.222521,12,12,14,1,0.9231,1,250.68,5,car,Normal,Sunny,1.45
3.7846,0.0,-1.0,0.0,1.0,1,3,4,0,1.0,0,225.11,4,van,Normal,Rainy,81.53
0.8839,0.0,-1.0,-0.781831,0.62349,10,9,14,4,0.6923,0,1.43,8,car,High,Sunny,26.59
0.5868,-0.866025,0.5,-0.974928,-0.222521,3,3,10,6,0.3333,0,169.41,0,van,Normal,Sunny,10.78
0.3895,-0.866025,-0.5,0.0,1.0,10,10,14,3,0.7692,0,291.4,3,car,Low,Sandstorm,21.47
1.0702,-0.965926,-0.258819,0.781831,0.62349,6,2,5,2,0.5,0,182.52,0,van,High,Rainy,52.22
0.5202,0.5,-0.866025,0.781831,0.62349,3,2,3,0,1.0,0,265.78,3,motorcycle,Medium,Rainy,11.75
4.1966,-0.258819,-0.965926,-0.974928,-0.222521,1,2,9,6,0.25,0,245.54,2,car,Normal,Sunny,55.66
0.483,-0.5,-0.866025,-0.974928,-0.222521,8,7,13,5,0.5833,1,334.61,8,motorcycle,Low,Windy,1.0
0.5738,-0.965926,0.258819,-0.974928,-0.222521,2,12,13,0,1.0,1,131.99,6,motorcycle,Low,Sunny,1.96
1.9194,0.707107,-0.707107,0.781831,0.62349,6,0,12,11,0.0,0,297.13,2,motorcycle,High,Sandstorm,58.62
3.4093,1.0,0.0,-0.781831,0.62349,12,10,13,2,0.8333,0,93.76,6,car,Medium,Windy,58.29
2.2133,-0.5,-0.866025,-0.974928,-0.222521,11,9,13,3,0.75,1,200.71,8,motorcycle,Normal,Sunny,20.57
3.0215,-0.965926,0.258819,-0.781831,0.62349,6,5,14,8,0.3846,0,222.46,1,car,Normal,Sandstorm,56.61
1.0241,-1.0,-0.0,0.974928,-0.222521,9,4,5,0,1.0,0,159.38,5,car,Normal,Sunny,21.68
1.0379,-0.965926,0.258819,-0.433884,-0.900969,10,4,6,1,0.8,0,36.85,4,motorcycle,Normal,Sunny,10.92
7.4721,0.0,-1.0,-0.433884,-0.900969,8,1,3,1,0.5,0,156.31,9,van,Normal,Foggy,90.0
5.5055,0.707107,-0.707107,0.781831,0.62349,3,2,8,5,0.2857,1,70.91,3,van,Medium,Windy,90.0
2.1782,-0.965926,-0.258819,-0.433884,-0.900969,10,4,6,1,0.8,0,175.43,6,car,Normal,Sunny,49.75
3.1622,1.0,0.0,0.433884,-0.900969,2,0,11,10,0.0,0,7.42,5,motorcycle,Normal,Sunny,17.51
2.4983,-0.707107,0.707107,-0.433884,-0.900969,7,2,10,7,0.2222,0,174.03,3,van,Medium,Sunny,33.46
0.3515,-1.0,-0.0,0.974928,-0.222521,10,4,10,5,0.4444,0,135.84,3,car,Medium,Sunny,1.0
1.0643,-0.5,-0.866025,-0.433884,-0.900969,7,2,11,8,0.2,1,4.86,8,motorcycle,Normal,Sunny,10.52
4.5811,0.707107,-0.707107,-0.781831,0.62349,5,8,15,6,0.5714,0,224.19,8,car,Low,Sunny,63.1
2.1909,0.5,-0.866025,-0.433884,-0.900969,5,3,4,0,1.0,0,112.68,2,car,Low,Sunny,17.6
1.0404,-0.5,0.866025,-0.781831,0.62349,6,2,6,3,0.4,1,209.65,4,van,Normal,Windy,10.17
4.6335,1.0,0.0,-0.974928,-0.222521,9,3,8,4,0.4286,1,318.93,1,motorcycle,High,Sunny,62.14
1.5696,1.0,0.0,0.974928,-0.222521,12,1,3,1,0.5,0,311.19,4,car,Normal,Windy,16.69
2.2655,0.258819,-0.965926,-0.974928,-0.222521,10,9,13,3,0.75,0,181.29,8,car,High,Rainy,41.75
1.5774,0.707107,-0.707107,-0.433884,-0.900969,4,5,8,2,0.7143,1,169.65,7,car,High,Sunny,43.93
1.848,-0.965926,-0.258819,-0.781831,0.62349,2,1,5,3,0.25,0,191.99,4,motorcycle,Low,Windy,30.87
1.9779,1.0,0.0,0.974928,-0.222521,6,8,9,0,1.0,0,140.52,7,car,Low,Sunny,11.41
3.7988,-0.965926,0.258819,0.781831,0.62349,11,3,5,1,0.75,1,106.23,5,van,Normal,Sunny,58.82
4.2993,-0.965926,0.258819,-0.433884,-0.900969,8,7,8,0,1.0,0,56.75,4,motorcycle,Low,Windy,28.19
0.72,0.707107,-0.707107,-0.433884,-0.900969,4,9,11,1,0.9,0,329.43,0,car,Medium,Sunny,11.64
1.5492,-0.707107,-0.707107,-0.433884,-0.900969,2,4,7,2,0.6667,1,22.19,1,van,Low,Sunny,29.0
3.6968,-0.965926,-0.258819,-0.974928,-0.222521,4,9,13,3,0.75,0,124.24,5,van,High,Rainy,90.0
0.9753,-0.866025,0.5,0.433884,-0.900969,9,3,6,2,0.6,0,59.92,0,motorcycle,Medium,Sunny,13.34
0.3187,-1.0,-0.0,0.0,1.0,9,2,4,1,0.6667,0,21.79,0,car,High,Windy,9.83
0.4662,-0.5,0.866025,-0.781831,0.62349,6,4,8,3,0.5714,0,62.19,3,car,High,Windy,1.0
0.4978,0.965926,-0.258819,0.781831,0.62349,5,1,5,3,0.25,0,164.15,5,car,Medium,Sunny,1.0
0.7151,-0.866025,-0.5,0.781831,0.62349,3,4,11,6,0.4,0,201.22,7,van,Jam,Windy,29.41
0.5439,-0.965926,0.258819,-0.974928,-0.222521,12,6,9,2,0.75,1,321.97,9,van,Jam,Sunny,17.12
2.9378,0.707107,-0.707107,-0.974928,-0.222521,6,2,4,1,0.6667,1,246.18,6,car,Normal,Sunny,53.78
0.8496,0.707107,-0.707107,0.433884,-0.900969,10,3,7,3,0.5,1,288.71,9,car,Normal,Rainy,10.19
3.6621,0.965926,-0.258819,-0.433884,-0.900969,6,1,14,12,0.0769,0,199.19,2,motorcycle,Normal,Sunny,27.32
0.3777,-0.5,0.866025,0.0,1.0,7,1,13,11,0.0833,0,72.46,6,car,Normal,Windy,1.0
0.7901,-0.866025,0.5,0.781831,0.62349,8,9,11,1,0.9,0,305.95,0,car,Medium,Sunny,4.37
1.2203,0.866025,-0.5,0.781831,0.62349,5,1,14,12,0.0769,0,170.83,1,van,Normal,Sunny,44.54
2.3872,0.5,-0.866025,0.974928,-0.222521,12,1,4,2,0.3333,0,277.65,6,car,Medium,Windy,46.41
3.2754,-0.258819,-0.965926,0.974928,-0.222521,6,0,12,11,0.0,0,2.29,3,car,High,Windy,69.97
0.6627,-0.707107,0.707107,0.0,1.0,10,0,3,2,0.0,0,160.43,5,car,Normal,Sunny,1.0
2.8398,-0.866025,0.5,-0.433884,-0.900969,11,8,10,1,0.8889,0,122.0,9,car,Medium,Windy,43.31
0.2236,-0.866025,0.5,-0.433884,-0.900969,5,0,3,2,0.0,1,106.99,7,van,Normal,Sunny,1.0
2.5288,-0.866025,0.5,0.974928,-0.222521,3,5,7,1,0.8333,1,242.94,3,van,High,Sunny,67.69
0.3091,-0.866025,-0.5,-0.781831,0.62349,12,3,4,0,1.0,1,296.84,6,van,Medium,Sandstorm,6.94
1.6893,0.5,-0.866025,0.974928,-0.222521,10,4,6,1,0.8,0,311.02,9,car,Low,Windy,16.11
3.2308,-0.866025,-0.5,0.0,1.0,10,2,11,8,0.2,0,288.26,2,motorcycle,Medium,Sunny,47.79
2.5673,-0.5,-0.866025,-0.974928,-0.222521,12,12,13,0,1.0,0,292.2,5,car,Normal,Sandstorm,36.61
0.2329,-0.5,0.866025,0.0,1.0,1,9,15,5,0.6429,0,300.63,7,van,High,Sunny,10.17
0.7226,-0.258819,-0.965926,0.0,1.0,12,11,15,3,0.7857,0,249.68,6,car,Medium,Rainy,21.05
2.1838,-1.0,-0.0,0.433884,-0.900969,2,1,4,2,0.3333,0,273.57,4,van,Medium,Sandstorm,90.0
2.1252,0.866025,-0.5,-0.433884,-0.900969,2,9,14,4,0.6923,1,79.62,4,car,Medium,Sunny,33.21
1.4364,-0.965926,-0.258819,0.781831,0.62349,3,3,6,2,0.6,1,344.61,5,car,High,Sunny,35.26
0.1365,-0.258819,-0.965926,-0.974928,-0.222521,2,8,14,5,0.6154,1,181.13,4,car,High,Foggy,1.0
3.4492,-0.258819,-0.965926,0.781831,0.62349,2,8,14,5,0.6154,0,94.59,3,car,Medium,Rainy,69.19
4.0855,-1.0,-0.0,-0.781831,0.62349,2,9,14,4,0.6923,0,163.64,8,car,High,Sunny,90.0
1.2912,-0.5,-0.866025,-0.433884,-0.900969,6,8,9,0,1.0,0,296.38,7,van,Medium,Sunny,19.32
1.3732,0.965926,-0.258819,0.781831,0.62349,5,10,12,1,0.9091,0,249.3,6,motorcycle,High,Sunny,24.42
1.7823,0.0,-1.0,0.974928,-0.222521,5,2,8,5,0.2857,0,54.94,1,car,High,Rainy,56.66
4.4257,-0.5,0.866025,0.0,1.0,3,3,4,0,1.0,0,157.91,5,motorcycle,Normal,Rainy,36.4
1.4022,-0.5,0.866025,-0.974928,-0.222521,12,3,9,5,0.375,0,271.85,2,van,Normal,Sandstorm,23.34
0.9216,-0.866025,-0.5,-0.433884,-0.900969,4,1,5,3,0.25,1,249.83,1,motorcycle,Normal,Sunny,6.59
1.588,-0.866025,-0.5,0.433884,-0.900969,6,0,4,3,0.0,1,68.25,2,van,Normal,Rainy,45.37
1.0936,0.5,-0.866025,-0.433884,-0.900969,2,2,4,1,0.6667,0,267.43,1,van,Normal,Sunny,33.25
1.1054,-0.965926,0.258819,-0.433884,-0.900969,3,2,5,2,0.5,1,242.94,7,van,Normal,Sunny,21.87
0.2065,-0.866025,-0.5,-0.433884,-0.900969,3,10,13,2,0.8333,0,87.98,5,van,Medium,Sunny,13.48
1.8161,1.0,0.0,0.974928,-0.222521,12,12,15,2,0.8571,0,110.73,7,motorcycle,Normal,Sunny,22.13
3.3632,-0.5,0.866025,0.974928,-0.222521,3,7,14,6,0.5385,0,150.99,9,car,Normal,Sunny,24.55
2.9135,-0.866025,0.5,0.781831,0.62349,7,2,11,8,0.2,1,242.54,2,car,Medium,Sunny,45.82
2.7277,0.965926,-0.258819,-0.974928,-0.222521,7,1,14,12,0.0769,1,342.52,1,car,Normal,Sunny,26.72
1.0509,-0.258819,-0.965926,0.433884,-0.900969,1,5,6,0,1.0,0,358.11,1,motorcycle,Medium,Sandstorm,22.29
1.2692,-1.0,-0.0,0.433884,-0.900969,5,4,14,9,0.3077,0,248.13,0,car,High,Sunny,48.32
3.4275,-1.0,-0.0,-0.974928,-0.222521,1,0,15,14,0.0,1,148.48,0,van,Jam,Sunny,90.0
2.5193,0.866025,-0.5,0.433884,-0.900969,3,1,4,2,0.3333,0,24.64,5,motorcycle,Medium,Sunny,42.76
4.536,1.0,0.0,-0.781831,0.62349,9,6,8,1,0.8571,0,213.48,6,motorcycle,Low,Sunny,29.07
0.5833,-0.5,0.866025,0.781831,0.62349,7,0,6,5,0.0,1,173.42,2,car,Normal,Sunny,15.82
0.5798,-0.707107,0.707107,0.0,1.0,6,2,4,1,0.6667,0,241.46,5,van,Jam,Windy,10.4
0.8058,-1.0,-0.0,0.974928,-0.222521,3,2,5,2,0.5,0,347.21,2,motorcycle,Medium,Sunny,24.9
0.4512,-0.965926,-0.258819,0.433884,-0.900969,8,13,15,1,0.9286,0,60.05,7,car,High,Sunny,14.73
0.3149,-0.965926,-0.258819,-0.974928,-0.222521,11,2,5,2,0.5,0,133.42,7,van,Medium,Sandstorm,14.13
1.725,-0.258819,-0.965926,-0.433884,-0.900969,11,5,11,5,0.5,0,207.41,7,car,Normal,Sunny,19.34
1.6169,-0.965926,-0.258819,-0.781831,0.62349,3,6,14,7,0.4615,0,126.26,5,van,Medium,Sandstorm,57.48
1.3964,0.258819,-0.965926,0.0,1.0,9,8,12,3,0.7273,1,63.38,8,van,High,Sunny,47.89
1.5466,0.965926,-0.258819,0.433884,-0.900969,3,0,8,7,0.0,0,215.48,0,car,High,Rainy,37.46
0.2751,0.258819,-0.965926,-0.974928,-0.222521,11,0,3,2,0.0,0,14.18,4,car,Normal,Sunny,1.0
0.7004,0.5,-0.866025,0.433884,-0.900969,6,4,8,3,0.5714,1,135.74,0,car,Medium,Sunny,17.21
0.8363,0.258819,-0.965926,0.781831,0.62349,9,2,6,3,0.4,1,350.17,8,car,Normal,Windy,7.12
1.1573,-0.5,-0.866025,-0.974928,-0.222521,7,2,14,11,0.1538,0,172.15,0,van,Jam,Sunny,29.76
0.2762,0.866025,-0.5,-0.781831,0.62349,9,11,15,3,0.7857,0,36.57,4,car,Normal,Sandstorm,4.48
0.4578,0.0,-1.0,0.781831,0.62349,12,4,6,1,0.8,1,300.34,1,car,High,Sunny,1.0
0.73,-0.258819,-0.965926,0.433884,-0.900969,2,0,5,4,0.0,1,64.45,7,van,Normal,Sunny,15.26
3.0203,0.707107,-0.707107,-0.974928,-0.222521,11,2,13,10,0.1667,0,90.3,4,van,Medium,Rainy,90.0
1.4173,-0.258819,-0.965926,0.781831,0.62349,6,10,14,3,0.7692,1,346.48,5,van,Medium,Rainy,33.97
2.9168,-0.965926,-0.258819,0.0,1.0,2,7,15,7,0.5,1,279.04,9,motorcycle,Normal,Sunny,43.96
0.9838,-0.258819,-0.965926,-0.974928,-0.222521,6,4,13,8,0.3333,0,115.89,9,car,High,Sunny,17.45
1.1062,1.0,0.0,-0.974928,-0.222521,1,4,9,4,0.5,0,233.02,4,motorcycle,High,Sandstorm,20.18
1.7756,-0.965926,-0.258819,0.781831,0.62349,7,2,7,4,0.3333,0,175.6,3,car,High,Sandstorm,64.8
0.9339,-0.707107,-0.707107,-0.433884,-0.900969,6,0,3,2,0.0,0,321.3,2,van,Normal,Rainy,31.54
0.6105,-0.258819,-0.965926,-0.974928,-0.222521,5,9,14,4,0.6923,0,201.71,6,motorcycle,High,Sandstorm,24.46
0.2684,1.0,0.0,-0.781831,0.62349,6,10,15,4,0.7143,1,237.89,9,motorcycle,Medium,Sunny,4.29
0.6262,0.965926,-0.258819,-0.974928,-0.222521,8,1,14,12,0.0769,0,53.69,5,van,Medium,Windy,17.23
2.4458,0.965926,-0.258819,0.781831,0.62349,10,2,10,7,0.2222,0,89.95,5,van,Medium,Sunny,51.3
3.6606,-0.866025,0.5,-0.433884,-0.900969,5,8,14,5,0.6154,0,9.56,9,car,Medium,Sunny,49.21
0.5302,0.258819,-0.965926,-0.974928,-0.222521,1,2,3,0,1.0,0,211.77,1,van,Normal,Sandstorm,21.06
0.2129,-0.258819,-0.965926,0.781831,0.62349,7,7,8,0,1.0,0,202.51,0,van,Medium,Windy,1.23
2.6652,-0.965926,-0.258819,0.781831,0.62349,12,2,4,1,0.6667,1,110.81,0,motorcycle,Normal,Sunny,21.81
1.1804,-0.965926,-0.258819,0.433884,-0.900969,5,0,10,9,0.0,0,83.57,5,car,Normal,Windy,14.96
0.3074,0.965926,-0.258819,-0.974928,-0.222521,2,1,3,1,0.5,0,163.09,8,car,Normal,Sunny,8.28
0.0575,-0.707107,0.707107,0.433884,-0.900969,11,1,6,4,0.2,0,37.36,2,van,Normal,Sunny,1.0
0.4425,0.5,-0.866025,-0.433884,-0.900969,6,7,8,0,1.0,0,307.06,7,car,High,Windy,13.9
0.7119,-0.965926,0.258819,-0.433884,-0.900969,5,0,4,3,0.0,1,299.48,8,car,Medium,Windy,8.8
0.3701,-0.866025,0.5,-0.781831,0.62349,4,1,4,2,0.3333,0,214.61,9,car,Low,Sunny,4.33
2.1325,-0.707107,-0.707107,-0.433884,-0.900969,9,7,14,6,0.5385,0,324.57,7,van,High,Sunny,90.0
0.5107,0.866025,-0.5,0.0,1.0,2,1,6,4,0.2,0,220.86,3,car,Jam,Sunny,32.69
1.1183,-0.707107,-0.707107,0.974928,-0.222521,8,10,15,4,0.7143,0,176.73,6,car,High,Sunny,26.17
10.5362,0.5,-0.866025,0.781831,0.62349,5,0,7,6,0.0,0,215.99,5,car,High,Rainy,90.0
1.2356,-0.866025,0.5,-0.974928,-0.222521,5,2,3,0,1.0,1,30.76,4,motorcycle,Jam,Sunny,26.29
0.9903,-1.0,-0.0,-0.781831,0.62349,3,1,4,2,0.3333,0,78.3,7,van,Medium,Rainy,26.35
1.0118,-0.866025,0.5,-0.974928,-0.222521,10,4,11,6,0.4,1,201.0,6,car,Jam,Sunny,31.55
2.0867,-0.866025,0.5,0.781831,0.62349,6,2,3,0,1.0,1,40.41,8,car,Jam,Sunny,71.7
1.8549,0.707107,-0.707107,-0.433884,-0.900969,12,2,15,12,0.1429,1,291.45,5,van,Normal,Sunny,35.01
0.426,1.0,0.0,0.0,1.0,10,2,6,3,0.4,0,61.28,6,car,High,Sandstorm,8.85
0.7478,-0.866025,-0.5,0.781831,0.62349,10,0,10,9,0.0,0,150.64,2,van,High,Rainy,23.85
0.5863,-0.866025,-0.5,0.974928,-0.222521,6,4,8,3,0.5714,0,174.44,4,car,High,Sunny,16.85
0.8449,-0.866025,0.5,0.433884,-0.900969,12,0,3,2,0.0,0,56.85,8,motorcycle,High,Sunny,12.94
6.267,-0.866025,-0.5,0.974928,-0.222521,8,8,12,3,0.7273,1,87.18,7,car,Normal,Sunny,90.0
1.9869,-0.965926,0.258819,0.433884,-0.900969,6,1,3,1,0.5,0,174.38,5,van,Medium,Sunny,30.74
1.0245,0.258819,-0.965926,0.0,1.0,5,8,13,4,0.6667,1,38.44,5,car,Medium,Sunny,22.04
3.6049,0.866025,-0.5,-0.974928,-0.222521,11,8,9,0,1.0,0,67.38,2,motorcycle,High,Rainy,88.43
1.3219,1.0,0.0,0.974928,-0.222521,4,5,6,0,1.0,0,8.35,3,motorcycle,High,Sunny,36.11
0.2331,-0.258819,-0.965926,-0.974928,-0.222521,11,3,15,11,0.2143,1,182.32,6,van,High,Sandstorm,11.21
5.3697,1.0,0.0,0.0,1.0,3,2,5,2,0.5,0,296.02,1,car,High,Sandstorm,90.0
0.9526,-0.5,-0.866025,-0.781831,0.62349,10,4,6,1,0.8,0,291.89,0,car,Jam,Sunny,32.75
0.1296,0.0,-1.0,-0.433884,-0.900969,4,1,11,9,0.1,1,127.76,5,motorcycle,Normal,Sunny,5.18
0.2418,0.5,-0.866025,0.781831,0.62349,11,3,7,3,0.5,0,247.48,7,van,Jam,Rainy,23.17
3.2262,-0.866025,-0.5,-0.974928,-0.222521,11,5,9,3,0.625,1,356.37,9,car,Low,Sunny,45.04
0.2456,-0.965926,-0.258819,-0.974928,-0.222521,9,11,13,1,0.9167,0,152.43,4,car,Medium,Sunny,1.0
3.9819,1.0,0.0,-0.974928,-0.222521,12,1,14,12,0.0769,1,328.98,1,car,Low,Rainy,40.68
1.1936,-0.5,-0.866025,-0.781831,0.62349,7,11,13,1,0.9167,0,280.28,6,motorcycle,Medium,Sunny,16.23
2.1775,-0.707107,0.707107,-0.781831,0.62349,11,0,4,3,0.0,1,63.66,3,van,Normal,Rainy,22.55
0.8659,0.258819,-0.965926,0.781831,0.62349,7,12,15,2,0.8571,0,159.92,1,van,Low,Sunny,11.59
1.817,-0.965926,0.258819,0.781831,0.62349,1,5,8,2,0.7143,1,335.09,6,van,Medium,Sunny,20.26
1.4929,0.258819,-0.965926,0.0,1.0,6,5,13,7,0.4167,0,60.32,7,car,High,Sunny,30.12
1.0654,0.5,-0.866025,0.0,1.0,1,0,6,5,0.0,1,20.75,0,car,Normal,Sunny,22.57
0.4017,-0.866025,0.5,0.0,1.0,8,3,10,6,0.3333,1,96.22,7,car,Medium,Sunny,13.29
1.5536,0.0,-1.0,-0.433884,-0.900969,2,11,15,3,0.7857,1,1.75,5,van,Normal,Sunny,34.03
0.1967,-0.866025,0.5,-0.433884,-0.900969,4,3,15,11,0.2143,1,45.76,7,car,Normal,Sunny,1.0
2.6776,-0.965926,-0.258819,0.0,1.0,11,7,11,3,0.7,0,153.46,6,car,Normal,Sunny,35.39
1.3326,-0.965926,0.258819,0.974928,-0.222521,9,2,10,7,0.2222,0,275.2,4,car,Medium,Windy,27.57
1.7177,-0.965926,0.258819,0.0,1.0,5,0,3,2,0.0,0,76.94,3,car,High,Sunny,35.55
0.092,-0.707107,0.707107,0.781831,0.62349,7,6,10,3,0.6667,0,305.88,6,van,Medium,Sunny,5.26
0.3793,-0.707107,-0.707107,0.0,1.0,7,6,8,1,0.8571,1,355.64,1,car,High,Sunny,24.96
0.6835,-0.5,0.866025,0.433884,-0.900969,5,2,3,0,1.0,0,167.1,5,car,Medium,Sunny,1.0
2.0959,0.965926,-0.258819,0.0,1.0,9,7,15,7,0.5,0,357.17,7,van,High,Sunny,68.63
0.4513,-0.5,-0.866025,-0.974928,-0.222521,2,4,8,3,0.5714,1,208.01,2,car,Jam,Sunny,7.81
12.4361,0.0,-1.0,-0.781831,0.62349,6,8,13,4,0.6667,0,21.68,0,car,Normal,Sunny,90.0
0.8606,0.965926,-0.258819,-0.974928,-0.222521,4,1,3,1,0.5,1,39.8,0,car,Normal,Windy,9.99
0.421,-0.866025,0.5,-0.974928,-0.222521,9,0,6,5,0.0,0,184.66,5,motorcycle,Normal,Windy,1.0
0.9254,-0.965926,0.258819,-0.974928,-0.222521,8,3,14,10,0.2308,0,331.85,4,car,Medium,Sunny,1.0
0.4478,-1.0,-0.0,-0.781831,0.62349,10,5,15,9,0.3571,0,35.45,6,van,Medium,Rainy,10.96
0.3588,-0.866025,-0.5,-0.781831,0.62349,5,1,3,1,0.5,0,205.82,8,motorcycle,Normal,Windy,8.71
2.8876,-0.866025,-0.5,0.781831,0.62349,3,4,14,9,0.3077,0,291.96,9,van,High,Windy,90.0
1.7996,0.0,-1.0,-0.433884,-0.900969,1,1,6,4,0.2,0,353.91,3,car,Jam,Sunny,67.47
1.8046,-0.965926,-0.258819,0.974928,-0.222521,11,4,5,0,1.0,0,326.88,1,van,Normal,Sunny,38.13
3.717,-0.5,0.866025,-0.974928,-0.222521,4,1,15,13,0.0714,0,38.18,7,car,Normal,Sunny,36.01
1.7548,0.5,-0.866025,0.0,1.0,10,7,9,1,0.875,0,27.65,0,car,Normal,Sunny,28.68
0.4009,0.258819,-0.965926,0.974928,-0.222521,5,1,13,11,0.0833,1,73.89,6,van,Normal,Windy,11.53
2.1667,0.965926,-0.258819,0.974928,-0.222521,4,1,4,2,0.3333,0,100.76,2,car,High,Sunny,44.86
0.379,-0.707107,0.707107,-0.974928,-0.222521,3,10,12,1,0.9091,0,311.69,3,car,Medium,Sunny,1.0
0.7018,-0.707107,-0.707107,0.974928,-0.222521,10,5,7,1,0.8333,0,232.28,1,car,Low,Sunny,10.84
1.0582,-0.866025,-0.5,-0.781831,0.62349,4,4,12,7,0.3636,1,339.2,0,car,Medium,Sunny,27.56
0.961,0.5,-0.866025,0.433884,-0.900969,4,0,11,10,0.0,0,150.79,1,car,Low,Sunny,17.3
0.2016,1.0,0.0,-0.433884,-0.900969,9,2,3,0,1.0,0,147.65,4,van,Medium,Sunny,15.92
0.4408,-0.965926,0.258819,0.433884,-0.900969,7,12,14,1,0.9231,1,100.66,2,motorcycle,Medium,Sunny,1.0
1.0818,-0.866025,0.5,0.433884,-0.900969,9,2,6,3,0.4,1,157.51,3,car,Medium,Sunny,5.8
0.6187,0.258819,-0.965926,0.974928,-0.222521,2,0,7,6,0.0,0,284.73,1,van,Medium,Sunny,22.19
3.2218,-1.0,-0.0,0.781831,0.62349,12,8,13,4,0.6667,0,250.81,1,car,High,Rainy,90.0
3.7909,-0.707107,-0.707107,-0.433884,-0.900969,3,10,14,3,0.7692,1,284.3,7,car,Low,Rainy,64.32
0.3812,-0.866025,-0.5,0.974928,-0.222521,2,11,14,2,0.8462,1,299.05,8,car,High,Sunny,4.29
1.1697,0.866025,-0.5,-0.781831,0.62349,2,5,8,2,0.7143,1,1.54,7,car,Low,Sunny,8.37
4.9708,-0.866025,-0.5,0.0,1.0,4,6,7,0,1.0,0,85.42,9,car,Normal,Windy,90.0
0.9729,0.866025,-0.5,0.781831,0.62349,6,6,13,6,0.5,0,235.53,7,car,High,Rainy,20.05
0.7508,0.707107,-0.707107,0.0,1.0,1,0,6,5,0.0,1,160.64,1,car,Medium,Sunny,7.68
2.5023,0.0,-1.0,-0.781831,0.62349,8,7,11,3,0.7,0,42.28,7,van,Normal,Sunny,32.39
0.8517,0.707107,-0.707107,0.974928,-0.222521,8,1,6,4,0.2,1,23.32,2,car,Medium,Sandstorm,28.71
3.6963,-0.707107,0.707107,0.0,1.0,10,3,5,1,0.75,0,339.61,7,car,High,Sunny,51.41
0.6281,1.0,0.0,0.0,1.0,1,1,10,8,0.1111,0,305.44,6,car,Jam,Sandstorm,22.96
0.7041,-0.707107,0.707107,-0.781831,0.62349,2,0,14,13,0.0,1,114.86,8,van,Medium,Sunny,9.54
2.3412,0.866025,-0.5,-0.781831,0.62349,3,2,6,3,0.4,0,230.15,9,car,Low,Sunny,26.69
1.2159,-0.866025,0.5,0.781831,0.62349,6,7,12,4,0.6364,0,52.83,6,van,Medium,Sandstorm,27.32
1.2251,0.258819,-0.965926,-0.433884,-0.900969,8,0,3,2,0.0,0,48.59,9,car,Normal,Windy,22.02
0.1802,-0.707107,0.707107,0.781831,0.62349,3,9,12,2,0.8182,1,120.11,5,car,Low,Sunny,1.0
0.79,-0.707107,-0.707107,-0.974928,-0.222521,5,5,8,2,0.7143,0,101.25,9,motorcycle,Medium,Sandstorm,5.88
2.5114,-0.5,-0.866025,-0.974928,-0.222521,7,2,3,0,1.0,0,352.58,0,car,High,Rainy,66.44
0.5249,0.866025,-0.5,0.433884,-0.900969,7,3,10,6,0.3333,1,8.77,4,car,Low,Sunny,8.15
2.1504,-0.258819,-0.965926,-0.781831,0.62349,7,3,6,2,0.6,0,197.02,7,car,High,Foggy,45.46
1.4256,-0.707107,-0.707107,0.781831,0.62349,8,10,11,0,1.0,0,307.48,9,motorcycle,High,Sunny,34.27
0.9142,-0.5,0.866025,-0.781831,0.62349,10,0,3,2,0.0,1,9.33,8,van,High,Sunny,4.8
4.0143,0.5,-0.866025,0.974928,-0.222521,11,5,7,1,0.8333,0,199.34,3,van,Normal,Sandstorm,90.0
0.8002,0.965926,-0.258819,-0.781831,0.62349,12,3,6,2,0.6,0,136.8,6,motorcycle,Normal,Sunny,13.76
0.855,0.5,-0.866025,-0.974928,-0.222521,5,5,7,1,0.8333,0,77.72,0,car,Normal,Rainy,32.92
0.9043,0.5,-0.866025,0.433884,-0.900969,4,1,3,1,0.5,0,84.73,1,motorcycle,Normal,Sunny,8.25
1.193,-0.5,0.866025,0.0,1.0,4,4,6,1,0.8,1,293.2,7,car,Normal,Sunny,1.0
2.2901,0.866025,-0.5,-0.974928,-0.222521,5,3,4,0,1.0,0,167.2,3,van,Normal,Sunny,46.19
0.2728,-0.5,0.866025,-0.433884,-0.900969,7,0,11,10,0.0,0,16.52,5,car,Normal,Windy,1.0
2.521,0.965926,-0.258819,-0.781831,0.62349,8,0,8,7,0.0,0,147.18,2,car,Normal,Sandstorm,39.75
1.179,-0.965926,0.258819,0.781831,0.62349,1,0,6,5,0.0,0,294.02,7,motorcycle,Jam,Sunny,8.93
1.8707,-0.258819,-0.965926,0.781831,0.62349,12,10,11,0,1.0,0,248.1,0,car,High,Sunny,42.87
10.7216,1.0,0.0,0.974928,-0.222521,1,6,14,7,0.4615,1,343.78,6,motorcycle,Normal,Sunny,77.66
0.6797,-0.866025,-0.5,0.974928,-0.222521,5,9,10,0,1.0,0,278.31,6,car,Jam,Sunny,25.8
0.3453,-1.0,-0.0,0.0,1.0,6,5,6,0,1.0,1,61.54,8,van,Normal,Windy,20.05
1.3286,-0.866025,0.5,0.781831,0.62349,5,2,8,5,0.2857,0,24.06,2,motorcycle,Medium,Windy,22.67
1.5443,0.707107,-0.707107,0.433884,-0.900969,3,1,13,11,0.0833,0,166.52,3,car,High,Sunny,48.55
2.5295,-0.866025,-0.5,-0.781831,0.62349,7,3,4,0,1.0,0,160.13,5,motorcycle,Medium,Sunny,46.94
0.6627,-0.707107,-0.707107,0.0,1.0,1,2,7,4,0.3333,1,197.17,2,van,Normal,Windy,15.12
0.5023,-0.258819,-0.965926,0.781831,0.62349,9,2,9,6,0.25,0,241.79,7,van,Normal,Sunny,8.8
0.2576,-0.707107,0.707107,-0.781831,0.62349,9,8,11,2,0.8,1,91.56,7,car,Medium,Sunny,1.0
0.3015,-0.258819,-0.965926,0.0,1.0,10,4,10,5,0.4444,1,355.79,7,van,Medium,Windy,1.0
0.7444,0.0,-1.0,0.0,1.0,10,3,12,8,0.2727,0,178.11,4,van,Medium,Sunny,18.47
0.9893,-0.5,-0.866025,-0.781831,0.62349,11,5,15,9,0.3571,1,257.39,6,car,Medium,Sunny,4.88
7.8607,-0.707107,0.707107,0.781831,0.62349,2,4,5,0,1.0,0,147.02,1,car,Normal,Sunny,69.04
0.2214,-0.866025,0.5,0.974928,-0.222521,11,2,9,6,0.25,0,246.39,1,car,Medium,Sandstorm,3.73
1.5199,-1.0,-0.0,0.0,1.0,7,6,7,0,1.0,1,354.02,3,motorcycle,Normal,Sunny,17.23
0.5545,0.965926,-0.258819,0.974928,-0.222521,2,2,4,1,0.6667,0,55.29,2,car,High,Sandstorm,9.05
1.3658,0.258819,-0.965926,-0.781831,0.62349,12,0,4,3,0.0,0,156.93,8,van,High,Sunny,38.93
0.6534,1.0,0.0,-0.781831,0.62349,10,1,11,9,0.1,0,250.93,2,motorcycle,Medium,Sunny,12.12
2.9553,0.965926,-0.258819,-0.433884,-0.900969,4,5,9,3,0.625,0,308.47,9,car,High,Sandstorm,67.07
2.938,-0.866025,0.5,-0.433884,-0.900969,11,0,6,5,0.0,0,229.39,4,car,Low,Sunny,18.7
0.9926,-0.965926,0.258819,-0.433884,-0.900969,9,2,14,11,0.1538,0,83.26,7,van,Normal,Sunny,13.38
4.3369,0.965926,-0.258819,-0.433884,-0.900969,6,3,7,3,0.5,0,232.26,0,car,Medium,Sunny,63.22
2.2753,-0.258819,-0.965926,0.433884,-0.900969,2,4,10,5,0.4444,0,224.18,7,van,Medium,Windy,59.84
4.1493,0.5,-0.866025,0.781831,0.62349,9,14,15,0,1.0,0,15.71,4,van,High,Sunny,90.0
1.0608,0.965926,-0.258819,-0.781831,0.62349,12,10,12,1,0.9091,0,218.48,8,van,Jam,Sandstorm,58.71
2.7297,0.0,-1.0,-0.781831,0.62349,3,11,12,0,1.0,0,191.73,1,car,Normal,Sunny,35.23
0.5327,0.965926,-0.258819,0.781831,0.62349,1,0,6,5,0.0,1,104.21,2,van,Normal,Sunny,1.0
0.4838,-1.0,-0.0,0.0,1.0,3,11,14,2,0.8462,1,86.01,8,van,Medium,Sunny,25.7
8.7656,-0.5,0.866025,-0.974928,-0.222521,4,8,9,0,1.0,1,276.44,5,car,Normal,Sunny,78.67
0.3939,-0.258819,-0.965926,0.0,1.0,5,3,6,2,0.6,0,23.37,5,van,Normal,Sandstorm,1.0
0.7303,0.5,-0.866025,-0.974928,-0.222521,12,11,12,0,1.0,1,102.42,5,motorcycle,Jam,Sunny,22.91
0.1821,-0.5,-0.866025,-0.781831,0.62349,12,7,9,1,0.875,0,252.38,3,van,High,Rainy,15.95
0.4948,-0.5,0.866025,0.0,1.0,9,2,4,1,0.6667,0,75.31,9,car,Jam,Sunny,7.56
0.4298,0.866025,-0.5,-0.974928,-0.222521,3,1,3,1,0.5,1,42.34,5,car,Normal,Sunny,13.07
0.5846,-0.965926,-0.258819,0.0,1.0,3,1,4,2,0.3333,0,353.84,0,car,Low,Sunny,16.23
1.4695,0.965926,-0.258819,0.974928,-0.222521,1,1,5,3,0.25,1,203.63,2,car,Medium,Sandstorm,29.55
1.8478,0.258819,-0.965926,0.433884,-0.900969,10,1,5,3,0.25,0,96.76,9,car,Jam,Sunny,67.54
0.4247,-0.258819,-0.965926,-0.433884,-0.900969,3,4,7,2,0.6667,1,55.43,4,motorcycle,Normal,Sunny,9.34
0.522,0.0,-1.0,0.0,1.0,11,2,6,3,0.4,0,2.56,7,car,Normal,Rainy,8.99
3.0936,0.707107,-0.707107,0.0,1.0,8,4,14,9,0.3077,1,269.91,0,motorcycle,Low,Windy,26.62
5.5847,-0.965926,0.258819,0.781831,0.62349,6,2,15,12,0.1429,0,128.7,0,car,High,Sunny,90.0
3.6441,-0.965926,-0.258819,-0.433884,-0.900969,12,7,15,7,0.5,1,70.04,2,car,High,Sandstorm,90.0
0.2313,-0.258819,-0.965926,0.974928,-0.222521,2,0,5,4,0.0,0,325.27,5,car,Medium,Sunny,1.0
3.421,-0.258819,-0.965926,0.781831,0.62349,6,3,9,5,0.375,1,250.68,6,car,Low,Sunny,25.32
6.4302,0.965926,-0.258819,0.781831,0.62349,4,0,4,3,0.0,1,291.75,0,van,High,Sunny,90.0
0.2207,-0.965926,-0.258819,-0.781831,0.62349,3,4,12,7,0.3636,0,236.07,9,motorcycle,Medium,Sandstorm,11.29
3.0912,0.707107,-0.707107,-0.433884,-0.900969,12,2,4,1,0.6667,1,330.02,6,motorcycle,Normal,Sunny,38.98
1.3688,0.258819,-0.965926,-0.781831,0.62349,8,3,6,2,0.6,0,124.0,3,car,Normal,Sandstorm,21.26
0.81,-0.866025,0.5,0.433884,-0.900969,2,0,5,4,0.0,0,56.31,4,van,Medium,Windy,33.71
1.2225,-0.866025,-0.5,-0.974928,-0.222521,2,6,9,2,0.75,0,2.4,5,car,Normal,Sunny,34.97
1.6839,-0.965926,-0.258819,-0.433884,-0.900969,4,2,7,4,0.3333,1,12.17,7,motorcycle,Jam,Sunny,47.02
3.3191,0.5,-0.866025,0.433884,-0.900969,11,4,10,5,0.4444,0,307.39,0,van,Medium,Windy,90.0
3.1604,-0.5,-0.866025,0.433884,-0.900969,2,3,5,1,0.75,0,221.35,5,car,Normal,Sunny,24.98
0.2641,1.0,0.0,0.433884,-0.900969,9,0,9,8,0.0,0,16.4,5,car,Medium,Sunny,5.84
0.5968,0.5,-0.866025,0.974928,-0.222521,2,0,4,3,0.0,0,38.42,7,car,Medium,Sunny,1.29
1.2079,-0.965926,0.258819,-0.433884,-0.900969,5,0,3,2,0.0,0,250.74,3,car,Low,Rainy,6.22
4.9215,-0.5,-0.866025,0.433884,-0.900969,7,1,4,2,0.3333,0,138.56,3,motorcycle,Medium,Sunny,55.47
0.0828,-0.866025,-0.5,-0.781831,0.62349,2,0,6,5,0.0,1,278.79,8,van,Normal,Sunny,1.0
0.6186,-0.965926,0.258819,-0.781831,0.62349,5,0,13,12,0.0,0,337.16,8,motorcycle,Normal,Sunny,1.0
0.2589,-0.707107,0.707107,0.433884,-0.900969,4,3,7,3,0.5,0,272.16,8,car,High,Sunny,1.0
0.3009,0.965926,-0.258819,0.974928,-0.222521,1,1,9,7,0.125,0,65.37,8,van,Medium,Foggy,1.0
2.8192,-0.707107,-0.707107,-0.974928,-0.222521,1,4,11,6,0.4,0,233.88,1,car,Normal,Sunny,52.9
0.6668,-0.5,0.866025,-0.433884,-0.900969,2,2,12,9,0.1818,1,214.32,6,van,Normal,Windy,17.59
0.1204,0.707107,-0.707107,0.781831,0.62349,9,9,10,0,1.0,1,305.25,6,car,Medium,Sandstorm,1.73
0.9507,-0.866025,0.5,-0.974928,-0.222521,1,0,5,4,0.0,1,72.1,2,car,Normal,Sunny,18.61
7.6451,-0.707107,-0.707107,-0.433884,-0.900969,7,5,11,5,0.5,0,258.81,4,van,Jam,Sandstorm,90.0
0.1986,0.258819,-0.965926,-0.433884,-0.900969,1,2,6,3,0.4,0,215.92,9,car,Medium,Foggy,2.66
1.8336,-0.965926,0.258819,-0.974928,-0.222521,3,7,10,2,0.7778,1,171.92,1,car,High,Windy,51.36
4.9004,-0.866025,0.5,0.781831,0.62349,3,1,15,13,0.0714,0,104.79,8,van,Normal,Windy,77.62
1.0545,0.866025,-0.5,-0.974928,-0.222521,5,2,3,0,1.0,1,9.37,3,car,High,Sunny,37.73
6.9005,-0.965926,-0.258819,0.0,1.0,9,1,4,2,0.3333,0,290.02,8,motorcycle,Low,Sandstorm,79.04
0.5905,-0.707107,0.707107,-0.974928,-0.222521,6,0,6,5,0.0,1,38.67,5,van,Normal,Sunny,6.4
4.3651,-0.965926,-0.258819,-0.433884,-0.900969,1,5,8,2,0.7143,1,135.85,0,motorcycle,Low,Windy,36.39
3.4884,-0.707107,-0.707107,-0.433884,-0.900969,2,4,9,4,0.5,0,178.62,1,van,Low,Sunny,60.82
1.0715,0.866025,-0.5,-0.974928,-0.222521,4,3,6,2,0.6,1,118.7,8,van,Jam,Sunny,61.01
0.2691,-0.258819,-0.965926,0.974928,-0.222521,4,12,14,1,0.9231,0,238.48,7,van,High,Rainy,16.04
0.4267,-0.707107,0.707107,-0.974928,-0.222521,7,1,3,1,0.5,0,118.26,2,motorcycle,Medium,Windy,1.0
0.1192,-0.965926,0.258819,0.0,1.0,5,9,10,0,1.0,0,185.87,6,van,Medium,Sunny,1.0
1.9434,-0.258819,-0.965926,-0.433884,-0.900969,9,9,10,0,1.0,1,34.27,5,car,Medium,Windy,45.15
1.7343,0.258819,-0.965926,-0.974928,-0.222521,4,7,13,5,0.5833,1,156.42,0,car,Medium,Rainy,18.86
1.1916,-0.965926,0.258819,0.0,1.0,9,7,10,2,0.7778,0,209.88,7,van,High,Windy,13.33
0.9836,-0.5,0.866025,-0.433884,-0.900969,2,0,4,3,0.0,1,310.26,1,car,Medium,Rainy,6.76
4.0137,0.258819,-0.965926,-0.974928,-0.222521,12,4,7,2,0.6667,0,65.37,4,car,High,Sandstorm,90.0
1.4665,-0.965926,0.258819,0.433884,-0.900969,12,0,5,4,0.0,0,121.91,0,car,Normal,Rainy,19.49
0.6525,0.258819,-0.965926,-0.433884,-0.900969,4,3,9,5,0.375,1,93.34,2,van,Jam,Sunny,16.82
1.2711,-0.866025,0.5,0.0,1.0,3,10,14,3,0.7692,0,54.96,9,car,Low,Sunny,10.48
7.7302,-0.5,0.866025,-0.781831,0.62349,1,0,8,7,0.0,0,138.82,5,van,Normal,Sandstorm,90.0
1.9958,-0.965926,-0.258819,-0.781831,0.62349,12,2,7,4,0.3333,0,327.0,7,van,High,Rainy,85.42
0.7631,-0.5,-0.866025,-0.974928,-0.222521,1,3,9,5,0.375,0,134.26,2,motorcycle,Normal,Sunny,3.38
1.0595,0.258819,-0.965926,0.0,1.0,1,1,5,3,0.25,0,97.98,0,car,Normal,Sunny,17.52
1.7164,0.965926,-0.258819,0.433884,-0.900969,2,7,14,6,0.5385,1,344.9,6,van,Normal,Sunny,23.52
0.7408,1.0,0.0,-0.974928,-0.222521,4,8,11,2,0.8,0,257.57,2,van,Medium,Sandstorm,6.89
0.6811,-0.866025,0.5,-0.433884,-0.900969,12,11,12,0,1.0,0,133.08,1,car,Jam,Rainy,35.66
1.0933,-0.965926,-0.258819,-0.781831,0.62349,2,6,7,0,1.0,0,269.75,4,van,High,Sunny,37.66
4.6792,0.707107,-0.707107,-0.433884,-0.900969,7,5,6,0,1.0,0,229.88,4,car,Medium,Sunny,90.0
2.343,-0.707107,-0.707107,-0.433884,-0.900969,8,1,9,7,0.125,0,307.74,1,motorcycle,Jam,Sunny,82.26
0.749,-0.866025,0.5,0.974928,-0.222521,10,0,6,5,0.0,0,39.96,5,car,Medium,Rainy,15.7
2.5233,-0.965926,-0.258819,-0.974928,-0.222521,9,0,3,2,0.0,0,194.35,4,motorcycle,High,Sunny,54.28
1.1142,-0.707107,0.707107,0.433884,-0.900969,12,11,12,0,1.0,1,252.76,9,van,Normal,Sunny,1.0
1.5332,0.965926,-0.258819,-0.974928,-0.222521,8,3,14,10,0.2308,0,359.16,0,car,Medium,Sunny,30.82
1.4063,0.965926,-0.258819,0.781831,0.62349,11,3,5,1,0.75,1,216.63,4,van,Low,Sandstorm,10.76
0.1489,-0.965926,-0.258819,0.781831,0.62349,4,4,11,6,0.4,0,50.65,7,car,Low,Sunny,9.65
0.0611,-0.707107,-0.707107,0.0,1.0,5,9,14,4,0.6923,1,349.75,4,van,High,Sunny,11.44
1.3707,-0.965926,-0.258819,-0.433884,-0.900969,9,9,12,2,0.8182,0,165.16,2,van,Normal,Sunny,23.39
0.4915,-0.5,0.866025,-0.974928,-0.222521,11,11,13,1,0.9167,1,175.75,9,car,Medium,Foggy,1.0
0.2329,0.965926,-0.258819,0.781831,0.62349,1,1,14,12,0.0769,0,91.13,3,car,Medium,Sunny,1.0
0.5062,-0.707107,0.707107,0.974928,-0.222521,6,1,6,4,0.2,0,292.91,9,van,Low,Sunny,11.37
2.6602,0.965926,-0.258819,0.433884,-0.900969,10,0,3,2,0.0,0,190.55,8,car,Medium,Sunny,32.42
1.5526,-0.5,-0.866025,-0.974928,-0.222521,2,5,13,7,0.4167,0,350.6,6,motorcycle,Medium,Sunny,16.68
2.3006,-0.866025,0.5,0.974928,-0.222521,5,4,13,8,0.3333,0,186.85,7,van,High,Sandstorm,75.31
1.6997,-0.965926,-0.258819,0.433884,-0.900969,7,4,5,0,1.0,1,65.0,5,van,Normal,Sandstorm,61.11
0.4617,0.707107,-0.707107,0.781831,0.62349,1,9,14,4,0.6923,0,277.31,6,car,Jam,Sunny,13.44
2.3111,-0.866025,-0.5,-0.974928,-0.222521,11,0,3,2,0.0,0,53.17,2,van,High,Rainy,90.0
1.9279,-0.707107,0.707107,-0.781831,0.62349,5,3,7,3,0.5,0,102.01,0,motorcycle,Medium,Sunny,6.39
0.9885,0.707107,-0.707107,-0.974928,-0.222521,10,10,15,4,0.7143,0,338.22,6,car,Normal,Rainy,10.15
1.1687,-0.707107,0.707107,-0.974928,-0.222521,6,5,7,1,0.8333,0,351.49,8,car,High,Sunny,24.8
2.3463,-0.965926,-0.258819,-0.974928,-0.222521,5,9,12,2,0.8182,1,279.6,8,car,High,Sunny,68.32
0.5423,0.965926,-0.258819,-0.974928,-0.222521,12,0,3,2,0.0,0,74.48,7,car,Normal,Rainy,1.0
3.1065,0.258819,-0.965926,0.433884,-0.900969,11,7,9,1,0.875,0,267.09,9,van,Jam,Rainy,90.0
1.8905,-0.866025,0.5,0.781831,0.62349,7,11,13,1,0.9167,1,213.86,5,car,Jam,Sandstorm,66.58
1.1075,0.258819,-0.965926,-0.781831,0.62349,6,2,13,10,0.1667,0,160.83,1,van,Medium,Windy,16.34
4.7335,-0.5,0.866025,0.0,1.0,10,5,8,2,0.7143,0,160.61,2,car,High,Sandstorm,79.85
0.3232,-0.258819,-0.965926,0.974928,-0.222521,9,2,3,0,1.0,0,163.1,2,car,Medium,Windy,1.0
0.7138,0.258819,-0.965926,-0.974928,-0.222521,12,7,9,1,0.875,1,116.05,9,car,High,Sunny,14.4
0.578,-0.866025,0.5,-0.974928,-0.222521,4,1,12,10,0.0909,0,193.69,8,motorcycle,High,Sunny,1.0
1.553,-0.965926,0.258819,-0.433884,-0.900969,2,1,8,6,0.1429,0,13.15,7,van,Low,Windy,15.44
3.3984,0.5,-0.866025,0.433884,-0.900969,3,12,15,2,0.8571,1,305.46,8,car,Low,Sunny,46.03
0.4344,-0.965926,0.258819,-0.781831,0.62349,7,0,7,6,0.0,0,322.93,3,van,Normal,Rainy,3.24
15.0,0.5,-0.866025,0.781831,0.62349,4,6,13,6,0.5,0,140.69,7,car,Jam,Sunny,90.0
0.5888,-0.707107,0.707107,0.0,1.0,10,3,12,8,0.2727,0,341.48,1,car,Normal,Sunny,13.2
1.5568,1.0,0.0,-0.433884,-0.900969,11,4,8,3,0.5714,0,279.41,1,car,High,Sunny,28.58
1.108,-0.965926,-0.258819,0.974928,-0.222521,3,1,4,2,0.3333,1,305.24,6,motorcycle,Medium,Sandstorm,23.04
1.1547,0.866025,-0.5,0.433884,-0.900969,12,5,7,1,0.8333,0,320.86,7,van,Normal,Sunny,29.64
0.5206,-0.965926,-0.258819,0.433884,-0.900969,8,0,12,11,0.0,1,122.51,5,van,Jam,Rainy,36.35
3.047,-0.5,0.866025,0.781831,0.62349,4,7,14,6,0.5385,1,292.58,4,car,Medium,Sunny,32.13
0.491,-0.965926,-0.258819,-0.781831,0.62349,3,4,8,3,0.5714,1,52.25,6,car,Normal,Sunny,1.0
0.2059,-0.258819,-0.965926,0.974928,-0.222521,2,3,6,2,0.6,0,351.73,3,van,Low,Sandstorm,1.0
0.3806,-0.965926,0.258819,-0.433884,-0.900969,6,0,12,11,0.0,0,214.3,2,car,Normal,Sunny,19.05
4.3625,0.707107,-0.707107,0.781831,0.62349,1,6,15,8,0.4286,0,249.89,2,motorcycle,Normal,Sandstorm,60.11
3.6253,-0.707107,-0.707107,-0.781831,0.62349,2,3,4,0,1.0,0,110.31,3,van,Normal,Sunny,88.26
0.1642,-0.5,0.866025,-0.781831,0.62349,10,4,7,2,0.6667,1,11.47,3,car,Medium,Sunny,15.64
2.3942,0.0,-1.0,0.0,1.0,6,1,13,11,0.0833,1,58.71,1,van,Normal,Sunny,49.29
0.1682,1.0,0.0,-0.433884,-0.900969,7,2,4,1,0.6667,0,51.15,5,motorcycle,Low,Rainy,3.45
1.077,-0.258819,-0.965926,-0.433884,-0.900969,4,13,15,1,0.9286,0,159.28,4,car,Normal,Sunny,7.91
0.3509,-0.5,-0.866025,0.781831,0.62349,7,4,6,1,0.8,0,105.31,1,van,Medium,Sunny,1.76
2.576,-0.965926,0.258819,-0.974928,-0.222521,5,0,9,8,0.0,1,339.98,9,motorcycle,Jam,Windy,52.92
1.8719,-0.965926,0.258819,-0.974928,-0.222521,1,0,9,8,0.0,0,302.95,5,car,Normal,Foggy,28.22
2.8027,0.258819,-0.965926,-0.974928,-0.222521,7,1,7,5,0.1667,0,194.35,1,motorcycle,Low,Sandstorm,31.53
0.8349,-0.965926,0.258819,-0.433884,-0.900969,1,1,4,2,0.3333,0,306.86,0,car,Medium,Sandstorm,16.51
0.9215,0.866025,-0.5,-0.433884,-0.900969,9,2,3,0,1.0,1,210.63,0,van,Jam,Sunny,46.25
0.266,0.707107,-0.707107,-0.974928,-0.222521,11,3,7,3,0.5,1,331.21,4,van,High,Sunny,9.34
0.4152,-0.866025,-0.5,-0.974928,-0.222521,9,5,6,0,1.0,0,268.25,2,van,High,Rainy,24.54
2.7213,-1.0,-0.0,-0.433884,-0.900969,7,1,14,12,0.0769,1,264.67,9,car,Jam,Rainy,90.0
1.5666,-0.965926,0.258819,-0.974928,-0.222521,12,8,11,2,0.8,0,98.96,4,van,Medium,Sandstorm,38.18
1.2203,-0.866025,-0.5,0.0,1.0,3,3,4,0,1.0,0,286.01,7,car,Jam,Sandstorm,62.61
3.6657,0.866025,-0.5,-0.433884,-0.900969,10,11,12,0,1.0,0,278.05,2,car,Low,Rainy,58.03
0.3214,-0.965926,-0.258819,0.781831,0.62349,3,5,10,4,0.5556,1,29.14,0,car,High,Sunny,7.65
2.1905,-0.258819,-0.965926,0.974928,-0.222521,1,2,4,1,0.6667,0,20.84,3,van,High,Sunny,71.05
0.3605,0.5,-0.866025,-0.974928,-0.222521,3,0,8,7,0.0,1,317.25,6,car,Jam,Foggy,12.66
4.4996,0.258819,-0.965926,0.0,1.0,7,10,12,1,0.9091,0,352.39,7,car,Medium,Sunny,57.31
1.8538,-0.965926,0.258819,-0.974928,-0.222521,1,6,11,4,0.6,1,217.67,1,motorcycle,High,Sunny,29.55
2.7629,0.707107,-0.707107,0.781831,0.62349,4,7,10,2,0.7778,1,61.49,2,car,Normal,Sunny,34.19
0.5675,-0.707107,-0.707107,-0.974928,-0.222521,1,3,9,5,0.375,0,151.63,4,car,Medium,Windy,4.46
8.7845,0.965926,-0.258819,-0.974928,-0.222521,3,0,11,10,0.0,1,7.58,3,car,Normal,Sandstorm,90.0
7.3789,-1.0,-0.0,0.0,1.0,9,10,14,3,0.7692,0,295.82,2,car,Medium,Sandstorm,90.0
1.6634,0.866025,-0.5,0.781831,0.62349,2,3,5,1,0.75,0,37.14,9,van,Medium,Sunny,50.38
3.3753,-0.707107,0.707107,-0.974928,-0.222521,4,1,8,6,0.1429,0,120.65,9,car,Normal,Sunny,18.7
0.8296,-0.866025,0.5,0.974928,-0.222521,2,11,14,2,0.8462,0,202.57,3,car,Normal,Sunny,10.82
0.3312,-0.866025,0.5,0.433884,-0.900969,5,0,9,8,0.0,1,251.3,0,motorcycle,Normal,Rainy,2.53
2.3537,0.258819,-0.965926,0.0,1.0,10,3,5,1,0.75,0,326.55,3,motorcycle,Medium,Sunny,20.6
0.4615,-0.965926,0.258819,-0.433884,-0.900969,7,0,4,3,0.0,1,151.85,8,van,Medium,Windy,8.83
3.8371,0.866025,-0.5,0.0,1.0,3,9,12,2,0.8182,0,68.77,8,motorcycle,High,Sunny,66.38
2.9906,0.5,-0.866025,0.781831,0.62349,4,3,9,5,0.375,0,39.2,7,motorcycle,Normal,Windy,21.28
1.3819,0.866025,-0.5,0.433884,-0.900969,9,4,13,8,0.3333,0,237.08,6,car,High,Sunny,40.6
1.3104,1.0,0.0,-0.974928,-0.222521,6,2,4,1,0.6667,1,46.37,3,van,Medium,Windy,28.39
2.8287,0.0,-1.0,0.433884,-0.900969,6,8,10,1,0.8889,0,236.96,4,van,Low,Windy,41.76
1.4345,-0.707107,-0.707107,-0.781831,0.62349,11,6,10,3,0.6667,0,164.24,8,car,Normal,Sunny,31.4
0.7526,-0.866025,0.5,0.433884,-0.900969,10,5,8,2,0.7143,0,149.95,2,car,Medium,Sunny,14.62
0.2622,1.0,0.0,0.781831,0.62349,3,0,8,7,0.0,0,93.93,4,car,Normal,Sunny,14.74
2.7482,0.0,-1.0,0.781831,0.62349,9,4,6,1,0.8,1,324.63,8,van,Normal,Sunny,59.71
1.5654,-1.0,-0.0,-0.974928,-0.222521,10,7,13,5,0.5833,0,257.83,6,van,Normal,Sandstorm,50.96
15.0,0.707107,-0.707107,0.433884,-0.900969,11,1,7,5,0.1667,0,188.88,1,van,Low,Sunny,90.0
1.0089,-1.0,-0.0,-0.433884,-0.900969,4,3,8,4,0.4286,1,152.56,7,car,Low,Sandstorm,18.7
1.4725,-0.707107,-0.707107,0.974928,-0.222521,9,8,14,5,0.6154,0,129.76,0,car,Normal,Sunny,13.64
1.5057,-0.707107,-0.707107,0.781831,0.62349,3,8,11,2,0.8,0,143.7,2,car,High,Sandstorm,68.26
2.0508,0.866025,-0.5,-0.433884,-0.900969,6,1,3,1,0.5,0,307.31,9,van,Medium,Sunny,62.68
0.4411,0.866025,-0.5,0.974928,-0.222521,1,0,3,2,0.0,1,151.71,0,motorcycle,Medium,Sunny,1.0
1.027,-0.866025,0.5,-0.781831,0.62349,8,2,9,6,0.25,1,1.58,1,motorcycle,Medium,Sunny,22.93
2.4261,-0.866025,0.5,-0.974928,-0.222521,9,8,12,3,0.7273,1,332.37,8,motorcycle,Medium,Windy,23.33
0.8056,-0.258819,-0.965926,-0.974928,-0.222521,6,7,9,1,0.875,0,213.43,6,motorcycle,Normal,Sunny,6.87
2.3412,-0.866025,-0.5,0.781831,0.62349,5,9,15,5,0.6429,0,59.64,2,motorcycle,Normal,Sandstorm,39.13
1.2115,-0.707107,-0.707107,0.0,1.0,3,11,14,2,0.8462,0,45.57,3,car,Normal,Sunny,19.94
1.6189,-0.5,-0.866025,0.0,1.0,10,4,8,3,0.5714,0,135.57,9,car,Medium,Foggy,47.46
3.2989,-1.0,-0.0,-0.781831,0.62349,11,2,6,3,0.4,1,220.4,6,car,Medium,Windy,77.93
0.8905,-0.707107,-0.707107,-0.781831,0.62349,2,1,3,1,0.5,0,338.1,3,car,Normal,Windy,14.25
0.2782,0.866025,-0.5,-0.433884,-0.900969,4,1,3,1,0.5,1,19.6,1,car,Medium,Sandstorm,7.79
0.8581,0.965926,-0.258819,-0.433884,-0.900969,8,0,10,9,0.0,1,127.0,4,car,Jam,Sunny,16.62
0.5045,-0.866025,0.5,0.781831,0.62349,5,4,7,2,0.6667,0,92.58,3,motorcycle,Normal,Windy,6.67
0.1467,-1.0,-0.0,-0.974928,-0.222521,1,0,4,3,0.0,0,151.63,4,car,Medium,Sunny,1.0
0.9987,0.707107,-0.707107,0.433884,-0.900969,1,2,3,0,1.0,0,285.15,0,motorcycle,Medium,Windy,20.2
1.3352,0.965926,-0.258819,-0.433884,-0.900969,3,7,9,1,0.875,1,57.08,4,van,High,Sunny,26.19
2.9146,0.707107,-0.707107,0.0,1.0,12,4,10,5,0.4444,0,336.59,2,van,High,Sunny,90.0
0.3744,-0.707107,-0.707107,0.433884,-0.900969,8,1,3,1,0.5,0,92.32,9,van,High,Windy,8.75
1.2021,-0.707107,-0.707107,-0.433884,-0.900969,4,0,8,7,0.0,0,270.98,2,car,Normal,Sunny,16.9
3.2274,0.866025,-0.5,-0.974928,-0.222521,1,4,8,3,0.5714,0,230.21,2,van,Medium,Sunny,76.98
0.6402,0.866025,-0.5,0.781831,0.62349,10,2,3,0,1.0,0,197.2,3,car,High,Sunny,1.0
1.8393,0.707107,-0.707107,0.0,1.0,5,7,14,6,0.5385,1,303.8,6,motorcycle,Normal,Sandstorm,26.28
5.0421,-0.258819,-0.965926,-0.974928,-0.222521,5,4,5,0,1.0,0,218.58,7,car,Jam,Sunny,90.0
0.1884,0.707107,-0.707107,0.974928,-0.222521,7,0,4,3,0.0,1,281.69,2,car,Normal,Sunny,16.89
1.4319,-0.258819,-0.965926,0.433884,-0.900969,3,3,4,0,1.0,0,212.1,6,van,Medium,Foggy,39.11
3.3359,1.0,0.0,-0.433884,-0.900969,9,3,9,5,0.375,0,259.37,1,van,Medium,Rainy,81.14
0.792,-0.707107,0.707107,0.433884,-0.900969,4,0,12,11,0.0,0,17.1,1,car,Medium,Sunny,10.68
4.1265,-0.707107,0.707107,-0.781831,0.62349,9,3,6,2,0.6,0,232.24,2,van,High,Sunny,70.55
2.0188,0.258819,-0.965926,-0.974928,-0.222521,7,7,12,4,0.6364,0,320.04,6,car,Normal,Sunny,18.66
5.9351,-0.965926,0.258819,0.974928,-0.222521,2,0,6,5,0.0,0,234.12,5,van,Medium,Rainy,90.0
1.922,-0.707107,-0.707107,0.781831,0.62349,8,1,5,3,0.25,1,294.53,4,car,Medium,Sunny,48.76
6.4232,1.0,0.0,-0.781831,0.62349,1,10,11,0,1.0,1,356.75,6,car,High,Sunny,90.0
1.4696,0.5,-0.866025,-0.433884,-0.900969,9,2,13,10,0.1667,1,56.25,1,car,Medium,Sunny,24.97
0.3014,1.0,0.0,-0.974928,-0.222521,5,0,12,11,0.0,1,248.08,2,car,Jam,Sunny,12.89
0.6069,-1.0,-0.0,0.433884,-0.900969,9,8,10,1,0.8889,0,323.01,7,car,High,Sunny,13.57
2.9079,-0.965926,0.258819,0.433884,-0.900969,3,9,14,4,0.6923,0,10.35,9,car,Normal,Sandstorm,50.38
2.8541,-0.866025,-0.5,0.781831,0.62349,5,6,14,7,0.4615,0,62.52,0,car,High,Sunny,90.0
0.8228,1.0,0.0,0.433884,-0.900969,4,1,6,4,0.2,1,89.87,3,car,Jam,Sunny,11.45
6.1355,0.5,-0.866025,0.433884,-0.900969,4,9,11,1,0.9,1,316.9,8,van,Normal,Sandstorm,90.0
0.7896,-0.258819,-0.965926,0.0,1.0,5,2,3,0,1.0,0,351.8,8,car,Medium,Sunny,4.7
1.7141,0.866025,-0.5,-0.433884,-0.900969,1,0,4,3,0.0,1,328.86,2,van,Normal,Sunny,44.43
1.6696,0.965926,-0.258819,-0.433884,-0.900969,5,6,8,1,0.8571,0,170.64,0,motorcycle,Medium,Sunny,8.1
0.3123,0.258819,-0.965926,-0.974928,-0.222521,2,5,12,6,0.4545,0,240.36,5,car,Low,Sandstorm,5.82
0.995,-0.866025,-0.5,0.0,1.0,7,3,10,6,0.3333,0,37.42,6,motorcycle,High,Sunny,28.05
10.6049,0.965926,-0.258819,0.781831,0.62349,2,1,5,3,0.25,1,352.47,2,car,Medium,Sandstorm,90.0
0.4602,-0.5,0.866025,0.433884,-0.900969,1,5,12,6,0.4545,1,339.86,3,car,Medium,Sunny,11.66
2.0015,-0.258819,-0.965926,-0.781831,0.62349,6,5,10,4,0.5556,0,214.67,6,van,Low,Sunny,28.5
0.3691,0.866025,-0.5,0.781831,0.62349,4,11,12,0,1.0,0,51.53,5,van,Medium,Sunny,22.97
0.4556,1.0,0.0,-0.781831,0.62349,11,0,10,9,0.0,0,341.08,2,motorcycle,Medium,Sunny,1.0
0.2884,-0.5,0.866025,-0.781831,0.62349,4,8,14,5,0.6154,1,322.49,8,car,Medium,Sunny,1.0
2.7021,-0.866025,-0.5,0.0,1.0,5,0,7,6,0.0,0,356.65,9,van,Normal,Sandstorm,71.81
0.483,-0.866025,0.5,0.974928,-0.222521,3,0,3,2,0.0,0,182.83,7,car,Normal,Sunny,2.9
3.6844,-0.965926,0.258819,0.781831,0.62349,11,3,10,6,0.3333,1,125.34,9,car,Medium,Sunny,42.03
0.6671,-0.5,0.866025,0.433884,-0.900969,10,11,15,3,0.7857,0,135.78,3,car,Jam,Rainy,4.76
1.2481,-0.707107,0.707107,-0.781831,0.62349,3,1,4,2,0.3333,0,178.96,1,motorcycle,Normal,Sunny,1.0
1.6336,-0.965926,0.258819,0.974928,-0.222521,4,5,15,9,0.3571,1,328.42,7,car,Medium,Sunny,19.06
0.2379,-0.866025,0.5,-0.433884,-0.900969,3,11,13,1,0.9167,1,46.33,5,motorcycle,Low,Sunny,3.39
1.3411,-0.866025,0.5,0.0,1.0,2,0,3,2,0.0,0,233.47,4,van,High,Sunny,38.51
1.541,0.5,-0.866025,0.433884,-0.900969,3,7,10,2,0.7778,0,329.46,2,van,Normal,Foggy,50.51
3.2642,-0.866025,-0.5,0.974928,-0.222521,11,5,7,1,0.8333,0,98.56,0,van,Medium,Foggy,90.0
0.4442,-0.5,0.866025,-0.781831,0.62349,6,7,11,3,0.7,0,189.08,1,motorcycle,Normal,Sunny,1.0
0.5086,-0.866025,0.5,-0.974928,-0.222521,5,11,12,0,1.0,0,286.01,6,car,Normal,Rainy,1.0
2.068,0.965926,-0.258819,0.781831,0.62349,3,6,7,0,1.0,1,185.31,2,car,Normal,Sunny,24.1
4.2282,0.965926,-0.258819,-0.433884,-0.900969,3,0,9,8,0.0,1,189.89,9,van,Normal,Foggy,80.95
0.6295,0.707107,-0.707107,0.974928,-0.222521,7,0,3,2,0.0,0,275.98,4,car,Medium,Sandstorm,28.3
0.3418,-1.0,-0.0,0.433884,-0.900969,10,1,3,1,0.5,0,59.29,0,car,Jam,Sunny,12.73
0.818,0.0,-1.0,0.433884,-0.900969,7,7,12,4,0.6364,0,257.37,6,car,Medium,Sunny,20.09
0.422,-0.866025,-0.5,-0.974928,-0.222521,8,1,7,5,0.1667,1,328.99,6,car,Jam,Sandstorm,23.61
1.6127,0.866025,-0.5,0.974928,-0.222521,4,8,14,5,0.6154,0,36.68,1,car,Medium,Sunny,36.03
0.3962,0.965926,-0.258819,0.0,1.0,12,8,10,1,0.8889,1,21.67,8,car,Normal,Sunny,7.43
2.785,-0.965926,0.258819,0.781831,0.62349,10,0,8,7,0.0,0,31.5,7,motorcycle,Normal,Windy,23.78
1.3525,0.5,-0.866025,-0.974928,-0.222521,11,12,14,1,0.9231,1,264.74,5,car,Medium,Sunny,20.01
2.8688,1.0,0.0,0.974928,-0.222521,9,1,3,1,0.5,0,140.84,1,motorcycle,Normal,Sunny,25.16
0.1106,0.707107,-0.707107,0.0,1.0,9,11,13,1,0.9167,0,167.22,4,motorcycle,High,Sunny,7.39
0.208,0.258819,-0.965926,0.974928,-0.222521,1,2,3,0,1.0,0,262.21,9,car,Medium,Windy,3.98
3.7736,0.0,-1.0,-0.781831,0.62349,2,0,15,14,0.0,1,188.31,2,van,Medium,Sunny,66.4
0.5579,-0.707107,0.707107,-0.781831,0.62349,2,9,10,0,1.0,1,216.05,9,van,Medium,Sunny,6.53
0.2744,0.707107,-0.707107,-0.781831,0.62349,6,0,9,8,0.0,0,306.23,1,van,Normal,Sunny,11.48
0.9116,-0.866025,-0.5,-0.433884,-0.900969,8,2,11,8,0.2,0,162.45,6,car,Medium,Sunny,12.73
1.3913,0.5,-0.866025,-0.974928,-0.222521,2,7,13,5,0.5833,1,314.94,3,car,Normal,Windy,32.53
0.9511,-0.5,-0.866025,-0.974928,-0.222521,10,5,6,0,1.0,1,188.35,0,car,Normal,Sunny,5.47
1.7239,0.258819,-0.965926,0.0,1.0,7,0,4,3,0.0,0,144.67,6,van,Normal,Windy,25.25
1.5157,0.258819,-0.965926,0.974928,-0.222521,8,8,15,6,0.5714,0,93.98,4,motorcycle,Normal,Sunny,13.77
1.4422,-0.866025,-0.5,0.433884,-0.900969,12,1,9,7,0.125,1,262.91,3,van,Medium,Windy,40.73
3.9787,-0.866025,-0.5,0.433884,-0.900969,8,2,6,3,0.4,1,223.9,2,van,Low,Sunny,76.05
1.0904,0.866025,-0.5,-0.974928,-0.222521,1,3,14,10,0.2308,0,290.95,4,motorcycle,Normal,Sandstorm,27.22
1.0603,0.866025,-0.5,-0.781831,0.62349,10,1,3,1,0.5,0,196.81,1,van,Jam,Sunny,49.67
2.3695,0.5,-0.866025,0.433884,-0.900969,11,9,13,3,0.75,0,312.06,5,car,Jam,Rainy,90.0
1.8683,-0.707107,0.707107,0.0,1.0,2,2,3,0,1.0,0,103.48,0,motorcycle,Medium,Sunny,29.34
0.4687,0.258819,-0.965926,0.974928,-0.222521,7,7,11,3,0.7,0,262.98,2,car,Medium,Sunny,15.35
1.0126,-0.707107,-0.707107,0.781831,0.62349,6,0,3,2,0.0,0,141.6,5,car,High,Sunny,17.81
1.6758,-0.258819,-0.965926,0.433884,-0.900969,2,3,4,0,1.0,0,41.01,7,van,Low,Sunny,31.23
0.6329,0.0,-1.0,0.781831,0.62349,4,4,7,2,0.6667,1,190.19,3,motorcycle,Medium,Sunny,1.0
0.6622,1.0,0.0,0.0,1.0,11,0,5,4,0.0,0,83.28,6,car,Low,Sandstorm,11.8
0.2947,-0.258819,-0.965926,0.781831,0.62349,5,2,3,0,1.0,1,22.23,9,car,Medium,Sandstorm,1.0
0.0715,-0.5,0.866025,0.433884,-0.900969,7,8,11,2,0.8,0,130.76,5,car,Jam,Windy,5.23
0.7746,-0.707107,0.707107,0.0,1.0,10,8,12,3,0.7273,0,351.91,7,car,High,Foggy,15.47
1.2472,0.258819,-0.965926,0.0,1.0,6,3,7,3,0.5,0,321.88,4,car,Jam,Sunny,35.09
0.3904,-0.707107,-0.707107,0.781831,0.62349,11,9,12,2,0.8182,0,352.73,2,van,High,Sunny,20.97
4.0918,0.5,-0.866025,-0.433884,-0.900969,6,2,7,4,0.3333,0,10.29,3,motorcycle,Medium,Sandstorm,78.32
0.4089,-0.707107,0.707107,-0.433884,-0.900969,12,3,5,1,0.75,0,55.03,3,car,High,Sunny,1.0
2.6298,-0.707107,-0.707107,0.974928,-0.222521,2,8,14,5,0.6154,0,84.64,5,car,Medium,Sunny,66.77
1.645,-0.707107,0.707107,-0.433884,-0.900969,11,5,9,3,0.625,0,265.23,1,car,Medium,Sunny,17.09
8.7366,-0.866025,0.5,0.781831,0.62349,2,2,3,0,1.0,1,352.12,7,car,Normal,Sunny,90.0
1.8457,0.258819,-0.965926,-0.974928,-0.222521,10,2,12,9,0.1818,0,146.3,1,van,Medium,Sunny,34.07
0.2797,-0.258819,-0.965926,0.0,1.0,8,0,8,7,0.0,1,210.09,7,van,Normal,Sunny,3.0
3.0091,-0.707107,-0.707107,0.0,1.0,7,1,3,1,0.5,0,31.84,4,van,Medium,Sunny,90.0
5.5439,0.5,-0.866025,-0.781831,0.62349,11,4,6,1,0.8,0,226.52,7,car,Normal,Sandstorm,90.0
0.2052,-0.866025,0.5,0.433884,-0.900969,8,1,7,5,0.1667,1,324.0,1,van,Medium,Rainy,1.0
2.0282,-0.707107,-0.707107,0.433884,-0.900969,9,1,3,1,0.5,0,237.33,2,car,Normal,Sunny,47.85
2.5025,0.707107,-0.707107,0.974928,-0.222521,10,11,12,0,1.0,0,235.2,2,car,Normal,Sunny,41.94
0.9029,-0.5,-0.866025,-0.433884,-0.900969,11,3,5,1,0.75,0,175.49,7,motorcycle,Medium,Sunny,1.0
0.1107,-0.965926,0.258819,-0.974928,-0.222521,3,0,5,4,0.0,1,161.99,2,van,Normal,Sunny,3.86
0.8343,-0.258819,-0.965926,-0.974928,-0.222521,11,4,5,0,1.0,0,133.14,3,motorcycle,Jam,Sunny,12.91
0.6363,-1.0,-0.0,0.781831,0.62349,8,11,12,0,1.0,1,295.27,1,motorcycle,Medium,Windy,11.1
4.727,-0.5,0.866025,-0.433884,-0.900969,1,6,9,2,0.75,0,232.1,2,van,Normal,Sandstorm,68.81
1.016,0.258819,-0.965926,-0.974928,-0.222521,12,7,13,5,0.5833,0,107.86,8,motorcycle,Low,Sunny,11.23
0.747,-0.5,0.866025,0.974928,-0.222521,10,4,8,3,0.5714,1,186.44,1,car,High,Windy,16.52
0.6331,-0.258819,-0.965926,0.974928,-0.222521,11,6,11,4,0.6,1,41.65,9,car,Medium,Windy,13.38
1.506,-0.707107,-0.707107,-0.433884,-0.900969,10,3,9,5,0.375,1,16.48,8,car,Medium,Rainy,55.24
1.1665,-0.965926,0.258819,-0.433884,-0.900969,5,6,10,3,0.6667,0,49.06,9,car,Normal,Sunny,6.93
0.5218,0.965926,-0.258819,0.781831,0.62349,5,7,14,6,0.5385,1,312.32,6,car,High,Sandstorm,24.01
1.4202,-0.965926,-0.258819,-0.781831,0.62349,4,7,10,2,0.7778,0,92.6,6,car,Jam,Sandstorm,90.0
0.6509,-0.707107,-0.707107,0.433884,-0.900969,5,7,9,1,0.875,0,346.71,8,van,Normal,Sunny,18.45
0.0942,-0.965926,-0.258819,0.433884,-0.900969,1,9,14,4,0.6923,0,121.78,7,van,Normal,Windy,6.12
2.0847,-0.5,0.866025,0.781831,0.62349,9,10,11,0,1.0,0,147.49,5,van,Normal,Windy,32.51
1.9051,-0.5,-0.866025,-0.433884,-0.900969,10,6,15,8,0.4286,0,292.34,4,car,Low,Sunny,12.32
1.3361,-0.707107,0.707107,-0.781831,0.62349,12,8,11,2,0.8,1,80.62,8,van,High,Sunny,21.55
0.7259,-0.707107,-0.707107,-0.974928,-0.222521,7,3,11,7,0.3,0,327.39,3,car,Jam,Sunny,28.3
1.032,0.707107,-0.707107,0.433884,-0.900969,12,7,9,1,0.875,0,235.24,5,car,Jam,Sandstorm,57.53
2.4068,-0.965926,-0.258819,-0.433884,-0.900969,3,3,14,10,0.2308,1,22.37,0,car,High,Sunny,69.26
0.6064,0.707107,-0.707107,0.781831,0.62349,6,4,6,1,0.8,1,344.38,6,car,Normal,Sunny,3.95
2.5009,-0.707107,0.707107,0.0,1.0,10,0,10,9,0.0,0,103.49,1,car,Jam,Sunny,42.24
0.2722,0.866025,-0.5,-0.433884,-0.900969,10,10,14,3,0.7692,1,83.51,0,motorcycle,Normal,Windy,1.0
1.2966,-0.5,-0.866025,0.781831,0.62349,10,1,5,3,0.25,1,323.36,2,van,Normal,Windy,15.8
1.1325,-0.965926,0.258819,0.0,1.0,6,1,8,6,0.1429,0,117.14,6,van,Medium,Sunny,16.84
2.8649,1.0,0.0,-0.974928,-0.222521,1,1,3,1,0.5,0,260.16,8,car,Low,Sunny,23.18
0.4616,-0.5,-0.866025,0.433884,-0.900969,11,4,10,5,0.4444,0,12.3,5,motorcycle,High,Sunny,1.0
0.5121,-0.5,-0.866025,-0.974928,-0.222521,5,0,7,6,0.0,0,331.58,6,van,Jam,Sunny,23.14
0.2938,0.258819,-0.965926,-0.781831,0.62349,8,5,10,4,0.5556,1,147.32,2,car,High,Windy,21.68
0.6451,-0.965926,-0.258819,0.0,1.0,2,0,6,5,0.0,0,64.3,1,van,High,Sunny,36.9
1.4087,0.258819,-0.965926,-0.974928,-0.222521,12,7,13,5,0.5833,0,353.25,1,car,Normal,Sandstorm,12.0
0.2003,0.0,-1.0,0.974928,-0.222521,4,5,15,9,0.3571,0,267.04,0,car,Low,Windy,1.0
0.7256,0.5,-0.866025,-0.433884,-0.900969,12,5,9,3,0.625,0,285.65,3,car,High,Rainy,13.45
1.9744,-0.866025,-0.5,0.0,1.0,9,1,10,8,0.1111,0,180.3,7,van,Medium,Sunny,62.8
1.0023,-0.707107,0.707107,0.433884,-0.900969,4,7,8,0,1.0,0,247.85,0,car,Jam,Sunny,22.27
1.187,0.707107,-0.707107,-0.433884,-0.900969,5,0,6,5,0.0,0,104.72,3,car,Normal,Sunny,20.43
0.2643,0.0,-1.0,0.433884,-0.900969,12,6,8,1,0.8571,1,186.51,6,car,Normal,Rainy,1.0
1.005,0.707107,-0.707107,0.433884,-0.900969,8,3,9,5,0.375,1,137.02,0,motorcycle,Normal,Windy,7.52
1.1357,0.5,-0.866025,0.0,1.0,9,10,13,2,0.8333,0,153.04,5,car,Medium,Windy,32.76
0.946,-0.5,0.866025,0.0,1.0,8,6,11,4,0.6,1,1.54,3,car,High,Windy,17.35
1.2778,-1.0,-0.0,-0.433884,-0.900969,3,5,7,1,0.8333,1,291.91,9,car,Jam,Sunny,49.26
0.8239,-0.5,0.866025,0.974928,-0.222521,2,6,11,4,0.6,1,78.46,4,motorcycle,Normal,Windy,1.0
0.7166,-0.866025,-0.5,-0.433884,-0.900969,1,11,15,3,0.7857,0,170.48,5,van,Medium,Sandstorm,29.05
0.4116,-0.965926,-0.258819,0.974928,-0.222521,5,5,8,2,0.7143,0,237.22,8,motorcycle,Low,Sunny,2.81
2.7892,-1.0,-0.0,0.0,1.0,9,9,14,4,0.6923,1,12.4,7,car,Normal,Foggy,51.06
0.3446,-0.965926,-0.258819,-0.433884,-0.900969,4,5,9,3,0.625,0,123.27,5,car,Normal,Rainy,4.67
1.2841,-0.965926,0.258819,0.0,1.0,3,1,4,2,0.3333,0,94.98,6,van,Medium,Foggy,26.99
6.1875,0.258819,-0.965926,-0.974928,-0.222521,5,4,5,0,1.0,0,47.83,4,car,Medium,Sandstorm,90.0
3.1467,0.965926,-0.258819,0.0,1.0,3,5,7,1,0.8333,1,292.83,6,motorcycle,Normal,Sunny,21.75
1.793,-0.5,-0.866025,-0.781831,0.62349,6,7,10,2,0.7778,0,194.99,3,motorcycle,Medium,Sunny,20.58
1.4011,1.0,0.0,0.781831,0.62349,7,3,14,10,0.2308,0,164.26,3,car,High,Sunny,27.07
0.9788,1.0,0.0,-0.781831,0.62349,4,3,8,4,0.4286,0,47.69,8,motorcycle,Normal,Sandstorm,20.48
0.4694,1.0,0.0,0.0,1.0,1,4,6,1,0.8,0,185.08,4,van,Normal,Sunny,8.62
0.8684,0.965926,-0.258819,0.433884,-0.900969,2,2,11,8,0.2,1,96.26,5,car,High,Rainy,25.65
1.9081,-1.0,-0.0,0.974928,-0.222521,5,0,7,6,0.0,0,45.57,1,car,High,Sunny,47.3
1.6004,-0.866025,-0.5,0.781831,0.62349,3,3,8,4,0.4286,1,189.66,3,car,High,Sunny,49.76
2.338,-0.707107,0.707107,0.433884,-0.900969,10,2,5,2,0.5,0,245.44,6,motorcycle,Normal,Sunny,10.88
3.5208,0.5,-0.866025,0.781831,0.62349,2,5,6,0,1.0,0,20.44,5,car,Medium,Windy,83.66
0.9507,0.258819,-0.965926,0.433884,-0.900969,1,0,3,2,0.0,1,20.24,3,car,Jam,Sunny,27.96
1.3261,-0.5,-0.866025,0.974928,-0.222521,8,2,10,7,0.2222,0,265.89,0,van,Normal,Sunny,32.49
0.1819,-0.965926,0.258819,0.781831,0.62349,8,6,9,2,0.75,0,74.43,5,car,Medium,Sunny,1.0
9.4252,-0.707107,0.707107,-0.974928,-0.222521,9,4,5,0,1.0,0,55.31,3,car,Jam,Sunny,90.0
0.7459,-1.0,-0.0,0.433884,-0.900969,2,10,12,1,0.9091,0,346.37,9,van,Normal,Rainy,23.96
2.0526,-0.5,-0.866025,-0.974928,-0.222521,9,3,5,1,0.75,0,64.8,0,car,High,Sunny,37.57
0.7454,-0.5,0.866025,-0.974928,-0.222521,11,0,11,10,0.0,0,246.46,6,car,High,Sunny,2.84
0.7292,0.707107,-0.707107,0.781831,0.62349,8,2,4,1,0.6667,1,293.39,3,car,Normal,Sunny,14.68
0.8824,-0.5,-0.866025,0.974928,-0.222521,5,0,3,2,0.0,0,118.37,2,car,High,Sunny,12.63
0.3386,0.5,-0.866025,-0.781831,0.62349,6,3,4,0,1.0,0,166.71,7,car,Medium,Sunny,10.57
0.1047,0.866025,-0.5,0.974928,-0.222521,10,8,9,0,1.0,1,199.5,5,van,High,Sunny,1.0
3.3258,0.0,-1.0,0.0,1.0,2,3,5,1,0.75,0,72.21,0,motorcycle,Jam,Sunny,78.77
1.856,-0.965926,0.258819,0.433884,-0.900969,9,1,7,5,0.1667,0,106.56,6,car,High,Sunny,36.16
0.463,0.258819,-0.965926,-0.781831,0.62349,4,2,9,6,0.25,0,346.71,1,motorcycle,Low,Sunny,4.0
1.6978,-0.965926,0.258819,0.781831,0.62349,11,8,11,2,0.8,0,98.48,8,van,High,Sandstorm,64.14
2.4175,-0.866025,-0.5,-0.433884,-0.900969,2,9,13,3,0.75,0,292.43,2,van,Jam,Sunny,90.0
0.5721,-1.0,-0.0,0.974928,-0.222521,7,6,8,1,0.8571,0,192.65,7,van,Medium,Windy,22.66
1.6344,0.5,-0.866025,0.974928,-0.222521,5,0,4,3,0.0,0,232.46,3,van,Medium,Windy,49.14
2.8762,-0.866025,0.5,0.433884,-0.900969,6,11,15,3,0.7857,0,164.61,3,motorcycle,Low,Rainy,25.2
0.2818,0.707107,-0.707107,0.781831,0.62349,5,12,13,0,1.0,0,211.79,0,car,High,Sunny,1.0
1.8344,0.0,-1.0,0.974928,-0.222521,1,0,13,12,0.0,0,194.44,9,van,Low,Sandstorm,11.12
1.5623,-0.965926,0.258819,0.781831,0.62349,11,6,14,7,0.4615,0,173.49,5,car,Normal,Rainy,30.08
6.5958,-0.965926,-0.258819,-0.974928,-0.222521,7,8,12,3,0.7273,0,289.02,1,car,Jam,Foggy,90.0
1.8761,0.258819,-0.965926,0.781831,0.62349,8,7,15,7,0.5,1,316.88,0,van,Jam,Sandstorm,80.18
0.748,0.5,-0.866025,-0.974928,-0.222521,7,8,9,0,1.0,0,92.0,2,car,Jam,Sunny,28.71
0.8349,-0.258819,-0.965926,0.0,1.0,7,6,10,3,0.6667,1,48.91,4,car,Medium,Rainy,12.6
7.5551,-0.258819,-0.965926,0.974928,-0.222521,8,3,10,6,0.3333,0,292.04,0,car,Normal,Sandstorm,90.0
0.7889,0.965926,-0.258819,0.781831,0.62349,6,5,9,3,0.625,0,76.28,3,car,Medium,Sunny,14.97
1.9287,0.5,-0.866025,0.433884,-0.900969,2,5,8,2,0.7143,0,311.84,3,van,Normal,Sunny,39.2
0.8812,0.866025,-0.5,-0.974928,-0.222521,1,5,7,1,0.8333,0,36.94,8,van,High,Rainy,46.86
3.087,0.866025,-0.5,-0.781831,0.62349,7,3,13,9,0.25,1,32.76,4,car,Medium,Sunny,53.8
3.2353,0.0,-1.0,-0.974928,-0.222521,3,6,7,0,1.0,1,65.39,1,car,Medium,Sandstorm,54.77
1.0816,1.0,0.0,0.433884,-0.900969,6,13,14,0,1.0,0,4.26,2,car,Low,Sunny,9.61
0.7509,-0.965926,-0.258819,0.433884,-0.900969,8,2,12,9,0.1818,0,269.15,8,car,Medium,Windy,16.15
0.7341,-0.965926,-0.258819,-0.781831,0.62349,8,3,15,11,0.2143,0,142.97,0,van,High,Sunny,15.47
0.2142,0.707107,-0.707107,-0.781831,0.62349,3,4,11,6,0.4,0,340.31,1,van,High,Windy,13.63
1.216,-0.866025,0.5,-0.974928,-0.222521,8,3,10,6,0.3333,0,131.51,0,car,Low,Sunny,1.0
1.1929,-0.866025,-0.5,0.781831,0.62349,12,1,7,5,0.1667,1,253.08,0,car,Normal,Rainy,23.79
0.509,0.258819,-0.965926,0.781831,0.62349,5,1,11,9,0.1,0,245.93,9,motorcycle,Normal,Sunny,10.21
0.1934,0.707107,-0.707107,0.781831,0.62349,2,7,10,2,0.7778,1,116.9,9,van,Normal,Sunny,6.32
1.3444,-0.258819,-0.965926,0.781831,0.62349,7,7,8,0,1.0,1,321.35,7,car,Jam,Sunny,46.32
1.5159,-0.5,0.866025,-0.781831,0.62349,8,0,3,2,0.0,1,143.24,0,car,Medium,Sunny,11.91
1.6079,1.0,0.0,0.781831,0.62349,5,1,3,1,0.5,0,198.5,6,car,Low,Foggy,17.01
0.4315,1.0,0.0,-0.974928,-0.222521,8,1,6,4,0.2,1,143.35,7,motorcycle,High,Sunny,10.02
1.6111,-0.258819,-0.965926,-0.974928,-0.222521,10,2,12,9,0.1818,0,156.72,7,car,Normal,Sunny,16.28
0.9327,-0.707107,0.707107,0.433884,-0.900969,7,8,14,5,0.6154,0,19.69,7,car,Normal,Sandstorm,1.0
2.5125,0.5,-0.866025,0.974928,-0.222521,10,2,15,12,0.1429,0,111.67,6,motorcycle,Medium,Sunny,44.2
0.4378,-1.0,-0.0,0.781831,0.62349,2,0,9,8,0.0,0,341.4,4,van,Low,Sunny,22.38
3.2959,-0.707107,-0.707107,-0.433884,-0.900969,4,12,14,1,0.9231,1,299.32,0,car,Medium,Windy,90.0
4.6389,0.707107,-0.707107,-0.433884,-0.900969,7,1,3,1,0.5,0,316.86,8,car,High,Sunny,90.0
1.234,-0.707107,0.707107,0.433884,-0.900969,4,0,14,13,0.0,1,256.62,9,car,Jam,Sandstorm,43.25
1.6217,0.866025,-0.5,0.433884,-0.900969,12,13,15,1,0.9286,0,235.17,5,van,Normal,Windy,33.39
2.3273,-0.5,-0.866025,-0.974928,-0.222521,9,5,8,2,0.7143,1,323.49,4,car,Medium,Sunny,46.95
0.4171,-0.965926,-0.258819,-0.974928,-0.222521,5,2,3,0,1.0,0,193.63,9,motorcycle,Normal,Sunny,1.0
0.6963,-0.965926,-0.258819,-0.974928,-0.222521,10,7,12,4,0.6364,0,329.75,4,motorcycle,Medium,Rainy,4.53
1.3165,-0.866025,0.5,0.781831,0.62349,12,1,3,1,0.5,0,149.47,3,van,Normal,Sunny,19.35
7.5803,-0.965926,-0.258819,0.0,1.0,1,8,11,2,0.8,0,215.14,8,van,Medium,Windy,90.0
0.3548,-0.965926,-0.258819,0.433884,-0.900969,7,2,7,4,0.3333,1,169.8,9,car,Normal,Sunny,3.43
5.2375,0.866025,-0.5,0.974928,-0.222521,6,6,10,3,0.6667,1,6.86,2,car,Jam,Sunny,90.0
0.9198,0.258819,-0.965926,0.974928,-0.222521,10,12,14,1,0.9231,0,71.63,2,van,High,Windy,35.47
1.0696,0.258819,-0.965926,0.433884,-0.900969,4,3,4,0,1.0,0,334.03,3,car,Normal,Sunny,4.12
3.5154,0.0,-1.0,-0.781831,0.62349,4,1,3,1,0.5,1,215.32,1,car,High,Sunny,90.0
7.5412,0.965926,-0.258819,-0.974928,-0.222521,10,0,10,9,0.0,0,16.76,8,car,Low,Sunny,48.92
1.6515,0.965926,-0.258819,-0.433884,-0.900969,11,0,12,11,0.0,1,348.2,9,car,High,Windy,28.57
3.3418,-0.258819,-0.965926,-0.433884,-0.900969,2,2,6,3,0.4,1,334.08,5,car,Normal,Windy,68.07
0.461,-1.0,-0.0,0.974928,-0.222521,8,3,5,1,0.75,0,256.32,7,van,Normal,Sunny,14.11
0.6683,-0.707107,0.707107,0.433884,-0.900969,10,0,12,11,0.0,1,101.93,4,motorcycle,Medium,Sunny,1.0
0.3058,-0.707107,0.707107,0.433884,-0.900969,2,4,11,6,0.4,0,106.19,9,van,Medium,Rainy,7.24
0.6772,-0.5,-0.866025,-0.974928,-0.222521,8,6,15,8,0.4286,1,311.49,9,motorcycle,Medium,Sunny,12.59
1.8907,-0.707107,0.707107,-0.781831,0.62349,12,6,14,7,0.4615,0,21.82,7,car,Medium,Sunny,22.29
1.3519,-0.258819,-0.965926,0.433884,-0.900969,11,6,12,5,0.5455,1,85.45,8,motorcycle,Low,Sunny,19.66
5.7016,-0.5,-0.866025,-0.974928,-0.222521,3,0,3,2,0.0,1,59.9,1,van,Low,Sunny,54.17
7.7833,0.707107,-0.707107,0.0,1.0,12,3,6,2,0.6,0,257.88,8,car,Medium,Sunny,90.0
0.9708,-0.866025,-0.5,0.974928,-0.222521,5,4,11,6,0.4,0,137.43,4,motorcycle,Medium,Sandstorm,14.29
0.5794,0.258819,-0.965926,-0.781831,0.62349,6,8,9,0,1.0,0,329.74,2,car,Low,Windy,1.0
3.3269,-0.5,-0.866025,-0.433884,-0.900969,4,0,3,2,0.0,0,289.05,9,car,Normal,Sunny,36.63
3.673,-0.707107,0.707107,0.433884,-0.900969,9,9,10,0,1.0,0,354.48,8,car,Medium,Sunny,29.54
1.6807,-0.707107,-0.707107,0.781831,0.62349,2,11,12,0,1.0,1,107.64,1,car,Medium,Sunny,40.24
2.1604,0.258819,-0.965926,-0.974928,-0.222521,9,3,12,8,0.2727,0,170.97,6,car,High,Sunny,45.7
1.8621,-0.965926,-0.258819,-0.781831,0.62349,1,5,14,8,0.3846,0,237.53,8,van,Medium,Windy,52.32
0.432,-1.0,-0.0,0.974928,-0.222521,11,2,4,1,0.6667,0,350.91,6,motorcycle,Medium,Sunny,2.11
0.3473,-0.866025,-0.5,-0.974928,-0.222521,4,6,15,8,0.4286,1,124.07,4,car,Medium,Rainy,5.13
1.053,1.0,0.0,-0.433884,-0.900969,7,6,9,2,0.75,0,117.66,0,van,Normal,Sunny,14.04
0.9131,0.707107,-0.707107,0.974928,-0.222521,3,1,6,4,0.2,0,225.63,4,car,Low,Sunny,9.15
1.4378,0.866025,-0.5,0.974928,-0.222521,2,13,14,0,1.0,1,239.5,5,motorcycle,Low,Foggy,22.35
0.9756,-0.5,0.866025,0.433884,-0.900969,1,2,4,1,0.6667,0,68.02,8,car,High,Sunny,21.43
0.2191,0.258819,-0.965926,0.974928,-0.222521,12,0,3,2,0.0,0,163.61,2,car,Normal,Sunny,1.0
0.1486,-0.5,-0.866025,-0.433884,-0.900969,2,2,12,9,0.1818,0,135.85,2,van,Medium,Sunny,8.39
2.2268,-0.707107,0.707107,0.781831,0.62349,1,7,12,4,0.6364,0,151.61,9,van,Medium,Foggy,50.65
0.5888,-0.5,0.866025,0.433884,-0.900969,7,1,4,2,0.3333,0,50.57,8,van,Normal,Sunny,16.22
0.8865,0.707107,-0.707107,-0.974928,-0.222521,12,5,14,8,0.3846,0,233.33,5,van,High,Sunny,35.35
0.6505,-0.866025,0.5,-0.974928,-0.222521,1,8,13,4,0.6667,0,67.51,4,van,Medium,Sunny,12.07
0.4642,-1.0,-0.0,0.781831,0.62349,4,4,13,8,0.3333,1,9.15,6,car,Low,Sunny,1.0
0.4525,-0.866025,-0.5,-0.433884,-0.900969,7,7,8,0,1.0,0,178.56,1,car,High,Sunny,10.42
2.912,0.866025,-0.5,0.974928,-0.222521,6,9,15,5,0.6429,0,13.9,2,car,Medium,Sunny,47.94
0.8806,-0.965926,-0.258819,-0.974928,-0.222521,2,1,4,2,0.3333,1,239.79,5,car,Normal,Rainy,27.35
2.0199,-0.866025,-0.5,0.974928,-0.222521,12,3,13,9,0.25,1,213.97,4,car,High,Windy,63.78
2.2948,-0.258819,-0.965926,-0.433884,-0.900969,5,3,13,9,0.25,1,204.02,1,car,Medium,Sunny,38.45
1.4929,-0.707107,-0.707107,0.433884,-0.900969,9,0,9,8,0.0,1,34.28,5,car,Normal,Sunny,21.33
2.3678,0.707107,-0.707107,0.781831,0.62349,6,0,7,6,0.0,0,44.59,6,van,Jam,Sunny,90.0
1.1203,-0.866025,-0.5,-0.433884,-0.900969,8,7,9,1,0.875,1,239.54,8,car,Medium,Sunny,30.97
4.0375,0.866025,-0.5,-0.433884,-0.900969,11,2,3,0,1.0,0,11.59,6,van,Medium,Windy,90.0
2.4163,0.5,-0.866025,-0.433884,-0.900969,4,0,3,2,0.0,0,41.73,6,van,Low,Sunny,45.54
2.7418,-0.5,-0.866025,-0.974928,-0.222521,10,3,7,3,0.5,0,274.96,5,car,Normal,Sandstorm,25.86
0.4531,0.866025,-0.5,-0.433884,-0.900969,4,0,3,2,0.0,0,60.11,1,car,Medium,Sunny,19.87
1.4192,-0.707107,0.707107,-0.974928,-0.222521,4,7,11,3,0.7,0,178.47,3,van,Medium,Windy,20.73
0.1933,-0.707107,0.707107,0.974928,-0.222521,1,6,11,4,0.6,0,35.46,4,van,Medium,Rainy,9.46
4.1828,-0.5,-0.866025,0.433884,-0.900969,5,11,14,2,0.8462,0,84.63,5,car,High,Windy,63.51
0.6113,-0.707107,-0.707107,0.433884,-0.900969,8,3,6,2,0.6,1,316.57,2,car,Normal,Rainy,15.94
0.6974,0.5,-0.866025,-0.433884,-0.900969,8,2,13,10,0.1667,0,271.15,7,van,High,Sandstorm,34.77
0.3015,0.707107,-0.707107,0.0,1.0,6,3,6,2,0.6,0,67.87,5,van,High,Sunny,9.7
1.0677,-0.5,0.866025,-0.974928,-0.222521,5,8,10,1,0.8889,0,77.24,3,car,High,Sunny,14.09
0.8566,-0.258819,-0.965926,0.433884,-0.900969,3,12,13,0,1.0,1,170.56,4,car,High,Sunny,14.88
6.2436,-0.5,0.866025,0.433884,-0.900969,11,4,7,2,0.6667,0,227.63,7,motorcycle,High,Rainy,63.75
2.5,0.965926,-0.258819,-0.781831,0.62349,5,1,4,2,0.3333,0,209.63,0,car,Low,Sunny,9.37
0.6778,0.965926,-0.258819,0.433884,-0.900969,4,6,13,6,0.5,0,102.48,3,motorcycle,Medium,Rainy,8.39
0.227,-0.5,-0.866025,0.433884,-0.900969,12,0,6,5,0.0,0,340.83,2,car,Jam,Sunny,16.68
0.1263,-0.965926,0.258819,0.433884,-0.900969,8,3,5,1,0.75,0,300.65,3,van,Medium,Windy,11.47
0.4169,-0.258819,-0.965926,-0.781831,0.62349,11,1,11,9,0.1,1,234.58,6,car,Normal,Sunny,7.39
0.312,-0.866025,0.5,0.781831,0.62349,5,2,9,6,0.25,0,326.86,2,car,Jam,Foggy,6.73
1.5391,0.866025,-0.5,0.781831,0.62349,6,1,3,1,0.5,1,105.84,5,motorcycle,Normal,Sunny,34.61
0.963,-0.866025,0.5,0.0,1.0,9,6,14,7,0.4615,0,107.92,3,car,Normal,Sunny,15.95
1.1235,-0.258819,-0.965926,-0.974928,-0.222521,12,3,9,5,0.375,0,111.24,0,motorcycle,Normal,Rainy,17.65
0.4487,0.5,-0.866025,0.0,1.0,10,3,6,2,0.6,1,57.75,8,car,Medium,Sunny,1.0
1.2769,-0.866025,-0.5,-0.433884,-0.900969,6,3,4,0,1.0,1,50.38,5,motorcycle,Medium,Sunny,23.17
0.2867,-0.965926,0.258819,-0.781831,0.62349,8,10,11,0,1.0,0,327.33,2,motorcycle,Medium,Rainy,1.0
1.0162,-0.707107,0.707107,-0.433884,-0.900969,5,6,12,5,0.5455,0,308.79,5,van,Jam,Sandstorm,54.29
2.4321,0.965926,-0.258819,0.781831,0.62349,6,6,12,5,0.5455,0,197.61,9,car,Medium,Sunny,27.29
0.781,-0.965926,-0.258819,-0.433884,-0.900969,5,4,11,6,0.4,0,237.82,1,van,Medium,Sunny,19.37
1.6845,0.258819,-0.965926,0.433884,-0.900969,2,12,14,1,0.9231,0,85.86,8,van,High,Sunny,38.37
0.169,-0.5,-0.866025,0.0,1.0,11,8,10,1,0.8889,1,8.23,0,motorcycle,High,Sunny,1.0
0.1566,-0.258819,-0.965926,0.781831,0.62349,2,0,6,5,0.0,1,158.97,8,car,Normal,Windy,7.6
1.5082,-0.965926,0.258819,-0.974928,-0.222521,4,3,5,1,0.75,1,241.03,3,car,Low,Sunny,11.78
2.9882,0.0,-1.0,0.433884,-0.900969,4,0,7,6,0.0,0,244.75,2,car,Medium,Sunny,51.31
0.8813,0.5,-0.866025,0.433884,-0.900969,3,8,12,3,0.7273,0,217.54,7,van,High,Sunny,39.27
8.482,-0.5,-0.866025,-0.974928,-0.222521,6,1,3,1,0.5,1,333.13,1,motorcycle,Medium,Rainy,90.0
0.2805,-0.965926,-0.258819,0.433884,-0.900969,12,3,6,2,0.6,0,75.36,1,car,Normal,Sunny,10.92
0.5793,-0.866025,0.5,-0.781831,0.62349,4,6,8,1,0.8571,1,94.9,4,van,High,Sunny,16.06
1.2625,1.0,0.0,0.0,1.0,9,2,10,7,0.2222,1,28.67,9,motorcycle,Medium,Rainy,9.61
1.718,-0.707107,-0.707107,0.974928,-0.222521,9,0,4,3,0.0,1,337.11,3,car,Medium,Sandstorm,52.73
0.6346,0.965926,-0.258819,0.781831,0.62349,10,2,4,1,0.6667,0,163.68,5,car,High,Sunny,12.84
0.404,-0.866025,-0.5,0.974928,-0.222521,8,11,14,2,0.8462,1,144.61,3,van,High,Foggy,1.0
1.9922,-0.866025,-0.5,-0.781831,0.62349,9,0,4,3,0.0,0,354.83,7,van,Medium,Sunny,72.79
1.2543,-0.866025,0.5,0.974928,-0.222521,10,1,4,2,0.3333,1,153.99,8,car,Medium,Sunny,27.21
0.7966,0.707107,-0.707107,0.974928,-0.222521,9,2,5,2,0.5,0,120.54,9,motorcycle,Medium,Sunny,1.57
1.7751,-0.965926,0.258819,0.0,1.0,7,1,7,5,0.1667,0,75.13,2,van,Medium,Sunny,28.09
0.9709,-0.965926,-0.258819,0.974928,-0.222521,2,4,5,0,1.0,1,158.36,2,motorcycle,Medium,Windy,28.1
0.9678,-0.965926,-0.258819,0.781831,0.62349,7,7,13,5,0.5833,0,246.84,9,motorcycle,High,Sunny,26.85
0.9345,-0.866025,-0.5,0.781831,0.62349,10,2,4,1,0.6667,0,329.07,5,motorcycle,Medium,Rainy,21.3
0.5066,-0.707107,-0.707107,0.0,1.0,5,0,4,3,0.0,1,68.85,3,van,Medium,Sunny,19.2
0.46,0.965926,-0.258819,-0.433884,-0.900969,3,0,4,3,0.0,1,249.24,3,car,Normal,Sunny,8.01
0.6707,-0.965926,0.258819,-0.433884,-0.900969,8,1,11,9,0.1,0,2.39,1,van,High,Sunny,8.83
1.1394,0.0,-1.0,-0.974928,-0.222521,2,0,14,13,0.0,1,288.32,0,car,Medium,Sunny,14.92
0.1868,0.965926,-0.258819,0.0,1.0,9,2,5,2,0.5,1,100.85,3,van,Normal,Rainy,11.28
2.7115,-0.866025,-0.5,-0.781831,0.62349,12,8,10,1,0.8889,0,14.12,7,car,Normal,Windy,56.55
1.1247,-0.5,0.866025,0.433884,-0.900969,6,5,7,1,0.8333,1,141.93,6,van,Normal,Sandstorm,18.93
0.4018,-1.0,-0.0,0.433884,-0.900969,1,2,11,8,0.2,0,321.31,0,car,Jam,Windy,13.82
5.1334,0.5,-0.866025,-0.781831,0.62349,4,2,11,8,0.2,0,83.82,0,car,High,Sunny,90.0
1.1499,-0.965926,0.258819,0.781831,0.62349,1,3,6,2,0.6,0,103.43,8,car,Medium,Sunny,8.35
0.3109,-0.866025,0.5,0.433884,-0.900969,6,7,10,2,0.7778,1,60.4,7,van,Medium,Sunny,17.82
4.9191,0.258819,-0.965926,0.0,1.0,4,2,3,0,1.0,0,353.38,7,van,High,Sandstorm,90.0
4.0033,-0.5,-0.866025,0.433884,-0.900969,10,4,9,4,0.5,0,155.77,8,car,Medium,Sunny,49.02
0.4661,-0.866025,0.5,0.781831,0.62349,11,3,15,11,0.2143,0,341.22,6,motorcycle,Jam,Sunny,9.56
0.8132,0.866025,-0.5,0.781831,0.62349,6,6,14,7,0.4615,0,33.07,3,motorcycle,Low,Windy,9.05
0.7155,0.0,-1.0,-0.433884,-0.900969,12,2,3,0,1.0,0,161.5,5,car,Low,Sunny,7.58
0.1836,-0.258819,-0.965926,0.0,1.0,6,2,3,0,1.0,0,170.75,6,van,Medium,Sunny,1.0
1.5045,1.0,0.0,-0.781831,0.62349,2,0,13,12,0.0,0,92.13,8,car,Normal,Sunny,19.78
2.4667,0.866025,-0.5,0.781831,0.62349,11,3,5,1,0.75,0,179.04,5,car,Medium,Sunny,58.57
2.0628,-0.866025,-0.5,0.0,1.0,5,8,11,2,0.8,1,126.2,0,van,High,Sunny,85.4
1.1401,0.5,-0.866025,0.433884,-0.900969,11,2,10,7,0.2222,1,88.77,6,car,Normal,Rainy,9.15
2.7049,0.5,-0.866025,0.974928,-0.222521,9,0,8,7,0.0,0,131.51,7,motorcycle,Medium,Windy,42.18
0.3758,0.258819,-0.965926,-0.433884,-0.900969,12,2,7,4,0.3333,0,228.66,9,motorcycle,Medium,Sunny,1.0
6.2175,0.866025,-0.5,-0.433884,-0.900969,8,3,12,8,0.2727,0,168.54,1,motorcycle,High,Sandstorm,90.0
0.5307,-0.866025,-0.5,-0.433884,-0.900969,8,0,6,5,0.0,0,147.34,8,van,Medium,Sandstorm,17.56
0.5898,0.5,-0.866025,-0.433884,-0.900969,3,3,12,8,0.2727,0,307.28,0,van,Normal,Windy,26.98
0.6399,-0.965926,-0.258819,-0.974928,-0.222521,4,1,6,4,0.2,1,232.17,7,motorcycle,Medium,Rainy,11.79
0.5971,-0.866025,0.5,-0.433884,-0.900969,4,12,14,1,0.9231,0,229.31,3,car,Medium,Sandstorm,8.95
0.9203,-0.5,-0.866025,0.0,1.0,4,1,12,10,0.0909,1,80.03,1,car,High,Sunny,22.99
0.887,-0.707107,0.707107,0.433884,-0.900969,8,5,10,4,0.5556,0,270.02,3,van,Medium,Sunny,17.52
1.25,0.707107,-0.707107,-0.433884,-0.900969,11,1,4,2,0.3333,0,13.28,5,car,Normal,Sunny,8.33
0.5078,-0.5,0.866025,0.781831,0.62349,1,4,5,0,1.0,0,76.9,1,car,High,Sunny,22.03
1.2947,0.258819,-0.965926,-0.781831,0.62349,8,5,11,5,0.5,1,148.61,5,car,Medium,Foggy,24.22
0.3922,0.258819,-0.965926,0.433884,-0.900969,10,5,10,4,0.5556,0,320.1,7,van,Normal,Windy,13.58
2.2163,-0.5,0.866025,0.974928,-0.222521,6,1,4,2,0.3333,0,10.09,8,car,Medium,Sunny,18.2
2.1904,-0.258819,-0.965926,0.974928,-0.222521,4,3,4,0,1.0,1,160.15,5,car,Jam,Rainy,70.06
1.0991,-1.0,-0.0,-0.433884,-0.900969,6,6,10,3,0.6667,0,43.13,6,car,High,Windy,34.92
0.5962,-0.965926,0.258819,-0.433884,-0.900969,10,3,7,3,0.5,1,82.82,9,car,Normal,Sunny,1.0
1.4852,-0.258819,-0.965926,0.781831,0.62349,11,3,9,5,0.375,1,145.93,0,motorcycle,High,Rainy,38.76
0.4756,0.258819,-0.965926,0.781831,0.62349,9,4,10,5,0.4444,0,35.45,7,car,Normal,Sunny,1.0
1.142,-0.5,-0.866025,0.0,1.0,6,3,14,10,0.2308,0,298.62,9,van,Medium,Sunny,22.17
0.9567,0.0,-1.0,0.433884,-0.900969,8,3,6,2,0.6,0,29.85,8,van,Medium,Sunny,27.23
13.4424,-0.258819,-0.965926,-0.781831,0.62349,9,3,12,8,0.2727,0,210.72,9,car,Normal,Rainy,90.0
0.3445,0.5,-0.866025,-0.781831,0.62349,10,4,14,9,0.3077,1,58.78,9,motorcycle,Normal,Sunny,1.0
0.0877,-0.707107,0.707107,0.433884,-0.900969,2,6,14,7,0.4615,0,38.35,5,van,Jam,Sunny,1.0
0.6031,-0.707107,-0.707107,0.433884,-0.900969,1,13,15,1,0.9286,0,166.58,8,van,Normal,Windy,3.63
0.2166,-0.965926,0.258819,0.433884,-0.900969,5,1,3,1,0.5,0,124.35,3,car,High,Rainy,1.0
0.5541,-0.965926,-0.258819,0.781831,0.62349,4,2,3,0,1.0,0,16.28,1,car,Medium,Sunny,1.22
0.3222,0.0,-1.0,0.974928,-0.222521,8,7,14,6,0.5385,1,23.37,0,motorcycle,Medium,Sunny,3.43
0.468,0.258819,-0.965926,-0.781831,0.62349,7,0,5,4,0.0,0,107.71,1,van,Normal,Rainy,2.16
0.4019,-0.5,0.866025,-0.433884,-0.900969,12,3,6,2,0.6,1,281.82,7,motorcycle,Normal,Sandstorm,1.0
2.7588,1.0,0.0,0.781831,0.62349,10,8,9,0,1.0,1,306.5,4,motorcycle,Normal,Sunny,10.69
1.0554,0.258819,-0.965926,0.0,1.0,2,9,11,1,0.9,0,23.89,8,car,Medium,Sunny,2.02
3.07,-1.0,-0.0,-0.974928,-0.222521,11,0,3,2,0.0,0,61.82,3,van,Jam,Sunny,90.0
1.1485,-0.707107,-0.707107,-0.781831,0.62349,10,2,11,8,0.2,1,122.07,7,car,High,Windy,31.59
2.6702,-0.866025,-0.5,0.0,1.0,5,2,4,1,0.6667,1,234.03,8,van,Low,Sunny,46.35
0.8294,1.0,0.0,0.974928,-0.222521,1,3,7,3,0.5,0,102.66,3,car,Normal,Sandstorm,11.45
5.027,0.707107,-0.707107,-0.974928,-0.222521,10,11,14,2,0.8462,0,79.87,5,car,Normal,Sunny,79.02
1.7288,-0.866025,-0.5,0.781831,0.62349,3,2,4,1,0.6667,0,211.78,5,van,Jam,Sandstorm,90.0
0.5269,0.258819,-0.965926,0.781831,0.62349,3,0,3,2,0.0,0,245.32,8,van,Normal,Sunny,1.0
1.9901,-0.258819,-0.965926,0.974928,-0.222521,6,2,9,6,0.25,1,175.5,3,van,Normal,Rainy,48.05
1.134,-0.5,0.866025,0.974928,-0.222521,1,0,6,5,0.0,0,240.65,3,car,Medium,Sunny,14.89
0.9118,-0.866025,-0.5,0.433884,-0.900969,5,1,6,4,0.2,0,1.48,7,car,Medium,Sunny,18.99
1.2107,-0.866025,-0.5,-0.781831,0.62349,3,6,8,1,0.8571,0,118.03,9,motorcycle,Normal,Sunny,9.16
2.2562,0.707107,-0.707107,-0.781831,0.62349,1,1,5,3,0.25,1,219.42,0,car,Medium,Sunny,46.72
0.1478,-0.866025,-0.5,-0.433884,-0.900969,11,1,3,1,0.5,0,234.34,0,car,Low,Sunny,5.45
0.7918,-0.5,0.866025,0.0,1.0,4,2,15,12,0.1429,1,70.0,9,van,Low,Windy,1.0
2.1139,-0.866025,-0.5,0.781831,0.62349,7,6,13,6,0.5,1,119.54,4,car,Low,Rainy,36.13
1.3991,-0.965926,0.258819,0.781831,0.62349,10,7,8,0,1.0,0,81.49,5,van,Normal,Sunny,34.9
0.3791,-0.5,0.866025,0.0,1.0,6,9,13,3,0.75,1,323.47,9,car,Jam,Sunny,7.14
0.1166,-0.707107,0.707107,0.974928,-0.222521,4,11,15,3,0.7857,1,106.58,3,motorcycle,Medium,Sunny,11.31
5.5616,0.258819,-0.965926,0.0,1.0,9,2,8,5,0.2857,1,317.52,4,motorcycle,High,Sandstorm,90.0
0.9252,0.258819,-0.965926,-0.433884,-0.900969,9,1,5,3,0.25,0,318.11,8,motorcycle,Normal,Sunny,9.51
4.6569,0.5,-0.866025,0.781831,0.62349,1,0,5,4,0.0,0,189.25,7,van,High,Sunny,90.0
2.3519,-0.965926,0.258819,-0.974928,-0.222521,10,13,15,1,0.9286,0,313.5,6,car,Jam,Sunny,61.41
0.52,0.0,-1.0,0.433884,-0.900969,2,13,14,0,1.0,0,27.6,3,van,Normal,Sunny,1.67
0.1027,-0.965926,0.258819,-0.781831,0.62349,9,4,12,7,0.3636,1,45.42,7,motorcycle,Jam,Sunny,9.6
0.7125,-0.965926,0.258819,0.433884,-0.900969,2,7,11,3,0.7,0,146.42,8,van,Medium,Sunny,7.74
1.0668,-0.965926,-0.258819,0.781831,0.62349,1,1,6,4,0.2,0,249.04,9,van,High,Sunny,58.59
1.6958,0.866025,-0.5,-0.781831,0.62349,2,5,9,3,0.625,1,349.4,6,van,Normal,Sandstorm,53.38
0.3847,-1.0,-0.0,0.974928,-0.222521,9,0,7,6,0.0,0,168.07,8,van,Medium,Sunny,15.08
1.3088,0.707107,-0.707107,-0.974928,-0.222521,6,2,8,5,0.2857,0,2.66,8,van,Medium,Windy,29.21
1.3083,-0.707107,-0.707107,-0.974928,-0.222521,8,4,12,7,0.3636,0,65.34,7,car,Jam,Sunny,62.88
2.8198,0.707107,-0.707107,-0.781831,0.62349,4,9,10,0,1.0,0,157.68,5,car,Jam,Rainy,90.0
0.8257,0.965926,-0.258819,-0.433884,-0.900969,2,3,8,4,0.4286,0,248.39,4,van,Normal,Windy,8.81
1.6831,-0.866025,-0.5,0.433884,-0.900969,10,1,6,4,0.2,0,211.15,6,car,Jam,Sunny,68.79
1.4536,-0.258819,-0.965926,0.974928,-0.222521,10,0,11,10,0.0,0,315.4,8,motorcycle,High,Rainy,18.84
2.5391,-0.866025,-0.5,0.433884,-0.900969,11,1,8,6,0.1429,1,95.61,5,van,Medium,Sunny,78.84
0.5072,-0.5,-0.866025,-0.974928,-0.222521,1,0,3,2,0.0,1,194.4,6,car,Low,Sunny,2.62
0.0598,0.0,-1.0,0.433884,-0.900969,12,3,11,7,0.3,1,51.93,5,motorcycle,Normal,Windy,1.0
0.8825,1.0,0.0,0.0,1.0,7,0,7,6,0.0,0,232.29,6,van,Low,Windy,14.28
0.8874,0.5,-0.866025,0.974928,-0.222521,3,5,8,2,0.7143,0,274.45,6,van,Normal,Sunny,36.6
0.368,-0.866025,0.5,-0.781831,0.62349,3,5,15,9,0.3571,1,184.83,0,car,Jam,Sunny,1.0
0.2638,-1.0,-0.0,0.781831,0.62349,7,2,11,8,0.2,1,161.32,1,motorcycle,Normal,Sunny,2.5
0.6402,-0.258819,-0.965926,0.433884,-0.900969,8,1,3,1,0.5,0,66.91,0,car,Medium,Sunny,24.19
0.9909,1.0,0.0,-0.974928,-0.222521,1,3,12,8,0.2727,0,336.27,7,van,Medium,Foggy,17.6
1.21,-0.5,0.866025,0.974928,-0.222521,6,4,6,1,0.8,0,218.22,8,car,Medium,Sunny,16.05
0.1261,-1.0,-0.0,-0.433884,-0.900969,3,6,12,5,0.5455,1,293.46,3,van,Normal,Foggy,6.95
0.2089,1.0,0.0,-0.974928,-0.222521,12,6,7,0,1.0,0,8.73,0,van,Medium,Sunny,9.28
3.2319,0.707107,-0.707107,0.974928,-0.222521,8,6,10,3,0.6667,0,90.47,0,van,Medium,Sandstorm,90.0
0.923,0.866025,-0.5,-0.781831,0.62349,5,4,12,7,0.3636,0,173.66,4,car,Medium,Rainy,8.02
1.1026,-0.707107,0.707107,0.433884,-0.900969,6,0,5,4,0.0,0,193.04,6,motorcycle,Normal,Windy,8.55
0.3114,-0.5,0.866025,0.974928,-0.222521,11,0,4,3,0.0,0,145.79,3,van,High,Sunny,1.96
1.1006,-0.258819,-0.965926,0.781831,0.62349,9,7,12,4,0.6364,0,121.42,6,car,Low,Sunny,10.14
0.7735,0.707107,-0.707107,0.781831,0.62349,5,0,3,2,0.0,0,162.13,1,motorcycle,Medium,Sunny,12.03
0.6141,-0.866025,-0.5,0.433884,-0.900969,11,4,13,8,0.3333,0,131.75,7,van,Medium,Windy,18.13
0.2756,0.5,-0.866025,0.781831,0.62349,8,0,8,7,0.0,0,14.42,3,motorcycle,Normal,Foggy,1.0
0.4843,0.866025,-0.5,0.974928,-0.222521,1,1,4,2,0.3333,1,249.39,9,motorcycle,High,Sunny,1.67
7.1952,0.5,-0.866025,-0.433884,-0.900969,8,10,12,1,0.9091,0,277.67,7,motorcycle,Normal,Sunny,90.0
0.7929,0.5,-0.866025,-0.781831,0.62349,12,1,14,12,0.0769,1,112.05,4,van,Jam,Sunny,32.68
2.34,1.0,0.0,-0.433884,-0.900969,11,2,3,0,1.0,0,347.73,9,van,High,Sunny,70.33
0.9171,-0.965926,-0.258819,0.433884,-0.900969,1,14,15,0,1.0,0,355.29,9,car,Normal,Sunny,7.86
0.8216,0.258819,-0.965926,-0.433884,-0.900969,11,6,8,1,0.8571,1,204.68,1,van,Normal,Sunny,13.09
0.604,-0.707107,-0.707107,0.974928,-0.222521,12,7,11,3,0.7,0,285.87,5,van,Normal,Sandstorm,35.23
3.9684,-0.707107,-0.707107,0.781831,0.62349,2,1,6,4,0.2,0,196.39,6,van,Jam,Sunny,90.0
1.5753,-0.965926,0.258819,-0.974928,-0.222521,8,0,4,3,0.0,1,94.0,3,motorcycle,Medium,Windy,5.87
0.522,-1.0,-0.0,0.0,1.0,10,13,15,1,0.9286,0,25.21,9,car,Low,Sunny,3.86
0.76,-0.707107,-0.707107,-0.781831,0.62349,1,4,11,6,0.4,0,124.0,6,car,Medium,Sunny,16.94
3.0713,-0.866025,0.5,0.433884,-0.900969,10,2,6,3,0.4,1,66.73,7,van,Low,Windy,43.63
0.0745,-0.707107,-0.707107,-0.974928,-0.222521,5,0,7,6,0.0,0,332.02,1,car,Medium,Windy,2.19
1.4844,1.0,0.0,0.0,1.0,4,0,12,11,0.0,0,349.65,9,car,Medium,Sunny,19.49
1.8418,-0.866025,0.5,0.433884,-0.900969,4,3,6,2,0.6,0,191.42,9,car,Low,Sandstorm,32.89
0.5421,-0.965926,0.258819,0.974928,-0.222521,7,4,11,6,0.4,1,202.75,9,motorcycle,High,Sunny,20.12
1.28,-0.258819,-0.965926,0.974928,-0.222521,10,2,3,0,1.0,1,334.97,4,car,Normal,Sunny,22.62
1.781,0.0,-1.0,0.433884,-0.900969,10,12,15,2,0.8571,1,269.08,9,car,Medium,Foggy,32.96
0.3431,-0.707107,0.707107,-0.433884,-0.900969,3,0,12,11,0.0,0,58.32,0,car,Medium,Rainy,1.0
2.4592,-0.258819,-0.965926,-0.781831,0.62349,10,6,7,0,1.0,1,342.7,2,car,Jam,Sunny,71.56
1.4659,0.0,-1.0,-0.974928,-0.222521,10,9,10,0,1.0,0,205.69,6,car,Medium,Rainy,17.06
0.9557,-1.0,-0.0,0.781831,0.62349,1,2,5,2,0.5,0,7.44,7,van,Jam,Sandstorm,76.58
1.221,0.258819,-0.965926,-0.781831,0.62349,4,2,8,5,0.2857,0,70.64,1,van,Normal,Sunny,25.82
2.1637,0.0,-1.0,0.433884,-0.900969,1,1,7,5,0.1667,0,286.86,2,car,High,Sunny,65.44
9.9773,-0.965926,0.258819,0.433884,-0.900969,12,1,8,6,0.1429,0,46.0,0,van,Normal,Sunny,90.0
1.9728,0.707107,-0.707107,0.0,1.0,6,9,13,3,0.75,1,306.47,1,car,High,Sunny,48.89
2.387,1.0,0.0,-0.433884,-0.900969,4,1,8,6,0.1429,1,283.08,0,car,Low,Rainy,23.91
1.3282,0.258819,-0.965926,-0.781831,0.62349,11,2,3,0,1.0,0,12.69,9,motorcycle,Jam,Sunny,29.78
6.73,0.866025,-0.5,0.974928,-0.222521,9,1,8,6,0.1429,0,119.18,8,van,Jam,Sunny,90.0
0.2745,0.0,-1.0,-0.781831,0.62349,12,2,3,0,1.0,1,182.48,6,motorcycle,Medium,Sunny,1.0
0.2121,0.965926,-0.258819,0.0,1.0,10,7,9,1,0.875,0,27.37,0,car,Medium,Sunny,1.0
1.2781,-0.866025,-0.5,-0.781831,0.62349,12,3,11,7,0.3,1,208.66,7,car,Medium,Sandstorm,55.48
2.0691,-0.5,-0.866025,0.781831,0.62349,3,1,4,2,0.3333,0,352.89,5,car,Normal,Sunny,25.66
0.0958,0.5,-0.866025,0.433884,-0.900969,3,1,3,1,0.5,0,216.05,7,car,Medium,Sunny,1.0
1.1016,-0.866025,-0.5,0.0,1.0,1,5,7,1,0.8333,1,177.74,4,motorcycle,Medium,Sunny,14.82
0.931,0.866025,-0.5,-0.781831,0.62349,5,0,9,8,0.0,0,312.07,0,car,Medium,Windy,24.18
2.2411,1.0,0.0,0.433884,-0.900969,7,0,3,2,0.0,0,347.03,9,motorcycle,Normal,Windy,17.27
1.6608,-0.5,-0.866025,-0.781831,0.62349,7,1,7,5,0.1667,0,324.43,8,motorcycle,Jam,Windy,32.87
0.1983,0.866025,-0.5,0.974928,-0.222521,9,4,13,8,0.3333,0,13.3,9,van,Normal,Sunny,10.23
0.3961,-0.866025,0.5,0.0,1.0,9,6,10,3,0.6667,1,35.87,6,car,Medium,Sunny,16.75
0.5135,0.258819,-0.965926,-0.433884,-0.900969,10,3,9,5,0.375,0,221.57,9,van,Normal,Windy,18.01
2.23,-0.258819,-0.965926,0.781831,0.62349,7,1,4,2,0.3333,0,81.61,0,car,Normal,Windy,29.5
1.5776,0.258819,-0.965926,-0.433884,-0.900969,4,5,13,7,0.4167,0,187.58,4,van,Low,Sunny,15.58
0.6128,-0.258819,-0.965926,0.0,1.0,6,0,10,9,0.0,0,301.86,3,car,Normal,Rainy,7.12
1.2678,0.965926,-0.258819,0.781831,0.62349,11,0,8,7,0.0,0,337.84,4,motorcycle,Medium,Sunny,21.45
0.4045,-0.707107,0.707107,-0.433884,-0.900969,10,2,10,7,0.2222,0,120.1,0,van,Medium,Sunny,2.65
7.7458,0.866025,-0.5,-0.433884,-0.900969,11,0,4,3,0.0,0,305.54,8,van,Medium,Foggy,90.0
1.9072,0.0,-1.0,0.781831,0.62349,7,9,11,1,0.9,0,181.44,2,van,Medium,Sunny,48.59
2.3323,-0.866025,0.5,0.781831,0.62349,10,5,6,0,1.0,1,237.09,1,van,Normal,Rainy,45.39
4.0877,-0.258819,-0.965926,-0.781831,0.62349,5,1,3,1,0.5,0,45.16,1,motorcycle,Low,Windy,27.39
2.9021,-0.965926,-0.258819,0.0,1.0,1,3,6,2,0.6,1,22.81,1,car,Medium,Rainy,90.0
1.1388,0.965926,-0.258819,0.781831,0.62349,9,0,7,6,0.0,1,280.95,6,motorcycle,Medium,Sunny,7.34
0.9271,0.258819,-0.965926,-0.781831,0.62349,2,0,8,7,0.0,0,215.44,9,motorcycle,Medium,Sandstorm,24.02
3.7579,-1.0,-0.0,0.433884,-0.900969,8,3,5,1,0.75,0,296.6,0,motorcycle,Normal,Windy,41.43
1.1334,0.5,-0.866025,0.0,1.0,12,10,13,2,0.8333,0,41.68,0,car,High,Sunny,33.56
0.5425,-0.258819,-0.965926,-0.781831,0.62349,1,5,6,0,1.0,0,61.88,8,motorcycle,Low,Sunny,1.0
7.1585,0.965926,-0.258819,0.974928,-0.222521,9,1,4,2,0.3333,1,22.68,3,car,Medium,Sunny,90.0
0.4542,-0.5,-0.866025,-0.974928,-0.222521,11,2,5,2,0.5,0,234.05,1,van,Normal,Sunny,12.91
0.2127,0.258819,-0.965926,-0.433884,-0.900969,8,6,8,1,0.8571,0,221.61,1,car,Medium,Foggy,1.0
2.8381,-0.866025,0.5,0.974928,-0.222521,9,0,3,2,0.0,1,153.2,6,car,Medium,Sunny,34.11
0.5517,0.0,-1.0,0.974928,-0.222521,11,3,4,0,1.0,0,48.7,0,car,High,Sandstorm,15.09
1.6709,-0.866025,0.5,0.433884,-0.900969,10,1,5,3,0.25,1,8.59,4,car,Low,Sunny,43.1
6.2112,-0.707107,0.707107,0.974928,-0.222521,1,0,8,7,0.0,0,93.23,9,car,Medium,Sunny,65.97
0.2994,-0.866025,0.5,0.781831,0.62349,10,11,15,3,0.7857,0,1.01,4,motorcycle,Normal,Foggy,4.14
1.063,-1.0,-0.0,-0.974928,-0.222521,10,9,10,0,1.0,0,341.55,1,car,Medium,Sunny,27.46
4.5233,-0.707107,-0.707107,-0.433884,-0.900969,3,1,4,2,0.3333,0,61.27,7,van,Normal,Sunny,90.0
2.1123,-0.5,-0.866025,-0.433884,-0.900969,8,0,3,2,0.0,0,95.58,4,car,Low,Sunny,23.83
0.9316,0.965926,-0.258819,-0.974928,-0.222521,11,0,4,3,0.0,0,287.49,3,van,High,Sunny,29.78
10.6964,0.866025,-0.5,0.433884,-0.900969,11,0,3,2,0.0,0,358.18,2,van,Low,Sunny,90.0
1.0095,0.0,-1.0,-0.781831,0.62349,11,4,9,4,0.5,0,223.4,7,car,Normal,Windy,33.68
1.6113,-0.965926,-0.258819,-0.781831,0.62349,10,7,12,4,0.6364,1,91.2,4,van,High,Sunny,67.24
5.2957,1.0,0.0,-0.781831,0.62349,2,5,8,2,0.7143,0,163.05,4,motorcycle,High,Sandstorm,88.46
2.8062,-0.707107,0.707107,0.0,1.0,6,5,8,2,0.7143,0,21.47,7,motorcycle,High,Windy,33.34
3.8792,-0.5,0.866025,0.0,1.0,3,2,10,7,0.2222,0,39.24,3,car,Normal,Sunny,24.08
0.4702,0.965926,-0.258819,0.433884,-0.900969,1,1,7,5,0.1667,0,255.45,6,car,Medium,Sunny,1.0
3.5494,0.965926,-0.258819,-0.433884,-0.900969,4,12,13,0,1.0,1,298.62,1,van,High,Sunny,89.61
1.2984,-0.866025,0.5,0.781831,0.62349,11,1,11,9,0.1,1,97.25,5,car,Normal,Sandstorm,17.07
0.5442,0.707107,-0.707107,0.0,1.0,8,7,15,7,0.5,1,265.82,4,motorcycle,High,Sunny,1.0
1.3646,0.707107,-0.707107,0.0,1.0,10,1,4,2,0.3333,0,230.53,5,car,Low,Sunny,9.39
1.3241,0.707107,-0.707107,0.433884,-0.900969,7,5,8,2,0.7143,0,183.48,3,motorcycle,Jam,Sunny,30.68
6.5188,-0.965926,-0.258819,-0.781831,0.62349,5,4,14,9,0.3077,1,104.13,1,car,Medium,Sunny,90.0
1.5876,0.866025,-0.5,0.433884,-0.900969,6,1,11,9,0.1,1,354.68,9,car,Medium,Windy,40.29
0.5264,0.707107,-0.707107,-0.974928,-0.222521,12,4,13,8,0.3333,1,89.27,4,motorcycle,Medium,Sunny,9.07
0.4228,0.0,-1.0,0.0,1.0,4,0,9,8,0.0,0,75.12,7,motorcycle,Normal,Sunny,3.86
1.0565,-0.866025,-0.5,0.781831,0.62349,4,1,8,6,0.1429,0,39.58,9,motorcycle,Normal,Sunny,1.0
0.3076,-0.5,0.866025,-0.433884,-0.900969,11,5,12,6,0.4545,1,237.24,4,motorcycle,High,Windy,3.15
0.5601,0.5,-0.866025,0.974928,-0.222521,5,8,9,0,1.0,0,324.43,8,car,Medium,Windy,3.68
0.8764,0.5,-0.866025,0.0,1.0,11,1,8,6,0.1429,1,48.3,4,car,Medium,Sunny,4.28
0.7402,-0.707107,-0.707107,0.781831,0.62349,12,6,8,1,0.8571,0,37.59,0,car,Normal,Sunny,20.05
2.2046,-0.258819,-0.965926,-0.974928,-0.222521,1,2,4,1,0.6667,0,325.59,8,van,Medium,Windy,44.95
0.5483,-0.866025,-0.5,-0.433884,-0.900969,9,12,13,0,1.0,1,237.8,8,car,Normal,Sunny,10.4
0.1058,0.5,-0.866025,-0.974928,-0.222521,2,7,14,6,0.5385,0,348.85,5,motorcycle,Normal,Sunny,1.0
0.2228,-0.866025,-0.5,0.974928,-0.222521,11,0,3,2,0.0,0,255.71,8,car,Jam,Sunny,2.17
1.0866,-0.707107,0.707107,-0.781831,0.62349,2,3,8,4,0.4286,1,277.81,6,car,Medium,Sunny,21.02
0.6329,-0.965926,-0.258819,-0.781831,0.62349,11,0,11,10,0.0,1,166.22,8,car,Medium,Sunny,9.47
0.3414,-1.0,-0.0,0.974928,-0.222521,10,0,4,3,0.0,1,85.79,0,car,Jam,Sunny,10.76
7.1031,0.965926,-0.258819,0.781831,0.62349,7,3,6,2,0.6,1,204.89,8,car,Normal,Sunny,71.61
2.4286,-0.707107,0.707107,-0.781831,0.62349,3,13,15,1,0.9286,1,128.96,2,van,Jam,Sunny,68.87
1.0455,-0.965926,-0.258819,0.974928,-0.222521,4,7,13,5,0.5833,0,169.1,9,car,Medium,Sunny,22.31
1.3794,-0.866025,-0.5,0.433884,-0.900969,6,5,14,8,0.3846,1,185.65,9,van,Medium,Sunny,37.17
0.8591,0.866025,-0.5,-0.781831,0.62349,11,9,15,5,0.6429,0,9.57,0,motorcycle,Normal,Sunny,2.73
0.3358,-0.707107,-0.707107,0.781831,0.62349,11,2,11,8,0.2,0,219.07,6,van,Low,Windy,5.91
2.9423,-0.965926,-0.258819,-0.781831,0.62349,7,0,6,5,0.0,0,129.07,3,van,Medium,Sandstorm,90.0
2.4813,-0.866025,-0.5,0.781831,0.62349,3,11,15,3,0.7857,0,292.36,2,car,Low,Foggy,52.78
0.1689,0.866025,-0.5,0.974928,-0.222521,7,6,8,1,0.8571,0,20.27,9,car,Low,Sunny,1.0
1.3704,1.0,0.0,0.974928,-0.222521,10,6,10,3,0.6667,0,200.23,4,car,Medium,Sunny,21.84
1.5219,-0.5,-0.866025,0.433884,-0.900969,7,4,10,5,0.4444,1,129.61,5,motorcycle,High,Sunny,20.26
0.8141,-1.0,-0.0,0.781831,0.62349,11,4,10,5,0.4444,0,33.59,3,van,Normal,Rainy,20.86
8.1044,0.0,-1.0,-0.781831,0.62349,1,3,10,6,0.3333,1,148.93,6,car,High,Sunny,90.0
7.3105,-0.965926,-0.258819,-0.433884,-0.900969,7,12,13,0,1.0,1,147.34,2,car,Jam,Sunny,90.0
0.7721,-0.5,0.866025,-0.433884,-0.900969,1,2,5,2,0.5,1,271.19,3,motorcycle,High,Windy,12.97
0.8943,-0.707107,0.707107,-0.974928,-0.222521,8,6,8,1,0.8571,0,54.73,7,van,High,Sunny,21.53
0.7999,-0.866025,-0.5,-0.433884,-0.900969,8,0,10,9,0.0,1,298.94,2,van,High,Sunny,20.45
0.6183,-1.0,-0.0,-0.433884,-0.900969,4,3,10,6,0.3333,0,17.25,7,motorcycle,Normal,Sunny,11.5
0.4608,0.965926,-0.258819,-0.433884,-0.900969,10,2,12,9,0.1818,0,185.65,9,van,Normal,Windy,5.45
1.7887,0.965926,-0.258819,-0.974928,-0.222521,12,0,7,6,0.0,0,233.64,7,van,Jam,Windy,68.02
7.1233,-0.965926,-0.258819,-0.781831,0.62349,6,14,15,0,1.0,0,5.16,3,car,Medium,Sunny,90.0
4.8191,-0.965926,0.258819,0.781831,0.62349,6,0,3,2,0.0,0,24.89,1,car,High,Windy,85.67
2.339,0.707107,-0.707107,0.433884,-0.900969,3,6,12,5,0.5455,1,98.46,5,motorcycle,Jam,Sunny,68.07
0.1123,-0.866025,-0.5,0.781831,0.62349,1,1,5,3,0.25,0,137.32,4,van,Normal,Sunny,1.35
0.188,0.5,-0.866025,0.781831,0.62349,5,0,10,9,0.0,1,124.74,2,car,Normal,Rainy,2.89
3.0373,0.965926,-0.258819,-0.781831,0.62349,6,2,3,0,1.0,1,349.67,3,van,Medium,Sandstorm,69.77
5.147,0.0,-1.0,0.433884,-0.900969,10,1,6,4,0.2,0,60.1,9,car,Low,Rainy,59.34
1.8702,-0.258819,-0.965926,-0.433884,-0.900969,11,2,8,5,0.2857,1,320.66,1,motorcycle,Medium,Windy,16.16
0.8267,-0.965926,0.258819,-0.974928,-0.222521,2,0,4,3,0.0,0,340.05,2,car,High,Sunny,17.82
3.9936,-0.866025,0.5,0.0,1.0,2,4,7,2,0.6667,0,63.21,3,motorcycle,Medium,Sunny,42.21
2.2612,-0.5,0.866025,0.433884,-0.900969,7,10,11,0,1.0,0,273.09,9,van,Normal,Sunny,23.17
3.2562,0.965926,-0.258819,0.781831,0.62349,5,1,5,3,0.25,1,359.35,3,car,High,Sunny,60.66
0.1894,-0.707107,0.707107,0.974928,-0.222521,9,8,11,2,0.8,1,89.23,2,car,Normal,Sunny,14.2
1.5314,-0.5,-0.866025,0.781831,0.62349,4,3,9,5,0.375,1,180.98,2,motorcycle,High,Sunny,25.75
5.9646,0.866025,-0.5,-0.433884,-0.900969,5,7,13,5,0.5833,0,273.18,9,car,Normal,Sunny,90.0
1.8241,-0.965926,-0.258819,0.0,1.0,6,8,11,2,0.8,0,264.52,3,car,High,Sandstorm,77.18
2.7205,0.965926,-0.258819,0.433884,-0.900969,8,7,8,0,1.0,0,299.94,3,van,Medium,Sunny,52.64
1.144,-0.258819,-0.965926,0.974928,-0.222521,1,7,13,5,0.5833,1,125.37,3,car,Medium,Sunny,23.93
1.2223,-0.866025,0.5,-0.781831,0.62349,11,1,5,3,0.25,0,43.44,8,car,Medium,Sandstorm,17.95
4.1887,-0.5,0.866025,-0.974928,-0.222521,5,4,10,5,0.4444,1,243.51,7,car,Normal,Windy,54.08
0.5849,0.5,-0.866025,0.974928,-0.222521,3,4,5,0,1.0,0,122.24,5,motorcycle,Medium,Sunny,10.33
0.533,0.866025,-0.5,0.974928,-0.222521,8,2,8,5,0.2857,0,232.58,2,car,High,Windy,38.46
0.7017,-0.707107,-0.707107,-0.974928,-0.222521,2,4,9,4,0.5,0,170.43,1,car,High,Sandstorm,46.12
1.1301,0.866025,-0.5,-0.433884,-0.900969,8,7,10,2,0.7778,0,165.1,0,car,Normal,Rainy,17.3
0.2394,-0.5,0.866025,0.433884,-0.900969,1,5,7,1,0.8333,1,317.34,2,car,Medium,Sunny,4.4
2.2133,0.258819,-0.965926,0.0,1.0,4,4,11,6,0.4,0,230.57,7,car,High,Sunny,44.55
0.9455,0.707107,-0.707107,0.0,1.0,9,4,5,0,1.0,0,224.82,7,car,High,Windy,35.59
2.4868,0.5,-0.866025,-0.433884,-0.900969,5,4,5,0,1.0,1,349.51,7,car,Medium,Sunny,52.2
0.1476,0.0,-1.0,0.433884,-0.900969,11,1,4,2,0.3333,1,97.11,6,car,Low,Sandstorm,11.53
2.4959,-1.0,-0.0,-0.974928,-0.222521,5,2,9,6,0.25,0,247.87,5,motorcycle,Jam,Windy,72.5
3.9355,-0.866025,0.5,0.0,1.0,9,1,8,6,0.1429,0,127.99,3,car,Normal,Sandstorm,52.36
1.6764,-1.0,-0.0,0.781831,0.62349,1,1,13,11,0.0833,0,215.61,7,car,Normal,Foggy,35.34
1.1371,-0.965926,-0.258819,-0.974928,-0.222521,12,1,7,5,0.1667,1,294.16,1,motorcycle,High,Sunny,19.96
2.5142,0.5,-0.866025,-0.781831,0.62349,8,0,10,9,0.0,0,332.2,0,motorcycle,Normal,Rainy,20.94
3.6982,-0.707107,0.707107,-0.974928,-0.222521,9,4,15,10,0.2857,0,153.76,8,van,High,Windy,83.25
1.8163,-0.5,0.866025,0.0,1.0,4,10,11,0,1.0,0,299.55,4,car,Low,Sunny,1.63
1.9499,-0.866025,-0.5,0.0,1.0,4,3,14,10,0.2308,1,120.62,6,car,High,Sandstorm,73.48
5.334,-0.965926,0.258819,-0.781831,0.62349,6,3,9,5,0.375,1,237.97,9,car,Jam,Windy,90.0
2.2775,0.258819,-0.965926,0.433884,-0.900969,4,1,5,3,0.25,0,315.95,6,car,Jam,Foggy,87.44
0.5167,-0.258819,-0.965926,0.433884,-0.900969,1,4,8,3,0.5714,0,246.75,7,car,Jam,Sunny,12.66
3.6815,-0.965926,0.258819,-0.781831,0.62349,9,6,12,5,0.5455,0,254.06,4,van,High,Sunny,86.92
0.9826,-0.258819,-0.965926,0.781831,0.62349,9,2,4,1,0.6667,1,301.55,3,car,Normal,Sandstorm,10.92
1.1407,-1.0,-0.0,0.781831,0.62349,9,0,9,8,0.0,0,90.88,3,van,Jam,Sunny,77.91
1.2233,-0.866025,0.5,-0.433884,-0.900969,7,2,9,6,0.25,0,268.88,9,car,Jam,Windy,45.24
2.7744,-0.707107,0.707107,-0.781831,0.62349,7,13,15,1,0.9286,0,229.55,3,car,Medium,Sunny,31.43
5.8206,0.5,-0.866025,0.974928,-0.222521,12,14,15,0,1.0,0,196.52,9,van,Medium,Sunny,90.0
1.1311,-0.5,-0.866025,0.781831,0.62349,7,0,10,9,0.0,0,351.03,0,motorcycle,Normal,Sunny,1.0
5.7242,0.0,-1.0,0.0,1.0,9,3,5,1,0.75,1,148.5,2,car,Medium,Sandstorm,90.0
1.2922,-0.5,-0.866025,0.0,1.0,5,0,5,4,0.0,1,84.55,9,van,High,Sunny,39.71
4.1873,-1.0,-0.0,0.974928,-0.222521,1,5,10,4,0.5556,0,302.14,5,car,Medium,Windy,90.0
1.3344,0.258819,-0.965926,0.433884,-0.900969,5,0,5,4,0.0,0,66.64,3,car,Medium,Windy,21.68
0.6923,0.707107,-0.707107,0.433884,-0.900969,9,8,11,2,0.8,0,268.3,1,van,Medium,Windy,12.8
6.862,0.5,-0.866025,0.781831,0.62349,8,14,15,0,1.0,0,334.16,4,car,Low,Sunny,87.98
0.6322,-0.965926,0.258819,-0.433884,-0.900969,9,0,5,4,0.0,1,295.77,9,car,Jam,Sunny,6.37
0.5933,-0.5,0.866025,-0.781831,0.62349,9,5,14,8,0.3846,0,227.93,3,car,Normal,Sandstorm,6.26
0.3351,0.965926,-0.258819,0.781831,0.62349,3,0,3,2,0.0,1,332.34,4,car,Normal,Sunny,7.32
3.6837,-0.5,0.866025,-0.433884,-0.900969,10,1,9,7,0.125,0,176.01,3,car,Low,Sunny,30.39
4.6102,1.0,0.0,0.433884,-0.900969,9,6,8,1,0.8571,0,27.24,8,car,High,Rainy,90.0
1.5753,-0.707107,-0.707107,-0.433884,-0.900969,4,1,10,8,0.1111,0,264.58,6,motorcycle,High,Sunny,44.16
0.434,0.866025,-0.5,0.0,1.0,7,1,9,7,0.125,0,258.06,6,van,Low,Sunny,4.42
1.0981,-0.5,0.866025,-0.433884,-0.900969,11,3,10,6,0.3333,0,311.54,6,car,Normal,Foggy,29.68
0.829,-1.0,-0.0,-0.974928,-0.222521,3,1,4,2,0.3333,0,146.2,4,car,Medium,Sunny,27.4
0.4152,0.0,-1.0,-0.433884,-0.900969,4,11,12,0,1.0,0,52.21,8,van,Normal,Sunny,4.77
0.6946,-0.965926,-0.258819,-0.974928,-0.222521,3,5,15,9,0.3571,0,36.96,6,car,High,Sunny,18.76
1.7868,-0.866025,0.5,-0.974928,-0.222521,4,4,9,4,0.5,1,124.34,0,van,Low,Sandstorm,31.61
0.6219,0.707107,-0.707107,-0.781831,0.62349,3,1,14,12,0.0769,0,285.47,3,van,Medium,Rainy,16.95
1.4581,-0.866025,-0.5,-0.433884,-0.900969,10,1,4,2,0.3333,1,187.69,8,car,Normal,Sandstorm,23.99
0.2044,0.258819,-0.965926,0.433884,-0.900969,12,2,12,9,0.1818,0,61.36,2,car,Medium,Foggy,4.23
5.4479,-1.0,-0.0,-0.974928,-0.222521,12,2,7,4,0.3333,1,87.05,9,car,Medium,Sunny,90.0
0.762,-0.707107,-0.707107,-0.433884,-0.900969,5,3,11,7,0.3,0,125.43,8,car,Normal,Windy,17.28
2.5263,-1.0,-0.0,0.433884,-0.900969,12,1,10,8,0.1111,0,172.9,9,car,Normal,Sunny,49.55
1.3221,-0.866025,-0.5,-0.433884,-0.900969,1,1,3,1,0.5,0,302.2,7,motorcycle,Low,Rainy,12.21
1.6199,-0.866025,-0.5,0.974928,-0.222521,2,3,7,3,0.5,0,357.24,1,car,Normal,Rainy,42.73
0.377,0.965926,-0.258819,-0.433884,-0.900969,4,4,8,3,0.5714,1,215.73,1,van,Jam,Sunny,20.96
0.5366,-0.866025,0.5,0.433884,-0.900969,4,5,13,7,0.4167,0,140.11,4,van,Normal,Sandstorm,2.58
0.5483,0.866025,-0.5,0.0,1.0,12,2,4,1,0.6667,1,66.02,3,car,Normal,Windy,9.81
1.1321,0.0,-1.0,0.433884,-0.900969,10,10,15,4,0.7143,0,183.97,9,car,Normal,Sunny,10.91
3.8956,-0.5,-0.866025,-0.781831,0.62349,10,0,3,2,0.0,0,220.72,8,car,High,Windy,76.2
1.6679,-0.866025,0.5,0.974928,-0.222521,10,1,6,4,0.2,1,117.7,7,van,Jam,Foggy,87.36
0.4699,-0.866025,-0.5,-0.433884,-0.900969,9,2,4,1,0.6667,1,116.61,9,car,High,Sunny,19.26
1.2008,0.707107,-0.707107,0.974928,-0.222521,7,1,14,12,0.0769,0,298.26,0,van,Medium,Sunny,28.22
1.0237,0.5,-0.866025,0.781831,0.62349,1,3,10,6,0.3333,0,237.59,7,motorcycle,High,Foggy,27.75
0.7919,0.707107,-0.707107,0.974928,-0.222521,1,6,12,5,0.5455,0,162.1,8,van,Medium,Sunny,16.35
1.0891,-0.866025,-0.5,-0.781831,0.62349,12,6,11,4,0.6,1,200.78,9,motorcycle,High,Sunny,20.35
2.2831,-1.0,-0.0,0.0,1.0,7,7,10,2,0.7778,0,181.71,8,van,High,Windy,90.0
0.5577,-1.0,-0.0,-0.433884,-0.900969,12,2,6,3,0.4,0,62.78,8,motorcycle,Low,Windy,25.9
0.7956,-1.0,-0.0,-0.974928,-0.222521,1,1,4,2,0.3333,0,313.32,7,motorcycle,Medium,Sunny,27.39
2.8095,-0.965926,-0.258819,0.781831,0.62349,8,0,8,7,0.0,0,32.76,1,van,Normal,Sunny,70.19
1.7255,-0.707107,0.707107,-0.974928,-0.222521,4,6,8,1,0.8571,1,76.69,4,motorcycle,Low,Sandstorm,11.21
3.7253,-0.707107,0.707107,-0.433884,-0.900969,5,1,8,6,0.1429,0,202.22,8,motorcycle,High,Sunny,46.22
4.3235,0.5,-0.866025,0.974928,-0.222521,8,12,15,2,0.8571,1,166.01,6,car,Low,Windy,54.08
0.3035,0.258819,-0.965926,0.781831,0.62349,6,2,4,1,0.6667,0,214.33,2,van,High,Rainy,1.0
1.4534,1.0,0.0,-0.781831,0.62349,2,10,11,0,1.0,1,331.09,7,van,Jam,Sunny,69.05
0.6821,0.5,-0.866025,0.781831,0.62349,12,4,5,0,1.0,1,102.96,0,motorcycle,Medium,Rainy,2.6
0.3539,-0.5,-0.866025,-0.781831,0.62349,9,3,10,6,0.3333,1,54.26,3,car,Normal,Sandstorm,14.81
0.5222,-0.965926,-0.258819,-0.433884,-0.900969,5,4,11,6,0.4,1,43.66,7,motorcycle,Medium,Rainy,16.24
0.8305,-0.866025,0.5,-0.974928,-0.222521,8,2,3,0,1.0,0,21.26,7,van,High,Sunny,36.36
0.8354,-0.866025,-0.5,0.974928,-0.222521,2,7,8,0,1.0,0,284.67,5,motorcycle,Normal,Sunny,17.68
0.6209,-0.5,0.866025,0.0,1.0,6,4,7,2,0.6667,0,164.69,2,car,Normal,Windy,1.0
1.0909,-0.707107,-0.707107,-0.433884,-0.900969,6,8,9,0,1.0,0,92.09,4,van,Medium,Rainy,48.49
11.2945,-0.866025,0.5,0.974928,-0.222521,5,5,9,3,0.625,0,242.67,1,van,Jam,Foggy,90.0
0.2146,-0.965926,0.258819,0.433884,-0.900969,6,0,9,8,0.0,0,279.85,9,motorcycle,Normal,Sunny,1.0
3.2554,-0.5,-0.866025,0.433884,-0.900969,11,6,11,4,0.6,0,337.37,8,motorcycle,Normal,Sunny,11.39
1.086,-0.866025,0.5,0.974928,-0.222521,1,1,5,3,0.25,0,143.8,7,van,Jam,Sunny,39.74
0.7291,-0.866025,0.5,-0.974928,-0.222521,7,0,14,13,0.0,0,248.19,3,van,Normal,Windy,1.0
0.1625,0.258819,-0.965926,0.433884,-0.900969,12,7,13,5,0.5833,0,97.43,1,car,Low,Sandstorm,13.18
2.281,0.707107,-0.707107,-0.433884,-0.900969,11,4,8,3,0.5714,1,311.57,0,motorcycle,Medium,Sandstorm,33.31
0.2811,0.866025,-0.5,-0.433884,-0.900969,11,10,14,3,0.7692,1,327.13,3,car,Low,Sunny,1.0
2.4266,-0.707107,0.707107,-0.433884,-0.900969,5,4,6,1,0.8,1,226.89,8,van,Normal,Foggy,31.0
5.7792,-0.258819,-0.965926,0.974928,-0.222521,7,1,5,3,0.25,0,237.22,3,van,Medium,Sunny,90.0
0.3267,-0.707107,-0.707107,-0.974928,-0.222521,8,5,6,0,1.0,0,237.46,7,car,Medium,Sunny,1.0
3.3533,0.5,-0.866025,0.781831,0.62349,11,5,13,7,0.4167,1,212.96,1,car,Medium,Sunny,78.05
1.1322,0.0,-1.0,-0.781831,0.62349,12,1,4,2,0.3333,0,157.96,8,car,Normal,Sunny,16.37
0.1511,0.0,-1.0,-0.974928,-0.222521,4,1,6,4,0.2,0,266.52,0,motorcycle,Medium,Sandstorm,2.38
0.3518,-0.707107,-0.707107,0.433884,-0.900969,2,3,4,0,1.0,0,351.58,3,van,Medium,Windy,6.53
1.3091,0.866025,-0.5,0.781831,0.62349,4,3,8,4,0.4286,1,268.49,1,car,High,Sunny,40.61
1.6179,-0.965926,0.258819,-0.781831,0.62349,4,1,6,4,0.2,1,111.44,6,van,High,Sunny,53.02
0.2462,0.0,-1.0,0.433884,-0.900969,4,11,13,1,0.9167,0,180.16,1,car,Medium,Sunny,25.76
1.139,0.5,-0.866025,-0.974928,-0.222521,12,11,12,0,1.0,1,214.94,0,motorcycle,High,Windy,17.31
2.4166,1.0,0.0,0.0,1.0,3,2,14,11,0.1538,0,29.6,3,car,High,Sunny,44.36
2.8538,0.965926,-0.258819,0.974928,-0.222521,6,4,8,3,0.5714,0,177.12,0,car,Normal,Sunny,15.88
0.7466,0.5,-0.866025,0.974928,-0.222521,5,8,9,0,1.0,0,36.88,3,car,Jam,Sunny,35.38
1.6762,-1.0,-0.0,-0.974928,-0.222521,4,9,14,4,0.6923,0,183.79,2,van,High,Sandstorm,82.31
3.0612,-0.866025,0.5,0.433884,-0.900969,3,5,12,6,0.4545,1,31.31,9,car,Normal,Sunny,35.6
2.4839,-0.5,0.866025,0.0,1.0,12,8,15,6,0.5714,1,130.09,5,van,Low,Sunny,29.59
2.5776,0.258819,-0.965926,-0.433884,-0.900969,8,1,15,13,0.0714,0,343.61,4,car,Medium,Sunny,32.75
1.231,-0.866025,-0.5,0.781831,0.62349,2,2,3,0,1.0,0,2.69,6,car,Medium,Sunny,20.31
1.0103,0.5,-0.866025,0.433884,-0.900969,8,3,6,2,0.6,1,98.74,1,car,High,Sunny,38.49
1.4312,0.866025,-0.5,-0.781831,0.62349,8,0,12,11,0.0,0,133.83,1,car,Medium,Sunny,35.12
0.535,-0.707107,-0.707107,0.433884,-0.900969,5,1,4,2,0.3333,0,212.41,1,motorcycle,Low,Windy,1.0
3.1788,-0.866025,-0.5,0.433884,-0.900969,10,1,4,2,0.3333,0,347.56,8,car,Normal,Sunny,57.05
0.2582,-1.0,-0.0,0.0,1.0,10,3,4,0,1.0,0,230.31,7,motorcycle,High,Sunny,1.0
0.6845,0.965926,-0.258819,0.433884,-0.900969,10,2,3,0,1.0,1,321.76,9,car,Low,Foggy,15.15
1.0678,-1.0,-0.0,-0.781831,0.62349,8,3,11,7,0.3,0,58.54,8,car,High,Sunny,33.38
1.7267,0.258819,-0.965926,-0.781831,0.62349,6,1,6,4,0.2,1,103.9,1,car,Normal,Sunny,31.06
2.064,0.5,-0.866025,-0.781831,0.62349,3,0,15,14,0.0,0,319.34,1,car,Medium,Sunny,35.0
4.5473,1.0,0.0,0.974928,-0.222521,1,2,4,1,0.6667,0,1.86,8,van,Medium,Sunny,89.27
1.1899,0.707107,-0.707107,0.0,1.0,12,3,8,4,0.4286,0,163.36,5,van,Normal,Sunny,26.15
0.5587,-0.5,-0.866025,0.781831,0.62349,11,5,11,5,0.5,0,163.04,6,car,Medium,Rainy,11.23
0.9629,0.707107,-0.707107,0.781831,0.62349,3,1,7,5,0.1667,0,340.65,2,van,Medium,Sunny,22.7
0.8159,0.258819,-0.965926,0.0,1.0,10,9,12,2,0.8182,1,161.72,5,van,Low,Windy,1.0
1.8111,-0.707107,-0.707107,-0.433884,-0.900969,1,6,13,6,0.5,0,326.28,9,motorcycle,Normal,Foggy,34.64
0.4011,0.965926,-0.258819,0.433884,-0.900969,3,10,11,0,1.0,0,210.72,4,motorcycle,High,Sunny,5.96
0.9355,-0.866025,0.5,-0.974928,-0.222521,2,2,10,7,0.2222,1,107.99,6,van,High,Windy,19.37
5.1631,0.258819,-0.965926,0.781831,0.62349,5,2,10,7,0.2222,0,53.38,7,motorcycle,Medium,Sunny,48.94
1.3111,-1.0,-0.0,-0.433884,-0.900969,4,8,15,6,0.5714,0,176.47,9,van,High,Sunny,45.34
0.4065,-0.965926,-0.258819,0.0,1.0,7,9,13,3,0.75,0,6.35,2,car,Normal,Sandstorm,1.0
0.8003,-1.0,-0.0,-0.974928,-0.222521,6,0,3,2,0.0,1,120.68,9,van,Normal,Sunny,27.67
0.1325,0.5,-0.866025,-0.974928,-0.222521,2,7,13,5,0.5833,0,188.3,6,car,Medium,Foggy,7.98
1.0451,0.866025,-0.5,0.781831,0.62349,2,2,5,2,0.5,1,200.98,8,van,Medium,Sunny,18.74
5.2872,0.866025,-0.5,0.974928,-0.222521,10,9,14,4,0.6923,0,159.82,2,motorcycle,High,Sunny,90.0
0.358,0.707107,-0.707107,0.433884,-0.900969,7,4,7,2,0.6667,1,347.03,1,car,Normal,Sunny,1.0
0.2771,-0.707107,-0.707107,-0.433884,-0.900969,12,2,12,9,0.1818,0,53.37,0,motorcycle,Medium,Sunny,10.3
0.5942,-0.866025,-0.5,0.433884,-0.900969,2,1,12,10,0.0909,0,359.1,3,motorcycle,Medium,Sunny,9.86
2.6518,-1.0,-0.0,0.0,1.0,4,1,7,5,0.1667,0,248.9,5,car,Normal,Sunny,36.56
5.5812,-0.5,0.866025,0.974928,-0.222521,2,1,15,13,0.0714,0,297.0,2,van,Medium,Sunny,82.3
1.6918,-0.866025,0.5,0.433884,-0.900969,12,4,9,4,0.5,0,228.36,2,motorcycle,Medium,Sunny,15.88
0.3258,0.0,-1.0,-0.433884,-0.900969,2,4,8,3,0.5714,1,77.38,8,motorcycle,Normal,Foggy,1.0
1.0821,-0.5,-0.866025,-0.433884,-0.900969,10,0,9,8,0.0,0,270.23,7,car,Normal,Sunny,22.36
6.0494,-0.5,0.866025,-0.433884,-0.900969,3,5,7,1,0.8333,0,305.35,6,car,Normal,Sunny,53.87
0.8225,-1.0,-0.0,0.433884,-0.900969,9,2,4,1,0.6667,0,270.7,6,van,Jam,Sandstorm,72.09
1.2629,-0.258819,-0.965926,0.433884,-0.900969,6,6,15,8,0.4286,1,314.62,8,car,Normal,Windy,16.34
1.3889,-0.866025,0.5,0.974928,-0.222521,12,2,13,10,0.1667,0,22.87,2,car,Normal,Rainy,20.64
0.2545,0.866025,-0.5,0.781831,0.62349,1,2,13,10,0.1667,0,346.3,9,car,Low,Rainy,3.22
2.8521,-0.965926,-0.258819,0.974928,-0.222521,4,13,14,0,1.0,0,338.11,8,car,Low,Sunny,39.84
2.487,-0.5,0.866025,0.433884,-0.900969,9,2,10,7,0.2222,0,322.92,3,van,Normal,Sunny,19.86
0.1663,-0.5,-0.866025,0.0,1.0,11,12,15,2,0.8571,0,229.47,3,van,Medium,Windy,1.0
0.3122,-0.866025,-0.5,0.781831,0.62349,7,9,15,5,0.6429,1,304.81,1,van,Low,Sunny,16.24
0.4399,0.965926,-0.258819,0.0,1.0,2,3,6,2,0.6,1,217.77,7,van,Normal,Windy,6.98
2.25,-0.866025,-0.5,0.974928,-0.222521,8,6,8,1,0.8571,0,177.2,3,car,Low,Sunny,32.85
0.5414,0.5,-0.866025,0.433884,-0.900969,6,3,4,0,1.0,0,335.16,2,car,Medium,Rainy,7.63
1.6182,-0.5,0.866025,0.781831,0.62349,10,3,12,8,0.2727,1,74.72,6,car,Low,Windy,8.25
0.9299,0.258819,-0.965926,0.0,1.0,7,3,4,0,1.0,0,306.57,1,car,Medium,Sunny,25.17
1.1825,0.258819,-0.965926,0.433884,-0.900969,11,1,12,10,0.0909,0,158.6,1,car,Medium,Sunny,19.45
1.7703,0.0,-1.0,0.781831,0.62349,2,10,13,2,0.8333,0,105.1,8,car,High,Foggy,68.4
1.4315,-0.965926,-0.258819,-0.781831,0.62349,8,3,8,4,0.4286,0,182.23,0,car,Normal,Windy,34.22
1.0854,-0.5,0.866025,0.781831,0.62349,9,6,11,4,0.6,0,229.43,9,car,High,Sandstorm,14.82
1.5079,0.258819,-0.965926,0.433884,-0.900969,5,12,15,2,0.8571,1,65.78,6,van,Medium,Sandstorm,42.2
1.3581,0.707107,-0.707107,-0.974928,-0.222521,6,5,12,6,0.4545,0,270.42,3,van,Low,Sunny,34.86
0.9056,-1.0,-0.0,0.0,1.0,9,0,8,7,0.0,0,142.07,5,motorcycle,Medium,Sunny,16.74
0.7337,-0.707107,-0.707107,0.433884,-0.900969,6,11,14,2,0.8462,0,253.34,3,van,High,Sunny,35.77
6.5957,-0.258819,-0.965926,0.433884,-0.900969,5,0,3,2,0.0,1,56.57,4,van,Normal,Windy,90.0
0.7257,-0.5,0.866025,0.433884,-0.900969,7,3,5,1,0.75,1,20.15,7,car,Normal,Windy,1.0
4.0497,-0.5,-0.866025,-0.781831,0.62349,10,3,7,3,0.5,0,58.16,9,van,Medium,Sunny,83.49
0.5764,-0.866025,-0.5,-0.433884,-0.900969,2,3,7,3,0.5,0,64.99,2,car,Low,Foggy,19.83
2.3861,-0.5,0.866025,0.974928,-0.222521,11,2,11,8,0.2,0,274.15,5,car,Jam,Sunny,42.06
6.0169,0.707107,-0.707107,0.974928,-0.222521,3,6,13,6,0.5,0,177.32,8,car,Normal,Sandstorm,90.0
0.802,-0.707107,0.707107,-0.433884,-0.900969,2,0,3,2,0.0,1,275.05,0,car,Low,Sunny,4.59
0.5862,-0.5,0.866025,0.974928,-0.222521,3,1,6,4,0.2,0,268.91,0,car,Low,Sunny,1.0
0.7351,-0.5,-0.866025,-0.433884,-0.900969,1,6,13,6,0.5,0,88.29,6,van,Normal,Sunny,17.35
1.085,0.258819,-0.965926,0.974928,-0.222521,12,7,9,1,0.875,1,327.93,1,motorcycle,High,Windy,16.02
1.5005,0.866025,-0.5,0.0,1.0,4,3,7,3,0.5,1,276.86,9,van,High,Sandstorm,75.49
1.064,1.0,0.0,0.433884,-0.900969,10,7,8,0,1.0,1,30.73,1,van,Jam,Sunny,45.07
0.7416,-0.5,0.866025,0.781831,0.62349,3,2,10,7,0.2222,1,206.04,7,van,Medium,Sunny,2.97
7.0768,-0.258819,-0.965926,0.974928,-0.222521,7,0,10,9,0.0,1,148.58,3,car,Medium,Windy,90.0
0.9136,-0.965926,-0.258819,0.974928,-0.222521,6,4,13,8,0.3333,0,165.41,9,van,Normal,Sunny,14.8
0.6132,0.5,-0.866025,0.0,1.0,8,1,15,13,0.0714,0,132.16,8,van,Low,Windy,22.49
2.4327,0.258819,-0.965926,0.974928,-0.222521,12,6,13,6,0.5,0,178.66,7,car,Jam,Sunny,75.46
2.4697,-0.965926,0.258819,-0.781831,0.62349,8,3,4,0,1.0,1,128.02,6,car,Medium,Rainy,52.94
4.2286,-0.965926,-0.258819,0.974928,-0.222521,9,3,8,4,0.4286,1,166.62,2,motorcycle,Medium,Windy,78.93
6.8996,0.707107,-0.707107,-0.974928,-0.222521,4,1,9,7,0.125,0,196.1,1,van,Medium,Sunny,90.0
1.5357,1.0,0.0,0.974928,-0.222521,2,6,11,4,0.6,1,263.02,2,car,High,Sandstorm,32.74
0.8404,-0.965926,0.258819,0.0,1.0,2,11,15,3,0.7857,0,54.54,0,van,Normal,Sunny,6.36
0.1814,0.965926,-0.258819,-0.974928,-0.222521,4,6,8,1,0.8571,1,48.07,7,car,High,Rainy,2.63
0.4534,1.0,0.0,-0.781831,0.62349,7,3,7,3,0.5,0,179.23,2,car,High,Windy,3.68
1.3473,0.258819,-0.965926,0.781831,0.62349,1,5,14,8,0.3846,0,170.99,4,car,High,Sunny,27.94
0.3599,-0.707107,0.707107,0.781831,0.62349,4,6,12,5,0.5455,1,202.99,6,car,Low,Windy,1.0
0.2452,-0.866025,-0.5,-0.781831,0.62349,8,1,8,6,0.1429,0,220.82,7,van,Normal,Sunny,1.0
1.1765,1.0,0.0,0.0,1.0,11,1,15,13,0.0714,0,98.68,5,car,Medium,Rainy,16.31
2.3116,-0.707107,0.707107,-0.781831,0.62349,12,4,6,1,0.8,1,233.18,7,van,High,Rainy,45.89
0.8745,-0.707107,0.707107,0.781831,0.62349,3,0,6,5,0.0,0,178.44,1,car,Jam,Windy,16.26
2.5908,-0.965926,-0.258819,-0.781831,0.62349,2,2,3,0,1.0,0,178.52,2,van,Medium,Sunny,85.03
1.9853,0.965926,-0.258819,-0.781831,0.62349,7,2,4,1,0.6667,0,213.81,7,van,Normal,Windy,24.95
3.2929,1.0,0.0,0.781831,0.62349,12,6,14,7,0.4615,1,220.36,7,van,Normal,Sunny,39.76
8.7126,-0.866025,0.5,0.781831,0.62349,6,1,3,1,0.5,0,222.08,6,van,Medium,Sunny,90.0
13.2411,-0.965926,0.258819,0.0,1.0,11,11,12,0,1.0,0,299.02,9,motorcycle,Normal,Rainy,90.0
2.2146,-0.866025,0.5,-0.974928,-0.222521,9,2,3,0,1.0,0,179.82,9,van,Medium,Sunny,53.28
0.714,-0.5,-0.866025,0.974928,-0.222521,11,0,5,4,0.0,1,338.77,0,van,High,Sunny,12.88
1.172,-0.866025,-0.5,-0.433884,-0.900969,12,6,7,0,1.0,1,340.71,5,van,Normal,Sunny,28.74
4.9263,0.866025,-0.5,-0.433884,-0.900969,2,0,5,4,0.0,0,120.73,9,car,Normal,Foggy,90.0
0.473,1.0,0.0,0.433884,-0.900969,5,3,4,0,1.0,0,317.25,3,car,Low,Rainy,1.0
4.3723,0.707107,-0.707107,0.781831,0.62349,1,6,15,8,0.4286,0,151.54,0,car,Normal,Sunny,63.39
0.9404,-0.866025,-0.5,0.974928,-0.222521,1,3,8,4,0.4286,0,350.75,1,car,Medium,Sunny,16.17
1.3713,0.0,-1.0,0.433884,-0.900969,6,4,8,3,0.5714,0,333.86,7,car,Normal,Sandstorm,30.58
0.5131,-0.866025,-0.5,0.0,1.0,8,5,12,6,0.4545,0,158.22,9,car,Normal,Sunny,23.68
0.3143,-0.258819,-0.965926,0.974928,-0.222521,11,1,14,12,0.0769,0,125.8,7,van,Normal,Foggy,22.03
0.848,-0.707107,-0.707107,-0.433884,-0.900969,2,0,6,5,0.0,0,246.97,0,car,Low,Rainy,22.72
3.8109,-0.5,0.866025,0.974928,-0.222521,1,5,8,2,0.7143,0,132.32,4,motorcycle,Medium,Sandstorm,28.68
0.5673,-0.866025,-0.5,0.974928,-0.222521,2,6,9,2,0.75,1,237.73,3,car,Medium,Sunny,5.79
5.1136,-0.5,0.866025,-0.974928,-0.222521,12,2,6,3,0.4,0,151.68,9,van,Medium,Windy,89.43
0.6413,-0.5,0.866025,0.433884,-0.900969,8,1,4,2,0.3333,1,180.68,5,car,Medium,Foggy,20.51
0.4006,-0.866025,-0.5,-0.974928,-0.222521,6,5,14,8,0.3846,0,136.34,2,car,Normal,Sunny,13.41
1.4063,-0.5,0.866025,0.0,1.0,2,10,12,1,0.9091,0,286.81,5,car,Medium,Rainy,23.59
2.1067,0.5,-0.866025,-0.781831,0.62349,5,0,11,10,0.0,0,216.49,7,van,Low,Sunny,29.76
1.3214,-0.5,-0.866025,-0.974928,-0.222521,2,4,7,2,0.6667,0,245.97,5,car,Jam,Foggy,58.78
1.2756,0.965926,-0.258819,-0.974928,-0.222521,1,3,11,7,0.3,0,295.53,4,motorcycle,Low,Windy,1.99
5.0673,0.965926,-0.258819,-0.433884,-0.900969,6,0,4,3,0.0,1,286.64,7,car,Medium,Sunny,57.99
1.2095,0.866025,-0.5,0.433884,-0.900969,7,0,4,3,0.0,0,183.43,3,van,Low,Sunny,25.47
0.7069,0.866025,-0.5,0.433884,-0.900969,6,6,15,8,0.4286,0,91.52,1,car,High,Sunny,14.89
0.3767,0.0,-1.0,-0.433884,-0.900969,11,0,5,4,0.0,1,130.82,8,van,Normal,Sunny,1.0
3.706,-1.0,-0.0,0.433884,-0.900969,11,8,13,4,0.6667,1,198.73,7,car,Jam,Rainy,90.0
0.7376,-0.5,0.866025,-0.974928,-0.222521,2,1,6,4,0.2,0,85.95,7,car,Low,Sunny,1.0
0.8092,-0.5,0.866025,0.974928,-0.222521,4,9,11,1,0.9,0,281.1,8,car,High,Foggy,17.73
3.002,0.707107,-0.707107,-0.974928,-0.222521,7,1,10,8,0.1111,0,82.57,7,car,Medium,Sunny,58.17
7.7791,-0.258819,-0.965926,0.974928,-0.222521,5,4,12,7,0.3636,0,120.67,0,car,Normal,Windy,90.0
1.4032,-0.258819,-0.965926,0.433884,-0.900969,6,5,15,9,0.3571,0,227.79,8,motorcycle,Normal,Foggy,20.77
0.9703,0.965926,-0.258819,0.0,1.0,9,5,8,2,0.7143,1,251.17,0,car,Normal,Windy,19.97
1.0993,1.0,0.0,-0.781831,0.62349,3,4,14,9,0.3077,0,142.07,6,car,High,Rainy,15.65
0.7169,0.0,-1.0,-0.433884,-0.900969,10,1,6,4,0.2,0,272.05,9,motorcycle,High,Foggy,1.52
0.7882,-0.866025,0.5,0.781831,0.62349,4,6,15,8,0.4286,0,324.71,4,car,Normal,Windy,6.35
0.7922,0.0,-1.0,0.0,1.0,5,8,9,0,1.0,1,59.18,3,car,Normal,Sandstorm,18.95
2.6253,0.0,-1.0,-0.974928,-0.222521,3,10,13,2,0.8333,0,329.72,9,van,Normal,Sunny,48.59
1.0164,-0.5,0.866025,0.0,1.0,8,7,13,5,0.5833,0,193.71,4,motorcycle,Normal,Sunny,15.23
4.0203,0.0,-1.0,0.433884,-0.900969,9,10,11,0,1.0,0,161.58,9,van,Medium,Sunny,90.0
0.9896,-0.965926,-0.258819,0.0,1.0,8,11,15,3,0.7857,1,286.5,3,car,Normal,Sandstorm,14.82
0.7798,-0.5,0.866025,-0.433884,-0.900969,6,8,11,2,0.8,1,282.27,1,motorcycle,Normal,Windy,8.69
3.721,0.866025,-0.5,0.781831,0.62349,4,3,10,6,0.3333,0,245.71,5,car,High,Windy,90.0
1.128,-0.5,-0.866025,0.974928,-0.222521,9,2,6,3,0.4,0,147.06,3,motorcycle,High,Rainy,28.47
0.9801,0.258819,-0.965926,0.433884,-0.900969,2,6,7,0,1.0,1,96.22,7,motorcycle,High,Sunny,6.11
1.141,0.866025,-0.5,0.974928,-0.222521,4,2,3,0,1.0,0,129.73,2,motorcycle,Low,Foggy,6.68
4.4518,1.0,0.0,-0.433884,-0.900969,9,8,12,3,0.7273,1,206.38,7,car,Jam,Sunny,90.0
1.4781,-0.965926,-0.258819,0.433884,-0.900969,9,0,10,9,0.0,0,203.03,3,car,Medium,Sunny,44.65
3.6219,-0.965926,-0.258819,0.974928,-0.222521,4,1,12,10,0.0909,1,332.62,3,van,Medium,Windy,90.0
0.8844,-0.707107,-0.707107,0.974928,-0.222521,5,5,11,5,0.5,1,164.4,7,van,Low,Sunny,20.05
3.111,-0.965926,-0.258819,0.974928,-0.222521,4,3,6,2,0.6,1,239.99,2,van,High,Windy,90.0
1.3851,-1.0,-0.0,0.974928,-0.222521,11,9,15,5,0.6429,0,237.62,2,motorcycle,Medium,Sandstorm,30.21
2.556,1.0,0.0,-0.433884,-0.900969,7,2,8,5,0.2857,0,263.41,5,van,High,Sandstorm,90.0
2.7685,1.0,0.0,-0.974928,-0.222521,2,9,12,2,0.8182,1,356.93,3,car,Medium,Sunny,39.6
0.4518,0.258819,-0.965926,-0.433884,-0.900969,2,3,4,0,1.0,0,288.73,3,car,High,Sunny,4.96
1.1834,-0.707107,-0.707107,0.0,1.0,1,2,10,7,0.2222,0,14.27,3,car,Medium,Sunny,22.68
2.7438,-0.707107,0.707107,-0.974928,-0.222521,3,6,8,1,0.8571,0,292.18,6,car,Jam,Sunny,52.97
3.192,-0.5,0.866025,-0.974928,-0.222521,3,2,15,12,0.1429,0,359.96,3,car,Normal,Sunny,20.26
3.6356,-0.866025,0.5,-0.974928,-0.222521,6,5,12,6,0.4545,0,13.65,6,motorcycle,Normal,Sunny,27.18
1.2208,0.5,-0.866025,0.0,1.0,9,13,15,1,0.9286,1,214.99,2,van,High,Sandstorm,62.38
4.7741,-0.707107,-0.707107,-0.974928,-0.222521,11,2,7,4,0.3333,0,215.79,8,van,Medium,Rainy,90.0
0.5919,0.965926,-0.258819,0.433884,-0.900969,7,7,11,3,0.7,0,188.97,9,car,Medium,Sandstorm,3.16
0.2671,-0.5,-0.866025,-0.974928,-0.222521,10,9,11,1,0.9,0,315.11,0,van,High,Sunny,3.54
0.849,0.965926,-0.258819,-0.974928,-0.222521,8,2,6,3,0.4,0,293.16,1,motorcycle,Medium,Sunny,5.73
3.442,-0.5,0.866025,-0.781831,0.62349,4,5,7,1,0.8333,0,61.94,1,motorcycle,High,Sunny,29.06
0.3938,-0.258819,-0.965926,0.0,1.0,8,7,11,3,0.7,0,37.08,1,van,Normal,Sunny,2.57
0.2735,-1.0,-0.0,0.433884,-0.900969,4,2,4,1,0.6667,0,59.97,7,motorcycle,High,Sunny,13.29
0.2156,0.965926,-0.258819,-0.974928,-0.222521,4,0,8,7,0.0,0,319.22,2,van,Normal,Rainy,14.72
2.2236,-0.5,0.866025,-0.433884,-0.900969,12,8,12,3,0.7273,0,35.43,5,car,Medium,Windy,22.27
0.2794,-0.5,-0.866025,-0.974928,-0.222521,11,4,13,8,0.3333,0,232.62,2,motorcycle,High,Sunny,1.0
1.8619,0.965926,-0.258819,-0.974928,-0.222521,8,2,10,7,0.2222,1,245.98,0,car,Normal,Windy,21.19
0.8092,0.0,-1.0,0.0,1.0,8,10,11,0,1.0,0,78.52,0,car,Normal,Foggy,14.13
0.5315,0.707107,-0.707107,0.781831,0.62349,9,4,13,8,0.3333,0,82.72,9,car,Normal,Sunny,14.06
0.4279,0.965926,-0.258819,-0.433884,-0.900969,10,2,6,3,0.4,1,300.86,5,van,Medium,Sandstorm,7.8
1.3444,1.0,0.0,0.974928,-0.222521,1,10,11,0,1.0,0,151.23,6,van,Medium,Sunny,21.52
0.5399,-1.0,-0.0,0.974928,-0.222521,5,3,12,8,0.2727,1,179.81,1,van,Normal,Sunny,32.67
1.1,-0.866025,0.5,-0.781831,0.62349,2,9,13,3,0.75,1,142.98,4,car,High,Rainy,13.99
1.6182,-0.965926,-0.258819,0.0,1.0,7,5,10,4,0.5556,0,65.95,6,car,Normal,Sunny,35.68
1.9779,-0.965926,-0.258819,0.433884,-0.900969,4,0,5,4,0.0,1,158.14,7,motorcycle,Medium,Windy,47.1
2.6848,1.0,0.0,0.974928,-0.222521,4,1,3,1,0.5,0,96.95,6,car,Medium,Sunny,35.52
1.2924,0.707107,-0.707107,0.0,1.0,11,4,10,5,0.4444,0,108.06,5,motorcycle,Low,Windy,15.2
0.4076,1.0,0.0,0.974928,-0.222521,3,4,6,1,0.8,1,72.62,6,car,Low,Windy,1.0
1.7202,-0.5,0.866025,0.974928,-0.222521,11,2,7,4,0.3333,1,225.55,3,van,Jam,Rainy,56.41
2.0614,-1.0,-0.0,0.433884,-0.900969,6,2,9,6,0.25,1,103.27,6,van,Medium,Sandstorm,90.0
0.9301,-0.5,0.866025,0.781831,0.62349,3,2,12,9,0.1818,0,59.64,2,motorcycle,Low,Windy,5.2
0.8407,-0.707107,0.707107,-0.974928,-0.222521,2,3,7,3,0.5,0,291.03,7,car,High,Sunny,12.02
11.6048,0.707107,-0.707107,0.974928,-0.222521,9,9,10,0,1.0,0,207.31,4,motorcycle,Medium,Sunny,90.0
0.3236,-0.5,-0.866025,-0.433884,-0.900969,11,4,9,4,0.5,1,309.2,5,van,Low,Windy,10.28
1.7665,-0.866025,-0.5,0.433884,-0.900969,11,0,3,2,0.0,0,281.32,4,van,Medium,Sunny,60.46
2.9854,-1.0,-0.0,0.433884,-0.900969,3,9,11,1,0.9,0,133.85,5,van,Medium,Sunny,86.11
0.7992,-0.965926,-0.258819,0.433884,-0.900969,11,2,9,6,0.25,0,202.2,7,car,Normal,Foggy,1.0
0.9417,-0.258819,-0.965926,0.974928,-0.222521,3,2,5,2,0.5,0,355.32,2,car,High,Sunny,24.58
0.7547,1.0,0.0,0.433884,-0.900969,6,10,12,1,0.9091,1,128.89,4,car,Normal,Sunny,8.28
1.1054,-0.707107,0.707107,0.433884,-0.900969,1,0,4,3,0.0,1,86.22,4,car,Normal,Rainy,16.61
2.5974,-0.965926,-0.258819,0.0,1.0,4,0,6,5,0.0,0,58.74,0,van,Normal,Sunny,63.84
0.9155,-0.866025,0.5,-0.974928,-0.222521,4,1,6,4,0.2,0,338.37,8,car,High,Windy,18.87
15.0,0.707107,-0.707107,0.433884,-0.900969,12,4,11,6,0.4,0,89.85,6,car,High,Sunny,90.0
0.7189,0.965926,-0.258819,0.974928,-0.222521,4,12,15,2,0.8571,1,333.94,0,car,Jam,Sunny,10.73
4.0904,-0.707107,0.707107,0.0,1.0,4,8,13,4,0.6667,0,213.06,0,car,Normal,Windy,20.78
1.8529,-0.965926,0.258819,0.974928,-0.222521,4,3,4,0,1.0,0,212.43,9,car,High,Sunny,27.76
1.2251,-0.866025,0.5,0.974928,-0.222521,4,1,3,1,0.5,0,144.08,8,van,Medium,Windy,16.51
4.4693,-0.258819,-0.965926,-0.974928,-0.222521,7,5,13,7,0.4167,0,142.54,7,car,Normal,Sunny,59.09
0.2417,-0.707107,0.707107,-0.433884,-0.900969,3,4,10,5,0.4444,0,115.48,7,motorcycle,Low,Sunny,1.0
1.6552,0.707107,-0.707107,0.974928,-0.222521,4,0,7,6,0.0,0,262.59,8,car,High,Sunny,41.98
0.5596,-1.0,-0.0,0.0,1.0,7,7,14,6,0.5385,0,265.95,5,car,Normal,Sunny,25.28
0.7304,-0.5,-0.866025,0.781831,0.62349,10,1,5,3,0.25,1,191.24,0,motorcycle,Medium,Sunny,6.89
0.6985,0.866025,-0.5,-0.781831,0.62349,2,3,4,0,1.0,1,161.62,4,car,Medium,Sandstorm,19.54
0.4424,-1.0,-0.0,0.0,1.0,5,6,9,2,0.75,1,228.83,3,car,Low,Sunny,5.68
0.2299,0.0,-1.0,-0.433884,-0.900969,7,5,6,0,1.0,0,176.91,1,motorcycle,Jam,Sunny,7.3
1.5989,0.866025,-0.5,0.433884,-0.900969,12,1,6,4,0.2,0,296.7,8,motorcycle,High,Sunny,28.22
1.0381,-1.0,-0.0,0.781831,0.62349,12,1,11,9,0.1,1,23.45,6,van,Medium,Sunny,30.88
0.8306,-0.965926,0.258819,-0.781831,0.62349,11,2,6,3,0.4,0,324.94,9,car,Medium,Sunny,7.28
2.2733,0.258819,-0.965926,0.974928,-0.222521,7,5,10,4,0.5556,0,188.82,1,van,Medium,Rainy,39.49
1.6978,-0.5,0.866025,-0.433884,-0.900969,2,5,10,4,0.5556,0,183.32,9,motorcycle,High,Windy,28.04
0.8577,-1.0,-0.0,0.0,1.0,12,8,13,4,0.6667,1,140.75,6,motorcycle,Normal,Windy,4.84
15.0,1.0,0.0,-0.781831,0.62349,8,12,15,2,0.8571,0,191.62,5,car,Medium,Sunny,90.0
2.9069,0.258819,-0.965926,0.0,1.0,11,3,11,7,0.3,0,79.32,1,car,Normal,Sunny,25.59
11.2747,-0.5,0.866025,0.974928,-0.222521,12,1,6,4,0.2,0,179.03,6,car,Medium,Sandstorm,90.0
0.7451,0.707107,-0.707107,-0.781831,0.62349,10,2,10,7,0.2222,0,143.36,5,car,Medium,Sunny,30.81
1.401,-0.5,0.866025,-0.433884,-0.900969,6,3,9,5,0.375,1,105.84,7,van,Normal,Windy,4.9
0.3408,-0.5,-0.866025,-0.433884,-0.900969,8,4,8,3,0.5714,0,76.39,1,car,Jam,Foggy,1.0
0.8074,-0.965926,-0.258819,0.974928,-0.222521,9,5,7,1,0.8333,0,309.68,6,car,Low,Sunny,1.0
0.6346,-0.965926,-0.258819,-0.974928,-0.222521,11,1,4,2,0.3333,1,306.06,0,car,Low,Sandstorm,9.53
15.0,-0.5,-0.866025,-0.781831,0.62349,3,2,6,3,0.4,0,174.64,0,car,Normal,Sunny,90.0
0.5724,-0.5,-0.866025,-0.433884,-0.900969,7,9,10,0,1.0,1,83.33,4,car,Medium,Sunny,3.51
0.8849,-0.707107,-0.707107,0.781831,0.62349,8,1,3,1,0.5,0,162.14,1,car,Normal,Sunny,1.0
0.2778,-0.866025,-0.5,-0.781831,0.62349,3,0,5,4,0.0,0,333.23,7,car,Medium,Windy,15.44
1.835,-1.0,-0.0,0.0,1.0,5,3,10,6,0.3333,0,280.58,4,motorcycle,High,Sunny,44.18
0.4699,-0.258819,-0.965926,-0.781831,0.62349,12,0,15,14,0.0,0,290.72,2,car,Low,Windy,1.0
2.6449,-0.258819,-0.965926,0.0,1.0,1,1,5,3,0.25,0,252.99,2,van,Jam,Windy,90.0
0.2021,-0.965926,0.258819,0.0,1.0,7,3,4,0,1.0,1,260.64,4,car,Normal,Sunny,1.0
0.9846,-1.0,-0.0,0.0,1.0,8,5,7,1,0.8333,0,53.87,5,car,Medium,Sunny,27.41
0.1914,-0.965926,-0.258819,0.781831,0.62349,11,2,3,0,1.0,1,124.86,7,car,Normal,Windy,12.23
0.6935,-0.258819,-0.965926,-0.974928,-0.222521,4,4,14,9,0.3077,0,299.51,5,car,High,Sunny,14.02
0.8413,-0.707107,-0.707107,0.974928,-0.222521,5,5,13,7,0.4167,1,63.82,5,car,High,Rainy,26.01
0.6256,-0.707107,-0.707107,0.0,1.0,1,3,4,0,1.0,0,27.06,6,car,Normal,Sunny,6.38
0.6871,-0.258819,-0.965926,0.974928,-0.222521,5,3,4,0,1.0,0,304.71,5,van,Normal,Foggy,18.15
2.7804,0.707107,-0.707107,-0.781831,0.62349,12,1,10,8,0.1111,0,281.07,3,car,Normal,Sunny,51.66
8.721,-0.707107,-0.707107,0.433884,-0.900969,10,6,8,1,0.8571,0,56.93,2,car,Low,Sunny,90.0
1.5255,-0.258819,-0.965926,-0.974928,-0.222521,6,1,12,10,0.0909,0,190.12,5,van,Jam,Windy,72.03
0.4882,1.0,0.0,0.781831,0.62349,8,3,15,11,0.2143,0,15.01,1,car,Medium,Sunny,13.07
1.1745,-0.5,0.866025,0.433884,-0.900969,12,3,7,3,0.5,1,53.47,2,car,Medium,Sunny,24.12
0.7893,-0.965926,-0.258819,-0.974928,-0.222521,6,8,13,4,0.6667,0,92.62,1,car,Jam,Sunny,32.43
2.5726,0.965926,-0.258819,-0.433884,-0.900969,4,5,7,1,0.8333,1,253.44,4,car,High,Windy,52.71
1.4528,0.707107,-0.707107,0.0,1.0,11,4,6,1,0.8,0,109.78,9,car,High,Sunny,34.17
0.2469,-0.707107,-0.707107,-0.433884,-0.900969,11,4,15,10,0.2857,0,291.77,8,motorcycle,Normal,Sunny,3.83
3.1363,-0.866025,0.5,-0.974928,-0.222521,7,2,6,3,0.4,0,8.48,0,motorcycle,Normal,Sunny,17.68
2.769,-0.5,-0.866025,0.0,1.0,1,2,4,1,0.6667,1,1.56,8,motorcycle,Normal,Sunny,33.53
4.5735,-0.965926,0.258819,0.974928,-0.222521,1,9,10,0,1.0,0,107.93,1,car,Normal,Foggy,69.45
0.6766,0.866025,-0.5,-0.433884,-0.900969,2,8,10,1,0.8889,0,263.14,9,car,Normal,Sunny,24.75
1.471,-0.5,-0.866025,0.0,1.0,9,8,9,0,1.0,0,342.55,2,car,Normal,Sunny,11.57
0.3586,-0.866025,0.5,-0.433884,-0.900969,3,2,4,1,0.6667,1,113.56,1,car,Normal,Sunny,20.47
1.0527,-0.866025,0.5,-0.974928,-0.222521,1,1,4,2,0.3333,0,200.49,7,car,Medium,Sunny,16.68
1.6115,0.5,-0.866025,0.433884,-0.900969,9,9,12,2,0.8182,0,14.89,8,car,Normal,Foggy,31.24
0.604,-0.965926,-0.258819,0.433884,-0.900969,6,0,5,4,0.0,0,0.45,3,car,Normal,Sunny,20.69
1.5299,1.0,0.0,0.0,1.0,7,5,6,0,1.0,0,5.67,5,car,Normal,Windy,9.78
1.2964,0.866025,-0.5,-0.974928,-0.222521,3,11,13,1,0.9167,1,35.04,7,car,Medium,Sunny,26.93
0.7208,-0.707107,0.707107,-0.781831,0.62349,3,3,7,3,0.5,0,314.77,8,van,High,Windy,13.6
4.1687,-1.0,-0.0,-0.781831,0.62349,3,3,7,3,0.5,1,230.9,4,car,High,Sunny,90.0
0.8845,0.707107,-0.707107,0.433884,-0.900969,8,7,14,6,0.5385,0,323.39,7,motorcycle,Normal,Sunny,6.86
1.2538,-0.5,0.866025,0.0,1.0,12,1,13,11,0.0833,1,300.56,7,car,Low,Sunny,2.92
0.2743,-0.5,0.866025,0.974928,-0.222521,11,2,12,9,0.1818,0,275.43,7,van,Normal,Sunny,1.0
1.8098,1.0,0.0,0.781831,0.62349,2,3,5,1,0.75,0,127.33,8,car,Normal,Foggy,22.36
0.7025,1.0,0.0,0.0,1.0,9,0,6,5,0.0,1,48.25,8,car,Normal,Sandstorm,10.85
2.7438,0.5,-0.866025,0.0,1.0,10,6,10,3,0.6667,0,37.21,4,car,Jam,Sunny,90.0
0.318,-0.965926,0.258819,-0.433884,-0.900969,1,3,13,9,0.25,1,9.0,3,car,Normal,Sunny,1.0
1.6639,-0.866025,-0.5,0.0,1.0,8,1,9,7,0.125,1,64.0,9,van,Normal,Windy,49.42
0.139,-0.5,-0.866025,0.0,1.0,6,7,12,4,0.6364,0,6.89,4,car,High,Sunny,1.0
1.9839,-0.258819,-0.965926,-0.781831,0.62349,3,1,7,5,0.1667,1,247.61,9,car,Medium,Sunny,32.41
0.9361,-0.5,-0.866025,-0.433884,-0.900969,10,3,7,3,0.5,1,139.98,9,motorcycle,Low,Windy,1.0
1.6151,-0.866025,-0.5,-0.974928,-0.222521,12,8,10,1,0.8889,0,190.14,0,car,Normal,Sunny,28.79
0.6249,0.965926,-0.258819,0.781831,0.62349,8,6,10,3,0.6667,1,172.38,1,van,Jam,Sunny,20.3
0.4485,-0.707107,-0.707107,0.974928,-0.222521,3,3,4,0,1.0,0,102.04,5,van,Normal,Sunny,9.05
0.7314,0.707107,-0.707107,-0.433884,-0.900969,6,3,8,4,0.4286,0,41.23,0,car,Medium,Sunny,19.71
1.3263,-0.965926,0.258819,-0.433884,-0.900969,7,5,14,8,0.3846,0,195.23,6,car,High,Windy,31.91
1.9112,0.707107,-0.707107,0.974928,-0.222521,11,6,9,2,0.75,0,310.95,0,car,Normal,Windy,44.33
1.475,0.965926,-0.258819,-0.781831,0.62349,10,1,12,10,0.0909,0,269.89,8,van,High,Foggy,42.94
0.4539,-0.258819,-0.965926,-0.433884,-0.900969,9,11,13,1,0.9167,1,335.33,4,car,Normal,Sunny,11.5
6.3331,-0.258819,-0.965926,0.781831,0.62349,10,2,6,3,0.4,0,128.15,6,car,Normal,Windy,90.0
1.5161,-0.5,-0.866025,0.0,1.0,9,2,6,3,0.4,0,304.45,4,car,Normal,Rainy,20.16
0.6119,-0.866025,0.5,0.0,1.0,4,5,10,4,0.5556,0,260.12,6,motorcycle,Jam,Windy,26.64
1.6537,-0.965926,-0.258819,-0.974928,-0.222521,2,0,9,8,0.0,0,339.48,6,van,Normal,Foggy,44.9
1.4094,0.0,-1.0,-0.974928,-0.222521,11,4,14,9,0.3077,0,103.6,2,motorcycle,Normal,Foggy,18.4
0.9356,-1.0,-0.0,0.433884,-0.900969,7,0,5,4,0.0,1,289.31,8,van,Jam,Sandstorm,77.89
0.8368,-0.5,-0.866025,-0.974928,-0.222521,12,4,8,3,0.5714,0,182.94,8,van,Normal,Foggy,6.11
2.8169,0.707107,-0.707107,-0.781831,0.62349,9,2,3,0,1.0,1,157.23,3,car,High,Windy,90.0
5.7056,1.0,0.0,0.781831,0.62349,6,0,7,6,0.0,0,167.67,0,motorcycle,Medium,Sunny,57.67
0.1597,1.0,0.0,-0.781831,0.62349,8,0,10,9,0.0,0,155.73,4,van,Medium,Rainy,7.11
3.5573,0.707107,-0.707107,0.433884,-0.900969,8,10,13,2,0.8333,0,315.74,6,car,High,Sandstorm,90.0
1.1263,-0.965926,0.258819,0.433884,-0.900969,12,4,13,8,0.3333,1,339.99,7,van,High,Sunny,30.85
1.3838,-0.258819,-0.965926,0.781831,0.62349,5,2,3,0,1.0,1,238.68,2,van,Normal,Sunny,25.64
3.9911,-0.258819,-0.965926,-0.433884,-0.900969,5,9,14,4,0.6923,1,69.4,4,car,Jam,Sunny,90.0
0.0887,0.0,-1.0,-0.433884,-0.900969,5,8,11,2,0.8,0,151.38,7,car,Jam,Rainy,1.0
2.3966,0.5,-0.866025,0.0,1.0,2,1,5,3,0.25,0,128.01,5,car,High,Sunny,63.25
3.7373,-1.0,-0.0,-0.433884,-0.900969,6,1,5,3,0.25,1,241.55,7,motorcycle,Medium,Sunny,60.61
0.5745,1.0,0.0,0.0,1.0,6,9,13,3,0.75,0,25.32,6,car,Medium,Sunny,8.82
0.294,-0.866025,-0.5,0.781831,0.62349,3,7,12,4,0.6364,0,235.49,1,motorcycle,Medium,Sunny,15.89
5.2484,-0.707107,0.707107,-0.433884,-0.900969,10,2,5,2,0.5,0,168.05,2,car,Low,Foggy,45.3
0.2083,-0.866025,0.5,-0.974928,-0.222521,9,2,8,5,0.2857,1,93.98,7,van,Medium,Sunny,1.0
1.645,0.0,-1.0,0.0,1.0,3,8,14,5,0.6154,1,22.87,7,car,Medium,Sunny,27.87
2.9211,-0.866025,0.5,0.433884,-0.900969,2,1,3,1,0.5,1,19.07,8,motorcycle,Medium,Sunny,41.17
1.6109,0.5,-0.866025,0.781831,0.62349,8,8,9,0,1.0,1,321.18,2,car,Normal,Sandstorm,20.67
1.8897,0.5,-0.866025,-0.433884,-0.900969,1,9,14,4,0.6923,1,207.62,0,car,Medium,Windy,39.97
0.8592,0.258819,-0.965926,-0.974928,-0.222521,2,1,3,1,0.5,0,198.57,2,car,Medium,Sunny,1.57
1.7153,1.0,0.0,-0.433884,-0.900969,6,8,10,1,0.8889,0,6.3,4,car,Medium,Sunny,43.54
0.5638,0.5,-0.866025,-0.974928,-0.222521,12,0,10,9,0.0,1,277.56,1,car,Jam,Rainy,32.78
0.6376,-0.866025,0.5,0.433884,-0.900969,1,5,7,1,0.8333,0,75.83,1,van,High,Sandstorm,18.02
1.1431,-1.0,-0.0,-0.433884,-0.900969,7,4,10,5,0.4444,0,138.03,1,motorcycle,Low,Windy,11.04
0.2559,0.258819,-0.965926,0.974928,-0.222521,7,2,12,9,0.1818,1,232.78,1,van,Low,Sunny,1.0
1.9121,0.258819,-0.965926,-0.781831,0.62349,4,4,6,1,0.8,1,48.43,3,van,Medium,Foggy,61.89
0.1047,0.258819,-0.965926,0.781831,0.62349,7,5,9,3,0.625,1,286.81,8,car,Medium,Windy,1.0
1.56,0.866025,-0.5,-0.781831,0.62349,8,0,9,8,0.0,0,300.7,3,motorcycle,High,Sunny,34.26
1.7058,0.866025,-0.5,-0.974928,-0.222521,2,0,3,2,0.0,0,187.02,2,motorcycle,Normal,Foggy,24.52
0.5195,-0.5,0.866025,-0.781831,0.62349,12,2,5,2,0.5,1,131.55,5,car,Low,Rainy,1.0
0.3422,-0.965926,-0.258819,-0.433884,-0.900969,3,6,11,4,0.6,1,90.68,6,motorcycle,Normal,Windy,2.74
0.7499,-0.965926,-0.258819,0.974928,-0.222521,5,7,9,1,0.875,1,260.63,3,car,High,Sandstorm,17.37
2.0293,0.5,-0.866025,0.781831,0.62349,1,5,15,9,0.3571,1,122.6,0,motorcycle,Jam,Sunny,72.24
1.5348,-0.866025,0.5,0.781831,0.62349,8,11,14,2,0.8462,0,291.43,2,motorcycle,High,Sunny,21.37
0.3844,0.707107,-0.707107,-0.781831,0.62349,8,3,5,1,0.75,0,263.68,0,van,Medium,Sunny,18.19
1.2219,-0.5,0.866025,0.0,1.0,2,5,15,9,0.3571,0,127.05,1,car,High,Sunny,13.15
1.4174,-0.5,-0.866025,-0.974928,-0.222521,4,13,14,0,1.0,0,82.4,6,van,Low,Sunny,25.94
1.3615,0.258819,-0.965926,-0.433884,-0.900969,10,7,8,0,1.0,1,128.79,1,car,Medium,Sunny,19.32
0.4329,-1.0,-0.0,0.0,1.0,9,3,11,7,0.3,1,123.23,3,van,Jam,Rainy,39.39
1.2814,-0.258819,-0.965926,-0.781831,0.62349,4,3,6,2,0.6,0,344.4,3,car,Normal,Sunny,21.59
2.6428,0.5,-0.866025,0.781831,0.62349,8,3,4,0,1.0,0,225.83,8,van,Jam,Sandstorm,90.0
1.8406,-0.965926,-0.258819,0.781831,0.62349,9,3,6,2,0.6,0,236.72,1,motorcycle,Normal,Sunny,31.75
1.6338,-1.0,-0.0,0.433884,-0.900969,5,8,12,3,0.7273,0,102.08,0,car,Normal,Sunny,62.23
5.2622,-0.866025,-0.5,0.0,1.0,3,7,10,2,0.7778,0,131.14,5,car,Medium,Sunny,90.0
1.2962,-0.258819,-0.965926,0.0,1.0,1,4,8,3,0.5714,0,167.82,6,van,Jam,Sunny,58.31
0.4967,0.258819,-0.965926,-0.433884,-0.900969,12,3,9,5,0.375,0,351.62,5,car,Normal,Sunny,1.0
0.4982,0.0,-1.0,-0.781831,0.62349,4,6,13,6,0.5,0,240.33,7,car,High,Sunny,14.74
1.3063,-0.866025,0.5,0.0,1.0,10,9,12,2,0.8182,1,55.46,8,car,Normal,Windy,17.13
0.2821,0.0,-1.0,-0.433884,-0.900969,4,3,11,7,0.3,1,356.74,6,car,High,Sunny,22.01
0.8225,-0.5,0.866025,-0.433884,-0.900969,9,7,9,1,0.875,0,96.95,5,van,Medium,Sunny,9.66
1.7177,0.866025,-0.5,0.0,1.0,4,0,3,2,0.0,0,223.82,6,van,Normal,Sunny,45.5
3.3622,0.866025,-0.5,0.781831,0.62349,8,3,7,3,0.5,1,315.06,2,car,High,Sunny,76.36
0.2549,0.258819,-0.965926,0.433884,-0.900969,12,0,4,3,0.0,0,221.67,2,car,High,Sunny,6.01
1.2142,1.0,0.0,-0.433884,-0.900969,10,11,13,1,0.9167,0,333.33,3,car,Medium,Sunny,10.02
1.0358,-0.866025,0.5,0.781831,0.62349,2,4,7,2,0.6667,0,305.31,7,car,Normal,Windy,16.89
1.1453,0.258819,-0.965926,0.433884,-0.900969,7,0,6,5,0.0,1,12.6,8,van,Normal,Windy,27.68
1.2643,0.965926,-0.258819,0.433884,-0.900969,4,2,9,6,0.25,0,247.25,5,car,Jam,Rainy,35.76
1.0724,-0.866025,-0.5,-0.433884,-0.900969,3,4,9,4,0.5,0,259.51,6,van,Medium,Sandstorm,48.68
4.1479,-0.5,0.866025,0.781831,0.62349,10,7,15,7,0.5,1,133.85,7,motorcycle,High,Sunny,39.52
3.6031,-0.5,0.866025,-0.433884,-0.900969,12,0,5,4,0.0,1,327.43,2,van,Medium,Sunny,51.7
8.4666,0.965926,-0.258819,-0.974928,-0.222521,12,11,13,1,0.9167,0,288.33,1,van,High,Sunny,90.0
1.0941,-0.965926,0.258819,-0.433884,-0.900969,11,2,5,2,0.5,0,132.15,7,car,Normal,Windy,4.8
0.7481,0.0,-1.0,-0.974928,-0.222521,6,8,13,4,0.6667,1,80.31,1,car,Medium,Sunny,4.77
0.4407,-0.866025,0.5,0.781831,0.62349,7,6,9,2,0.75,1,76.53,1,car,Medium,Sunny,13.1
0.6747,-0.866025,-0.5,-0.781831,0.62349,7,1,10,8,0.1111,1,79.39,3,van,Normal,Foggy,14.99
2.1789,-1.0,-0.0,0.974928,-0.222521,9,4,12,7,0.3636,1,212.12,7,motorcycle,Normal,Sunny,38.35
2.5221,-0.866025,0.5,0.781831,0.62349,1,2,4,1,0.6667,0,231.4,3,car,Medium,Sunny,21.07
2.0996,-0.707107,0.707107,0.433884,-0.900969,10,10,13,2,0.8333,1,53.6,1,car,High,Rainy,41.9
0.5879,0.866025,-0.5,0.974928,-0.222521,10,2,12,9,0.1818,0,197.47,1,car,Medium,Sunny,12.16
0.5909,-1.0,-0.0,0.433884,-0.900969,12,1,5,3,0.25,0,90.1,2,van,Low,Sunny,9.46
7.0897,0.866025,-0.5,-0.974928,-0.222521,8,3,4,0,1.0,1,327.75,0,van,Jam,Sunny,90.0
0.5014,-0.5,0.866025,0.433884,-0.900969,6,4,12,7,0.3636,0,308.27,3,van,Normal,Sunny,1.0
4.2448,-0.866025,-0.5,0.974928,-0.222521,6,0,4,3,0.0,0,41.62,0,motorcycle,Normal,Foggy,77.44
1.6231,0.707107,-0.707107,-0.974928,-0.222521,8,4,10,5,0.4444,0,90.82,8,car,Jam,Windy,66.56
0.551,0.5,-0.866025,0.974928,-0.222521,4,0,6,5,0.0,1,340.03,0,van,High,Sunny,14.28
0.3587,-0.707107,0.707107,-0.781831,0.62349,10,7,12,4,0.6364,1,107.63,1,van,Jam,Sunny,27.28
0.5744,-0.866025,-0.5,-0.781831,0.62349,6,13,14,0,1.0,0,293.7,0,car,High,Sunny,14.63
1.6434,0.707107,-0.707107,0.433884,-0.900969,4,1,13,11,0.0833,0,18.17,2,motorcycle,Medium,Windy,19.74
0.4657,-0.965926,0.258819,-0.974928,-0.222521,9,3,12,8,0.2727,1,139.61,8,car,Normal,Sunny,11.58
4.8389,-1.0,-0.0,-0.433884,-0.900969,5,6,11,4,0.6,0,221.33,5,van,Normal,Sunny,90.0
0.9071,0.965926,-0.258819,-0.781831,0.62349,1,0,3,2,0.0,1,143.84,9,van,Jam,Windy,44.66
2.1499,0.5,-0.866025,0.433884,-0.900969,7,8,15,6,0.5714,1,284.63,6,motorcycle,High,Rainy,51.97
1.9912,-0.866025,0.5,0.974928,-0.222521,7,3,14,10,0.2308,0,352.77,4,van,Normal,Rainy,42.78
5.1593,0.258819,-0.965926,0.781831,0.62349,4,1,3,1,0.5,0,184.87,9,car,Normal,Sandstorm,90.0
0.729,1.0,0.0,-0.433884,-0.900969,1,4,13,8,0.3333,1,166.91,1,motorcycle,Normal,Sunny,1.0
1.2224,-0.866025,-0.5,-0.433884,-0.900969,6,3,4,0,1.0,0,253.62,1,van,Normal,Sandstorm,35.76
0.2919,-0.707107,0.707107,0.433884,-0.900969,10,8,10,1,0.8889,0,271.33,3,van,High,Rainy,1.0
1.219,-0.707107,-0.707107,0.974928,-0.222521,10,5,6,0,1.0,0,21.53,9,van,Low,Sunny,24.1
3.2642,-0.5,0.866025,0.433884,-0.900969,3,0,4,3,0.0,0,157.53,8,car,Medium,Sunny,34.82
1.3614,0.965926,-0.258819,0.433884,-0.900969,6,4,5,0,1.0,0,179.91,5,van,Jam,Sunny,61.15
9.9447,-0.965926,-0.258819,0.0,1.0,11,0,7,6,0.0,0,110.67,9,motorcycle,Medium,Foggy,90.0
1.8107,-0.965926,-0.258819,-0.433884,-0.900969,5,1,7,5,0.1667,0,273.27,6,car,Medium,Rainy,47.38
0.6614,-0.5,0.866025,-0.974928,-0.222521,6,5,6,0,1.0,0,319.31,2,car,Normal,Sandstorm,8.69
1.704,-0.5,-0.866025,0.974928,-0.222521,9,7,9,1,0.875,0,304.32,0,motorcycle,Low,Sunny,7.86
0.2752,-0.965926,0.258819,0.974928,-0.222521,6,3,11,7,0.3,0,228.16,0,van,Normal,Foggy,8.1
0.5174,0.866025,-0.5,0.0,1.0,11,7,9,1,0.875,0,285.91,8,motorcycle,Low,Sunny,6.16
0.3478,1.0,0.0,-0.433884,-0.900969,5,0,10,9,0.0,0,83.75,3,car,Normal,Sunny,8.11
1.1222,-1.0,-0.0,0.974928,-0.222521,6,2,8,5,0.2857,0,9.24,4,motorcycle,Normal,Windy,13.75
1.0434,1.0,0.0,-0.974928,-0.222521,7,0,6,5,0.0,0,184.84,3,car,Normal,Sandstorm,19.58
3.4724,-0.866025,0.5,-0.781831,0.62349,9,2,4,1,0.6667,0,147.6,0,van,Low,Rainy,48.71
1.0059,1.0,0.0,-0.974928,-0.222521,5,6,7,0,1.0,0,317.42,0,car,Jam,Sunny,24.82
0.4264,-0.965926,-0.258819,0.781831,0.62349,4,3,5,1,0.75,0,284.08,7,van,Normal,Sunny,9.66
4.8615,-0.258819,-0.965926,0.781831,0.62349,5,4,9,4,0.5,0,137.47,6,motorcycle,Normal,Sunny,46.02
0.0674,-0.866025,-0.5,0.433884,-0.900969,3,2,11,8,0.2,0,6.28,2,van,High,Sunny,1.0
1.1463,-0.866025,-0.5,-0.433884,-0.900969,3,7,13,5,0.5833,1,98.95,1,van,Normal,Rainy,28.74
1.359,-0.258819,-0.965926,0.0,1.0,10,1,6,4,0.2,1,129.76,5,car,Medium,Sunny,29.26
1.0944,-0.5,-0.866025,0.433884,-0.900969,5,2,4,1,0.6667,1,243.3,0,van,High,Sunny,35.07
1.7773,-0.5,-0.866025,0.0,1.0,4,1,13,11,0.0833,0,325.18,2,van,Medium,Sunny,36.89
1.2277,-0.965926,-0.258819,0.781831,0.62349,10,6,12,5,0.5455,0,79.54,7,car,Normal,Windy,15.12
1.7766,-1.0,-0.0,0.974928,-0.222521,10,3,7,3,0.5,1,282.93,1,van,High,Rainy,90.0
0.6237,-0.258819,-0.965926,0.0,1.0,3,11,15,3,0.7857,1,262.29,7,motorcycle,Medium,Sunny,22.62
0.2763,0.258819,-0.965926,0.781831,0.62349,4,10,11,0,1.0,0,127.14,8,van,Normal,Sunny,8.89
1.0576,1.0,0.0,-0.433884,-0.900969,10,10,12,1,0.9091,1,5.82,1,van,Low,Rainy,13.31
0.4168,-0.965926,0.258819,-0.781831,0.62349,4,2,7,4,0.3333,0,11.77,6,car,Low,Sunny,1.0
0.5532,0.707107,-0.707107,-0.974928,-0.222521,11,5,8,2,0.7143,1,222.93,7,van,High,Sunny,20.93
3.3314,-0.258819,-0.965926,0.974928,-0.222521,8,4,7,2,0.6667,0,304.96,5,car,Normal,Sunny,40.36
4.8554,-0.5,0.866025,-0.781831,0.62349,8,10,12,1,0.9091,0,227.51,2,car,Normal,Foggy,47.45
3.2726,-0.965926,0.258819,0.433884,-0.900969,7,10,13,2,0.8333,0,278.52,9,car,Medium,Windy,59.53
2.7443,0.258819,-0.965926,0.974928,-0.222521,1,0,14,13,0.0,0,181.03,3,car,Jam,Sunny,81.91
1.1699,-0.5,-0.866025,-0.974928,-0.222521,10,5,7,1,0.8333,0,94.63,2,car,Low,Sunny,6.37
2.8999,0.258819,-0.965926,0.974928,-0.222521,7,5,12,6,0.4545,0,14.31,1,van,Low,Sunny,31.77
1.5494,-0.866025,-0.5,-0.974928,-0.222521,3,10,11,0,1.0,0,294.24,9,car,Medium,Sunny,34.91
7.0295,0.866025,-0.5,0.781831,0.62349,10,1,3,1,0.5,1,170.72,2,car,Medium,Sunny,90.0
0.462,-0.5,0.866025,0.974928,-0.222521,4,5,13,7,0.4167,0,315.53,1,car,Medium,Sunny,1.0
2.0938,-0.5,0.866025,-0.781831,0.62349,5,0,4,3,0.0,1,133.27,0,van,High,Sunny,46.74
0.3325,0.258819,-0.965926,0.781831,0.62349,8,3,4,0,1.0,0,99.35,2,car,Low,Sunny,12.05
2.1052,0.707107,-0.707107,-0.974928,-0.222521,4,0,4,3,0.0,0,240.14,6,car,Normal,Sunny,28.91
0.2159,-0.707107,-0.707107,0.433884,-0.900969,1,0,10,9,0.0,0,217.56,6,van,Normal,Sunny,1.0
0.3489,-0.866025,-0.5,-0.781831,0.62349,4,0,3,2,0.0,1,253.53,8,car,Normal,Sandstorm,15.45
0.3268,-0.866025,-0.5,0.974928,-0.222521,9,4,9,4,0.5,1,32.79,6,motorcycle,Medium,Sunny,1.0
1.4043,1.0,0.0,0.433884,-0.900969,6,3,12,8,0.2727,0,30.01,0,car,High,Rainy,19.98
1.5477,-1.0,-0.0,0.974928,-0.222521,9,5,9,3,0.625,0,205.53,8,car,Normal,Rainy,28.49
11.3357,0.965926,-0.258819,0.781831,0.62349,1,4,6,1,0.8,0,197.38,2,car,High,Foggy,90.0
1.0134,0.258819,-0.965926,-0.974928,-0.222521,4,2,7,4,0.3333,0,33.45,9,van,Normal,Sunny,11.01
2.3023,-1.0,-0.0,-0.433884,-0.900969,3,0,12,11,0.0,1,154.87,3,car,Medium,Sunny,46.75
1.2877,-0.707107,0.707107,0.433884,-0.900969,1,2,7,4,0.3333,0,228.1,0,motorcycle,Normal,Windy,4.44
2.1264,-0.866025,-0.5,0.974928,-0.222521,8,6,11,4,0.6,1,195.13,3,car,Medium,Sunny,38.76
1.2668,0.866025,-0.5,-0.974928,-0.222521,3,8,11,2,0.8,0,67.14,4,van,Normal,Sunny,17.4
3.1413,-0.965926,-0.258819,0.974928,-0.222521,6,0,9,8,0.0,0,334.01,8,car,Jam,Sunny,90.0
0.4066,1.0,0.0,0.781831,0.62349,12,6,7,0,1.0,0,12.37,5,car,Jam,Windy,1.0
0.1081,0.707107,-0.707107,0.0,1.0,3,1,3,1,0.5,0,98.13,0,car,High,Sandstorm,1.0
1.643,0.866025,-0.5,-0.781831,0.62349,3,5,12,6,0.4545,1,24.32,0,van,High,Sunny,64.6
0.1989,-0.5,0.866025,0.0,1.0,12,1,6,4,0.2,1,102.01,6,car,Normal,Rainy,4.91
3.8426,0.0,-1.0,-0.974928,-0.222521,5,7,8,0,1.0,1,246.71,0,motorcycle,Medium,Sandstorm,62.96
0.6566,-0.707107,-0.707107,0.974928,-0.222521,4,0,3,2,0.0,0,8.57,5,van,Normal,Sunny,6.3
0.4122,-0.965926,0.258819,0.0,1.0,9,5,12,6,0.4545,1,13.96,8,motorcycle,High,Sunny,2.39
14.3751,-0.5,0.866025,-0.781831,0.62349,2,6,14,7,0.4615,0,74.11,8,car,Normal,Sunny,90.0
1.086,-0.5,0.866025,-0.974928,-0.222521,5,7,14,6,0.5385,0,9.97,6,van,Normal,Rainy,19.16
0.9052,0.866025,-0.5,-0.974928,-0.222521,3,1,7,5,0.1667,0,140.42,3,van,Medium,Windy,25.34
2.2492,0.0,-1.0,0.433884,-0.900969,11,3,4,0,1.0,0,82.85,5,van,Low,Windy,25.97
2.3981,0.0,-1.0,-0.974928,-0.222521,4,1,4,2,0.3333,0,115.97,1,motorcycle,High,Windy,44.04
3.2614,-0.965926,0.258819,0.0,1.0,7,4,7,2,0.6667,0,301.4,7,van,Normal,Sunny,46.09
0.3115,0.258819,-0.965926,0.781831,0.62349,7,1,3,1,0.5,0,155.59,1,motorcycle,Medium,Rainy,1.0
1.8391,0.707107,-0.707107,0.433884,-0.900969,6,1,5,3,0.25,0,5.42,0,van,High,Rainy,84.75
0.8365,-1.0,-0.0,-0.974928,-0.222521,1,9,10,0,1.0,0,196.85,6,car,Medium,Windy,20.44
0.4607,-0.5,-0.866025,-0.433884,-0.900969,4,1,3,1,0.5,1,39.38,5,van,Normal,Sunny,1.0
1.1569,-1.0,-0.0,0.974928,-0.222521,11,6,11,4,0.6,0,21.36,5,car,Low,Sunny,9.49
0.1978,0.0,-1.0,-0.433884,-0.900969,7,9,14,4,0.6923,0,117.83,4,motorcycle,Low,Sunny,1.0
2.6559,-0.5,-0.866025,0.0,1.0,11,7,15,7,0.5,0,97.96,5,motorcycle,Low,Sunny,2.98
0.8385,1.0,0.0,0.433884,-0.900969,7,9,15,5,0.6429,0,40.21,4,car,Medium,Sunny,5.91
0.7021,1.0,0.0,0.974928,-0.222521,4,3,6,2,0.6,0,107.44,1,car,Normal,Sandstorm,15.27
0.9697,1.0,0.0,0.433884,-0.900969,5,8,11,2,0.8,0,174.26,5,car,Normal,Rainy,8.53
0.9426,0.866025,-0.5,0.0,1.0,10,1,3,1,0.5,0,90.41,0,car,Normal,Sunny,8.73
3.2663,0.258819,-0.965926,-0.781831,0.62349,3,4,6,1,0.8,0,11.63,0,car,Jam,Sunny,90.0
0.3903,1.0,0.0,-0.974928,-0.222521,8,7,13,5,0.5833,0,321.34,5,van,Normal,Sunny,8.65
0.7687,0.866025,-0.5,-0.781831,0.62349,12,4,5,0,1.0,0,234.51,7,van,Normal,Foggy,26.76
0.8997,-0.866025,0.5,-0.974928,-0.222521,11,3,6,2,0.6,0,254.39,0,motorcycle,Medium,Sandstorm,6.02
0.4018,-0.866025,0.5,-0.433884,-0.900969,5,4,8,3,0.5714,0,146.91,3,car,Low,Sunny,1.0
1.2858,0.5,-0.866025,0.974928,-0.222521,4,3,7,3,0.5,1,206.4,9,van,Jam,Sunny,70.82
0.5556,-0.5,0.866025,0.0,1.0,8,4,12,7,0.3636,1,253.07,7,car,Low,Sunny,5.02
0.2911,0.866025,-0.5,-0.433884,-0.900969,8,11,14,2,0.8462,0,128.41,8,motorcycle,Medium,Sunny,22.68
1.822,1.0,0.0,-0.781831,0.62349,9,5,9,3,0.625,0,299.26,6,car,Medium,Sunny,26.16
4.8062,0.0,-1.0,0.974928,-0.222521,1,3,10,6,0.3333,0,278.05,1,car,High,Sunny,90.0
1.1572,0.5,-0.866025,-0.781831,0.62349,7,9,12,2,0.8182,0,103.35,3,car,Medium,Sunny,42.11
1.0019,0.965926,-0.258819,0.781831,0.62349,1,0,8,7,0.0,0,119.81,5,motorcycle,High,Sunny,27.55
0.9819,-0.866025,0.5,0.781831,0.62349,12,0,8,7,0.0,0,66.21,6,car,Medium,Sunny,14.99
0.677,-0.5,0.866025,-0.433884,-0.900969,11,9,15,5,0.6429,0,180.94,1,van,Medium,Windy,19.55
3.3588,0.5,-0.866025,0.433884,-0.900969,9,3,8,4,0.4286,0,292.08,9,van,High,Sunny,90.0
1.2085,0.258819,-0.965926,-0.974928,-0.222521,4,4,6,1,0.8,0,203.05,9,van,Medium,Sunny,22.93
0.1395,-1.0,-0.0,0.974928,-0.222521,9,1,3,1,0.5,0,127.69,0,car,Medium,Foggy,10.66
3.4522,-0.707107,0.707107,-0.974928,-0.222521,6,2,3,0,1.0,1,147.68,5,car,Normal,Sunny,34.97
2.735,0.5,-0.866025,0.974928,-0.222521,8,3,12,8,0.2727,0,249.33,1,car,Normal,Windy,51.24
1.9572,-0.965926,-0.258819,0.781831,0.62349,3,1,6,4,0.2,0,185.14,3,car,Normal,Sunny,33.1
0.0806,1.0,0.0,0.433884,-0.900969,6,3,12,8,0.2727,0,198.98,8,van,Low,Windy,1.0
1.1021,-0.707107,-0.707107,0.433884,-0.900969,11,1,3,1,0.5,0,219.48,6,car,Medium,Sunny,15.21
2.5825,-0.5,0.866025,0.433884,-0.900969,3,8,13,4,0.6667,1,265.88,3,car,Low,Sunny,16.2
1.5849,-0.5,-0.866025,0.0,1.0,5,7,8,0,1.0,1,225.24,0,car,Medium,Sunny,24.06
1.343,-0.866025,-0.5,0.974928,-0.222521,4,2,13,10,0.1667,0,246.36,8,van,High,Windy,66.88
2.5876,-0.965926,-0.258819,0.0,1.0,3,1,13,11,0.0833,0,239.81,2,car,Medium,Windy,51.09
1.2616,-0.866025,-0.5,-0.974928,-0.222521,5,9,10,0,1.0,1,333.53,6,van,Medium,Windy,42.91
3.4675,-0.965926,-0.258819,0.0,1.0,8,7,15,7,0.5,0,265.12,2,car,Low,Sunny,41.96
1.2887,-0.707107,0.707107,-0.781831,0.62349,1,5,15,9,0.3571,1,196.76,7,motorcycle,Low,Windy,5.41
1.1949,1.0,0.0,0.0,1.0,3,3,12,8,0.2727,0,323.26,3,van,Medium,Sunny,32.94
2.58,-0.707107,0.707107,-0.433884,-0.900969,10,7,9,1,0.875,1,324.14,7,car,High,Sunny,46.2
0.7568,-0.707107,0.707107,0.974928,-0.222521,4,11,15,3,0.7857,0,126.55,0,car,High,Sunny,18.67
0.3897,-0.707107,0.707107,0.0,1.0,5,2,15,12,0.1429,1,289.91,6,car,Medium,Sunny,4.79
1.1092,0.0,-1.0,0.974928,-0.222521,9,2,8,5,0.2857,0,353.69,9,car,High,Sandstorm,32.41
1.9364,-0.707107,-0.707107,0.0,1.0,9,6,7,0,1.0,0,74.46,4,car,High,Sunny,68.38
2.662,0.0,-1.0,-0.433884,-0.900969,12,4,6,1,0.8,1,142.91,4,motorcycle,High,Sunny,58.46
2.6761,-0.866025,0.5,-0.781831,0.62349,2,12,15,2,0.8571,1,149.56,6,van,High,Foggy,90.0
1.0354,0.0,-1.0,0.974928,-0.222521,10,0,5,4,0.0,1,219.81,8,car,Low,Rainy,15.49
0.9391,0.258819,-0.965926,0.433884,-0.900969,9,1,3,1,0.5,1,346.56,8,van,Low,Sunny,10.38
0.6297,-0.965926,-0.258819,0.0,1.0,2,0,9,8,0.0,0,110.02,0,car,Normal,Rainy,18.57
1.4013,1.0,0.0,0.433884,-0.900969,11,6,15,8,0.4286,0,271.35,2,motorcycle,Medium,Sunny,20.41
0.2325,0.0,-1.0,-0.781831,0.62349,4,0,7,6,0.0,0,280.28,8,car,High,Rainy,3.07
1.1293,0.707107,-0.707107,0.433884,-0.900969,6,2,9,6,0.25,0,250.62,9,van,Normal,Sunny,23.37
15.0,0.0,-1.0,-0.781831,0.62349,10,1,4,2,0.3333,0,211.78,6,van,Normal,Sunny,90.0
0.2648,-0.258819,-0.965926,-0.974928,-0.222521,7,2,13,10,0.1667,1,205.82,0,car,High,Foggy,4.39
1.2827,0.965926,-0.258819,0.0,1.0,4,12,15,2,0.8571,0,101.54,6,car,Normal,Sunny,20.81
1.5824,-0.866025,0.5,0.0,1.0,4,4,11,6,0.4,0,49.41,9,car,High,Sandstorm,35.57
1.7881,-0.258819,-0.965926,0.974928,-0.222521,9,0,4,3,0.0,1,120.26,8,motorcycle,Normal,Sunny,16.45
0.4412,0.0,-1.0,-0.781831,0.62349,3,3,4,0,1.0,1,82.65,7,van,Normal,Sunny,1.0
1.8036,0.866025,-0.5,0.781831,0.62349,6,0,12,11,0.0,1,234.94,5,van,Medium,Foggy,56.4
0.6651,-0.5,0.866025,0.0,1.0,9,0,4,3,0.0,0,307.13,9,van,Normal,Sunny,12.33
0.2847,-0.866025,0.5,-0.781831,0.62349,11,2,3,0,1.0,0,57.13,6,motorcycle,Low,Rainy,5.9
2.7302,-0.5,-0.866025,0.781831,0.62349,10,6,14,7,0.4615,0,237.41,5,car,Normal,Rainy,49.76
2.078,0.258819,-0.965926,0.974928,-0.222521,5,3,9,5,0.375,1,43.87,8,van,Normal,Sunny,31.38
0.4412,-0.258819,-0.965926,-0.974928,-0.222521,3,3,10,6,0.3333,1,136.84,0,van,Normal,Sunny,9.32
0.6593,-0.5,0.866025,0.0,1.0,12,6,11,4,0.6,0,62.35,1,car,High,Sunny,8.84
0.637,0.707107,-0.707107,0.781831,0.62349,8,2,7,4,0.3333,0,107.84,8,motorcycle,Low,Sunny,1.0
0.2319,-0.965926,-0.258819,-0.974928,-0.222521,5,0,6,5,0.0,1,309.09,0,car,Normal,Sunny,8.8
2.2803,-0.707107,0.707107,0.0,1.0,11,8,9,0,1.0,1,151.11,8,car,Low,Sunny,11.81
2.363,-1.0,-0.0,-0.433884,-0.900969,9,2,3,0,1.0,1,39.1,9,motorcycle,Jam,Sandstorm,90.0
0.8058,-0.866025,0.5,0.433884,-0.900969,6,1,6,4,0.2,0,71.62,2,car,High,Sunny,24.01
1.076,-0.5,0.866025,0.781831,0.62349,3,5,10,4,0.5556,0,303.71,8,car,Jam,Windy,18.78
1.2324,0.965926,-0.258819,-0.433884,-0.900969,1,6,15,8,0.4286,1,147.66,5,car,Jam,Sunny,36.26
1.394,0.5,-0.866025,0.974928,-0.222521,7,0,10,9,0.0,0,336.95,5,van,Normal,Sunny,33.68
0.3072,0.866025,-0.5,-0.781831,0.62349,2,4,12,7,0.3636,0,202.04,9,motorcycle,Medium,Sunny,6.32
1.7577,-0.707107,-0.707107,0.974928,-0.222521,4,4,7,2,0.6667,1,182.55,7,car,Normal,Sunny,22.89
0.3618,0.0,-1.0,-0.974928,-0.222521,9,0,3,2,0.0,1,164.22,8,car,High,Windy,20.09
2.1113,1.0,0.0,0.781831,0.62349,1,2,7,4,0.3333,0,278.44,8,car,Medium,Sunny,23.7
0.4019,-0.707107,-0.707107,-0.974928,-0.222521,12,2,11,8,0.2,1,300.85,7,motorcycle,Normal,Sandstorm,1.0
0.3214,0.965926,-0.258819,0.974928,-0.222521,6,1,3,1,0.5,1,45.74,4,car,Jam,Sandstorm,18.48
1.0761,0.0,-1.0,0.433884,-0.900969,11,8,14,5,0.6154,0,147.03,1,motorcycle,High,Sunny,24.63
1.0534,0.0,-1.0,-0.974928,-0.222521,3,2,6,3,0.4,0,101.8,0,motorcycle,Jam,Rainy,20.67
1.2196,-0.707107,0.707107,-0.781831,0.62349,6,8,11,2,0.8,0,323.78,2,car,Low,Foggy,8.75
0.4733,-0.965926,-0.258819,-0.974928,-0.222521,12,7,14,6,0.5385,1,264.5,4,motorcycle,Normal,Sunny,14.75
1.34,-0.866025,-0.5,-0.433884,-0.900969,8,6,10,3,0.6667,0,105.24,1,van,Normal,Foggy,51.82
1.4654,-0.866025,0.5,-0.433884,-0.900969,10,3,5,1,0.75,0,147.01,3,van,Medium,Sunny,33.08
3.3449,0.707107,-0.707107,0.974928,-0.222521,9,4,6,1,0.8,1,150.91,7,car,Medium,Windy,80.59
1.3176,0.5,-0.866025,-0.433884,-0.900969,9,1,9,7,0.125,1,335.45,0,motorcycle,Normal,Sunny,21.24
0.6254,-1.0,-0.0,-0.433884,-0.900969,5,14,15,0,1.0,0,170.53,3,van,High,Sandstorm,33.68
0.3074,-1.0,-0.0,0.433884,-0.900969,6,8,11,2,0.8,1,6.63,9,van,Normal,Sandstorm,1.2
0.2583,1.0,0.0,0.974928,-0.222521,1,2,11,8,0.2,0,262.83,3,motorcycle,Medium,Foggy,1.22
1.502,0.707107,-0.707107,0.974928,-0.222521,4,0,13,12,0.0,1,34.76,7,car,High,Foggy,60.93
2.3479,0.707107,-0.707107,0.0,1.0,1,0,4,3,0.0,0,227.07,6,motorcycle,Medium,Sunny,44.33
0.4744,1.0,0.0,-0.974928,-0.222521,4,2,4,1,0.6667,1,184.86,7,motorcycle,Normal,Windy,5.71
1.4085,-0.965926,-0.258819,0.0,1.0,9,4,10,5,0.4444,1,274.58,7,car,Normal,Sunny,22.11
0.9366,1.0,0.0,0.0,1.0,3,1,10,8,0.1111,1,198.05,5,car,Normal,Sunny,24.09
2.1866,-0.866025,0.5,0.974928,-0.222521,6,1,6,4,0.2,1,63.08,9,car,High,Sunny,42.12
2.5163,-0.707107,-0.707107,0.0,1.0,7,4,11,6,0.4,0,321.83,2,motorcycle,Medium,Rainy,54.07
0.1284,-1.0,-0.0,-0.974928,-0.222521,2,0,4,3,0.0,0,325.2,2,car,Low,Windy,1.0
2.9462,-0.5,-0.866025,0.0,1.0,10,2,5,2,0.5,0,151.45,5,van,Jam,Sunny,90.0
1.4044,-0.5,0.866025,0.433884,-0.900969,10,0,14,13,0.0,0,219.39,7,car,Medium,Foggy,26.88
0.6671,0.5,-0.866025,-0.974928,-0.222521,3,1,3,1,0.5,0,198.87,6,car,High,Sandstorm,13.65
0.685,-0.707107,-0.707107,-0.433884,-0.900969,1,0,10,9,0.0,0,192.33,9,van,Medium,Sunny,20.94
1.139,1.0,0.0,-0.433884,-0.900969,1,10,13,2,0.8333,1,32.47,5,car,Jam,Sunny,34.34
0.6848,-0.866025,0.5,0.974928,-0.222521,4,3,12,8,0.2727,0,177.83,7,motorcycle,Normal,Windy,17.32
0.4538,-0.707107,-0.707107,0.433884,-0.900969,2,4,8,3,0.5714,0,81.05,1,car,Normal,Windy,16.39
0.5642,0.866025,-0.5,-0.974928,-0.222521,1,2,7,4,0.3333,1,287.23,0,motorcycle,High,Sunny,24.99
0.4114,-0.965926,0.258819,0.433884,-0.900969,6,2,3,0,1.0,0,305.57,8,car,High,Sunny,14.39
3.9719,-0.5,0.866025,-0.433884,-0.900969,7,3,4,0,1.0,0,6.73,4,motorcycle,Medium,Sunny,37.29
1.1655,0.965926,-0.258819,-0.974928,-0.222521,1,9,10,0,1.0,1,265.22,2,van,Normal,Sunny,9.84
9.3952,-0.866025,0.5,0.781831,0.62349,8,6,9,2,0.75,0,41.34,7,car,Normal,Sunny,90.0
1.5723,-1.0,-0.0,0.0,1.0,5,6,7,0,1.0,0,3.55,3,car,High,Sunny,61.14
1.9338,0.0,-1.0,0.433884,-0.900969,3,1,6,4,0.2,0,4.92,0,car,High,Sunny,40.73
0.4031,-0.866025,-0.5,0.974928,-0.222521,2,1,4,2,0.3333,1,167.76,5,van,Normal,Windy,6.15
0.8983,-0.965926,0.258819,0.781831,0.62349,10,3,4,0,1.0,1,293.08,1,motorcycle,Low,Sunny,1.0
1.1842,-0.5,-0.866025,-0.974928,-0.222521,2,0,6,5,0.0,1,112.11,9,car,Medium,Sunny,25.04
0.6033,-0.965926,-0.258819,-0.433884,-0.900969,3,2,15,12,0.1429,0,332.87,3,car,High,Sunny,9.35
0.7107,1.0,0.0,-0.433884,-0.900969,9,5,7,1,0.8333,1,151.61,3,van,Medium,Foggy,10.52
1.6473,-0.707107,0.707107,-0.433884,-0.900969,8,1,4,2,0.3333,0,67.92,8,van,Medium,Sunny,32.22
1.6783,-0.707107,0.707107,0.433884,-0.900969,12,2,10,7,0.2222,1,165.27,0,van,Jam,Sunny,28.95
0.3103,0.707107,-0.707107,0.433884,-0.900969,1,1,4,2,0.3333,1,225.71,6,car,Normal,Sunny,15.85
1.4471,-0.5,-0.866025,0.781831,0.62349,3,6,8,1,0.8571,0,182.05,9,van,Medium,Windy,23.29
1.8689,0.5,-0.866025,-0.974928,-0.222521,8,5,12,6,0.4545,0,158.64,0,motorcycle,Medium,Sunny,27.01
0.6308,0.0,-1.0,-0.781831,0.62349,3,0,4,3,0.0,0,67.84,9,car,Medium,Sunny,4.55
0.5727,0.5,-0.866025,-0.781831,0.62349,5,7,14,6,0.5385,0,251.76,6,car,High,Rainy,8.0
1.681,-0.866025,0.5,0.974928,-0.222521,4,8,11,2,0.8,0,126.14,1,car,Medium,Sandstorm,25.28
0.0959,-0.965926,-0.258819,0.0,1.0,10,2,14,11,0.1538,1,349.41,8,van,Medium,Sunny,1.0
1.1074,-0.866025,0.5,-0.781831,0.62349,10,0,12,11,0.0,1,144.23,8,car,Normal,Sunny,2.23
5.2211,-0.965926,0.258819,-0.433884,-0.900969,10,9,15,5,0.6429,1,79.76,9,motorcycle,High,Foggy,90.0
0.0938,-1.0,-0.0,-0.974928,-0.222521,7,7,9,1,0.875,0,309.47,9,van,Normal,Foggy,1.0
2.4151,0.866025,-0.5,0.974928,-0.222521,6,0,3,2,0.0,1,75.13,6,van,Low,Windy,25.82
1.8537,-0.866025,0.5,-0.781831,0.62349,7,1,3,1,0.5,0,60.52,0,van,Medium,Sandstorm,31.02
0.2819,-0.965926,0.258819,-0.974928,-0.222521,1,3,5,1,0.75,1,258.66,7,car,Medium,Rainy,8.12
1.8121,0.866025,-0.5,0.0,1.0,7,0,4,3,0.0,0,107.33,7,motorcycle,Jam,Foggy,52.75
2.8615,0.965926,-0.258819,0.433884,-0.900969,4,3,13,9,0.25,0,150.25,7,car,High,Sunny,52.4
0.3614,-1.0,-0.0,0.433884,-0.900969,12,7,15,7,0.5,0,162.38,1,van,High,Foggy,34.6
0.5645,0.0,-1.0,-0.433884,-0.900969,3,6,11,4,0.6,0,282.08,7,motorcycle,Normal,Windy,7.38
1.1329,0.258819,-0.965926,0.781831,0.62349,1,2,5,2,0.5,0,206.75,8,van,Medium,Sunny,24.38
2.7977,0.0,-1.0,0.0,1.0,12,2,15,12,0.1429,0,266.9,0,motorcycle,Jam,Sunny,64.0
0.661,-0.866025,0.5,0.781831,0.62349,2,5,6,0,1.0,0,355.5,0,car,Medium,Sunny,9.14
1.0619,0.0,-1.0,0.433884,-0.900969,7,5,14,8,0.3846,1,255.95,0,motorcycle,High,Sandstorm,22.09
0.5876,0.0,-1.0,0.781831,0.62349,5,5,11,5,0.5,0,100.39,6,van,Medium,Windy,17.29
1.1313,0.0,-1.0,0.433884,-0.900969,4,4,8,3,0.5714,0,276.1,3,van,Normal,Sunny,33.95
2.9872,1.0,0.0,0.974928,-0.222521,6,7,13,5,0.5833,0,305.97,8,car,Medium,Windy,41.51
1.2221,1.0,0.0,-0.433884,-0.900969,9,3,11,7,0.3,1,155.09,9,car,Normal,Sunny,7.03
0.787,-0.258819,-0.965926,0.974928,-0.222521,2,4,14,9,0.3077,0,237.43,0,van,Low,Sunny,9.68
1.0713,1.0,0.0,0.781831,0.62349,8,1,10,8,0.1111,0,176.54,7,car,Normal,Sunny,19.37
0.5165,-1.0,-0.0,-0.433884,-0.900969,11,5,8,2,0.7143,0,45.92,7,van,Normal,Windy,10.73
0.4297,-0.258819,-0.965926,0.781831,0.62349,4,1,4,2,0.3333,1,262.37,0,motorcycle,Normal,Sunny,6.32
3.4669,-0.5,-0.866025,0.974928,-0.222521,9,0,15,14,0.0,1,159.71,1,motorcycle,High,Sunny,51.91
5.2374,0.258819,-0.965926,-0.433884,-0.900969,12,0,13,12,0.0,1,124.71,8,car,Normal,Sunny,74.36
0.2015,-1.0,-0.0,0.781831,0.62349,12,3,4,0,1.0,0,168.39,0,motorcycle,High,Windy,12.2
1.9213,-0.258819,-0.965926,0.0,1.0,8,4,10,5,0.4444,0,209.54,1,car,Medium,Rainy,31.57
2.4992,1.0,0.0,0.974928,-0.222521,12,7,13,5,0.5833,1,272.47,9,car,Low,Sandstorm,8.44
0.3496,-0.5,-0.866025,0.974928,-0.222521,10,6,12,5,0.5455,0,327.13,7,motorcycle,Normal,Windy,4.21
0.706,0.707107,-0.707107,-0.433884,-0.900969,7,5,6,0,1.0,0,246.33,9,car,Jam,Sunny,22.67
0.6388,-0.866025,-0.5,-0.433884,-0.900969,2,3,4,0,1.0,0,357.95,2,car,Medium,Sunny,10.52
6.7255,-0.707107,-0.707107,0.0,1.0,11,11,15,3,0.7857,0,56.7,7,car,Jam,Rainy,90.0
5.3113,-0.5,-0.866025,-0.974928,-0.222521,4,6,7,0,1.0,0,55.56,6,van,Normal,Sunny,75.63
0.4606,0.0,-1.0,-0.974928,-0.222521,9,3,14,10,0.2308,0,284.56,8,motorcycle,High,Sunny,3.55
0.2763,-0.866025,-0.5,0.781831,0.62349,8,4,9,4,0.5,0,228.06,2,car,High,Sunny,7.46
2.3033,-0.965926,-0.258819,0.974928,-0.222521,5,3,12,8,0.2727,1,310.36,0,car,Jam,Windy,90.0
1.8529,-0.866025,0.5,-0.974928,-0.222521,10,4,6,1,0.8,1,244.42,3,van,Low,Sunny,14.12
3.6031,-0.5,0.866025,-0.433884,-0.900969,8,2,10,7,0.2222,0,4.53,5,car,Jam,Sunny,77.03
0.4041,0.965926,-0.258819,0.974928,-0.222521,9,7,10,2,0.7778,0,242.17,5,van,Normal,Windy,6.5
2.1976,-0.965926,-0.258819,-0.974928,-0.222521,12,1,5,3,0.25,0,76.2,8,motorcycle,High,Sunny,48.93
0.5515,0.965926,-0.258819,-0.433884,-0.900969,4,7,11,3,0.7,0,160.9,6,van,Medium,Sunny,10.21
1.9977,-0.258819,-0.965926,0.433884,-0.900969,10,0,9,8,0.0,0,248.94,8,motorcycle,Medium,Sandstorm,26.16
1.0669,-1.0,-0.0,0.0,1.0,1,8,11,2,0.8,0,236.26,7,van,Normal,Foggy,43.76
6.7234,-0.707107,-0.707107,-0.433884,-0.900969,9,2,3,0,1.0,1,137.71,3,motorcycle,High,Sunny,90.0
1.6905,-0.965926,0.258819,0.781831,0.62349,2,2,4,1,0.6667,0,256.7,8,car,Normal,Sunny,28.35
0.8201,-0.707107,0.707107,-0.781831,0.62349,3,6,12,5,0.5455,0,339.9,3,car,Medium,Sunny,1.0
1.2599,-0.5,0.866025,0.781831,0.62349,3,6,15,8,0.4286,0,83.08,8,van,Medium,Sunny,12.65
1.0045,-0.965926,-0.258819,0.0,1.0,10,2,4,1,0.6667,0,43.0,6,car,High,Rainy,41.52
0.3691,-0.965926,-0.258819,0.974928,-0.222521,5,1,3,1,0.5,1,48.61,2,motorcycle,Medium,Windy,1.0
6.8802,-0.965926,0.258819,0.974928,-0.222521,5,2,6,3,0.4,0,164.74,0,van,Medium,Sunny,90.0
5.0469,0.707107,-0.707107,0.974928,-0.222521,5,1,3,1,0.5,1,107.37,8,motorcycle,Medium,Sandstorm,90.0
0.9347,0.258819,-0.965926,-0.781831,0.62349,8,0,6,5,0.0,1,168.29,7,car,Medium,Sunny,10.17
2.1488,0.258819,-0.965926,0.781831,0.62349,11,5,11,5,0.5,0,30.36,0,car,Medium,Sunny,23.48
7.759,-1.0,-0.0,-0.974928,-0.222521,9,5,13,7,0.4167,1,88.9,2,van,High,Rainy,90.0
3.5789,0.258819,-0.965926,0.781831,0.62349,2,9,11,1,0.9,0,124.98,4,car,High,Sunny,76.53
0.8253,0.866025,-0.5,-0.433884,-0.900969,7,2,8,5,0.2857,0,336.18,5,van,Medium,Sunny,26.67
1.0166,-0.965926,0.258819,0.0,1.0,2,4,5,0,1.0,0,106.93,3,van,Normal,Rainy,7.25
0.2162,-1.0,-0.0,0.781831,0.62349,2,8,9,0,1.0,1,17.35,1,motorcycle,Medium,Sunny,10.52
2.3072,-0.866025,-0.5,0.781831,0.62349,3,11,15,3,0.7857,1,111.97,6,van,Low,Sunny,40.89
3.5992,-0.866025,0.5,0.974928,-0.222521,9,3,5,1,0.75,0,337.28,7,car,Normal,Sunny,48.54
3.6227,-0.965926,0.258819,0.433884,-0.900969,11,3,10,6,0.3333,0,153.81,6,car,High,Sunny,74.01
2.1511,-0.707107,0.707107,-0.781831,0.62349,3,1,7,5,0.1667,0,294.68,9,van,Medium,Sunny,24.44
1.5445,0.5,-0.866025,-0.974928,-0.222521,12,5,7,1,0.8333,0,96.21,3,car,Medium,Sunny,37.12
0.4283,0.965926,-0.258819,-0.433884,-0.900969,4,6,9,2,0.75,1,48.88,5,car,Jam,Sunny,17.37
1.4974,0.258819,-0.965926,0.433884,-0.900969,4,4,5,0,1.0,0,178.8,3,car,Normal,Sunny,24.78
0.6065,-0.866025,0.5,0.781831,0.62349,2,2,5,2,0.5,0,252.63,9,car,Low,Windy,13.06
1.8202,-0.707107,0.707107,0.974928,-0.222521,1,2,3,0,1.0,0,304.27,4,van,Normal,Rainy,40.42
0.5349,0.965926,-0.258819,0.0,1.0,8,0,11,10,0.0,1,86.77,4,car,Normal,Windy,13.9
1.8092,-0.866025,0.5,-0.433884,-0.900969,5,1,14,12,0.0769,0,355.19,7,van,High,Windy,44.03
3.8844,-0.5,-0.866025,-0.974928,-0.222521,2,0,8,7,0.0,0,176.13,2,car,High,Sandstorm,90.0
1.5814,-0.965926,0.258819,0.433884,-0.900969,7,3,11,7,0.3,0,180.82,3,van,Medium,Sunny,22.02
1.5099,-0.965926,-0.258819,-0.433884,-0.900969,5,2,15,12,0.1429,0,309.08,8,car,Normal,Sunny,36.24
2.631,0.965926,-0.258819,0.974928,-0.222521,5,0,12,11,0.0,0,146.63,0,motorcycle,Medium,Sunny,20.13
5.9406,-0.5,-0.866025,-0.781831,0.62349,11,4,6,1,0.8,0,272.66,0,car,Low,Sunny,64.14
0.9981,0.965926,-0.258819,-0.781831,0.62349,5,2,13,10,0.1667,1,204.36,8,van,Medium,Foggy,21.65
1.813,0.258819,-0.965926,0.974928,-0.222521,6,6,8,1,0.8571,1,48.75,2,car,Medium,Sunny,25.0
4.6444,-1.0,-0.0,-0.974928,-0.222521,9,9,15,5,0.6429,1,11.86,7,car,Low,Rainy,64.96
2.0872,-0.965926,-0.258819,0.974928,-0.222521,11,9,15,5,0.6429,1,336.31,6,car,High,Sunny,57.58
0.1649,-0.965926,-0.258819,0.0,1.0,9,0,3,2,0.0,0,311.94,1,motorcycle,High,Sunny,1.0
0.56,-0.965926,-0.258819,0.974928,-0.222521,6,0,14,13,0.0,1,354.08,1,motorcycle,Normal,Sunny,9.08
2.2558,1.0,0.0,-0.974928,-0.222521,4,0,6,5,0.0,1,242.71,9,car,Medium,Sunny,31.69
0.7557,-0.707107,-0.707107,0.433884,-0.900969,3,2,9,6,0.25,0,232.46,8,car,Medium,Sunny,13.63
4.342,-0.5,-0.866025,-0.781831,0.62349,2,11,12,0,1.0,0,75.07,2,van,Normal,Windy,72.48
6.4561,-0.5,-0.866025,0.974928,-0.222521,10,1,4,2,0.3333,0,231.23,4,van,Normal,Sunny,90.0
0.6308,0.707107,-0.707107,0.433884,-0.900969,9,0,3,2,0.0,0,175.83,8,car,Medium,Sandstorm,17.26
0.4144,-0.965926,-0.258819,0.0,1.0,5,2,8,5,0.2857,1,135.84,2,van,Jam,Rainy,43.62
0.7842,-0.866025,-0.5,-0.974928,-0.222521,12,3,10,6,0.3333,0,245.68,6,van,Medium,Sunny,19.74
0.7423,0.0,-1.0,0.974928,-0.222521,12,5,10,4,0.5556,0,30.6,3,van,Medium,Foggy,19.33
4.7554,1.0,0.0,0.0,1.0,8,12,15,2,0.8571,1,181.4,8,car,Medium,Sunny,57.27
0.4133,0.965926,-0.258819,0.781831,0.62349,4,0,6,5,0.0,1,272.92,2,car,Medium,Sunny,3.07
2.2374,0.0,-1.0,-0.433884,-0.900969,7,9,12,2,0.8182,1,298.79,4,car,Low,Sunny,24.26
4.1307,-0.707107,-0.707107,-0.974928,-0.222521,10,0,5,4,0.0,1,176.41,7,van,Normal,Sunny,90.0
2.4067,-0.5,0.866025,-0.781831,0.62349,7,2,8,5,0.2857,1,126.93,6,car,Jam,Sunny,39.55
1.673,-1.0,-0.0,0.781831,0.62349,6,5,9,3,0.625,1,206.05,1,van,High,Sunny,72.68
0.9473,-0.5,-0.866025,-0.433884,-0.900969,7,0,8,7,0.0,0,46.17,0,van,Jam,Rainy,45.53
6.4015,0.258819,-0.965926,0.433884,-0.900969,11,1,5,3,0.25,1,32.93,8,van,Normal,Sunny,90.0
0.8755,0.866025,-0.5,-0.974928,-0.222521,5,3,5,1,0.75,0,294.89,7,car,Medium,Sandstorm,14.1
2.7206,0.866025,-0.5,-0.433884,-0.900969,3,9,14,4,0.6923,1,45.54,1,car,Medium,Sunny,66.92
0.9505,0.965926,-0.258819,0.0,1.0,7,1,15,13,0.0714,0,150.22,6,car,Normal,Sunny,6.47
0.1921,-0.707107,0.707107,0.781831,0.62349,8,2,3,0,1.0,0,148.23,2,van,Normal,Sunny,1.0
0.8554,1.0,0.0,-0.433884,-0.900969,12,2,6,3,0.4,0,353.9,4,motorcycle,High,Sunny,20.0
0.9527,-0.866025,0.5,0.433884,-0.900969,2,9,15,5,0.6429,1,253.86,6,car,Medium,Sunny,24.01
0.9644,-0.707107,-0.707107,-0.781831,0.62349,12,0,4,3,0.0,1,275.95,6,motorcycle,Medium,Sandstorm,18.75
0.5902,-0.866025,-0.5,-0.974928,-0.222521,10,8,9,0,1.0,1,241.17,3,car,Normal,Sunny,3.72
2.0027,-0.5,0.866025,0.0,1.0,9,4,6,1,0.8,1,98.11,8,car,Medium,Sunny,24.29
2.2261,-0.965926,0.258819,-0.433884,-0.900969,3,9,15,5,0.6429,0,130.0,5,car,Low,Sandstorm,12.47
0.8265,0.866025,-0.5,0.974928,-0.222521,3,2,12,9,0.1818,0,65.97,8,van,Normal,Windy,40.02
0.82,-0.5,0.866025,0.433884,-0.900969,6,9,12,2,0.8182,0,195.17,5,car,Medium,Rainy,1.74
0.4073,0.866025,-0.5,0.0,1.0,3,1,3,1,0.5,0,28.05,3,car,Normal,Sunny,9.38
1.4073,-0.707107,-0.707107,-0.974928,-0.222521,8,2,4,1,0.6667,0,325.39,2,van,Jam,Windy,90.0
4.092,-0.866025,-0.5,0.781831,0.62349,10,8,13,4,0.6667,1,70.72,0,van,Medium,Sunny,90.0
4.0947,0.5,-0.866025,-0.781831,0.62349,6,4,5,0,1.0,0,76.86,5,car,Low,Windy,42.97
0.6255,-0.866025,-0.5,-0.781831,0.62349,9,6,8,1,0.8571,1,174.45,5,car,Low,Sunny,16.88
7.3275,-0.866025,-0.5,-0.974928,-0.222521,10,1,4,2,0.3333,0,115.12,9,van,High,Sunny,90.0
0.7834,-0.5,0.866025,0.0,1.0,11,0,3,2,0.0,0,59.96,2,car,Normal,Foggy,2.34
0.421,-0.707107,0.707107,0.974928,-0.222521,9,5,12,6,0.4545,0,354.84,0,car,Normal,Windy,1.0
0.3031,0.0,-1.0,0.0,1.0,3,2,5,2,0.5,0,100.67,8,van,Medium,Windy,1.13
0.3975,-0.965926,-0.258819,-0.433884,-0.900969,2,1,5,3,0.25,0,266.23,5,car,Normal,Sunny,14.04
1.5175,-0.965926,0.258819,-0.781831,0.62349,12,6,13,6,0.5,1,261.39,0,van,Medium,Windy,38.76
0.8654,1.0,0.0,0.433884,-0.900969,10,6,12,5,0.5455,0,88.05,3,car,Medium,Sunny,16.32
0.6063,-0.965926,-0.258819,0.0,1.0,11,3,5,1,0.75,0,99.97,9,car,Normal,Sunny,12.7
0.4941,-0.707107,0.707107,0.974928,-0.222521,6,5,14,8,0.3846,0,192.49,8,car,High,Sunny,11.9
0.3938,0.866025,-0.5,0.781831,0.62349,2,9,15,5,0.6429,1,309.97,5,car,Medium,Sunny,1.0
0.4746,-1.0,-0.0,0.433884,-0.900969,8,7,8,0,1.0,0,266.23,0,car,Medium,Sunny,12.91
2.8997,0.965926,-0.258819,0.974928,-0.222521,8,5,8,2,0.7143,0,109.1,6,car,Low,Sandstorm,38.67
6.1298,0.0,-1.0,-0.974928,-0.222521,3,6,11,4,0.6,0,15.55,0,motorcycle,Medium,Sunny,78.52
6.5007,-0.965926,0.258819,0.781831,0.62349,6,1,4,2,0.3333,1,218.67,3,motorcycle,Normal,Sandstorm,69.76
2.1228,-0.5,0.866025,0.974928,-0.222521,6,4,14,9,0.3077,0,171.26,4,car,Medium,Rainy,20.79
0.6924,-1.0,-0.0,0.781831,0.62349,4,0,4,3,0.0,1,123.8,7,van,Normal,Sunny,12.2
0.586,-1.0,-0.0,-0.781831,0.62349,10,6,12,5,0.5455,0,232.64,6,van,Jam,Windy,33.93
2.2667,0.5,-0.866025,0.974928,-0.222521,6,0,10,9,0.0,0,342.61,4,motorcycle,Normal,Sunny,28.45
0.8746,-0.866025,0.5,-0.781831,0.62349,12,3,4,0,1.0,0,325.26,0,car,Jam,Rainy,24.18
1.6345,-0.965926,-0.258819,-0.433884,-0.900969,1,7,8,0,1.0,0,239.64,0,car,Jam,Sunny,57.31
6.9165,-0.5,0.866025,0.974928,-0.222521,12,4,6,1,0.8,0,345.34,8,car,Medium,Sunny,78.04
1.358,-0.866025,-0.5,-0.433884,-0.900969,8,2,15,12,0.1429,0,142.42,6,car,Normal,Sunny,28.07
9.6211,1.0,0.0,0.0,1.0,9,5,9,3,0.625,1,36.38,3,car,Normal,Rainy,90.0
0.3789,-0.5,-0.866025,-0.781831,0.62349,4,3,7,3,0.5,0,162.82,7,motorcycle,Jam,Sunny,1.0
1.6905,-0.965926,0.258819,-0.781831,0.62349,1,0,6,5,0.0,0,237.74,9,motorcycle,Medium,Sandstorm,19.18
1.4889,-0.965926,0.258819,0.974928,-0.222521,3,2,4,1,0.6667,0,288.51,0,car,Medium,Sunny,24.98
0.4339,0.0,-1.0,0.781831,0.62349,6,7,9,1,0.875,0,337.68,9,car,Low,Windy,4.65
2.3669,0.866025,-0.5,0.974928,-0.222521,5,4,9,4,0.5,1,186.17,2,car,High,Sunny,59.88
4.7316,-0.866025,0.5,-0.974928,-0.222521,3,13,15,1,0.9286,1,134.3,7,car,Low,Sunny,47.27
8.9579,-0.965926,0.258819,-0.433884,-0.900969,1,0,11,10,0.0,0,101.4,5,van,Low,Sunny,89.2
1.6335,-0.866025,0.5,0.0,1.0,9,6,8,1,0.8571,1,218.47,7,car,Normal,Sunny,1.0
0.1818,-0.965926,-0.258819,0.0,1.0,9,4,7,2,0.6667,1,249.4,1,motorcycle,Medium,Sandstorm,4.71
1.7387,-0.866025,0.5,0.781831,0.62349,2,4,6,1,0.8,0,227.66,6,motorcycle,High,Windy,26.83
2.2364,0.0,-1.0,-0.974928,-0.222521,10,5,11,5,0.5,0,70.25,9,van,High,Sunny,71.0
0.8839,-0.965926,0.258819,0.781831,0.62349,12,0,4,3,0.0,1,160.63,7,van,Normal,Sunny,16.47
1.3558,-0.5,-0.866025,-0.781831,0.62349,12,1,3,1,0.5,1,26.74,7,van,Normal,Sunny,15.88
0.6982,-0.965926,0.258819,0.974928,-0.222521,3,13,14,0,1.0,0,187.34,1,car,High,Windy,22.33
0.9734,0.866025,-0.5,-0.781831,0.62349,6,1,3,1,0.5,1,77.11,2,car,Medium,Sandstorm,15.76
2.9055,0.258819,-0.965926,-0.781831,0.62349,1,0,5,4,0.0,1,320.1,8,van,Normal,Rainy,51.1
4.1354,0.707107,-0.707107,-0.974928,-0.222521,1,4,10,5,0.4444,1,290.96,4,car,Normal,Rainy,73.04
0.3305,0.0,-1.0,0.781831,0.62349,11,0,5,4,0.0,0,263.32,5,motorcycle,Medium,Sunny,12.19
0.6799,-0.965926,0.258819,0.0,1.0,12,4,11,6,0.4,0,40.47,1,car,Jam,Sunny,12.19
0.2444,0.965926,-0.258819,0.781831,0.62349,3,6,10,3,0.6667,1,160.85,7,car,Medium,Rainy,4.59
6.337,-1.0,-0.0,-0.433884,-0.900969,6,0,3,2,0.0,0,64.87,4,car,Low,Sunny,80.33
2.5275,-0.866025,0.5,-0.433884,-0.900969,1,4,9,4,0.5,1,15.76,4,motorcycle,High,Sunny,36.43
0.1651,-0.965926,-0.258819,-0.781831,0.62349,10,6,13,6,0.5,0,144.89,9,car,Normal,Sunny,1.0
1.0395,-0.866025,-0.5,-0.781831,0.62349,7,6,8,1,0.8571,1,112.94,6,car,High,Sandstorm,44.97
0.8443,0.866025,-0.5,0.974928,-0.222521,4,0,11,10,0.0,1,330.56,4,car,Normal,Windy,14.79
0.5389,-0.866025,-0.5,0.974928,-0.222521,12,6,10,3,0.6667,0,333.39,3,van,Normal,Foggy,19.05
2.9579,0.707107,-0.707107,-0.974928,-0.222521,2,4,8,3,0.5714,1,336.54,6,motorcycle,Medium,Sunny,57.21
2.8942,0.5,-0.866025,-0.974928,-0.222521,4,0,10,9,0.0,1,5.16,4,car,Normal,Sunny,47.36
1.4276,-0.866025,0.5,0.974928,-0.222521,9,1,9,7,0.125,0,186.8,2,motorcycle,Normal,Sunny,3.46
0.6008,-0.866025,-0.5,0.0,1.0,5,1,3,1,0.5,0,6.57,3,car,Medium,Sandstorm,33.76
0.6056,-0.5,0.866025,0.0,1.0,9,6,8,1,0.8571,0,217.61,2,van,High,Sunny,19.43
1.1523,-0.258819,-0.965926,-0.974928,-0.222521,3,6,8,1,0.8571,0,183.03,7,car,High,Rainy,36.33
0.7159,0.0,-1.0,0.974928,-0.222521,8,9,13,3,0.75,1,154.94,5,car,Normal,Sunny,8.06
1.0991,-0.5,0.866025,-0.974928,-0.222521,7,10,12,1,0.9091,0,18.94,2,van,Low,Sandstorm,17.55
1.8779,-0.866025,-0.5,-0.974928,-0.222521,1,6,10,3,0.6667,0,37.75,1,van,Medium,Sandstorm,61.21
0.2575,-0.866025,0.5,-0.781831,0.62349,4,1,7,5,0.1667,0,112.69,9,car,Medium,Sunny,15.97
0.5378,1.0,0.0,0.433884,-0.900969,4,5,11,5,0.5,0,87.12,8,motorcycle,Normal,Windy,11.8
1.0704,-0.5,-0.866025,-0.433884,-0.900969,8,5,15,9,0.3571,0,64.38,8,motorcycle,High,Sunny,13.35
4.8894,-0.965926,0.258819,0.781831,0.62349,6,3,13,9,0.25,0,306.46,7,car,Jam,Sandstorm,90.0
2.4672,-0.965926,0.258819,-0.781831,0.62349,6,0,6,5,0.0,0,10.26,8,van,Low,Sandstorm,40.2
1.1014,-1.0,-0.0,-0.781831,0.62349,3,0,6,5,0.0,0,78.44,6,van,High,Sunny,37.87
1.6196,0.866025,-0.5,0.974928,-0.222521,12,6,9,2,0.75,0,330.13,9,car,Medium,Sunny,34.74
1.0036,-0.707107,-0.707107,0.974928,-0.222521,9,1,11,9,0.1,0,313.81,9,motorcycle,Normal,Foggy,19.19
3.0752,0.965926,-0.258819,-0.974928,-0.222521,9,6,11,4,0.6,0,127.89,4,car,Medium,Rainy,49.53
1.6687,-0.965926,0.258819,0.974928,-0.222521,4,3,13,9,0.25,1,289.59,2,van,Normal,Windy,25.16
3.7242,-0.866025,-0.5,-0.974928,-0.222521,9,4,10,5,0.4444,0,54.8,8,car,Low,Foggy,65.72
0.305,0.707107,-0.707107,0.0,1.0,3,5,13,7,0.4167,0,230.55,8,car,Jam,Sunny,13.64
0.5138,-1.0,-0.0,0.781831,0.62349,6,0,3,2,0.0,1,317.95,4,van,Medium,Sunny,30.96
1.4345,-1.0,-0.0,-0.974928,-0.222521,4,2,5,2,0.5,0,169.91,9,van,Normal,Sunny,29.48
1.7662,1.0,0.0,-0.781831,0.62349,4,7,9,1,0.875,0,60.08,1,motorcycle,Medium,Sunny,21.39
10.8084,0.965926,-0.258819,0.0,1.0,8,4,9,4,0.5,0,208.37,8,motorcycle,Jam,Sunny,90.0
0.1984,0.707107,-0.707107,-0.974928,-0.222521,4,11,15,3,0.7857,0,269.34,0,car,Medium,Windy,9.81
1.071,0.965926,-0.258819,0.0,1.0,9,10,11,0,1.0,0,311.62,1,car,Jam,Sunny,20.29
1.0263,-0.707107,-0.707107,-0.781831,0.62349,7,3,8,4,0.4286,1,136.49,0,car,High,Sunny,33.44
1.3853,-0.866025,0.5,0.781831,0.62349,12,8,10,1,0.8889,0,102.27,0,car,Normal,Windy,25.7
5.7351,0.965926,-0.258819,0.974928,-0.222521,3,0,4,3,0.0,1,246.81,1,car,Medium,Sandstorm,90.0
2.5408,-0.866025,-0.5,-0.974928,-0.222521,12,4,8,3,0.5714,0,89.95,3,motorcycle,Medium,Foggy,44.61
0.2408,-0.258819,-0.965926,-0.974928,-0.222521,2,1,3,1,0.5,0,87.4,3,van,High,Sunny,15.16
4.7449,-0.866025,0.5,0.974928,-0.222521,7,0,4,3,0.0,0,65.65,4,car,Normal,Sandstorm,71.9
4.6208,-0.5,-0.866025,0.974928,-0.222521,5,7,8,0,1.0,1,132.3,9,car,Low,Sunny,35.32
1.419,-0.965926,-0.258819,-0.781831,0.62349,10,2,3,0,1.0,0,158.13,5,van,Normal,Sunny,26.59
0.2377,-0.707107,0.707107,-0.781831,0.62349,2,2,5,2,0.5,0,260.95,2,car,Medium,Windy,1.0
0.9569,0.866025,-0.5,0.433884,-0.900969,4,9,14,4,0.6923,1,38.79,1,car,High,Sunny,44.48
1.7251,0.258819,-0.965926,0.0,1.0,3,9,13,3,0.75,0,153.34,9,car,High,Sandstorm,38.68
2.8483,0.5,-0.866025,-0.781831,0.62349,12,7,10,2,0.7778,0,236.82,2,car,Medium,Sunny,50.64
0.2056,0.866025,-0.5,-0.433884,-0.900969,7,4,15,10,0.2857,1,196.18,8,car,Low,Sunny,4.87
0.5322,-0.965926,-0.258819,0.433884,-0.900969,2,1,3,1,0.5,0,283.67,7,van,Low,Sunny,1.05
3.1365,1.0,0.0,0.0,1.0,10,5,15,9,0.3571,0,321.23,8,car,High,Sunny,62.98
4.6029,0.0,-1.0,-0.781831,0.62349,4,8,9,0,1.0,0,76.59,1,van,Medium,Sunny,90.0
1.6636,0.866025,-0.5,-0.974928,-0.222521,3,0,7,6,0.0,0,327.11,7,van,High,Sunny,54.81
3.2907,-0.866025,-0.5,0.781831,0.62349,6,11,13,1,0.9167,1,318.73,7,motorcycle,Normal,Sunny,40.07
1.7032,-1.0,-0.0,0.974928,-0.222521,10,2,8,5,0.2857,1,130.98,9,car,Medium,Sandstorm,54.68
2.7592,-0.258819,-0.965926,0.974928,-0.222521,11,7,10,2,0.7778,0,292.8,7,car,Jam,Sunny,82.02
1.2685,-0.258819,-0.965926,-0.781831,0.62349,1,1,7,5,0.1667,0,185.48,1,car,Normal,Windy,10.86
1.7436,-0.258819,-0.965926,0.433884,-0.900969,11,7,9,1,0.875,0,291.9,4,car,Low,Sunny,15.63
0.3462,0.707107,-0.707107,-0.781831,0.62349,12,2,4,1,0.6667,0,269.29,4,car,Medium,Sunny,22.81
2.1947,0.0,-1.0,-0.433884,-0.900969,4,4,5,0,1.0,1,346.46,4,van,Medium,Sunny,44.65
0.3363,-0.707107,0.707107,0.974928,-0.222521,7,3,10,6,0.3333,1,79.6,3,car,Jam,Windy,5.04
2.1923,1.0,0.0,0.974928,-0.222521,5,14,15,0,1.0,0,264.98,8,car,Jam,Rainy,90.0
0.7283,-0.965926,0.258819,-0.974928,-0.222521,6,4,5,0,1.0,1,5.0,2,car,High,Sunny,20.06
1.5706,0.866025,-0.5,0.433884,-0.900969,8,0,10,9,0.0,1,331.83,4,van,Low,Sandstorm,19.44
0.447,0.965926,-0.258819,-0.433884,-0.900969,8,1,3,1,0.5,0,71.61,4,motorcycle,Medium,Sunny,2.72
0.6849,0.5,-0.866025,0.0,1.0,6,3,9,5,0.375,0,134.44,6,van,High,Sunny,30.73
1.5676,0.5,-0.866025,0.974928,-0.222521,6,2,14,11,0.1538,1,303.51,4,van,Medium,Sunny,55.91
2.2628,0.258819,-0.965926,-0.433884,-0.900969,6,6,7,0,1.0,0,171.96,9,van,Jam,Sunny,90.0
3.124,-0.866025,0.5,0.974928,-0.222521,5,1,13,11,0.0833,0,238.96,9,van,Medium,Sunny,64.56
0.3706,-0.707107,0.707107,-0.974928,-0.222521,2,2,8,5,0.2857,0,130.12,4,car,Normal,Sunny,8.73
0.2655,-0.965926,-0.258819,0.781831,0.62349,5,3,15,11,0.2143,1,199.95,2,van,Medium,Sunny,1.0
0.4376,0.866025,-0.5,-0.974928,-0.222521,9,4,11,6,0.4,0,304.36,7,van,Medium,Sunny,6.83
0.4016,-0.5,0.866025,0.0,1.0,12,4,7,2,0.6667,0,321.31,9,car,Low,Sunny,1.0
4.8963,-0.866025,0.5,0.974928,-0.222521,10,0,6,5,0.0,1,164.27,8,van,Normal,Sandstorm,90.0
3.948,0.965926,-0.258819,0.433884,-0.900969,11,8,14,5,0.6154,1,259.25,1,car,High,Rainy,90.0
0.4288,0.0,-1.0,0.781831,0.62349,10,3,9,5,0.375,0,168.2,0,van,Normal,Sunny,8.69
5.6114,-0.965926,0.258819,0.433884,-0.900969,7,4,8,3,0.5714,1,338.27,6,car,Normal,Sunny,73.56
3.7302,0.965926,-0.258819,-0.781831,0.62349,9,0,10,9,0.0,1,261.92,3,van,Medium,Sunny,76.04
0.235,0.965926,-0.258819,0.433884,-0.900969,11,2,3,0,1.0,0,155.26,3,motorcycle,High,Rainy,12.92
0.4153,-0.866025,-0.5,0.433884,-0.900969,3,2,5,2,0.5,0,179.32,0,car,Medium,Sunny,15.42
0.2285,0.258819,-0.965926,-0.781831,0.62349,2,2,8,5,0.2857,0,65.93,9,car,Jam,Sunny,13.06
1.0179,-0.258819,-0.965926,-0.781831,0.62349,4,4,6,1,0.8,0,338.76,0,car,Jam,Foggy,33.98
1.1236,-1.0,-0.0,0.0,1.0,7,4,10,5,0.4444,0,91.82,6,car,Medium,Sunny,33.14
1.1216,-0.707107,-0.707107,-0.974928,-0.222521,10,2,7,4,0.3333,0,65.29,9,motorcycle,Normal,Sunny,18.26
0.1612,-1.0,-0.0,-0.974928,-0.222521,6,1,8,6,0.1429,0,162.76,0,car,High,Rainy,2.48
0.2848,0.866025,-0.5,-0.781831,0.62349,12,6,13,6,0.5,0,261.42,6,car,Normal,Rainy,10.85
1.415,1.0,0.0,-0.974928,-0.222521,4,2,13,10,0.1667,0,245.77,9,car,High,Sunny,36.9
1.9959,0.5,-0.866025,0.0,1.0,6,4,6,1,0.8,0,91.65,4,motorcycle,Medium,Sunny,29.32
0.1622,0.707107,-0.707107,-0.974928,-0.222521,12,2,7,4,0.3333,0,95.38,2,car,Normal,Sunny,1.0
0.3272,0.258819,-0.965926,-0.974928,-0.222521,3,1,11,9,0.1,0,84.83,7,van,Medium,Sunny,1.0
2.9192,-0.965926,0.258819,0.433884,-0.900969,10,9,14,4,0.6923,1,217.16,9,car,Medium,Sunny,29.67
0.3454,0.866025,-0.5,0.0,1.0,2,8,10,1,0.8889,0,344.56,5,car,Jam,Sunny,12.5
1.0898,0.866025,-0.5,0.781831,0.62349,11,2,3,0,1.0,0,320.19,0,van,Normal,Windy,30.57
0.3155,0.707107,-0.707107,0.781831,0.62349,4,4,10,5,0.4444,1,181.62,6,car,Jam,Sandstorm,30.74
2.4349,0.258819,-0.965926,-0.781831,0.62349,8,3,12,8,0.2727,1,136.02,2,van,Low,Foggy,26.16
0.1627,0.707107,-0.707107,0.0,1.0,9,3,15,11,0.2143,1,142.46,9,car,High,Sandstorm,8.87
0.8276,0.707107,-0.707107,-0.974928,-0.222521,5,5,15,9,0.3571,1,290.24,2,van,Jam,Sunny,45.82
2.7001,-0.707107,-0.707107,0.781831,0.62349,7,1,11,9,0.1,0,234.21,6,van,Normal,Sunny,65.26
1.9729,0.965926,-0.258819,-0.974928,-0.222521,10,8,10,1,0.8889,0,14.86,6,van,Low,Sunny,8.9
0.7111,0.866025,-0.5,0.0,1.0,11,1,5,3,0.25,0,27.23,4,car,High,Sunny,11.58
0.5691,-0.866025,0.5,0.781831,0.62349,2,10,14,3,0.7692,0,173.29,7,van,High,Sunny,29.23
0.8858,1.0,0.0,0.0,1.0,6,3,9,5,0.375,0,191.64,8,motorcycle,Normal,Sandstorm,17.52
0.3247,0.965926,-0.258819,0.433884,-0.900969,11,7,11,3,0.7,0,345.82,6,car,Medium,Sunny,6.8
1.005,0.965926,-0.258819,-0.974928,-0.222521,7,10,12,1,0.9091,0,50.79,7,car,High,Sunny,22.6
1.0215,-0.707107,-0.707107,0.974928,-0.222521,1,1,3,1,0.5,0,290.77,0,motorcycle,Normal,Sunny,19.13
0.743,-0.965926,-0.258819,0.433884,-0.900969,2,6,7,0,1.0,0,322.38,2,car,Medium,Foggy,17.37
2.8586,-0.965926,-0.258819,-0.433884,-0.900969,10,3,11,7,0.3,1,135.95,4,van,Medium,Windy,90.0
0.3997,-0.965926,-0.258819,0.433884,-0.900969,6,2,9,6,0.25,0,58.25,1,van,Normal,Sunny,4.74
0.2189,1.0,0.0,-0.974928,-0.222521,9,7,11,3,0.7,0,88.67,4,car,High,Sunny,5.47
0.671,0.258819,-0.965926,0.781831,0.62349,11,1,10,8,0.1111,1,238.6,0,van,Normal,Rainy,2.64
1.2433,-0.866025,-0.5,0.781831,0.62349,2,0,3,2,0.0,1,25.12,3,van,Jam,Sunny,69.89
0.9986,-0.965926,-0.258819,0.781831,0.62349,6,2,6,3,0.4,0,318.82,0,car,Medium,Windy,28.27
0.9573,0.258819,-0.965926,0.781831,0.62349,2,4,8,3,0.5714,0,272.38,4,motorcycle,Medium,Windy,7.73
0.3791,-0.866025,0.5,0.0,1.0,11,3,8,4,0.4286,0,286.0,4,car,Medium,Windy,1.0
0.4346,-0.866025,0.5,0.0,1.0,6,0,3,2,0.0,0,266.52,4,car,Medium,Sunny,3.04
0.6949,-0.965926,0.258819,0.0,1.0,11,1,3,1,0.5,1,46.33,9,motorcycle,High,Rainy,15.64
0.6448,-0.965926,0.258819,0.781831,0.62349,4,3,6,2,0.6,0,263.12,5,car,Medium,Sunny,9.95
3.1367,-0.5,0.866025,-0.433884,-0.900969,2,3,14,10,0.2308,0,215.71,1,motorcycle,High,Sunny,18.53
1.4201,-0.965926,0.258819,0.781831,0.62349,11,8,15,6,0.5714,0,18.35,6,car,Medium,Sunny,28.12
0.6664,-0.707107,-0.707107,-0.433884,-0.900969,8,4,13,8,0.3333,0,102.47,9,car,Normal,Sunny,9.75
3.1276,0.0,-1.0,0.0,1.0,3,0,15,14,0.0,1,152.32,2,car,Low,Sunny,32.43
1.6887,0.0,-1.0,-0.974928,-0.222521,9,11,15,3,0.7857,0,195.45,0,van,High,Sandstorm,79.37
0.3043,-0.965926,0.258819,0.974928,-0.222521,6,4,11,6,0.4,0,64.99,9,van,Medium,Rainy,5.89
0.0508,0.258819,-0.965926,0.433884,-0.900969,1,3,4,0,1.0,1,189.8,1,motorcycle,Medium,Sunny,1.0
0.3135,-0.866025,-0.5,-0.433884,-0.900969,4,1,7,5,0.1667,1,344.74,8,motorcycle,Medium,Sandstorm,20.96
1.9449,-0.5,-0.866025,-0.781831,0.62349,10,0,12,11,0.0,0,127.66,4,van,Medium,Foggy,29.09
2.5777,0.0,-1.0,-0.974928,-0.222521,2,6,8,1,0.8571,0,54.53,7,van,Medium,Sunny,57.79
0.2283,-0.258819,-0.965926,0.974928,-0.222521,5,5,6,0,1.0,1,168.74,7,van,Medium,Windy,16.12
2.0662,0.965926,-0.258819,0.974928,-0.222521,4,2,3,0,1.0,0,162.21,8,motorcycle,Jam,Foggy,46.08
1.9931,-1.0,-0.0,0.974928,-0.222521,9,6,7,0,1.0,0,330.19,7,van,Normal,Sandstorm,59.19
4.1591,0.965926,-0.258819,0.0,1.0,11,2,7,4,0.3333,0,166.45,5,motorcycle,Medium,Sunny,40.92
2.7261,0.965926,-0.258819,0.974928,-0.222521,10,8,13,4,0.6667,0,87.6,2,car,Low,Rainy,23.55
3.992,0.5,-0.866025,-0.974928,-0.222521,9,0,13,12,0.0,1,80.81,9,car,High,Windy,90.0
1.7576,-0.707107,-0.707107,0.781831,0.62349,2,1,4,2,0.3333,1,12.44,1,van,Medium,Sunny,49.43
1.7026,0.258819,-0.965926,0.974928,-0.222521,11,8,9,0,1.0,0,266.9,3,car,Medium,Sunny,32.41
0.8022,-0.866025,0.5,0.0,1.0,2,8,14,5,0.6154,1,96.41,2,car,High,Sunny,10.84
2.4091,-0.707107,0.707107,0.781831,0.62349,5,7,9,1,0.875,1,283.66,4,motorcycle,Medium,Sunny,22.32
0.3117,0.0,-1.0,0.0,1.0,10,14,15,0,1.0,1,198.12,2,car,Normal,Sunny,1.0
0.9688,-0.5,0.866025,0.433884,-0.900969,3,3,4,0,1.0,1,256.19,8,car,Medium,Sunny,21.11
1.8458,0.965926,-0.258819,0.974928,-0.222521,3,4,7,2,0.6667,0,73.15,4,car,Low,Sandstorm,26.68
4.2114,0.866025,-0.5,-0.781831,0.62349,1,4,14,9,0.3077,0,55.8,8,car,High,Windy,90.0
0.7018,0.258819,-0.965926,-0.433884,-0.900969,5,6,12,5,0.5455,1,150.53,0,van,High,Sunny,23.28
2.7684,-0.5,0.866025,0.974928,-0.222521,6,0,6,5,0.0,1,128.44,4,motorcycle,High,Sunny,40.46
0.9164,-0.5,-0.866025,0.433884,-0.900969,6,8,14,5,0.6154,0,182.21,5,motorcycle,High,Sunny,4.63
2.8227,-1.0,-0.0,-0.781831,0.62349,1,6,7,0,1.0,0,269.39,8,van,High,Sunny,90.0
0.5162,-0.965926,-0.258819,0.781831,0.62349,3,1,13,11,0.0833,0,327.19,7,van,Medium,Windy,20.21
2.2027,-0.5,-0.866025,0.781831,0.62349,1,3,7,3,0.5,0,213.95,6,car,Normal,Sunny,13.69
1.0095,-0.707107,0.707107,0.433884,-0.900969,3,6,7,0,1.0,1,81.31,8,motorcycle,Normal,Foggy,1.0
0.3585,-0.5,0.866025,0.0,1.0,8,2,7,4,0.3333,0,106.35,3,car,Jam,Sunny,1.0
0.9554,-0.258819,-0.965926,0.433884,-0.900969,1,4,7,2,0.6667,0,326.03,9,car,Jam,Sunny,32.96
3.8792,-1.0,-0.0,0.781831,0.62349,2,7,10,2,0.7778,1,75.47,9,motorcycle,High,Rainy,85.25
0.4197,-0.866025,-0.5,-0.781831,0.62349,7,10,13,2,0.8333,0,34.17,9,motorcycle,Normal,Sunny,2.19
0.2698,-0.866025,-0.5,-0.974928,-0.222521,7,7,11,3,0.7,0,331.62,5,car,Normal,Sunny,1.0
1.6141,0.965926,-0.258819,0.0,1.0,11,0,3,2,0.0,0,9.6,0,van,High,Sunny,45.25
0.2245,0.707107,-0.707107,0.433884,-0.900969,7,0,10,9,0.0,1,269.61,8,car,Normal,Windy,7.91
4.8802,-0.5,0.866025,0.781831,0.62349,12,6,8,1,0.8571,1,52.42,4,car,Medium,Sunny,48.86
4.7648,0.5,-0.866025,-0.433884,-0.900969,9,2,3,0,1.0,0,239.89,8,car,Normal,Sandstorm,90.0
2.9635,-0.965926,-0.258819,0.433884,-0.900969,7,1,7,5,0.1667,1,67.12,0,car,Normal,Windy,62.43
1.0934,-0.707107,0.707107,-0.781831,0.62349,5,8,15,6,0.5714,1,322.97,0,van,Medium,Rainy,11.99
5.3732,-0.866025,-0.5,0.781831,0.62349,2,0,7,6,0.0,0,17.95,3,car,Jam,Windy,90.0
3.9677,0.707107,-0.707107,0.433884,-0.900969,9,2,12,9,0.1818,1,109.62,8,van,High,Sandstorm,90.0
0.6663,-0.866025,0.5,-0.781831,0.62349,12,2,5,2,0.5,1,281.89,0,car,Medium,Windy,15.5
4.3357,1.0,0.0,0.0,1.0,5,0,14,13,0.0,1,204.23,1,motorcycle,Medium,Sunny,42.32
0.4648,-1.0,-0.0,0.781831,0.62349,5,7,13,5,0.5833,1,151.87,4,van,Jam,Windy,16.15
0.9165,0.5,-0.866025,-0.974928,-0.222521,2,2,5,2,0.5,1,156.79,8,motorcycle,Medium,Windy,22.3
0.2011,-0.866025,-0.5,0.0,1.0,8,1,11,9,0.1,0,180.83,1,car,Medium,Sunny,5.07
1.2695,-0.5,-0.866025,0.781831,0.62349,4,8,15,6,0.5714,0,358.15,7,van,Medium,Windy,25.79
0.8355,-0.707107,-0.707107,-0.781831,0.62349,1,6,14,7,0.4615,1,242.51,4,motorcycle,Normal,Sunny,1.0
0.7192,0.0,-1.0,-0.433884,-0.900969,1,1,12,10,0.0909,0,175.34,7,car,Low,Sunny,11.1
0.9442,-0.5,-0.866025,0.0,1.0,5,2,12,9,0.1818,1,115.87,7,car,High,Sunny,17.27
0.6373,-0.707107,0.707107,-0.974928,-0.222521,6,4,9,4,0.5,1,181.37,9,car,Medium,Sunny,2.28
1.1498,-0.866025,0.5,0.433884,-0.900969,6,3,4,0,1.0,0,332.14,0,car,Normal,Sunny,5.85
3.7411,-0.258819,-0.965926,0.433884,-0.900969,9,1,3,1,0.5,0,78.83,6,car,Normal,Sunny,50.66
0.403,-0.5,0.866025,-0.781831,0.62349,7,3,6,2,0.6,1,124.37,4,car,Jam,Sunny,11.89
2.5078,-0.707107,0.707107,0.974928,-0.222521,10,2,6,3,0.4,0,23.4,3,car,Medium,Sunny,22.92
1.3559,-0.866025,-0.5,0.974928,-0.222521,4,12,14,1,0.9231,1,226.52,7,van,Medium,Sunny,46.53
1.5768,-0.866025,-0.5,-0.433884,-0.900969,3,12,13,0,1.0,0,276.13,5,car,Low,Sunny,10.6
1.0734,1.0,0.0,0.781831,0.62349,7,2,7,4,0.3333,0,227.53,4,car,Jam,Foggy,31.37
0.559,-0.5,-0.866025,0.0,1.0,2,2,7,4,0.3333,0,292.26,6,van,High,Sandstorm,24.77
1.6864,0.707107,-0.707107,0.0,1.0,10,6,12,5,0.5455,0,277.47,5,car,Medium,Sunny,31.45
1.8092,0.866025,-0.5,0.974928,-0.222521,3,9,11,1,0.9,0,350.09,3,car,Normal,Sunny,42.76
0.5166,-0.866025,0.5,0.0,1.0,11,8,14,5,0.6154,0,162.88,3,car,Medium,Sunny,9.44
0.3099,0.5,-0.866025,0.433884,-0.900969,12,4,12,7,0.3636,0,30.27,2,car,High,Sunny,1.0
1.1985,-0.866025,-0.5,-0.781831,0.62349,7,8,11,2,0.8,0,192.74,2,car,High,Sunny,23.81
2.2637,-0.866025,0.5,0.781831,0.62349,4,2,13,10,0.1667,0,277.56,4,car,Jam,Windy,72.66
2.8715,-0.866025,-0.5,0.0,1.0,5,3,14,10,0.2308,0,146.5,1,car,Medium,Windy,64.79
3.4665,-0.965926,0.258819,0.0,1.0,6,1,7,5,0.1667,0,161.72,8,motorcycle,Normal,Sunny,35.07
1.5727,-0.965926,0.258819,0.781831,0.62349,6,5,6,0,1.0,0,265.45,5,motorcycle,Medium,Windy,13.02
0.8607,-0.258819,-0.965926,-0.433884,-0.900969,1,13,14,0,1.0,0,6.06,6,car,High,Sunny,21.68
1.1029,-0.707107,0.707107,0.433884,-0.900969,3,4,5,0,1.0,1,236.62,5,car,Normal,Sandstorm,9.2
0.3393,-0.707107,0.707107,0.974928,-0.222521,10,0,6,5,0.0,1,254.6,8,car,Normal,Foggy,5.47
0.5778,0.258819,-0.965926,-0.974928,-0.222521,1,3,4,0,1.0,1,349.44,8,motorcycle,High,Sunny,13.8
1.0507,-0.965926,0.258819,0.974928,-0.222521,6,2,13,10,0.1667,1,262.78,4,motorcycle,Medium,Sandstorm,14.52
0.8579,0.707107,-0.707107,-0.433884,-0.900969,11,13,14,0,1.0,1,47.12,3,car,High,Sandstorm,36.93
1.2061,0.965926,-0.258819,-0.781831,0.62349,2,2,8,5,0.2857,0,179.39,9,car,Normal,Sunny,1.0
0.2994,-0.707107,-0.707107,0.781831,0.62349,12,1,4,2,0.3333,0,146.14,5,car,Normal,Sunny,8.59
0.3701,-0.866025,-0.5,0.0,1.0,6,3,6,2,0.6,1,144.34,7,motorcycle,Normal,Sandstorm,6.55
2.309,-0.707107,-0.707107,0.781831,0.62349,6,7,10,2,0.7778,1,282.63,1,motorcycle,Medium,Sunny,36.1
0.5007,-0.965926,0.258819,0.781831,0.62349,9,2,7,4,0.3333,1,209.2,3,car,High,Sunny,1.0
0.5814,0.0,-1.0,-0.974928,-0.222521,10,9,12,2,0.8182,0,263.11,2,van,Medium,Windy,1.31
1.2096,-0.965926,0.258819,-0.781831,0.62349,6,0,13,12,0.0,0,268.49,4,car,Medium,Sunny,18.74
0.4563,-0.707107,0.707107,0.433884,-0.900969,1,7,8,0,1.0,0,247.8,5,van,Normal,Sunny,7.9
3.1614,0.965926,-0.258819,0.0,1.0,12,5,10,4,0.5556,0,272.8,9,motorcycle,High,Foggy,57.78
0.3349,-0.258819,-0.965926,-0.974928,-0.222521,1,1,3,1,0.5,0,78.68,1,car,Jam,Sunny,11.08
1.1068,0.707107,-0.707107,-0.781831,0.62349,11,3,4,0,1.0,1,35.54,9,car,High,Sunny,21.02
0.5427,-0.965926,-0.258819,0.974928,-0.222521,6,0,7,6,0.0,0,58.05,8,van,Normal,Windy,5.89
1.2819,-0.258819,-0.965926,-0.433884,-0.900969,7,3,4,0,1.0,0,291.15,4,car,Medium,Sunny,4.99
0.6889,0.5,-0.866025,-0.433884,-0.900969,10,0,3,2,0.0,0,344.18,2,motorcycle,Normal,Windy,9.71
1.0806,0.5,-0.866025,0.433884,-0.900969,12,10,11,0,1.0,0,337.26,8,car,Low,Windy,28.56
3.5262,0.0,-1.0,0.974928,-0.222521,2,2,3,0,1.0,0,4.62,1,motorcycle,Normal,Sunny,33.67
0.5752,0.965926,-0.258819,0.781831,0.62349,10,2,6,3,0.4,0,358.23,9,car,Normal,Sunny,1.0
0.5706,0.965926,-0.258819,0.781831,0.62349,8,0,12,11,0.0,0,319.15,9,car,Normal,Foggy,7.99
0.8186,-0.866025,-0.5,0.974928,-0.222521,5,0,5,4,0.0,0,71.59,2,car,High,Rainy,28.13
4.4831,-0.5,0.866025,-0.974928,-0.222521,6,0,5,4,0.0,1,200.66,5,car,Normal,Sunny,22.34
1.0149,-0.5,-0.866025,-0.974928,-0.222521,10,0,12,11,0.0,0,354.46,5,car,High,Sunny,21.12
3.5697,-0.707107,0.707107,0.0,1.0,2,1,3,1,0.5,0,169.56,7,van,Jam,Sunny,90.0
0.9342,0.866025,-0.5,0.0,1.0,7,6,7,0,1.0,0,343.24,7,car,Medium,Rainy,21.24
3.4218,-0.5,0.866025,0.433884,-0.900969,9,7,9,1,0.875,0,195.77,9,car,Medium,Sandstorm,63.17
1.6275,-0.707107,-0.707107,-0.974928,-0.222521,7,2,3,0,1.0,0,123.97,0,car,High,Sunny,48.56
1.8717,-1.0,-0.0,0.433884,-0.900969,6,10,11,0,1.0,0,57.79,8,car,Low,Rainy,42.26
0.2825,0.965926,-0.258819,-0.974928,-0.222521,7,5,8,2,0.7143,0,37.47,8,motorcycle,Medium,Sunny,1.0
0.2454,-0.866025,-0.5,-0.433884,-0.900969,7,0,7,6,0.0,0,254.41,7,motorcycle,Medium,Sunny,1.0
3.0547,0.0,-1.0,-0.433884,-0.900969,10,4,10,5,0.4444,0,117.93,2,car,High,Windy,68.86
3.0189,-0.707107,0.707107,0.433884,-0.900969,10,2,3,0,1.0,1,146.78,7,van,High,Sunny,67.22
11.0274,-0.965926,0.258819,0.0,1.0,12,4,10,5,0.4444,0,337.4,4,van,High,Windy,90.0
0.2694,-0.866025,0.5,0.781831,0.62349,1,2,9,6,0.25,1,71.94,2,motorcycle,Medium,Sunny,1.0
1.7533,-0.707107,0.707107,-0.974928,-0.222521,4,1,3,1,0.5,0,134.38,3,car,Medium,Sandstorm,26.94
0.4179,-1.0,-0.0,0.974928,-0.222521,11,10,13,2,0.8333,0,327.44,4,car,High,Foggy,12.78
0.5469,0.5,-0.866025,-0.974928,-0.222521,8,2,8,5,0.2857,1,338.61,7,car,High,Sunny,19.72
0.6858,0.5,-0.866025,0.974928,-0.222521,5,1,3,1,0.5,0,288.99,2,motorcycle,Medium,Sunny,4.97
1.5892,-0.866025,0.5,0.0,1.0,8,3,7,3,0.5,1,137.93,2,van,Jam,Windy,56.69
0.5881,-0.866025,-0.5,-0.433884,-0.900969,6,5,12,6,0.4545,1,45.17,3,car,High,Sunny,31.12
1.1411,-0.707107,0.707107,-0.781831,0.62349,11,1,8,6,0.1429,1,284.19,4,car,Medium,Sandstorm,9.1
2.4362,-0.965926,0.258819,0.433884,-0.900969,7,2,8,5,0.2857,1,302.05,9,van,Low,Sunny,19.42
3.2271,-0.866025,-0.5,0.0,1.0,6,0,3,2,0.0,0,257.34,2,motorcycle,Normal,Sunny,45.33
2.1339,0.866025,-0.5,0.974928,-0.222521,8,2,3,0,1.0,0,121.46,9,car,High,Rainy,47.15
1.6977,-0.5,0.866025,-0.781831,0.62349,3,1,6,4,0.2,0,234.87,0,van,Normal,Sunny,24.73
0.966,0.5,-0.866025,0.974928,-0.222521,10,5,6,0,1.0,0,252.82,5,car,Medium,Sunny,34.18
0.6437,0.5,-0.866025,0.0,1.0,3,10,11,0,1.0,0,319.47,8,car,Medium,Sunny,20.16
1.8442,0.866025,-0.5,-0.974928,-0.222521,1,6,9,2,0.75,0,50.1,3,van,High,Sandstorm,85.19
0.4072,0.965926,-0.258819,0.781831,0.62349,1,3,4,0,1.0,0,94.98,2,van,High,Rainy,6.6
1.2376,0.0,-1.0,0.0,1.0,1,9,11,1,0.9,1,145.33,6,motorcycle,High,Sunny,21.33
0.3978,-0.866025,0.5,-0.433884,-0.900969,2,11,15,3,0.7857,0,292.19,2,car,Medium,Sunny,8.48
1.0627,-0.866025,0.5,0.974928,-0.222521,1,4,14,9,0.3077,0,321.73,0,car,Normal,Sunny,24.5
0.4062,-0.5,-0.866025,0.0,1.0,4,12,15,2,0.8571,0,100.23,0,car,Medium,Windy,18.66
0.7554,0.258819,-0.965926,0.0,1.0,12,3,9,5,0.375,0,181.49,4,car,Normal,Sunny,6.52
0.5815,0.258819,-0.965926,0.781831,0.62349,2,0,7,6,0.0,0,218.78,5,car,Medium,Sunny,3.88
0.5185,-0.707107,0.707107,0.781831,0.62349,9,1,3,1,0.5,0,59.57,0,car,Jam,Sunny,4.22
1.0172,1.0,0.0,0.0,1.0,11,1,11,9,0.1,1,285.26,2,car,Medium,Sunny,19.38
0.1105,1.0,0.0,0.974928,-0.222521,10,0,8,7,0.0,0,169.52,7,car,Medium,Windy,10.3
0.1994,0.965926,-0.258819,-0.974928,-0.222521,5,1,11,9,0.1,0,322.08,5,car,Medium,Sunny,3.34
2.3715,-0.707107,0.707107,0.974928,-0.222521,1,5,6,0,1.0,0,197.4,6,van,High,Sunny,45.42
1.2714,0.965926,-0.258819,0.0,1.0,5,0,5,4,0.0,0,299.9,7,car,Medium,Sunny,34.69
0.5559,-0.5,0.866025,-0.781831,0.62349,8,4,11,6,0.4,1,17.67,9,van,Medium,Sunny,13.36
2.7877,0.707107,-0.707107,-0.433884,-0.900969,10,5,8,2,0.7143,1,157.99,0,motorcycle,Normal,Sunny,16.37
0.6022,-0.707107,-0.707107,-0.781831,0.62349,2,7,9,1,0.875,0,150.89,4,van,Medium,Sunny,18.4
0.6372,-0.5,0.866025,-0.433884,-0.900969,4,0,15,14,0.0,0,69.82,2,car,Normal,Sunny,6.76
0.5251,0.965926,-0.258819,0.433884,-0.900969,8,5,6,0,1.0,0,202.19,6,car,Medium,Sunny,5.19
6.7618,0.5,-0.866025,0.433884,-0.900969,9,3,4,0,1.0,0,270.18,3,van,High,Sunny,90.0
1.3817,-1.0,-0.0,0.0,1.0,4,11,12,0,1.0,0,177.59,1,van,Low,Windy,23.04
1.331,-0.965926,0.258819,0.974928,-0.222521,10,6,10,3,0.6667,1,299.5,8,car,Medium,Sunny,10.74
1.7213,-0.707107,0.707107,0.433884,-0.900969,10,4,8,3,0.5714,1,105.47,5,car,Normal,Sunny,8.23
0.1901,1.0,0.0,0.974928,-0.222521,5,1,10,8,0.1111,0,107.41,1,van,Normal,Windy,8.46
0.6286,-0.965926,0.258819,-0.974928,-0.222521,7,1,15,13,0.0714,0,60.06,2,car,Low,Sunny,1.0
1.7027,0.258819,-0.965926,-0.781831,0.62349,6,4,5,0,1.0,0,282.29,7,van,Normal,Sunny,21.6
1.1009,-0.707107,-0.707107,0.433884,-0.900969,9,11,13,1,0.9167,0,53.28,4,car,Jam,Sandstorm,71.34
8.9813,-0.707107,0.707107,-0.974928,-0.222521,4,7,9,1,0.875,1,53.92,9,car,Jam,Sunny,90.0
0.6647,-0.707107,0.707107,0.781831,0.62349,4,8,13,4,0.6667,1,2.53,0,motorcycle,High,Rainy,1.0
2.7075,0.707107,-0.707107,-0.781831,0.62349,6,7,14,6,0.5385,0,139.78,0,car,Medium,Sunny,42.13
2.3767,-0.5,-0.866025,-0.433884,-0.900969,3,0,5,4,0.0,1,157.29,6,van,High,Rainy,65.15
1.2658,0.5,-0.866025,-0.974928,-0.222521,7,0,4,3,0.0,1,162.4,3,car,High,Sandstorm,42.5
1.5041,-0.866025,-0.5,-0.433884,-0.900969,12,0,3,2,0.0,0,275.82,8,car,Medium,Sunny,32.03
0.8389,-0.866025,0.5,-0.974928,-0.222521,5,2,5,2,0.5,0,149.29,7,motorcycle,Low,Sunny,1.0
0.1696,0.258819,-0.965926,0.433884,-0.900969,11,2,7,4,0.3333,0,1.53,0,car,High,Windy,1.0
1.5399,0.866025,-0.5,-0.781831,0.62349,6,3,6,2,0.6,0,219.4,9,car,Jam,Sunny,69.6
1.6603,0.965926,-0.258819,-0.433884,-0.900969,2,10,13,2,0.8333,0,61.64,9,motorcycle,Normal,Sunny,15.95
1.9278,1.0,0.0,0.433884,-0.900969,6,8,12,3,0.7273,0,9.01,2,van,Medium,Rainy,60.69
1.1734,0.0,-1.0,0.781831,0.62349,6,5,7,1,0.8333,0,279.85,6,van,Normal,Windy,17.7
2.7784,-0.5,0.866025,-0.781831,0.62349,1,2,10,7,0.2222,1,88.5,6,car,Normal,Foggy,24.47
0.4854,0.5,-0.866025,0.0,1.0,6,6,7,0,1.0,0,271.9,0,car,High,Sandstorm,19.14
4.4592,0.0,-1.0,0.0,1.0,2,7,9,1,0.875,0,231.02,7,van,Normal,Sandstorm,90.0
0.4324,-0.965926,-0.258819,0.0,1.0,10,2,6,3,0.4,0,317.99,9,car,Jam,Windy,20.24
0.9976,-0.965926,-0.258819,0.0,1.0,7,3,13,9,0.25,0,128.94,4,car,High,Windy,17.2
2.1103,0.5,-0.866025,0.781831,0.62349,4,4,5,0,1.0,0,234.03,9,van,Low,Rainy,36.15
0.6776,0.866025,-0.5,0.433884,-0.900969,1,14,15,0,1.0,1,204.56,6,car,High,Windy,27.17
2.2514,0.866025,-0.5,0.781831,0.62349,7,6,15,8,0.4286,0,281.8,7,car,High,Sunny,77.5
0.798,0.707107,-0.707107,0.433884,-0.900969,9,0,5,4,0.0,0,118.56,5,car,Medium,Sunny,28.0
1.2364,0.965926,-0.258819,0.433884,-0.900969,6,6,10,3,0.6667,1,215.82,6,car,Medium,Sunny,18.3
0.9305,-0.258819,-0.965926,0.433884,-0.900969,11,10,13,2,0.8333,0,194.71,9,van,High,Rainy,38.37
0.6389,-0.866025,-0.5,0.0,1.0,3,6,13,6,0.5,0,15.69,5,motorcycle,Medium,Windy,14.01
9.3795,-0.965926,-0.258819,0.433884,-0.900969,10,0,7,6,0.0,0,12.24,5,car,Normal,Sunny,90.0
0.4977,-0.707107,0.707107,0.974928,-0.222521,6,7,10,2,0.7778,0,325.08,1,car,Normal,Sunny,1.0
0.126,0.5,-0.866025,0.433884,-0.900969,4,3,4,0,1.0,0,230.67,5,van,Normal,Sunny,4.76
0.5151,-0.965926,-0.258819,0.0,1.0,4,5,6,0,1.0,0,220.73,8,car,Medium,Sunny,10.74
1.252,-0.707107,0.707107,-0.781831,0.62349,6,5,6,0,1.0,1,267.52,6,car,Normal,Windy,17.59
0.7726,1.0,0.0,-0.974928,-0.222521,1,2,6,3,0.4,0,5.64,7,motorcycle,Medium,Windy,1.0
2.9085,-0.965926,0.258819,0.974928,-0.222521,8,2,8,5,0.2857,1,83.55,1,van,Medium,Sunny,54.54
2.8097,0.965926,-0.258819,0.974928,-0.222521,5,1,11,9,0.1,1,234.05,8,car,High,Sunny,62.52
0.8167,-0.707107,-0.707107,0.974928,-0.222521,9,1,14,12,0.0769,1,258.62,5,motorcycle,Medium,Sunny,18.12
0.2236,-0.866025,0.5,-0.781831,0.62349,7,8,10,1,0.8889,1,226.66,4,car,Jam,Sunny,1.0
0.3266,-0.258819,-0.965926,-0.433884,-0.900969,12,8,9,0,1.0,0,147.97,0,motorcycle,Jam,Rainy,1.0
1.0719,-0.707107,-0.707107,0.433884,-0.900969,1,7,12,4,0.6364,1,211.99,8,van,Normal,Rainy,30.14
0.25,-0.866025,-0.5,-0.433884,-0.900969,6,9,10,0,1.0,1,251.96,6,van,Medium,Sandstorm,16.62
0.7793,-0.707107,-0.707107,0.0,1.0,7,2,8,5,0.2857,0,146.3,3,motorcycle,Normal,Sunny,14.19
4.2641,-1.0,-0.0,-0.974928,-0.222521,3,2,3,0,1.0,0,203.04,5,van,High,Sunny,90.0
1.5306,-0.866025,0.5,-0.433884,-0.900969,9,3,10,6,0.3333,0,28.43,9,car,Medium,Rainy,30.32
1.1542,0.866025,-0.5,0.974928,-0.222521,5,1,3,1,0.5,0,61.04,8,car,Normal,Foggy,25.2
0.4112,-0.258819,-0.965926,-0.433884,-0.900969,10,6,10,3,0.6667,0,278.13,2,van,Normal,Sunny,12.32
1.3134,-0.866025,0.5,0.0,1.0,12,2,15,12,0.1429,0,136.8,7,van,Medium,Windy,34.66
0.8645,0.0,-1.0,0.433884,-0.900969,11,5,13,7,0.4167,0,280.09,0,car,High,Sunny,16.27
1.3864,-0.5,-0.866025,-0.781831,0.62349,8,5,13,7,0.4167,0,242.74,4,van,High,Sunny,28.77
2.205,-1.0,-0.0,-0.974928,-0.222521,9,3,9,5,0.375,0,130.54,5,van,Low,Foggy,53.46
2.594,-0.707107,0.707107,0.0,1.0,11,6,9,2,0.75,1,277.51,6,car,Normal,Rainy,20.58
1.2491,0.5,-0.866025,-0.433884,-0.900969,12,2,9,6,0.25,1,45.49,0,car,Medium,Foggy,16.54
1.7974,-0.5,0.866025,-0.433884,-0.900969,9,0,5,4,0.0,0,57.81,3,car,Medium,Sunny,30.04
0.6795,-1.0,-0.0,0.433884,-0.900969,11,9,15,5,0.6429,1,147.3,2,car,Normal,Sunny,13.99
3.2412,1.0,0.0,0.974928,-0.222521,12,0,3,2,0.0,1,236.09,3,car,Normal,Rainy,43.27
0.4758,-0.866025,0.5,-0.433884,-0.900969,3,14,15,0,1.0,0,107.2,6,car,High,Windy,8.14
0.9075,0.0,-1.0,0.974928,-0.222521,7,13,15,1,0.9286,0,116.36,0,car,Medium,Sunny,22.18
3.5779,0.5,-0.866025,-0.781831,0.62349,5,5,15,9,0.3571,0,310.22,7,car,High,Sunny,88.7
0.6994,-0.5,-0.866025,-0.974928,-0.222521,12,2,3,0,1.0,0,323.96,1,van,Medium,Sunny,13.48
0.3092,-0.707107,-0.707107,-0.781831,0.62349,9,7,15,7,0.5,1,328.51,5,car,Medium,Windy,9.76
0.7481,-0.707107,-0.707107,0.974928,-0.222521,11,4,6,1,0.8,0,7.91,8,motorcycle,Medium,Rainy,18.97
4.146,1.0,0.0,-0.433884,-0.900969,5,1,6,4,0.2,1,287.43,8,motorcycle,Normal,Sunny,19.5
0.1278,-0.965926,0.258819,0.781831,0.62349,11,10,11,0,1.0,1,274.25,9,van,Normal,Sunny,6.67
1.2181,0.258819,-0.965926,-0.974928,-0.222521,1,7,8,0,1.0,0,92.93,4,motorcycle,Jam,Sunny,21.01
0.6051,0.866025,-0.5,-0.974928,-0.222521,12,7,15,7,0.5,0,81.59,4,motorcycle,High,Sunny,7.06
0.9425,-0.707107,-0.707107,-0.974928,-0.222521,3,7,9,1,0.875,1,12.55,9,car,High,Sunny,16.1
0.7936,-0.866025,-0.5,0.0,1.0,7,1,4,2,0.3333,0,295.94,1,van,Normal,Sunny,37.06
2.7524,0.965926,-0.258819,0.433884,-0.900969,9,4,6,1,0.8,0,218.71,9,car,Low,Windy,22.04
1.1631,-0.5,0.866025,0.781831,0.62349,9,11,13,1,0.9167,0,5.7,0,van,Normal,Sunny,14.89
2.8864,-0.866025,-0.5,-0.781831,0.62349,3,6,10,3,0.6667,1,81.09,0,car,Jam,Windy,90.0
3.7431,-0.5,0.866025,0.433884,-0.900969,7,6,7,0,1.0,1,299.08,0,car,High,Sunny,39.92
1.137,-0.965926,-0.258819,-0.433884,-0.900969,7,1,5,3,0.25,0,216.76,2,car,Medium,Sunny,32.17
0.7854,1.0,0.0,0.433884,-0.900969,10,0,11,10,0.0,0,308.08,8,motorcycle,Jam,Sunny,4.91
1.5814,0.707107,-0.707107,0.0,1.0,4,3,6,2,0.6,0,52.81,2,car,Normal,Windy,37.71
1.8997,-0.5,0.866025,-0.433884,-0.900969,10,1,4,2,0.3333,1,342.93,4,car,Medium,Sunny,34.08
0.3695,-0.707107,-0.707107,-0.433884,-0.900969,8,6,10,3,0.6667,0,74.68,8,car,Normal,Sunny,1.0
1.383,0.866025,-0.5,0.974928,-0.222521,10,5,14,8,0.3846,1,109.27,8,car,Normal,Sunny,18.5
0.8686,0.965926,-0.258819,-0.433884,-0.900969,11,6,7,0,1.0,1,333.39,4,motorcycle,Jam,Sunny,1.0
0.7413,-0.707107,-0.707107,0.974928,-0.222521,6,1,12,10,0.0909,1,112.65,3,van,High,Sunny,16.98
0.5733,-0.866025,-0.5,-0.433884,-0.900969,6,7,8,0,1.0,0,214.27,4,car,Normal,Sunny,15.14
0.6099,0.5,-0.866025,0.974928,-0.222521,10,3,15,11,0.2143,0,123.87,5,car,Normal,Sunny,19.82
3.6432,0.707107,-0.707107,-0.974928,-0.222521,10,3,10,6,0.3333,1,266.29,3,car,Medium,Sunny,68.68
0.7821,-0.866025,-0.5,-0.781831,0.62349,11,0,9,8,0.0,0,112.1,6,car,Low,Windy,5.53
3.2758,-0.258819,-0.965926,0.433884,-0.900969,7,3,5,1,0.75,1,158.86,8,motorcycle,Medium,Sunny,28.32
1.2517,1.0,0.0,0.0,1.0,8,9,14,4,0.6923,0,30.16,0,van,Medium,Rainy,19.28
0.3768,1.0,0.0,-0.433884,-0.900969,1,2,3,0,1.0,0,331.54,8,car,Normal,Windy,15.05
1.3248,0.5,-0.866025,-0.781831,0.62349,6,1,10,8,0.1111,1,326.17,6,van,Normal,Sunny,31.7
0.3575,-0.707107,-0.707107,-0.433884,-0.900969,3,2,6,3,0.4,1,289.51,0,car,Normal,Windy,1.0
1.9675,0.258819,-0.965926,0.974928,-0.222521,11,7,9,1,0.875,1,314.31,7,van,Jam,Sunny,78.31
0.9072,1.0,0.0,0.433884,-0.900969,2,0,15,14,0.0,0,216.99,4,van,Normal,Rainy,34.98
2.4903,-0.707107,0.707107,0.974928,-0.222521,10,2,4,1,0.6667,0,30.77,0,van,Medium,Rainy,38.58
4.314,-0.965926,-0.258819,-0.974928,-0.222521,11,0,3,2,0.0,1,25.41,0,van,Normal,Sandstorm,90.0
0.2126,-0.707107,-0.707107,-0.974928,-0.222521,6,4,13,8,0.3333,1,282.99,0,motorcycle,High,Sunny,9.38
0.7131,0.5,-0.866025,-0.433884,-0.900969,9,9,12,2,0.8182,1,186.15,4,car,Normal,Rainy,21.51
0.3503,-1.0,-0.0,0.974928,-0.222521,7,6,8,1,0.8571,0,99.72,5,car,Low,Windy,11.31
8.5878,-0.5,0.866025,0.781831,0.62349,9,0,5,4,0.0,0,13.49,2,car,High,Rainy,90.0
0.7274,-0.965926,-0.258819,-0.433884,-0.900969,9,6,10,3,0.6667,0,354.26,9,van,High,Sunny,26.98
0.3168,0.258819,-0.965926,0.974928,-0.222521,4,2,6,3,0.4,1,34.81,0,van,Normal,Rainy,1.0
9.2843,0.0,-1.0,-0.781831,0.62349,9,8,11,2,0.8,0,131.14,9,van,Normal,Windy,90.0
0.5545,-0.707107,0.707107,0.0,1.0,11,6,8,1,0.8571,0,244.87,1,van,Jam,Sunny,18.29
0.2367,1.0,0.0,-0.974928,-0.222521,4,11,13,1,0.9167,0,224.32,1,car,Normal,Foggy,1.0
0.3677,0.707107,-0.707107,-0.974928,-0.222521,4,1,11,9,0.1,0,45.5,4,van,Normal,Windy,10.69
1.2662,0.965926,-0.258819,0.433884,-0.900969,4,8,10,1,0.8889,0,223.36,7,van,Medium,Rainy,26.74
1.1543,-0.866025,-0.5,-0.781831,0.62349,11,3,4,0,1.0,0,121.1,6,car,Normal,Sunny,20.8
0.4995,-0.258819,-0.965926,-0.974928,-0.222521,11,8,11,2,0.8,1,61.42,7,car,Medium,Sunny,8.67
0.6971,0.866025,-0.5,0.0,1.0,5,4,12,7,0.3636,0,222.15,4,car,Medium,Windy,21.39
1.1623,-0.5,0.866025,0.974928,-0.222521,12,6,9,2,0.75,1,324.16,8,car,Medium,Sunny,18.83
3.8873,-0.707107,-0.707107,-0.974928,-0.222521,10,0,10,9,0.0,1,270.55,7,van,Medium,Sandstorm,90.0
1.5168,0.5,-0.866025,-0.974928,-0.222521,5,3,10,6,0.3333,0,58.49,0,motorcycle,Medium,Windy,22.97
0.6473,-0.5,0.866025,0.781831,0.62349,10,4,6,1,0.8,0,62.68,5,van,High,Sunny,12.11
0.8896,-0.965926,-0.258819,0.781831,0.62349,11,5,8,2,0.7143,0,168.96,9,car,Low,Windy,5.75
2.2961,0.866025,-0.5,-0.781831,0.62349,11,1,4,2,0.3333,0,7.61,7,van,Normal,Sunny,59.34
5.4524,-0.866025,0.5,0.0,1.0,6,7,13,5,0.5833,0,7.47,8,van,Medium,Sandstorm,90.0
0.387,0.965926,-0.258819,-0.781831,0.62349,3,0,4,3,0.0,0,90.69,7,car,Normal,Rainy,3.69
3.1848,-0.707107,0.707107,0.433884,-0.900969,3,12,13,0,1.0,0,38.41,6,motorcycle,Low,Sunny,14.89
0.8211,0.0,-1.0,-0.974928,-0.222521,10,6,11,4,0.6,0,196.82,3,car,Normal,Sunny,13.4
0.2362,0.5,-0.866025,0.781831,0.62349,9,4,9,4,0.5,1,15.64,0,car,High,Sunny,8.68
0.1957,1.0,0.0,0.974928,-0.222521,9,3,9,5,0.375,0,87.67,3,car,Normal,Sunny,1.04
3.9254,-0.707107,0.707107,-0.974928,-0.222521,1,0,4,3,0.0,0,20.95,2,car,High,Rainy,77.5
4.396,-0.707107,-0.707107,0.781831,0.62349,12,3,11,7,0.3,1,190.97,7,motorcycle,High,Sunny,90.0
0.6436,-0.866025,-0.5,0.0,1.0,2,3,7,3,0.5,0,126.94,3,car,Medium,Sunny,12.51
0.9034,-0.866025,0.5,-0.433884,-0.900969,7,5,13,7,0.4167,1,29.89,3,car,Normal,Sunny,24.24
0.2033,-0.5,-0.866025,0.0,1.0,12,5,13,7,0.4167,0,127.57,8,car,High,Windy,1.0
2.2795,0.5,-0.866025,-0.781831,0.62349,3,7,14,6,0.5385,0,0.23,1,car,Normal,Sandstorm,63.12
1.0758,-0.965926,0.258819,-0.433884,-0.900969,7,6,14,7,0.4615,1,297.16,7,car,Jam,Sunny,13.38
0.2529,-0.707107,-0.707107,-0.433884,-0.900969,11,3,12,8,0.2727,0,130.94,3,car,High,Sunny,4.46
1.3425,0.5,-0.866025,0.433884,-0.900969,4,3,6,2,0.6,0,239.72,9,van,Low,Sunny,7.79
0.2952,-0.866025,0.5,-0.433884,-0.900969,2,1,6,4,0.2,1,255.15,9,car,High,Sunny,1.0
1.8769,-0.965926,0.258819,-0.781831,0.62349,6,14,15,0,1.0,0,199.77,4,van,Medium,Sunny,39.72
0.3951,0.5,-0.866025,0.0,1.0,10,10,15,4,0.7143,0,211.98,7,car,Medium,Sandstorm,13.12
1.5223,-0.965926,-0.258819,0.781831,0.62349,7,1,6,4,0.2,1,154.3,9,van,Medium,Sunny,42.35
0.5943,-0.707107,0.707107,-0.433884,-0.900969,6,7,11,3,0.7,0,146.68,6,motorcycle,Medium,Sunny,17.58
0.1168,-0.965926,0.258819,0.0,1.0,8,13,14,0,1.0,1,110.14,8,car,High,Windy,11.44
2.8472,0.707107,-0.707107,0.781831,0.62349,1,10,14,3,0.7692,1,25.65,6,car,High,Sandstorm,90.0
2.9993,-0.866025,0.5,0.0,1.0,5,11,15,3,0.7857,0,125.81,0,motorcycle,Normal,Sunny,9.53
0.6732,1.0,0.0,0.0,1.0,11,1,7,5,0.1667,1,166.51,6,car,Medium,Sunny,17.09
1.4343,-0.866025,-0.5,0.433884,-0.900969,5,1,9,7,0.125,0,48.14,2,van,Medium,Sandstorm,55.46
1.6758,-0.5,-0.866025,-0.433884,-0.900969,12,5,10,4,0.5556,1,326.9,5,car,Medium,Sunny,25.77
1.728,1.0,0.0,0.0,1.0,7,4,15,10,0.2857,0,3.02,7,car,Medium,Sandstorm,38.61
5.6935,-1.0,-0.0,-0.781831,0.62349,12,1,15,13,0.0714,1,80.56,1,van,Normal,Sandstorm,90.0
1.6421,0.258819,-0.965926,-0.974928,-0.222521,8,9,10,0,1.0,0,244.73,6,motorcycle,High,Rainy,36.88
0.7868,-0.866025,0.5,-0.433884,-0.900969,6,4,14,9,0.3077,0,296.45,5,car,Normal,Sunny,5.55
1.6595,-0.866025,0.5,0.0,1.0,12,5,7,1,0.8333,1,170.55,2,van,Normal,Sunny,29.2
0.7346,-0.866025,-0.5,0.433884,-0.900969,4,7,10,2,0.7778,1,211.9,7,van,Medium,Rainy,32.85
0.4016,-0.866025,-0.5,-0.781831,0.62349,5,1,13,11,0.0833,0,98.28,7,car,Normal,Sunny,14.36
3.521,1.0,0.0,0.781831,0.62349,9,2,14,11,0.1538,0,343.56,0,car,Low,Sunny,41.39
1.8357,-0.707107,0.707107,0.433884,-0.900969,11,2,4,1,0.6667,0,231.9,3,car,Low,Sunny,4.02
0.1885,-0.965926,-0.258819,0.433884,-0.900969,3,1,3,1,0.5,0,47.33,0,car,Medium,Sunny,1.0
0.5772,0.0,-1.0,-0.433884,-0.900969,12,1,5,3,0.25,0,265.11,6,van,Jam,Windy,25.81
2.27,0.965926,-0.258819,-0.781831,0.62349,6,0,4,3,0.0,1,46.0,8,car,Medium,Rainy,61.7
0.2502,-0.5,-0.866025,0.0,1.0,5,3,5,1,0.75,0,145.21,9,car,Normal,Windy,13.74
0.5405,-0.707107,0.707107,0.0,1.0,2,3,15,11,0.2143,1,176.84,3,van,High,Sunny,5.95
13.8521,-0.866025,0.5,0.0,1.0,1,1,11,9,0.1,0,260.07,2,van,Normal,Foggy,90.0
0.8069,0.965926,-0.258819,0.781831,0.62349,7,1,4,2,0.3333,0,358.68,3,van,Jam,Windy,32.42
3.0912,-1.0,-0.0,0.974928,-0.222521,8,4,12,7,0.3636,1,133.74,0,van,Medium,Sunny,90.0
4.5972,0.965926,-0.258819,-0.781831,0.62349,2,6,15,8,0.4286,1,243.27,3,car,Normal,Windy,59.06
0.4662,0.0,-1.0,0.433884,-0.900969,11,5,13,7,0.4167,0,242.06,6,van,Medium,Sunny,16.4
1.4234,-0.258819,-0.965926,-0.974928,-0.222521,7,7,14,6,0.5385,0,66.31,0,car,Normal,Sunny,28.51
7.8137,1.0,0.0,-0.433884,-0.900969,1,7,14,6,0.5385,0,231.43,7,car,High,Windy,90.0
1.7101,0.866025,-0.5,-0.781831,0.62349,11,0,12,11,0.0,0,316.59,8,car,Normal,Sunny,26.37
10.4567,-0.866025,0.5,0.974928,-0.222521,3,3,14,10,0.2308,1,200.06,3,van,High,Sunny,90.0
0.6035,-0.866025,-0.5,-0.433884,-0.900969,9,6,13,6,0.5,0,172.72,7,van,High,Windy,24.15
6.0936,-0.965926,0.258819,0.781831,0.62349,9,8,11,2,0.8,1,233.12,4,car,High,Sunny,90.0
1.1228,-0.707107,-0.707107,0.781831,0.62349,10,0,5,4,0.0,0,290.47,9,motorcycle,High,Sunny,27.93
0.8097,-0.258819,-0.965926,-0.781831,0.62349,10,11,14,2,0.8462,1,81.1,5,motorcycle,Normal,Sunny,12.98
2.03,1.0,0.0,0.0,1.0,12,0,4,3,0.0,1,58.72,5,car,Medium,Windy,44.34
0.9941,-0.707107,-0.707107,0.781831,0.62349,2,3,6,2,0.6,0,234.44,8,van,High,Rainy,43.11
1.0199,-0.965926,0.258819,0.974928,-0.222521,5,2,12,9,0.1818,0,12.45,2,car,Normal,Sunny,13.99
1.7523,0.707107,-0.707107,0.0,1.0,5,10,12,1,0.9091,0,297.1,6,motorcycle,Low,Sandstorm,12.91
0.1984,-0.5,-0.866025,-0.974928,-0.222521,5,9,14,4,0.6923,0,108.75,8,car,Normal,Sunny,5.4
0.5175,-0.258819,-0.965926,0.974928,-0.222521,3,2,3,0,1.0,0,39.95,2,car,Normal,Sunny,28.27
2.1957,-0.866025,0.5,0.433884,-0.900969,3,10,13,2,0.8333,0,275.28,8,car,High,Sunny,40.2
2.8348,0.866025,-0.5,0.974928,-0.222521,12,0,4,3,0.0,0,80.24,2,car,Medium,Sunny,77.92
1.5517,0.965926,-0.258819,-0.781831,0.62349,11,8,10,1,0.8889,0,144.51,6,van,Medium,Sunny,23.15
1.4363,0.707107,-0.707107,0.974928,-0.222521,9,0,5,4,0.0,1,148.99,3,car,Jam,Sandstorm,73.13
1.6197,0.866025,-0.5,-0.974928,-0.222521,7,5,10,4,0.5556,1,295.28,6,car,Normal,Sandstorm,31.9
2.7453,-0.866025,0.5,-0.433884,-0.900969,6,2,4,1,0.6667,0,95.19,1,van,High,Foggy,90.0
0.2851,0.5,-0.866025,-0.781831,0.62349,9,2,3,0,1.0,1,227.95,8,motorcycle,Low,Rainy,1.59
0.6811,0.0,-1.0,-0.433884,-0.900969,11,10,15,4,0.7143,1,359.51,1,van,Normal,Sunny,18.57
1.0297,0.5,-0.866025,-0.781831,0.62349,6,6,9,2,0.75,1,215.77,3,car,Normal,Sunny,1.0
1.3311,-0.965926,0.258819,-0.433884,-0.900969,7,8,9,0,1.0,1,50.75,8,car,Normal,Sunny,6.68
0.1489,-0.965926,-0.258819,0.0,1.0,11,0,8,7,0.0,0,101.98,0,car,Medium,Sunny,18.52
0.3347,-0.5,-0.866025,0.781831,0.62349,11,0,14,13,0.0,1,192.64,8,motorcycle,Medium,Rainy,1.0
1.0878,-0.965926,0.258819,-0.974928,-0.222521,3,2,13,10,0.1667,1,116.03,4,van,Normal,Sunny,13.46
2.8935,0.965926,-0.258819,0.0,1.0,3,2,9,6,0.25,0,185.96,2,van,Low,Sunny,35.9
0.7422,-0.965926,-0.258819,0.781831,0.62349,3,1,4,2,0.3333,0,195.56,8,motorcycle,Medium,Sunny,11.91
0.5865,0.0,-1.0,-0.974928,-0.222521,1,9,12,2,0.8182,0,264.79,8,car,Low,Rainy,1.0
1.8262,0.0,-1.0,0.974928,-0.222521,9,1,5,3,0.25,0,224.26,8,van,High,Sunny,61.16
0.8092,0.866025,-0.5,0.781831,0.62349,6,6,7,0,1.0,1,251.26,5,car,Jam,Windy,41.59
2.5519,0.965926,-0.258819,0.781831,0.62349,1,7,11,3,0.7,0,78.59,1,car,High,Sunny,43.22
0.8956,-0.965926,-0.258819,0.974928,-0.222521,3,6,15,8,0.4286,0,152.36,7,car,Medium,Sunny,23.46
0.3831,-0.866025,0.5,-0.974928,-0.222521,7,3,5,1,0.75,0,297.05,7,car,Medium,Sunny,12.24
4.2613,-0.707107,0.707107,0.433884,-0.900969,11,1,3,1,0.5,0,270.8,8,motorcycle,Medium,Sandstorm,51.81
3.5801,0.5,-0.866025,-0.781831,0.62349,8,0,8,7,0.0,0,65.53,7,car,Jam,Sandstorm,90.0
0.4459,-1.0,-0.0,-0.974928,-0.222521,7,10,12,1,0.9091,1,23.03,3,motorcycle,Jam,Sunny,28.06
1.6095,0.965926,-0.258819,0.781831,0.62349,3,1,11,9,0.1,0,235.14,4,van,Medium,Sunny,31.33
0.8103,-0.965926,0.258819,0.781831,0.62349,4,6,15,8,0.4286,0,159.87,6,van,Medium,Sunny,7.72
1.99,-0.707107,-0.707107,-0.781831,0.62349,10,0,5,4,0.0,0,147.77,7,motorcycle,High,Sunny,42.52
0.481,-0.866025,0.5,-0.781831,0.62349,10,10,13,2,0.8333,1,9.01,3,car,Low,Sunny,13.44
2.5301,0.965926,-0.258819,0.0,1.0,11,8,13,4,0.6667,1,137.4,2,car,Medium,Sunny,28.24
3.4391,-0.965926,0.258819,0.974928,-0.222521,7,12,13,0,1.0,1,64.33,9,car,Medium,Windy,33.78
0.4493,-0.258819,-0.965926,-0.974928,-0.222521,4,12,14,1,0.9231,0,12.37,9,car,High,Sandstorm,17.42
1.1786,-0.707107,-0.707107,-0.781831,0.62349,7,1,6,4,0.2,0,143.6,2,motorcycle,Normal,Windy,12.8
3.5084,-0.707107,-0.707107,-0.781831,0.62349,11,1,7,5,0.1667,1,296.93,0,car,Normal,Windy,84.36
0.4269,-1.0,-0.0,0.781831,0.62349,3,2,8,5,0.2857,0,320.89,6,car,Normal,Foggy,11.52
0.5854,-0.866025,-0.5,-0.781831,0.62349,11,1,7,5,0.1667,0,85.75,0,car,Medium,Foggy,26.41
2.0723,-0.258819,-0.965926,-0.974928,-0.222521,12,3,4,0,1.0,1,98.99,1,car,Jam,Sunny,65.0
0.9487,-0.258819,-0.965926,0.433884,-0.900969,10,0,7,6,0.0,1,35.48,5,van,High,Sunny,34.67
0.2475,0.965926,-0.258819,0.974928,-0.222521,8,2,7,4,0.3333,0,327.35,3,car,Normal,Sunny,5.67
0.8153,-1.0,-0.0,-0.974928,-0.222521,5,3,12,8,0.2727,0,23.48,0,van,Normal,Rainy,34.24
5.8073,-0.965926,-0.258819,-0.974928,-0.222521,11,0,3,2,0.0,0,337.42,3,van,High,Sunny,90.0
7.844,-0.707107,-0.707107,-0.781831,0.62349,2,9,12,2,0.8182,0,230.92,6,van,High,Sunny,90.0
0.6034,-1.0,-0.0,0.433884,-0.900969,10,6,13,6,0.5,0,283.14,7,car,Medium,Sunny,21.92
0.4641,0.5,-0.866025,0.781831,0.62349,5,3,4,0,1.0,1,79.19,7,van,Normal,Windy,5.29
0.7153,0.707107,-0.707107,-0.781831,0.62349,7,9,15,5,0.6429,1,218.71,2,car,Normal,Sunny,4.94
6.1215,-0.707107,0.707107,0.974928,-0.222521,6,5,12,6,0.4545,1,39.17,6,car,High,Sandstorm,90.0
2.4596,-0.5,0.866025,-0.974928,-0.222521,1,2,12,9,0.1818,0,237.12,3,van,Medium,Sunny,32.43
4.441,-0.866025,0.5,0.433884,-0.900969,12,7,12,4,0.6364,1,216.13,6,van,Normal,Rainy,78.5
2.8541,1.0,0.0,-0.433884,-0.900969,9,9,13,3,0.75,0,296.6,0,car,Jam,Sunny,72.49
0.3156,-0.707107,-0.707107,0.781831,0.62349,8,0,8,7,0.0,1,232.17,4,motorcycle,Medium,Rainy,15.1
0.4487,-1.0,-0.0,0.781831,0.62349,2,2,9,6,0.25,0,349.75,3,car,Jam,Sunny,28.58
0.5704,1.0,0.0,-0.433884,-0.900969,10,3,10,6,0.3333,0,176.52,6,van,Medium,Sunny,17.61
0.6731,-0.5,0.866025,0.781831,0.62349,12,0,5,4,0.0,0,198.69,2,motorcycle,Medium,Foggy,12.25
0.5802,-0.965926,0.258819,-0.433884,-0.900969,10,0,3,2,0.0,0,27.31,2,van,Jam,Rainy,10.81
0.648,0.258819,-0.965926,-0.781831,0.62349,3,2,12,9,0.1818,1,38.97,5,motorcycle,Jam,Sandstorm,18.21
2.0309,-0.5,-0.866025,0.0,1.0,3,2,6,3,0.4,1,62.46,6,van,Jam,Rainy,90.0
1.2574,-0.707107,0.707107,-0.781831,0.62349,5,3,6,2,0.6,0,42.62,4,van,High,Sunny,34.81
3.5212,-0.866025,0.5,0.781831,0.62349,1,3,4,0,1.0,1,49.43,8,van,Medium,Sunny,66.08
1.4039,-0.866025,0.5,0.0,1.0,7,6,8,1,0.8571,0,93.77,9,van,Normal,Sunny,31.49
0.5813,-0.5,0.866025,-0.974928,-0.222521,6,3,10,6,0.3333,0,100.24,6,car,Normal,Rainy,7.99
1.3219,-1.0,-0.0,0.781831,0.62349,7,7,14,6,0.5385,1,250.4,5,van,Jam,Sandstorm,85.94
0.263,-0.707107,0.707107,-0.433884,-0.900969,12,0,9,8,0.0,1,175.12,5,car,Normal,Foggy,1.86
0.1229,-0.5,0.866025,0.0,1.0,8,5,7,1,0.8333,1,333.74,0,motorcycle,High,Sandstorm,1.0
2.0361,1.0,0.0,0.0,1.0,6,3,13,9,0.25,0,123.46,4,car,Jam,Windy,54.81
2.9078,-0.965926,-0.258819,0.781831,0.62349,10,0,6,5,0.0,1,22.83,8,car,Jam,Sunny,90.0
1.1836,0.258819,-0.965926,0.433884,-0.900969,5,1,3,1,0.5,0,303.91,6,motorcycle,Jam,Sunny,26.05
0.7621,-0.5,-0.866025,0.974928,-0.222521,10,1,3,1,0.5,0,303.36,0,car,Medium,Sunny,6.51
0.3089,0.866025,-0.5,0.781831,0.62349,12,5,13,7,0.4167,0,130.78,1,car,Medium,Sandstorm,3.06
3.3487,-0.965926,-0.258819,-0.974928,-0.222521,11,5,12,6,0.4545,0,25.35,8,van,Jam,Sunny,90.0
1.7646,-0.866025,0.5,0.781831,0.62349,7,3,5,1,0.75,1,317.12,7,car,Normal,Rainy,21.17
1.4573,-0.258819,-0.965926,0.0,1.0,6,4,5,0,1.0,0,336.07,4,car,Normal,Windy,26.42
1.1001,-0.965926,-0.258819,0.0,1.0,5,7,13,5,0.5833,1,358.98,9,car,Jam,Sunny,41.78
0.7074,0.258819,-0.965926,-0.781831,0.62349,7,6,11,4,0.6,0,140.78,0,car,Medium,Rainy,8.6
0.3838,-1.0,-0.0,0.433884,-0.900969,12,7,9,1,0.875,0,45.77,7,car,Medium,Sunny,1.0
1.405,0.965926,-0.258819,-0.781831,0.62349,11,5,7,1,0.8333,1,136.0,9,car,Normal,Windy,12.05
0.6626,-0.866025,0.5,-0.974928,-0.222521,8,1,7,5,0.1667,0,210.8,4,car,Medium,Sunny,26.69
0.7388,0.0,-1.0,0.781831,0.62349,4,4,13,8,0.3333,0,15.58,4,car,Jam,Sunny,18.68
5.6517,-0.5,-0.866025,-0.974928,-0.222521,5,2,5,2,0.5,1,98.72,2,car,Medium,Sunny,75.26
1.0558,-0.965926,0.258819,0.433884,-0.900969,3,13,14,0,1.0,0,339.1,8,van,Medium,Sunny,13.71
0.1075,1.0,0.0,0.433884,-0.900969,3,3,6,2,0.6,1,15.91,7,van,Medium,Sandstorm,1.29
0.6645,-0.5,0.866025,0.433884,-0.900969,1,4,6,1,0.8,0,54.34,4,car,High,Foggy,10.99
0.4268,-0.866025,-0.5,-0.974928,-0.222521,10,5,7,1,0.8333,0,209.17,2,car,Jam,Rainy,31.84
0.9683,-0.5,0.866025,0.781831,0.62349,9,11,13,1,0.9167,0,344.78,4,motorcycle,Medium,Sunny,4.11
0.2856,-0.707107,-0.707107,0.0,1.0,3,1,3,1,0.5,0,338.51,4,van,Medium,Foggy,11.99
1.6685,0.707107,-0.707107,-0.974928,-0.222521,9,1,4,2,0.3333,0,92.71,3,car,Normal,Sunny,11.78
0.8342,-0.707107,-0.707107,-0.781831,0.62349,2,2,7,4,0.3333,1,220.95,8,car,Medium,Sunny,11.9
0.7033,-0.707107,-0.707107,-0.433884,-0.900969,4,0,4,3,0.0,1,347.4,3,car,Normal,Windy,21.99
1.274,-0.707107,0.707107,0.0,1.0,4,4,7,2,0.6667,1,226.68,1,motorcycle,Medium,Rainy,4.54
1.0275,-0.707107,-0.707107,0.0,1.0,2,4,8,3,0.5714,0,79.76,7,motorcycle,Medium,Rainy,26.14
0.9724,0.0,-1.0,0.433884,-0.900969,9,1,11,9,0.1,0,249.71,7,motorcycle,Normal,Sandstorm,5.24
0.8932,0.866025,-0.5,-0.781831,0.62349,1,3,7,3,0.5,1,184.04,0,car,Normal,Sunny,12.95
1.084,0.258819,-0.965926,-0.433884,-0.900969,5,6,9,2,0.75,0,177.76,6,car,Normal,Sunny,25.55
1.5311,-0.707107,-0.707107,0.974928,-0.222521,6,11,15,3,0.7857,0,175.82,4,car,Normal,Sunny,32.9
1.3594,0.0,-1.0,-0.433884,-0.900969,7,6,9,2,0.75,0,40.51,6,car,High,Sunny,15.56
3.2237,0.0,-1.0,0.781831,0.62349,3,1,13,11,0.0833,0,284.2,2,car,Normal,Sunny,68.66
0.6575,1.0,0.0,0.433884,-0.900969,6,2,6,3,0.4,1,124.9,1,van,Normal,Sunny,1.55
1.3857,-0.5,0.866025,-0.781831,0.62349,10,8,14,5,0.6154,1,66.51,5,car,Jam,Sunny,42.92
11.2886,-0.866025,0.5,-0.433884,-0.900969,5,1,10,8,0.1111,0,158.71,0,motorcycle,Normal,Sunny,86.74
1.063,0.5,-0.866025,0.0,1.0,12,0,4,3,0.0,0,231.5,2,car,High,Windy,21.79
1.1029,0.866025,-0.5,0.781831,0.62349,6,13,14,0,1.0,0,199.24,0,car,Medium,Sunny,19.07
0.3328,-0.866025,0.5,0.0,1.0,10,6,12,5,0.5455,1,294.88,3,motorcycle,High,Sunny,1.0
0.5613,-0.866025,0.5,0.974928,-0.222521,2,4,7,2,0.6667,0,303.59,9,van,Medium,Windy,7.22
0.999,-0.707107,0.707107,0.781831,0.62349,11,1,10,8,0.1111,1,223.41,5,car,Normal,Windy,9.16
1.8345,-0.707107,-0.707107,-0.781831,0.62349,6,9,15,5,0.6429,0,198.61,7,van,High,Sunny,80.35
2.0477,-1.0,-0.0,0.974928,-0.222521,12,3,4,0,1.0,0,204.02,7,car,High,Sunny,73.48
1.5068,-1.0,-0.0,0.0,1.0,9,2,3,0,1.0,1,141.52,1,car,Normal,Rainy,32.91
2.3724,0.707107,-0.707107,0.433884,-0.900969,9,2,13,10,0.1667,1,168.94,9,car,High,Sandstorm,88.11
0.4277,-0.5,-0.866025,-0.974928,-0.222521,2,1,6,4,0.2,0,189.62,1,car,Medium,Sunny,1.0
1.7585,0.5,-0.866025,-0.433884,-0.900969,7,8,14,5,0.6154,0,288.31,2,van,Jam,Sunny,90.0
1.1193,-1.0,-0.0,-0.781831,0.62349,9,11,13,1,0.9167,0,268.51,6,car,High,Sunny,29.92
1.2444,-0.5,0.866025,0.974928,-0.222521,10,0,14,13,0.0,0,70.41,4,van,Low,Sunny,1.0
0.7833,0.965926,-0.258819,0.433884,-0.900969,5,2,12,9,0.1818,0,352.02,2,van,High,Sunny,40.67
0.4469,0.965926,-0.258819,0.433884,-0.900969,7,2,15,12,0.1429,0,347.53,3,car,Jam,Foggy,17.18
0.3484,0.5,-0.866025,0.0,1.0,3,8,11,2,0.8,0,100.52,4,car,High,Sunny,11.68
1.4988,0.965926,-0.258819,0.0,1.0,6,1,4,2,0.3333,0,359.59,6,car,Normal,Sunny,26.09
1.7735,1.0,0.0,-0.974928,-0.222521,6,3,5,1,0.75,0,189.04,7,van,High,Sandstorm,40.5
0.9772,-0.5,0.866025,0.974928,-0.222521,1,0,14,13,0.0,1,81.62,3,van,Medium,Sunny,31.83
1.0897,-0.707107,-0.707107,-0.433884,-0.900969,11,0,6,5,0.0,0,259.38,3,van,Normal,Windy,21.48
0.5576,-0.965926,0.258819,-0.781831,0.62349,8,8,15,6,0.5714,1,17.26,0,car,High,Sunny,3.42
1.7823,-0.707107,-0.707107,0.781831,0.62349,3,5,14,8,0.3846,0,247.55,9,car,Medium,Sunny,35.86
1.1707,-1.0,-0.0,-0.974928,-0.222521,11,2,11,8,0.2,0,300.6,6,van,High,Sunny,56.71
0.7809,-0.965926,-0.258819,0.781831,0.62349,9,1,4,2,0.3333,0,126.2,2,car,Medium,Foggy,39.17
2.5163,0.866025,-0.5,-0.974928,-0.222521,9,3,5,1,0.75,0,120.47,0,van,Normal,Windy,72.8
2.0396,0.866025,-0.5,0.781831,0.62349,12,0,12,11,0.0,1,98.07,9,car,Jam,Sandstorm,90.0
0.2569,-0.5,-0.866025,0.974928,-0.222521,5,6,8,1,0.8571,0,146.7,0,car,Medium,Sunny,1.0
1.158,0.0,-1.0,0.433884,-0.900969,5,1,8,6,0.1429,0,206.44,1,van,Medium,Sandstorm,32.9
0.4447,-0.866025,0.5,0.433884,-0.900969,8,3,4,0,1.0,1,274.34,8,car,Medium,Sunny,1.1
1.2618,0.258819,-0.965926,0.0,1.0,11,5,8,2,0.7143,1,319.18,3,van,Normal,Windy,7.19
0.0553,0.258819,-0.965926,-0.974928,-0.222521,10,0,3,2,0.0,0,197.48,8,car,Medium,Sunny,5.44
1.3328,-0.5,-0.866025,0.0,1.0,10,3,4,0,1.0,1,171.0,5,motorcycle,Medium,Windy,14.73
2.1736,0.707107,-0.707107,-0.781831,0.62349,10,6,14,7,0.4615,0,134.89,5,motorcycle,Jam,Sunny,67.93
0.9948,-0.866025,0.5,0.781831,0.62349,1,3,12,8,0.2727,1,214.33,9,motorcycle,Jam,Sunny,25.75
0.3655,1.0,0.0,-0.433884,-0.900969,6,1,15,13,0.0714,1,52.15,0,van,High,Sandstorm,18.08
7.0891,-0.866025,0.5,-0.433884,-0.900969,5,1,14,12,0.0769,1,168.1,3,van,Normal,Sunny,90.0
3.314,-0.866025,-0.5,0.433884,-0.900969,5,5,14,8,0.3846,0,183.16,3,van,High,Sunny,90.0
0.6673,-0.707107,0.707107,0.433884,-0.900969,11,2,8,5,0.2857,0,226.55,7,car,Low,Rainy,1.0
0.8625,0.5,-0.866025,0.0,1.0,5,5,6,0,1.0,0,24.67,3,car,High,Sunny,18.75
0.1683,-0.707107,0.707107,-0.781831,0.62349,11,5,11,5,0.5,1,154.68,8,van,Medium,Sunny,1.0
1.7328,-0.866025,0.5,0.0,1.0,11,0,11,10,0.0,1,274.24,7,car,Jam,Sandstorm,67.31
0.301,-0.258819,-0.965926,-0.433884,-0.900969,6,7,8,0,1.0,1,282.25,9,car,Normal,Windy,9.76
2.0814,0.5,-0.866025,0.0,1.0,3,2,9,6,0.25,0,195.55,8,motorcycle,Normal,Sunny,21.76
2.929,0.707107,-0.707107,-0.974928,-0.222521,9,3,5,1,0.75,1,313.88,7,car,Jam,Sunny,90.0
1.0338,0.866025,-0.5,0.974928,-0.222521,11,7,9,1,0.875,1,271.72,3,van,Medium,Sunny,39.67
0.402,-0.707107,-0.707107,0.433884,-0.900969,5,10,15,4,0.7143,0,287.03,7,van,High,Sunny,6.31
3.6203,-0.5,0.866025,0.0,1.0,3,3,8,4,0.4286,0,285.47,4,car,Jam,Sandstorm,90.0
1.1075,-0.707107,-0.707107,0.781831,0.62349,7,0,9,8,0.0,1,262.29,3,motorcycle,Medium,Foggy,20.49
1.2075,-0.5,0.866025,0.433884,-0.900969,12,3,15,11,0.2143,0,308.25,2,car,Medium,Sunny,10.87
0.4561,-1.0,-0.0,-0.974928,-0.222521,7,7,14,6,0.5385,0,34.88,8,motorcycle,Medium,Sunny,10.5
1.3276,-0.965926,-0.258819,-0.433884,-0.900969,6,12,13,0,1.0,1,181.35,7,van,High,Windy,63.8
0.9114,-1.0,-0.0,0.781831,0.62349,6,0,3,2,0.0,0,297.16,0,car,Jam,Sunny,34.85
0.3128,-0.707107,0.707107,-0.433884,-0.900969,9,2,14,11,0.1538,1,39.35,3,car,Normal,Sandstorm,6.08
3.9471,-0.866025,0.5,0.781831,0.62349,5,1,3,1,0.5,0,55.87,5,car,High,Sunny,66.77
5.8777,0.866025,-0.5,0.433884,-0.900969,9,2,3,0,1.0,0,144.58,7,car,Normal,Sunny,89.5
2.9075,-0.707107,-0.707107,0.433884,-0.900969,12,6,7,0,1.0,0,203.06,3,car,Medium,Windy,57.69
2.5229,-0.258819,-0.965926,0.781831,0.62349,10,1,8,6,0.1429,0,260.61,7,motorcycle,High,Foggy,54.17
5.9112,-0.866025,0.5,0.781831,0.62349,12,2,4,1,0.6667,0,201.9,2,car,High,Sunny,90.0
0.4086,0.707107,-0.707107,0.433884,-0.900969,10,9,10,0,1.0,1,77.99,1,motorcycle,Medium,Rainy,1.0
0.4039,-0.965926,0.258819,-0.433884,-0.900969,11,13,14,0,1.0,0,305.24,0,car,Normal,Sunny,1.0
0.7455,-0.5,-0.866025,-0.781831,0.62349,1,8,11,2,0.8,0,95.39,8,motorcycle,Normal,Sunny,5.73
1.4666,-0.707107,0.707107,0.433884,-0.900969,5,11,15,3,0.7857,0,308.89,6,car,Normal,Sunny,18.73
0.8369,-0.965926,0.258819,0.433884,-0.900969,4,3,14,10,0.2308,0,178.23,8,car,Normal,Sunny,1.0
0.4194,0.258819,-0.965926,0.433884,-0.900969,11,4,13,8,0.3333,0,14.57,5,van,High,Windy,9.25
1.1111,-0.866025,0.5,-0.781831,0.62349,3,4,5,0,1.0,0,172.64,5,car,Medium,Sunny,6.74
1.0104,0.707107,-0.707107,0.974928,-0.222521,12,6,11,4,0.6,0,235.46,2,motorcycle,Normal,Sunny,17.69
2.4578,1.0,0.0,0.974928,-0.222521,9,0,4,3,0.0,0,316.79,0,car,High,Sunny,40.88
1.1529,-0.5,-0.866025,0.974928,-0.222521,2,0,13,12,0.0,0,209.57,7,van,Normal,Sandstorm,27.21
0.181,0.0,-1.0,-0.433884,-0.900969,9,12,14,1,0.9231,0,356.92,1,van,Normal,Rainy,1.03
1.5939,0.866025,-0.5,-0.433884,-0.900969,5,0,4,3,0.0,0,137.07,8,van,Jam,Sunny,74.27
4.9664,-0.5,0.866025,0.433884,-0.900969,4,6,9,2,0.75,1,88.45,0,car,Low,Sunny,28.11
1.136,1.0,0.0,0.781831,0.62349,12,1,4,2,0.3333,0,159.61,9,car,Medium,Foggy,10.38
2.8225,-0.866025,-0.5,-0.433884,-0.900969,10,1,10,8,0.1111,1,237.03,4,car,Medium,Sunny,72.62
0.684,0.5,-0.866025,0.781831,0.62349,10,0,8,7,0.0,0,34.19,2,car,Normal,Sandstorm,29.18
1.8917,0.258819,-0.965926,-0.781831,0.62349,4,7,14,6,0.5385,0,32.4,2,car,Normal,Sunny,25.74
0.5448,0.707107,-0.707107,-0.433884,-0.900969,8,4,6,1,0.8,1,224.75,6,motorcycle,Normal,Rainy,2.42
0.8744,0.0,-1.0,0.433884,-0.900969,5,0,12,11,0.0,0,138.18,8,van,Normal,Sunny,16.17
0.881,-0.965926,-0.258819,0.781831,0.62349,8,7,11,3,0.7,1,281.96,4,van,High,Sunny,39.07
1.7382,0.258819,-0.965926,-0.974928,-0.222521,5,6,12,5,0.5455,0,94.93,4,car,Medium,Sunny,32.99
0.5051,-1.0,-0.0,-0.433884,-0.900969,8,11,15,3,0.7857,0,156.04,8,car,Medium,Sunny,9.89
0.2748,-0.258819,-0.965926,-0.781831,0.62349,9,2,5,2,0.5,1,185.41,4,van,Normal,Sunny,8.29
1.7274,-0.965926,0.258819,-0.433884,-0.900969,4,0,3,2,0.0,0,339.25,3,car,Jam,Foggy,45.45
1.6668,-0.258819,-0.965926,-0.974928,-0.222521,1,4,11,6,0.4,0,2.64,9,car,Normal,Sunny,24.11
1.2298,0.0,-1.0,0.0,1.0,2,3,4,0,1.0,0,78.12,8,car,High,Sunny,21.33
2.6811,-0.5,-0.866025,0.0,1.0,11,6,8,1,0.8571,0,33.13,5,van,Normal,Sunny,40.56
0.9116,-0.965926,-0.258819,-0.433884,-0.900969,12,3,9,5,0.375,0,356.87,0,motorcycle,Jam,Sunny,21.1
1.4438,-0.258819,-0.965926,0.0,1.0,9,9,10,0,1.0,1,47.6,3,car,Normal,Sunny,22.5
0.7926,-0.707107,0.707107,-0.781831,0.62349,2,0,3,2,0.0,1,296.35,9,car,Low,Sunny,9.68
0.8644,-0.5,-0.866025,-0.781831,0.62349,8,5,10,4,0.5556,1,187.22,9,car,Medium,Sandstorm,14.26
1.5268,0.258819,-0.965926,-0.433884,-0.900969,6,10,13,2,0.8333,1,281.68,6,car,Normal,Sandstorm,15.28
9.5189,1.0,0.0,-0.974928,-0.222521,3,2,3,0,1.0,0,108.62,4,van,High,Sunny,90.0
2.2371,0.0,-1.0,0.974928,-0.222521,5,1,8,6,0.1429,1,171.17,8,car,Medium,Sandstorm,63.33
1.8611,1.0,0.0,-0.781831,0.62349,10,1,7,5,0.1667,0,352.04,5,van,Medium,Sunny,51.16
2.3043,1.0,0.0,0.0,1.0,12,5,7,1,0.8333,0,34.27,0,car,Normal,Sunny,28.3
0.1188,0.0,-1.0,0.974928,-0.222521,11,7,8,0,1.0,0,223.44,3,car,High,Rainy,5.43
1.4966,0.5,-0.866025,-0.433884,-0.900969,3,3,4,0,1.0,0,345.0,3,motorcycle,Normal,Rainy,10.19
2.6247,-0.707107,0.707107,-0.974928,-0.222521,7,7,9,1,0.875,0,45.6,6,car,Jam,Sunny,63.53
1.1975,-1.0,-0.0,0.781831,0.62349,7,3,4,0,1.0,1,302.41,2,van,High,Sunny,31.37
1.0608,-0.965926,0.258819,-0.974928,-0.222521,4,3,4,0,1.0,0,99.4,7,car,Medium,Sunny,24.37
0.4525,-0.707107,-0.707107,0.433884,-0.900969,6,7,9,1,0.875,1,72.24,2,motorcycle,High,Sunny,10.28
0.7322,0.965926,-0.258819,-0.781831,0.62349,5,10,14,3,0.7692,0,59.94,6,car,Medium,Windy,1.0
0.5007,-0.866025,0.5,0.781831,0.62349,1,9,12,2,0.8182,0,264.83,3,car,Medium,Sunny,9.7
2.8563,-0.5,-0.866025,-0.433884,-0.900969,5,2,7,4,0.3333,0,12.89,2,van,Normal,Rainy,49.15
4.6024,-0.258819,-0.965926,0.781831,0.62349,5,3,7,3,0.5,1,151.39,7,car,Medium,Windy,80.82
6.947,-0.866025,-0.5,0.0,1.0,4,1,9,7,0.125,1,250.9,9,car,Normal,Sunny,90.0
0.4929,0.866025,-0.5,-0.433884,-0.900969,8,1,3,1,0.5,1,50.27,7,motorcycle,Low,Rainy,4.72
0.5857,-0.5,-0.866025,-0.433884,-0.900969,9,5,11,5,0.5,0,80.67,5,van,High,Windy,16.11
0.5422,-0.866025,-0.5,0.974928,-0.222521,1,0,4,3,0.0,0,54.89,9,van,Low,Sunny,1.0
0.4199,-0.965926,-0.258819,-0.433884,-0.900969,5,0,12,11,0.0,0,9.4,8,van,Medium,Sunny,16.25
0.4264,-0.5,-0.866025,-0.781831,0.62349,1,6,7,0,1.0,0,164.34,9,motorcycle,Normal,Rainy,1.0
0.6772,-0.5,0.866025,0.974928,-0.222521,10,3,7,3,0.5,1,178.83,0,motorcycle,Medium,Foggy,19.13
2.5364,-0.5,0.866025,0.433884,-0.900969,12,0,8,7,0.0,0,340.45,8,van,High,Sunny,55.47
0.5588,0.965926,-0.258819,0.781831,0.62349,6,1,4,2,0.3333,1,262.11,5,car,Low,Windy,12.46
3.0054,0.965926,-0.258819,0.433884,-0.900969,12,5,6,0,1.0,1,349.26,6,car,Medium,Rainy,64.34
4.0515,-0.5,-0.866025,-0.781831,0.62349,8,3,5,1,0.75,0,272.49,9,van,Medium,Foggy,90.0
1.449,-0.866025,0.5,-0.433884,-0.900969,11,11,14,2,0.8462,1,352.35,5,motorcycle,High,Sunny,18.82
3.5526,-0.5,-0.866025,0.0,1.0,12,3,5,1,0.75,1,89.35,6,car,Normal,Sunny,18.29
0.3033,0.707107,-0.707107,-0.974928,-0.222521,8,2,4,1,0.6667,1,60.34,9,car,High,Rainy,11.8
0.6503,-0.707107,-0.707107,0.974928,-0.222521,6,1,6,4,0.2,1,140.87,1,car,Medium,Sunny,28.52
1.3231,-0.5,0.866025,0.0,1.0,9,6,8,1,0.8571,0,177.04,7,van,Medium,Sunny,26.0
1.3663,0.866025,-0.5,-0.433884,-0.900969,3,7,10,2,0.7778,1,296.88,7,motorcycle,Normal,Sunny,12.01
4.2964,-0.258819,-0.965926,0.974928,-0.222521,4,1,8,6,0.1429,0,194.92,1,car,Normal,Sunny,57.64
0.4279,-0.866025,-0.5,-0.781831,0.62349,7,2,9,6,0.25,0,342.89,0,van,Medium,Windy,9.82
0.6636,0.0,-1.0,-0.781831,0.62349,3,6,9,2,0.75,0,103.87,6,van,Normal,Sunny,14.58
1.0195,1.0,0.0,-0.433884,-0.900969,6,1,5,3,0.25,1,208.41,3,motorcycle,Medium,Sandstorm,9.86
0.6752,-0.965926,-0.258819,-0.433884,-0.900969,11,2,3,0,1.0,0,234.6,3,car,Medium,Sunny,26.75
0.4105,-1.0,-0.0,0.974928,-0.222521,10,4,11,6,0.4,0,56.11,2,motorcycle,Medium,Sandstorm,10.02
0.7028,-0.965926,-0.258819,0.0,1.0,11,4,15,10,0.2857,0,282.78,5,van,Normal,Sunny,19.06
0.8752,-0.965926,-0.258819,0.0,1.0,11,0,3,2,0.0,0,230.18,2,van,Normal,Sunny,14.55
4.3718,-0.965926,-0.258819,0.433884,-0.900969,4,10,14,3,0.7692,0,69.09,0,car,Medium,Foggy,90.0
0.4193,0.258819,-0.965926,0.974928,-0.222521,9,4,14,9,0.3077,0,148.87,0,van,Medium,Sandstorm,1.51
2.3975,1.0,0.0,-0.781831,0.62349,5,7,13,5,0.5833,0,230.67,2,van,Jam,Sunny,90.0
3.7007,-0.5,0.866025,0.974928,-0.222521,12,2,10,7,0.2222,0,264.02,6,car,Medium,Sunny,34.23
0.6791,0.707107,-0.707107,0.781831,0.62349,3,1,7,5,0.1667,0,150.25,5,car,Medium,Sunny,15.25
1.4147,-0.866025,0.5,-0.974928,-0.222521,4,0,10,9,0.0,0,260.1,7,van,Low,Foggy,6.55
1.9101,-0.707107,-0.707107,-0.974928,-0.222521,12,2,3,0,1.0,1,93.84,5,van,Jam,Sunny,90.0
1.6331,-0.707107,-0.707107,0.974928,-0.222521,3,1,6,4,0.2,0,109.8,2,car,Normal,Rainy,31.8
1.1949,1.0,0.0,0.0,1.0,8,4,8,3,0.5714,1,4.24,9,car,Normal,Sunny,10.54
0.5799,-0.5,0.866025,0.0,1.0,4,4,9,4,0.5,0,175.52,5,car,Normal,Windy,7.0
2.0737,-0.5,-0.866025,0.433884,-0.900969,4,2,6,3,0.4,1,67.8,6,motorcycle,Low,Sunny,27.94
0.7743,-0.866025,0.5,-0.781831,0.62349,9,6,8,1,0.8571,0,216.74,4,motorcycle,High,Sunny,1.0
1.1357,-0.965926,0.258819,0.974928,-0.222521,10,10,12,1,0.9091,1,347.64,4,car,Normal,Rainy,22.4
1.3061,0.866025,-0.5,0.0,1.0,3,2,15,12,0.1429,0,359.87,9,car,Normal,Sunny,24.94
2.4923,-0.5,0.866025,0.974928,-0.222521,12,0,13,12,0.0,0,134.79,3,car,Normal,Rainy,18.75
6.9002,-0.866025,-0.5,0.0,1.0,2,0,3,2,0.0,0,264.11,8,car,Jam,Sunny,90.0
0.5483,0.707107,-0.707107,0.974928,-0.222521,2,1,10,8,0.1111,1,345.85,0,motorcycle,High,Sunny,20.08
1.1618,-0.707107,-0.707107,0.433884,-0.900969,12,0,8,7,0.0,0,188.43,9,van,Jam,Rainy,82.17
0.2698,-0.866025,-0.5,-0.974928,-0.222521,1,7,9,1,0.875,1,120.22,7,car,High,Windy,6.22
4.5148,-0.965926,-0.258819,0.0,1.0,4,0,13,12,0.0,0,56.08,8,car,Jam,Sunny,90.0
1.1522,0.258819,-0.965926,0.433884,-0.900969,2,0,7,6,0.0,1,63.38,3,car,Medium,Sunny,9.43
0.8314,-0.707107,0.707107,0.781831,0.62349,3,3,10,6,0.3333,0,307.47,6,motorcycle,Normal,Sunny,1.0
1.1614,0.5,-0.866025,0.433884,-0.900969,1,7,14,6,0.5385,1,93.24,7,van,Normal,Rainy,37.22
1.2185,-0.5,-0.866025,-0.781831,0.62349,5,4,10,5,0.4444,0,97.44,0,van,Normal,Sunny,12.0
0.5514,-0.866025,0.5,-0.974928,-0.222521,4,7,10,2,0.7778,0,268.8,6,car,High,Sunny,1.0
3.4163,0.965926,-0.258819,-0.974928,-0.222521,2,10,14,3,0.7692,0,301.25,8,motorcycle,Low,Sunny,20.92
2.0391,0.0,-1.0,0.0,1.0,9,0,3,2,0.0,1,75.04,8,car,Normal,Windy,22.64
2.3279,-0.5,-0.866025,-0.974928,-0.222521,1,5,7,1,0.8333,0,247.91,7,motorcycle,Medium,Rainy,40.46
0.5793,-0.965926,0.258819,-0.781831,0.62349,6,0,9,8,0.0,1,160.77,8,motorcycle,Normal,Sandstorm,6.51
0.5502,-0.965926,0.258819,-0.433884,-0.900969,4,2,3,0,1.0,0,99.63,2,car,Low,Sunny,5.93
0.9922,-0.965926,0.258819,-0.974928,-0.222521,8,2,9,6,0.25,1,187.28,6,motorcycle,Normal,Sunny,9.6
2.3631,0.0,-1.0,0.0,1.0,5,13,15,1,0.9286,0,279.9,2,car,Medium,Sunny,44.87
1.78,-0.5,-0.866025,-0.974928,-0.222521,6,12,13,0,1.0,0,35.82,8,van,Normal,Rainy,37.09
0.5279,1.0,0.0,-0.974928,-0.222521,10,0,3,2,0.0,1,25.6,5,car,Normal,Sunny,5.99
2.0842,-0.965926,0.258819,0.781831,0.62349,2,5,14,8,0.3846,0,328.22,8,car,Normal,Windy,16.32
0.4389,0.258819,-0.965926,0.433884,-0.900969,6,1,13,11,0.0833,0,346.83,2,car,High,Sunny,7.03
0.5895,-0.258819,-0.965926,0.974928,-0.222521,7,13,14,0,1.0,0,190.28,3,car,Normal,Foggy,10.28
1.2838,-0.965926,-0.258819,0.0,1.0,9,1,4,2,0.3333,0,51.7,9,car,Low,Sunny,3.08
0.3632,-0.965926,0.258819,0.0,1.0,7,11,14,2,0.8462,1,28.28,9,car,Jam,Sunny,1.0
0.4425,0.965926,-0.258819,0.974928,-0.222521,9,1,3,1,0.5,0,56.16,1,van,High,Rainy,3.76
4.8284,-0.965926,0.258819,0.0,1.0,10,2,3,0,1.0,0,101.75,3,car,Normal,Foggy,50.23
4.0469,0.0,-1.0,0.433884,-0.900969,10,4,7,2,0.6667,1,246.19,1,car,Normal,Sunny,49.95
9.7302,-0.258819,-0.965926,0.0,1.0,8,0,13,12,0.0,0,39.69,6,motorcycle,Normal,Sandstorm,90.0
1.6956,0.866025,-0.5,0.0,1.0,12,6,14,7,0.4615,0,49.3,0,motorcycle,High,Windy,37.69
2.0391,-1.0,-0.0,-0.433884,-0.900969,1,7,11,3,0.7,1,256.69,0,car,Normal,Sunny,41.55
0.9539,-0.5,-0.866025,0.781831,0.62349,6,2,3,0,1.0,1,92.67,5,car,Jam,Sunny,28.33
0.7922,0.965926,-0.258819,0.974928,-0.222521,10,11,14,2,0.8462,0,77.78,8,van,High,Windy,25.51
2.5303,0.866025,-0.5,0.974928,-0.222521,2,3,6,2,0.6,0,209.75,7,van,Medium,Windy,84.51
4.0305,-1.0,-0.0,0.433884,-0.900969,10,9,12,2,0.8182,0,28.36,6,car,Low,Sunny,48.05
2.3334,0.965926,-0.258819,0.433884,-0.900969,1,5,6,0,1.0,0,226.48,5,van,High,Sunny,39.49
0.4977,-0.5,-0.866025,0.0,1.0,10,8,10,1,0.8889,0,6.92,1,car,High,Windy,1.0
1.6033,-0.965926,-0.258819,0.0,1.0,3,3,4,0,1.0,1,83.89,2,car,High,Sunny,52.63
0.5317,-0.707107,0.707107,0.433884,-0.900969,9,5,15,9,0.3571,0,162.18,6,van,Low,Windy,6.11
0.812,0.866025,-0.5,0.433884,-0.900969,10,1,4,2,0.3333,0,227.14,9,van,High,Windy,38.77
5.23,0.258819,-0.965926,-0.974928,-0.222521,10,0,15,14,0.0,0,73.39,0,motorcycle,High,Sunny,90.0
0.3536,0.866025,-0.5,0.781831,0.62349,7,1,14,12,0.0769,1,316.51,3,car,Jam,Sunny,15.94
8.6734,-0.866025,0.5,0.0,1.0,11,3,4,0,1.0,0,330.85,1,car,Medium,Sunny,90.0
1.8628,-0.866025,-0.5,-0.433884,-0.900969,2,3,12,8,0.2727,1,173.06,1,car,Medium,Sunny,44.79
0.7098,-0.5,0.866025,-0.781831,0.62349,3,3,7,3,0.5,0,98.07,3,car,Medium,Windy,1.0
1.1792,1.0,0.0,0.781831,0.62349,2,2,7,4,0.3333,0,39.77,1,car,High,Windy,29.89
0.5765,-1.0,-0.0,0.0,1.0,9,6,7,0,1.0,1,337.93,2,van,Jam,Rainy,39.65
0.6573,1.0,0.0,0.974928,-0.222521,11,5,6,0,1.0,0,48.09,4,van,Medium,Sunny,26.1
1.1849,0.965926,-0.258819,0.433884,-0.900969,12,11,15,3,0.7857,0,107.53,7,van,Normal,Windy,6.31
0.8086,-0.258819,-0.965926,-0.433884,-0.900969,7,2,3,0,1.0,1,118.43,5,car,Low,Sunny,7.72
0.4555,0.0,-1.0,0.0,1.0,2,3,7,3,0.5,1,96.61,5,car,Medium,Sandstorm,5.34
0.8955,0.0,-1.0,-0.433884,-0.900969,3,1,7,5,0.1667,0,0.74,6,van,High,Sunny,19.71
0.317,0.965926,-0.258819,0.974928,-0.222521,8,5,8,2,0.7143,0,74.56,2,car,Low,Sunny,7.45
0.3301,-0.707107,-0.707107,0.0,1.0,11,0,6,5,0.0,1,269.46,0,motorcycle,Normal,Sunny,1.72
0.3269,0.258819,-0.965926,-0.781831,0.62349,12,4,11,6,0.4,1,73.94,0,car,Jam,Sunny,19.56
5.4073,-0.5,0.866025,0.433884,-0.900969,9,11,14,2,0.8462,1,275.07,8,van,Medium,Foggy,90.0
1.6247,-0.965926,0.258819,0.974928,-0.222521,11,1,11,9,0.1,0,149.72,8,motorcycle,Normal,Sunny,9.86
1.9466,-0.258819,-0.965926,-0.974928,-0.222521,6,2,5,2,0.5,0,29.17,3,van,Normal,Sunny,51.72
1.1171,-0.965926,0.258819,-0.974928,-0.222521,3,11,15,3,0.7857,0,297.71,7,van,Medium,Windy,12.29
1.7878,-0.707107,-0.707107,0.781831,0.62349,6,6,8,1,0.8571,1,228.65,2,van,Normal,Sunny,36.98
3.3772,-0.5,-0.866025,-0.781831,0.62349,2,4,7,2,0.6667,0,220.37,3,car,Medium,Sunny,22.52
1.6281,-0.707107,0.707107,0.433884,-0.900969,9,3,11,7,0.3,0,54.08,6,van,Medium,Sunny,19.62
5.2504,-0.707107,-0.707107,0.781831,0.62349,4,3,15,11,0.2143,1,224.41,9,motorcycle,Medium,Sunny,90.0
1.0668,-0.5,-0.866025,0.433884,-0.900969,5,1,7,5,0.1667,0,286.76,6,motorcycle,Medium,Rainy,16.15
1.9522,-0.707107,-0.707107,0.781831,0.62349,1,3,5,1,0.75,0,358.69,9,car,Low,Sunny,25.69
2.1572,-0.965926,0.258819,-0.974928,-0.222521,12,3,13,9,0.25,0,241.5,9,car,Normal,Sunny,16.52
0.4559,-1.0,-0.0,0.781831,0.62349,6,5,9,3,0.625,0,155.58,0,van,Normal,Sunny,9.51
1.151,-0.707107,-0.707107,0.433884,-0.900969,10,0,12,11,0.0,1,294.79,4,van,Low,Rainy,20.22
0.1922,0.707107,-0.707107,0.0,1.0,7,2,8,5,0.2857,0,18.14,4,car,High,Rainy,6.21
0.9769,-0.866025,-0.5,-0.781831,0.62349,8,1,3,1,0.5,0,150.94,1,car,Normal,Sunny,18.58
0.8478,-0.258819,-0.965926,0.974928,-0.222521,6,5,7,1,0.8333,1,263.59,2,car,Medium,Windy,12.74
0.8009,-0.707107,0.707107,-0.433884,-0.900969,9,1,14,12,0.0769,0,129.4,9,car,Normal,Sunny,6.66
0.7504,-0.707107,0.707107,0.974928,-0.222521,3,7,15,7,0.5,1,21.21,1,car,Normal,Sunny,5.28
1.7975,1.0,0.0,0.433884,-0.900969,12,3,7,3,0.5,0,39.94,4,car,Normal,Rainy,17.67
0.4764,-0.5,0.866025,0.433884,-0.900969,6,3,12,8,0.2727,0,60.19,4,car,Medium,Rainy,6.44
6.4688,-0.707107,0.707107,0.974928,-0.222521,1,3,4,0,1.0,0,299.26,6,motorcycle,Medium,Sunny,38.93
1.8948,-0.707107,0.707107,0.433884,-0.900969,12,4,5,0,1.0,0,259.5,5,car,High,Rainy,32.51
0.5154,-0.5,-0.866025,-0.433884,-0.900969,1,0,12,11,0.0,1,274.99,0,car,Normal,Windy,1.0
2.0439,0.5,-0.866025,0.781831,0.62349,6,2,3,0,1.0,1,327.36,4,car,Medium,Sandstorm,55.85
2.8437,-0.866025,-0.5,0.0,1.0,10,10,12,1,0.9091,0,108.94,3,car,High,Sandstorm,90.0
1.5694,-0.707107,0.707107,0.781831,0.62349,5,12,15,2,0.8571,0,267.51,1,motorcycle,Normal,Sunny,1.89
0.4251,-0.258819,-0.965926,0.974928,-0.222521,3,0,3,2,0.0,1,131.25,9,motorcycle,Low,Rainy,11.75
9.2574,-0.5,0.866025,0.781831,0.62349,3,3,10,6,0.3333,0,282.85,5,car,Normal,Sunny,89.11
2.0289,0.5,-0.866025,0.781831,0.62349,9,4,7,2,0.6667,1,250.52,9,car,Low,Sunny,18.05
0.3378,-0.866025,0.5,-0.433884,-0.900969,7,2,11,8,0.2,0,356.33,9,car,High,Sunny,5.2
1.3481,0.965926,-0.258819,-0.433884,-0.900969,7,3,14,10,0.2308,0,272.55,9,car,Normal,Sandstorm,29.3
0.8965,-0.866025,0.5,-0.781831,0.62349,7,2,4,1,0.6667,0,2.13,2,car,Medium,Sunny,1.0
1.1119,-0.5,0.866025,-0.974928,-0.222521,4,9,11,1,0.9,0,251.93,8,car,High,Sunny,15.76
0.3556,-0.965926,-0.258819,0.974928,-0.222521,12,0,5,4,0.0,1,36.59,0,car,Normal,Sandstorm,5.93
1.1637,-0.866025,-0.5,-0.781831,0.62349,3,0,9,8,0.0,1,196.59,5,van,Medium,Sunny,43.3
0.5017,0.0,-1.0,-0.781831,0.62349,11,7,8,0,1.0,0,56.64,8,car,Low,Sunny,2.81
0.7929,-0.866025,0.5,0.781831,0.62349,10,3,9,5,0.375,0,178.1,5,car,Medium,Sunny,14.71
1.5969,0.866025,-0.5,0.781831,0.62349,1,0,12,11,0.0,1,285.35,2,car,Low,Windy,13.09
0.7027,0.5,-0.866025,-0.781831,0.62349,3,9,10,0,1.0,1,104.08,0,car,Normal,Sunny,18.89
0.8387,0.866025,-0.5,-0.781831,0.62349,7,1,7,5,0.1667,1,54.97,4,car,Normal,Sunny,4.48
2.409,0.5,-0.866025,-0.974928,-0.222521,2,1,11,9,0.1,1,113.22,7,car,High,Sunny,73.6
0.4751,-0.5,-0.866025,0.433884,-0.900969,11,6,10,3,0.6667,0,62.52,9,car,Medium,Rainy,8.43
0.5969,0.258819,-0.965926,-0.781831,0.62349,6,2,3,0,1.0,0,66.08,7,car,High,Sandstorm,1.0
0.3356,-0.258819,-0.965926,-0.974928,-0.222521,11,1,10,8,0.1111,1,251.0,4,motorcycle,Low,Sunny,2.84
0.5057,0.707107,-0.707107,-0.974928,-0.222521,2,5,7,1,0.8333,1,253.56,7,motorcycle,Jam,Rainy,22.36
1.2494,0.258819,-0.965926,-0.433884,-0.900969,1,1,4,2,0.3333,0,190.49,7,car,Low,Sandstorm,3.15
2.0289,-0.5,-0.866025,0.781831,0.62349,8,2,9,6,0.25,0,90.8,3,car,High,Windy,34.26
0.5138,0.707107,-0.707107,-0.974928,-0.222521,10,6,9,2,0.75,0,190.67,2,van,High,Sunny,20.25
1.9725,-0.707107,0.707107,-0.781831,0.62349,12,0,12,11,0.0,1,341.48,2,van,Medium,Sunny,24.01
1.2213,-0.707107,0.707107,-0.781831,0.62349,10,1,8,6,0.1429,1,138.13,7,car,Medium,Windy,16.24
0.2972,-0.866025,0.5,-0.433884,-0.900969,9,9,12,2,0.8182,0,152.48,8,car,High,Sunny,3.92
1.3045,1.0,0.0,0.0,1.0,1,5,6,0,1.0,0,177.93,1,car,High,Sunny,13.98
3.4371,-0.5,-0.866025,-0.974928,-0.222521,8,9,10,0,1.0,0,64.23,9,van,Normal,Sunny,70.18
0.1831,-0.965926,0.258819,0.781831,0.62349,9,11,15,3,0.7857,0,88.1,0,car,High,Sunny,1.0
7.4257,0.258819,-0.965926,0.781831,0.62349,5,1,10,8,0.1111,0,248.74,4,car,Low,Windy,63.21
0.6188,0.707107,-0.707107,0.0,1.0,12,3,11,7,0.3,0,58.17,4,car,Medium,Sunny,26.91
0.2307,-0.866025,-0.5,0.781831,0.62349,12,5,7,1,0.8333,1,217.62,0,car,Medium,Windy,12.5
1.2605,1.0,0.0,0.433884,-0.900969,11,7,11,3,0.7,1,138.92,7,car,High,Sandstorm,35.99
2.434,-0.866025,-0.5,0.781831,0.62349,11,10,13,2,0.8333,1,110.26,9,van,Medium,Sunny,83.96
0.8467,-0.258819,-0.965926,0.974928,-0.222521,7,5,14,8,0.3846,0,197.91,2,van,Normal,Sunny,19.9
1.4859,-0.965926,-0.258819,0.433884,-0.900969,10,8,14,5,0.6154,1,81.25,6,car,Medium,Sunny,37.93
8.2792,-0.965926,-0.258819,0.433884,-0.900969,1,4,6,1,0.8,0,111.48,9,car,Normal,Sunny,90.0
1.3436,-0.707107,-0.707107,0.974928,-0.222521,3,10,14,3,0.7692,0,188.83,6,motorcycle,Medium,Sandstorm,28.29
15.0,-0.707107,-0.707107,0.433884,-0.900969,8,5,7,1,0.8333,0,236.63,4,car,Medium,Windy,90.0
3.6744,1.0,0.0,-0.781831,0.62349,2,0,14,13,0.0,0,301.09,9,car,High,Rainy,86.7
1.1606,-0.5,0.866025,0.781831,0.62349,10,0,3,2,0.0,0,296.88,4,car,Normal,Foggy,1.0
1.4578,0.965926,-0.258819,0.0,1.0,3,6,14,7,0.4615,1,179.19,6,motorcycle,Normal,Sunny,18.47
0.8159,-0.5,0.866025,-0.974928,-0.222521,5,3,5,1,0.75,1,26.72,7,van,Medium,Windy,6.15
1.4009,-0.5,0.866025,0.0,1.0,4,4,5,0,1.0,1,67.7,6,motorcycle,Low,Sunny,7.87
1.8842,-1.0,-0.0,-0.974928,-0.222521,7,3,10,6,0.3333,0,0.17,3,van,Normal,Sunny,32.21
0.7528,-1.0,-0.0,0.974928,-0.222521,1,6,9,2,0.75,0,66.82,7,car,Normal,Sunny,8.58
0.2979,1.0,0.0,-0.974928,-0.222521,10,3,5,1,0.75,0,11.07,3,car,Medium,Sunny,1.25
3.8776,-0.5,0.866025,0.781831,0.62349,11,2,9,6,0.25,1,257.3,4,car,Normal,Windy,37.99
2.7866,-0.5,-0.866025,0.781831,0.62349,9,2,13,10,0.1667,1,196.62,5,van,Medium,Windy,52.92
0.2876,0.258819,-0.965926,0.974928,-0.222521,3,5,9,3,0.625,0,12.86,2,van,High,Sunny,1.0
1.3001,-0.965926,-0.258819,0.974928,-0.222521,4,3,10,6,0.3333,1,222.35,7,car,Medium,Sunny,25.41
2.9321,-0.707107,-0.707107,-0.974928,-0.222521,3,2,14,11,0.1538,0,293.09,2,motorcycle,Normal,Sunny,34.79
2.6579,0.0,-1.0,-0.433884,-0.900969,8,1,5,3,0.25,0,10.27,1,car,Low,Windy,32.22
0.5716,0.258819,-0.965926,-0.781831,0.62349,11,1,7,5,0.1667,0,45.74,7,car,Normal,Sunny,7.42
2.8095,0.866025,-0.5,-0.433884,-0.900969,11,1,14,12,0.0769,0,169.63,8,car,Medium,Sunny,51.65
1.1211,-0.707107,0.707107,0.781831,0.62349,12,0,5,4,0.0,0,15.23,2,motorcycle,Medium,Sunny,10.73
1.5988,-0.965926,-0.258819,0.0,1.0,9,5,6,0,1.0,1,7.66,5,motorcycle,Low,Sandstorm,34.32
0.4614,0.5,-0.866025,0.781831,0.62349,3,1,6,4,0.2,0,209.67,9,car,Normal,Windy,17.32
0.05,-1.0,-0.0,-0.781831,0.62349,5,5,13,7,0.4167,0,202.53,3,motorcycle,Normal,Sunny,1.0
0.5281,-0.965926,-0.258819,-0.974928,-0.222521,4,1,4,2,0.3333,0,290.39,4,motorcycle,Normal,Sunny,26.62
1.84,0.866025,-0.5,-0.974928,-0.222521,1,4,7,2,0.6667,1,28.04,6,motorcycle,Jam,Sunny,63.59
0.9092,0.866025,-0.5,0.781831,0.62349,10,2,8,5,0.2857,0,322.99,6,motorcycle,Normal,Windy,24.19
2.0497,0.707107,-0.707107,0.433884,-0.900969,7,3,4,0,1.0,0,6.71,1,car,Low,Sunny,11.33
3.1609,0.965926,-0.258819,-0.433884,-0.900969,12,3,4,0,1.0,1,108.49,0,van,Normal,Windy,47.67
0.8074,-0.965926,0.258819,-0.781831,0.62349,11,3,7,3,0.5,0,17.52,3,van,Normal,Rainy,18.96
0.7353,0.866025,-0.5,-0.433884,-0.900969,8,3,4,0,1.0,1,87.93,4,van,Normal,Sunny,7.25
0.1384,-0.965926,0.258819,0.0,1.0,1,5,15,9,0.3571,0,293.46,6,car,Medium,Sunny,6.16
0.254,-0.707107,-0.707107,-0.974928,-0.222521,6,3,8,4,0.4286,0,45.05,3,van,Normal,Sunny,19.21
0.3095,0.965926,-0.258819,-0.781831,0.62349,6,1,3,1,0.5,1,72.68,1,motorcycle,Low,Sunny,1.0
1.8754,-0.866025,0.5,0.0,1.0,9,1,10,8,0.1111,0,220.09,7,car,Medium,Rainy,44.48
0.8151,0.866025,-0.5,0.974928,-0.222521,7,0,12,11,0.0,1,7.8,4,motorcycle,Medium,Foggy,20.99
0.6653,-0.5,0.866025,-0.781831,0.62349,10,9,10,0,1.0,0,216.87,0,car,Low,Sunny,1.0
0.5967,1.0,0.0,-0.781831,0.62349,1,0,10,9,0.0,1,321.98,5,car,High,Rainy,6.25
0.5273,-0.866025,-0.5,-0.781831,0.62349,2,0,4,3,0.0,0,25.04,4,car,Normal,Sunny,18.14
2.6572,0.258819,-0.965926,-0.781831,0.62349,12,1,12,10,0.0909,0,2.13,5,van,Jam,Sunny,90.0
1.2077,-0.707107,-0.707107,0.0,1.0,6,8,15,6,0.5714,0,146.14,8,van,Jam,Windy,87.18
2.8342,-0.866025,0.5,0.781831,0.62349,10,1,7,5,0.1667,0,305.66,1,car,Medium,Sunny,44.53
0.1376,-0.965926,0.258819,0.433884,-0.900969,11,0,4,3,0.0,0,336.67,6,van,Normal,Sunny,4.56
1.8333,0.5,-0.866025,-0.433884,-0.900969,2,4,5,0,1.0,0,288.42,1,car,High,Windy,49.91
0.698,0.965926,-0.258819,0.974928,-0.222521,9,10,11,0,1.0,0,233.76,7,car,Normal,Sunny,10.02
0.8459,0.5,-0.866025,0.781831,0.62349,3,9,11,1,0.9,0,153.56,3,motorcycle,Normal,Foggy,25.9
3.9956,-0.965926,0.258819,0.781831,0.62349,2,4,14,9,0.3077,0,284.03,7,van,Medium,Sunny,73.72
0.7631,-0.5,-0.866025,-0.433884,-0.900969,3,0,8,7,0.0,0,272.41,0,van,Medium,Sunny,19.56
1.7635,-1.0,-0.0,-0.781831,0.62349,10,13,14,0,1.0,0,66.1,6,van,High,Rainy,90.0
0.4202,-0.5,-0.866025,-0.974928,-0.222521,2,3,6,2,0.6,0,257.68,2,motorcycle,High,Sunny,7.89
1.1437,-0.707107,-0.707107,0.781831,0.62349,9,8,9,0,1.0,1,285.33,3,car,High,Sunny,30.77
0.2437,0.965926,-0.258819,0.781831,0.62349,5,1,11,9,0.1,1,324.32,2,car,High,Sunny,1.0
1.0466,1.0,0.0,0.781831,0.62349,4,5,6,0,1.0,0,262.66,3,car,Medium,Sunny,1.0
1.5938,-0.965926,-0.258819,-0.974928,-0.222521,3,2,7,4,0.3333,0,263.66,7,van,Medium,Sunny,39.74
3.1615,0.707107,-0.707107,0.0,1.0,5,10,13,2,0.8333,1,324.58,0,van,Jam,Sunny,90.0
0.5081,0.0,-1.0,-0.433884,-0.900969,5,1,10,8,0.1111,1,69.94,6,van,Jam,Sunny,31.0
0.6686,0.0,-1.0,-0.433884,-0.900969,4,7,10,2,0.7778,0,198.01,1,car,High,Sunny,11.93
0.5993,-0.866025,-0.5,-0.433884,-0.900969,7,5,11,5,0.5,1,321.66,3,car,High,Rainy,29.05
0.8682,-0.5,0.866025,-0.781831,0.62349,12,12,13,0,1.0,0,227.39,5,van,Medium,Rainy,21.7
0.4423,-1.0,-0.0,-0.433884,-0.900969,6,2,15,12,0.1429,1,335.28,0,motorcycle,Normal,Sunny,1.0
0.1424,-0.866025,-0.5,-0.433884,-0.900969,3,1,8,6,0.1429,1,18.15,8,car,High,Foggy,1.0
0.4104,-0.866025,0.5,0.433884,-0.900969,8,4,7,2,0.6667,1,77.02,6,car,Low,Rainy,1.0
1.0549,-0.5,-0.866025,-0.433884,-0.900969,10,11,14,2,0.8462,1,79.68,6,car,Normal,Rainy,19.49
0.9601,0.866025,-0.5,0.974928,-0.222521,8,7,9,1,0.875,0,28.27,9,car,Medium,Windy,21.26
1.8673,-0.5,-0.866025,0.0,1.0,7,1,15,13,0.0714,1,224.18,3,car,Medium,Sunny,33.22
2.4598,-0.5,0.866025,0.0,1.0,9,0,14,13,0.0,0,144.52,1,car,Medium,Sunny,25.01
0.721,-0.965926,0.258819,-0.974928,-0.222521,11,4,12,7,0.3636,1,87.29,8,van,Normal,Rainy,5.2
0.245,0.258819,-0.965926,-0.433884,-0.900969,1,1,12,10,0.0909,0,261.98,6,car,Normal,Sunny,8.91
1.621,0.258819,-0.965926,0.974928,-0.222521,12,6,15,8,0.4286,1,243.42,4,car,Normal,Rainy,4.95
1.0949,-0.707107,0.707107,-0.974928,-0.222521,11,2,6,3,0.4,1,14.12,0,car,Normal,Windy,6.82
0.8646,0.965926,-0.258819,0.433884,-0.900969,12,7,8,0,1.0,0,158.22,2,motorcycle,Low,Sunny,1.0
3.5233,-0.707107,0.707107,0.781831,0.62349,6,0,10,9,0.0,0,259.28,5,car,Medium,Sunny,48.71
1.6956,-0.965926,-0.258819,-0.433884,-0.900969,11,1,5,3,0.25,0,37.21,0,car,Normal,Foggy,51.29
1.242,-0.965926,0.258819,0.974928,-0.222521,1,3,9,5,0.375,1,286.18,5,car,Normal,Sunny,16.93
1.2914,0.258819,-0.965926,-0.781831,0.62349,5,6,11,4,0.6,0,221.78,8,van,Normal,Windy,16.2
2.4774,-0.965926,-0.258819,-0.974928,-0.222521,11,2,9,6,0.25,0,258.53,4,motorcycle,Medium,Foggy,65.0
0.574,0.258819,-0.965926,-0.974928,-0.222521,4,6,11,4,0.6,0,90.14,6,car,High,Sunny,5.21
0.4789,1.0,0.0,-0.433884,-0.900969,10,3,4,0,1.0,0,269.17,2,car,Normal,Sunny,1.0
0.8848,-0.258819,-0.965926,-0.433884,-0.900969,4,6,9,2,0.75,1,62.53,5,car,Normal,Sunny,1.0
0.3609,-0.5,0.866025,-0.974928,-0.222521,8,9,15,5,0.6429,1,309.72,1,van,Medium,Sandstorm,7.67
1.0585,0.5,-0.866025,0.433884,-0.900969,8,0,6,5,0.0,1,74.16,7,motorcycle,Low,Sunny,1.0
1.2118,0.866025,-0.5,-0.974928,-0.222521,11,7,8,0,1.0,1,96.56,5,car,High,Sunny,44.87
1.0352,-0.707107,0.707107,0.0,1.0,5,6,11,4,0.6,0,241.51,6,car,Jam,Sunny,16.27
0.784,-0.707107,0.707107,-0.433884,-0.900969,10,1,11,9,0.1,0,120.08,3,van,Medium,Sunny,1.0
5.3141,-0.866025,0.5,0.433884,-0.900969,6,3,5,1,0.75,1,111.26,3,van,Jam,Sunny,90.0
2.701,-0.5,0.866025,0.0,1.0,5,1,4,2,0.3333,1,22.52,6,car,Medium,Sunny,34.99
1.0077,-0.5,0.866025,-0.433884,-0.900969,1,10,12,1,0.9091,0,295.24,6,car,Medium,Sandstorm,27.23
1.2073,-0.707107,0.707107,0.0,1.0,1,5,9,3,0.625,0,165.37,6,car,Normal,Sunny,1.0
4.0858,-0.5,0.866025,-0.433884,-0.900969,10,13,14,0,1.0,0,141.5,1,van,Low,Sandstorm,27.96
0.6342,-1.0,-0.0,0.433884,-0.900969,2,14,15,0,1.0,0,88.39,1,van,Normal,Rainy,30.54
0.4416,0.258819,-0.965926,-0.433884,-0.900969,2,1,5,3,0.25,0,199.88,2,van,Medium,Windy,1.0
1.371,-0.258819,-0.965926,-0.433884,-0.900969,3,2,7,4,0.3333,1,201.45,3,motorcycle,Medium,Windy,8.72
1.6376,0.0,-1.0,0.974928,-0.222521,5,2,13,10,0.1667,0,0.85,5,car,Normal,Sunny,22.23
1.7578,-0.5,-0.866025,-0.433884,-0.900969,2,1,6,4,0.2,0,30.82,5,car,Medium,Sunny,13.95
2.4264,-0.965926,-0.258819,0.781831,0.62349,8,3,5,1,0.75,0,220.65,0,car,Normal,Sunny,44.38
0.551,0.5,-0.866025,-0.974928,-0.222521,10,4,5,0,1.0,0,102.23,0,motorcycle,Normal,Sunny,1.0
0.29,1.0,0.0,0.0,1.0,7,4,9,4,0.5,0,354.17,8,van,Normal,Sunny,14.67
0.6342,-0.866025,-0.5,0.0,1.0,8,5,7,1,0.8333,1,89.49,5,car,Medium,Sunny,20.05
1.9208,-0.5,0.866025,-0.433884,-0.900969,11,11,15,3,0.7857,0,54.74,0,car,Medium,Sunny,22.1
0.4603,-0.866025,0.5,0.0,1.0,11,3,15,11,0.2143,1,16.07,8,van,High,Windy,9.96
0.176,1.0,0.0,-0.781831,0.62349,8,3,4,0,1.0,1,247.15,3,van,Low,Sunny,1.0
1.2675,-0.866025,-0.5,0.0,1.0,1,6,14,7,0.4615,0,104.62,6,van,Medium,Sunny,38.24
0.6449,-0.707107,-0.707107,0.433884,-0.900969,10,0,4,3,0.0,1,98.63,4,car,Jam,Sunny,18.51
0.2142,-0.258819,-0.965926,-0.781831,0.62349,10,8,12,3,0.7273,0,39.76,1,motorcycle,Low,Sunny,16.83
1.1862,-0.965926,-0.258819,-0.433884,-0.900969,4,13,15,1,0.9286,0,18.89,6,van,Medium,Sunny,39.35
0.7657,-0.258819,-0.965926,-0.433884,-0.900969,2,1,7,5,0.1667,0,82.93,3,van,Low,Sunny,3.04
5.4313,-0.707107,0.707107,-0.433884,-0.900969,2,1,5,3,0.25,1,142.78,1,van,Normal,Sunny,72.87
1.2025,-0.707107,0.707107,-0.433884,-0.900969,4,2,3,0,1.0,0,238.34,2,motorcycle,Medium,Windy,9.45
1.9286,-0.866025,-0.5,0.781831,0.62349,9,6,7,0,1.0,1,36.43,8,motorcycle,Normal,Foggy,42.3
1.0872,-0.258819,-0.965926,0.974928,-0.222521,12,3,15,11,0.2143,0,131.82,5,van,Medium,Sunny,36.45
0.6265,-0.866025,-0.5,0.781831,0.62349,2,3,8,4,0.4286,1,357.27,4,car,Jam,Sunny,31.05
0.6954,-0.707107,0.707107,0.781831,0.62349,5,5,8,2,0.7143,0,245.2,7,car,Normal,Windy,1.0
3.0861,0.258819,-0.965926,0.781831,0.62349,11,2,3,0,1.0,1,359.71,2,motorcycle,Normal,Rainy,24.4
2.2488,-0.866025,0.5,-0.433884,-0.900969,2,0,11,10,0.0,0,28.59,1,van,High,Rainy,90.0
0.2687,-0.866025,-0.5,-0.781831,0.62349,12,0,5,4,0.0,0,145.75,0,car,Medium,Sunny,1.65
0.3375,0.965926,-0.258819,0.433884,-0.900969,1,9,11,1,0.9,0,82.88,1,car,High,Sunny,4.29
0.3558,-1.0,-0.0,0.0,1.0,4,6,13,6,0.5,0,338.96,9,motorcycle,Normal,Sunny,1.0
3.0256,0.707107,-0.707107,-0.433884,-0.900969,1,9,13,3,0.75,1,325.9,9,motorcycle,Medium,Sandstorm,53.33
0.2134,-0.5,-0.866025,0.433884,-0.900969,10,0,9,8,0.0,1,204.85,4,motorcycle,Jam,Sunny,9.9
2.333,-0.5,0.866025,-0.974928,-0.222521,6,1,11,9,0.1,0,110.57,4,car,Normal,Rainy,11.47
1.6136,-0.965926,0.258819,0.974928,-0.222521,6,5,8,2,0.7143,0,196.15,3,van,High,Sunny,35.08
1.2706,-0.965926,-0.258819,0.433884,-0.900969,7,4,12,7,0.3636,1,313.6,5,motorcycle,Medium,Windy,25.07
0.7052,0.965926,-0.258819,-0.433884,-0.900969,4,10,11,0,1.0,0,206.59,1,car,High,Sunny,11.26
3.4184,-0.866025,0.5,-0.433884,-0.900969,10,2,5,2,0.5,1,275.49,6,car,Normal,Sunny,38.6
1.231,0.258819,-0.965926,0.781831,0.62349,6,5,7,1,0.8333,0,247.6,5,motorcycle,Medium,Sunny,12.38
0.2803,1.0,0.0,-0.433884,-0.900969,10,7,13,5,0.5833,1,35.11,9,car,Normal,Windy,1.0
0.3497,-0.5,0.866025,-0.781831,0.62349,8,5,8,2,0.7143,0,272.83,3,van,Jam,Sunny,21.43
0.2317,0.707107,-0.707107,0.0,1.0,9,3,6,2,0.6,0,75.09,7,van,Low,Sunny,12.79
3.4567,0.258819,-0.965926,0.974928,-0.222521,12,1,15,13,0.0714,0,313.4,1,van,Low,Windy,32.18
4.2761,0.866025,-0.5,0.433884,-0.900969,7,11,14,2,0.8462,1,111.47,0,car,High,Rainy,90.0
3.1017,-0.866025,-0.5,-0.781831,0.62349,4,12,13,0,1.0,0,203.13,7,van,Normal,Sandstorm,90.0
0.9647,-0.866025,0.5,-0.781831,0.62349,9,3,8,4,0.4286,1,102.87,8,car,Medium,Windy,23.17
0.2851,-0.5,-0.866025,-0.433884,-0.900969,9,3,10,6,0.3333,1,3.07,8,motorcycle,Normal,Sunny,9.15
0.406,-0.866025,0.5,0.433884,-0.900969,6,8,15,6,0.5714,1,280.85,0,car,Medium,Rainy,16.73
0.432,-0.707107,0.707107,0.974928,-0.222521,5,5,9,3,0.625,0,257.35,3,van,Normal,Sunny,1.0
1.0582,-0.866025,0.5,0.433884,-0.900969,12,4,13,8,0.3333,1,332.51,4,van,Medium,Rainy,13.1
4.1291,0.866025,-0.5,-0.974928,-0.222521,4,3,13,9,0.25,0,206.1,2,car,Medium,Sandstorm,90.0
4.1138,0.707107,-0.707107,0.433884,-0.900969,1,12,13,0,1.0,1,67.73,2,car,Normal,Sunny,87.4
0.6949,0.258819,-0.965926,0.433884,-0.900969,8,8,10,1,0.8889,0,61.5,3,van,Normal,Sunny,17.67
0.132,-0.866025,-0.5,-0.974928,-0.222521,1,4,7,2,0.6667,1,140.15,0,car,Normal,Windy,12.46
0.3647,-0.866025,0.5,0.0,1.0,10,2,7,4,0.3333,1,119.04,9,car,High,Windy,1.0
3.4184,0.258819,-0.965926,-0.781831,0.62349,11,4,13,8,0.3333,0,146.89,3,car,Normal,Windy,45.18
1.3772,-0.965926,-0.258819,-0.433884,-0.900969,9,3,8,4,0.4286,0,80.99,5,motorcycle,Normal,Foggy,8.44
0.7883,0.707107,-0.707107,-0.433884,-0.900969,3,3,6,2,0.6,1,355.91,7,van,Normal,Sunny,21.03
0.7378,-0.707107,-0.707107,-0.433884,-0.900969,12,0,5,4,0.0,0,30.85,1,car,Medium,Sunny,16.81
0.5416,-0.965926,0.258819,-0.433884,-0.900969,2,7,11,3,0.7,0,266.1,2,motorcycle,High,Sunny,5.08
0.3522,0.0,-1.0,0.433884,-0.900969,2,8,15,6,0.5714,0,204.35,6,car,Medium,Sunny,1.67
7.9126,0.866025,-0.5,0.974928,-0.222521,4,1,7,5,0.1667,1,200.02,9,car,High,Sunny,90.0
5.6551,0.0,-1.0,-0.974928,-0.222521,7,2,11,8,0.2,0,220.8,4,car,Medium,Rainy,90.0
0.5062,-1.0,-0.0,0.781831,0.62349,9,1,7,5,0.1667,1,325.46,9,car,High,Sunny,26.18
0.2088,-0.707107,0.707107,-0.433884,-0.900969,4,7,8,0,1.0,0,243.05,0,car,High,Sandstorm,3.5
1.2977,-0.866025,-0.5,0.433884,-0.900969,11,7,8,0,1.0,0,97.51,7,van,Normal,Sandstorm,44.85
0.9607,-0.965926,-0.258819,0.974928,-0.222521,10,5,7,1,0.8333,0,96.93,9,car,Jam,Sunny,46.66
2.0072,-0.258819,-0.965926,-0.974928,-0.222521,3,9,14,4,0.6923,0,298.12,7,van,High,Sandstorm,88.08
2.489,-0.707107,0.707107,0.974928,-0.222521,1,13,14,0,1.0,1,172.11,1,car,Medium,Sandstorm,36.21
0.3637,-0.866025,0.5,-0.433884,-0.900969,9,4,6,1,0.8,1,253.75,0,car,Normal,Sunny,21.19
3.7292,-0.5,0.866025,0.781831,0.62349,3,2,7,4,0.3333,0,135.33,4,car,Normal,Sunny,39.17
0.7902,-0.866025,0.5,0.781831,0.62349,4,1,3,1,0.5,0,265.75,5,van,Medium,Sunny,1.0
1.969,-0.707107,-0.707107,-0.433884,-0.900969,10,7,12,4,0.6364,0,152.68,6,van,Medium,Windy,64.0
0.8621,-0.5,0.866025,-0.781831,0.62349,3,4,12,7,0.3636,0,177.54,9,car,Medium,Sunny,20.82
2.6548,-0.866025,-0.5,0.974928,-0.222521,5,5,13,7,0.4167,0,334.24,5,car,Normal,Sunny,40.21
0.1172,-0.866025,-0.5,0.0,1.0,12,9,10,0,1.0,0,178.15,2,car,Medium,Rainy,3.15
2.2287,-0.965926,-0.258819,0.0,1.0,9,12,14,1,0.9231,1,80.94,0,motorcycle,Normal,Windy,31.56
0.5014,0.707107,-0.707107,0.433884,-0.900969,8,2,4,1,0.6667,1,191.31,9,car,Normal,Windy,21.39
1.1851,-0.866025,0.5,-0.974928,-0.222521,12,2,7,4,0.3333,0,3.08,6,van,Low,Foggy,7.5
3.6055,0.0,-1.0,-0.433884,-0.900969,10,3,8,4,0.4286,0,100.42,6,car,High,Sunny,75.48
0.5153,-0.965926,-0.258819,0.781831,0.62349,6,3,12,8,0.2727,0,217.49,7,car,Medium,Sunny,15.67
0.444,-0.866025,0.5,-0.974928,-0.222521,8,2,5,2,0.5,1,25.54,8,van,Jam,Windy,20.66
0.7762,0.965926,-0.258819,0.781831,0.62349,7,2,7,4,0.3333,0,163.94,8,car,High,Sunny,18.78
0.731,0.258819,-0.965926,0.433884,-0.900969,5,1,4,2,0.3333,1,215.59,8,car,High,Sunny,16.33
0.4075,-0.5,0.866025,-0.974928,-0.222521,12,7,15,7,0.5,0,81.54,1,motorcycle,Medium,Sandstorm,3.18
1.2226,0.0,-1.0,-0.974928,-0.222521,8,5,8,2,0.7143,1,78.42,2,car,High,Sunny,32.53
1.2844,-0.965926,-0.258819,-0.433884,-0.900969,9,2,3,0,1.0,1,240.77,0,car,Jam,Sunny,58.14
1.7157,-0.707107,-0.707107,0.974928,-0.222521,5,3,6,2,0.6,1,350.71,1,car,High,Sunny,50.06
0.5073,-0.866025,0.5,-0.974928,-0.222521,3,2,10,7,0.2222,1,110.64,9,car,Normal,Windy,5.44
0.4508,-0.5,-0.866025,0.974928,-0.222521,2,1,9,7,0.125,0,74.78,4,van,Medium,Sunny,4.35
0.9874,-0.258819,-0.965926,0.974928,-0.222521,10,5,9,3,0.625,0,354.25,6,car,Normal,Sunny,7.47
0.8756,1.0,0.0,0.433884,-0.900969,7,2,3,0,1.0,0,300.48,5,motorcycle,Low,Rainy,10.35
0.8918,-0.5,-0.866025,-0.433884,-0.900969,7,4,14,9,0.3077,1,336.96,4,van,Medium,Rainy,9.72
0.5645,-0.707107,-0.707107,0.781831,0.62349,2,1,13,11,0.0833,0,16.6,1,motorcycle,High,Sunny,18.07
1.5122,-0.965926,-0.258819,-0.781831,0.62349,10,0,5,4,0.0,1,336.1,7,motorcycle,Normal,Sunny,17.4
0.4514,-0.965926,0.258819,-0.781831,0.62349,4,1,7,5,0.1667,0,301.8,7,motorcycle,Low,Sunny,1.75
0.9841,-0.965926,0.258819,0.781831,0.62349,8,3,4,0,1.0,0,107.89,1,van,High,Sunny,24.03
0.8261,-0.258819,-0.965926,0.781831,0.62349,5,3,4,0,1.0,1,224.72,3,car,Normal,Sunny,15.02
1.0706,0.965926,-0.258819,0.0,1.0,3,11,14,2,0.8462,0,61.98,9,car,Low,Sunny,20.18
3.4076,0.5,-0.866025,0.974928,-0.222521,2,1,4,2,0.3333,0,150.38,8,van,High,Sunny,90.0
0.317,0.0,-1.0,0.781831,0.62349,10,6,7,0,1.0,0,216.88,6,car,High,Sunny,15.65
0.114,-0.5,0.866025,-0.781831,0.62349,2,6,15,8,0.4286,0,39.71,9,van,Medium,Sunny,2.25
0.6285,-0.965926,0.258819,-0.781831,0.62349,1,2,7,4,0.3333,0,347.94,8,car,Medium,Sandstorm,18.11
0.3702,-0.707107,0.707107,-0.974928,-0.222521,4,10,11,0,1.0,0,334.5,6,motorcycle,Normal,Sunny,1.0
0.0632,-0.5,0.866025,0.781831,0.62349,11,3,4,0,1.0,0,312.25,5,car,Normal,Sunny,5.37
5.8068,0.866025,-0.5,-0.433884,-0.900969,9,4,14,9,0.3077,0,46.28,6,motorcycle,High,Sunny,90.0
1.8809,1.0,0.0,0.433884,-0.900969,10,9,14,4,0.6923,1,240.9,8,car,High,Rainy,29.26
2.083,-0.707107,-0.707107,0.781831,0.62349,3,4,14,9,0.3077,1,320.55,9,car,Normal,Sunny,32.0
0.8427,0.5,-0.866025,0.433884,-0.900969,12,6,11,4,0.6,0,49.54,3,motorcycle,Normal,Sunny,12.13
1.6484,-0.866025,0.5,0.781831,0.62349,2,2,15,12,0.1429,1,233.03,3,motorcycle,Normal,Windy,17.23
0.7397,-0.258819,-0.965926,-0.781831,0.62349,1,0,11,10,0.0,0,73.51,1,van,Low,Windy,18.05
2.3955,1.0,0.0,0.781831,0.62349,6,6,7,0,1.0,0,248.35,0,motorcycle,Normal,Sandstorm,38.91
1.3226,0.707107,-0.707107,0.974928,-0.222521,6,1,14,12,0.0769,0,233.11,3,car,Low,Sunny,13.96
1.0675,0.258819,-0.965926,0.781831,0.62349,4,2,6,3,0.4,0,313.78,2,motorcycle,High,Sunny,5.62
1.1468,1.0,0.0,0.433884,-0.900969,3,2,13,10,0.1667,0,174.86,8,car,Normal,Sunny,19.09
4.4468,0.258819,-0.965926,-0.433884,-0.900969,4,0,15,14,0.0,1,273.19,4,van,Medium,Sunny,90.0
1.2956,-0.707107,-0.707107,-0.781831,0.62349,5,5,8,2,0.7143,1,69.06,6,car,Medium,Sunny,39.37
0.4156,-0.707107,0.707107,0.974928,-0.222521,8,1,6,4,0.2,1,231.35,2,car,High,Sunny,9.56
1.521,-0.965926,-0.258819,0.781831,0.62349,5,3,5,1,0.75,0,315.66,4,van,Jam,Sunny,90.0
1.7587,0.965926,-0.258819,0.0,1.0,3,4,9,4,0.5,0,260.28,8,van,Normal,Rainy,28.85
0.9632,-0.258819,-0.965926,-0.433884,-0.900969,8,7,11,3,0.7,0,316.29,2,car,Low,Sunny,21.95
1.0518,-0.965926,0.258819,-0.781831,0.62349,7,6,10,3,0.6667,0,226.72,3,motorcycle,High,Sunny,5.23
0.4014,0.0,-1.0,0.0,1.0,6,2,11,8,0.2,0,198.51,5,van,Low,Rainy,1.0
1.2119,-0.707107,-0.707107,-0.781831,0.62349,2,1,3,1,0.5,1,329.42,2,car,Normal,Windy,13.51
0.3486,-0.5,0.866025,0.781831,0.62349,12,2,3,0,1.0,1,116.43,5,van,Low,Sunny,1.0
0.8709,0.866025,-0.5,-0.781831,0.62349,7,1,6,4,0.2,0,269.41,6,car,High,Windy,25.91
0.5852,-0.5,-0.866025,0.0,1.0,4,1,14,12,0.0769,0,249.5,5,car,Low,Sunny,1.0
2.8116,-0.866025,-0.5,-0.781831,0.62349,9,3,9,5,0.375,0,293.13,1,van,Medium,Sandstorm,90.0
4.8184,-0.965926,0.258819,0.974928,-0.222521,6,6,7,0,1.0,0,179.15,7,car,Medium,Sunny,72.56
0.3727,-0.866025,0.5,0.781831,0.62349,2,3,11,7,0.3,0,177.7,8,car,Medium,Foggy,9.34
1.1003,0.5,-0.866025,0.781831,0.62349,9,3,8,4,0.4286,0,12.31,2,van,Normal,Sunny,23.17
0.823,-0.258819,-0.965926,0.0,1.0,2,0,4,3,0.0,0,335.3,1,car,High,Windy,29.92
1.7181,-0.866025,0.5,-0.974928,-0.222521,4,6,9,2,0.75,0,139.43,5,motorcycle,High,Sunny,17.29
1.211,-0.866025,0.5,0.0,1.0,8,4,12,7,0.3636,0,198.73,1,van,Medium,Sunny,21.36
0.7649,-0.866025,0.5,0.433884,-0.900969,9,2,14,11,0.1538,0,71.36,3,car,Normal,Sunny,3.94
1.2081,-0.965926,-0.258819,-0.781831,0.62349,12,0,7,6,0.0,0,221.84,6,van,High,Sandstorm,72.41
0.9013,0.5,-0.866025,0.974928,-0.222521,9,1,5,3,0.25,1,124.6,2,car,High,Sunny,21.53
5.0012,0.0,-1.0,-0.974928,-0.222521,3,2,14,11,0.1538,0,210.62,3,van,Normal,Foggy,90.0
0.52,-0.965926,-0.258819,-0.433884,-0.900969,9,3,7,3,0.5,0,264.72,3,car,Normal,Sunny,15.68
1.4114,0.5,-0.866025,-0.974928,-0.222521,10,2,5,2,0.5,0,219.6,7,motorcycle,Low,Windy,8.7
1.7935,-0.965926,-0.258819,-0.781831,0.62349,9,4,9,4,0.5,0,11.03,8,car,Low,Windy,11.45
1.6762,-0.5,-0.866025,0.0,1.0,9,1,3,1,0.5,0,290.19,8,van,Low,Sunny,16.16
0.8328,-0.258819,-0.965926,0.974928,-0.222521,10,1,15,13,0.0714,0,201.91,1,car,Low,Windy,2.14
4.0546,0.0,-1.0,0.974928,-0.222521,7,10,13,2,0.8333,0,85.82,7,car,Normal,Windy,52.86
0.1519,-0.965926,0.258819,0.0,1.0,12,4,8,3,0.5714,1,116.52,2,car,High,Windy,1.0
0.3909,-0.258819,-0.965926,0.0,1.0,8,1,10,8,0.1111,0,291.97,8,van,High,Sunny,1.0
2.0759,0.258819,-0.965926,0.0,1.0,1,0,8,7,0.0,1,337.06,5,motorcycle,High,Windy,37.19
0.479,0.0,-1.0,-0.781831,0.62349,3,8,9,0,1.0,0,292.85,9,car,Medium,Sunny,1.0
0.4531,-0.5,-0.866025,-0.781831,0.62349,6,13,15,1,0.9286,0,319.05,4,car,Medium,Sunny,15.58
0.709,-0.866025,-0.5,-0.433884,-0.900969,6,2,12,9,0.1818,1,176.36,3,car,Normal,Sunny,6.75
0.5239,-0.5,0.866025,-0.974928,-0.222521,10,4,11,6,0.4,1,150.03,8,car,Medium,Windy,9.73
2.0243,0.258819,-0.965926,0.974928,-0.222521,9,8,15,6,0.5714,1,294.78,3,motorcycle,Normal,Rainy,17.03
2.6096,0.707107,-0.707107,0.433884,-0.900969,1,2,5,2,0.5,0,142.05,7,motorcycle,Medium,Sunny,44.56
1.2019,-0.5,0.866025,-0.781831,0.62349,6,11,14,2,0.8462,1,254.11,0,motorcycle,Jam,Sunny,15.78
3.0099,0.866025,-0.5,0.781831,0.62349,7,2,5,2,0.5,0,220.7,6,car,High,Sunny,84.96
0.2961,-0.707107,0.707107,0.781831,0.62349,12,1,6,4,0.2,0,55.04,9,car,Normal,Sunny,12.24
1.1878,0.866025,-0.5,0.433884,-0.900969,8,8,11,2,0.8,0,111.12,2,van,High,Windy,52.34
3.9771,0.0,-1.0,0.781831,0.62349,3,3,4,0,1.0,0,76.49,9,car,Normal,Windy,51.39
2.7955,-0.5,0.866025,-0.433884,-0.900969,3,0,9,8,0.0,0,45.17,0,van,Low,Windy,8.87
4.3253,0.866025,-0.5,-0.433884,-0.900969,4,5,7,1,0.8333,0,151.26,1,car,Low,Sandstorm,65.21
0.6309,0.866025,-0.5,0.974928,-0.222521,5,2,3,0,1.0,0,71.43,3,car,Normal,Sunny,13.56
2.6415,-0.866025,-0.5,0.0,1.0,2,4,5,0,1.0,0,25.72,3,motorcycle,Medium,Sunny,44.93
0.7368,0.707107,-0.707107,0.0,1.0,10,7,8,0,1.0,0,74.5,6,car,Normal,Sunny,4.8
1.9453,1.0,0.0,0.433884,-0.900969,1,0,4,3,0.0,1,222.8,8,motorcycle,Low,Rainy,14.29
3.8395,-0.965926,-0.258819,0.974928,-0.222521,1,6,15,8,0.4286,1,291.03,1,car,Jam,Sandstorm,90.0
0.5198,-0.5,0.866025,0.0,1.0,2,0,8,7,0.0,0,166.65,7,car,Medium,Sunny,16.53
0.1896,-1.0,-0.0,-0.433884,-0.900969,2,0,12,11,0.0,0,219.36,8,car,Normal,Sunny,1.53
6.3929,-0.5,0.866025,-0.781831,0.62349,7,4,5,0,1.0,0,234.16,5,car,Medium,Sunny,85.89
1.7572,-0.5,-0.866025,-0.781831,0.62349,10,2,10,7,0.2222,0,234.52,9,van,Medium,Foggy,53.87
0.9983,-0.866025,-0.5,0.0,1.0,12,0,4,3,0.0,1,355.27,0,car,Medium,Sunny,23.87
0.9475,-0.5,0.866025,0.781831,0.62349,10,4,5,0,1.0,0,219.23,7,van,Medium,Sunny,15.59
0.1509,-0.5,-0.866025,0.433884,-0.900969,9,4,11,6,0.4,0,196.65,4,motorcycle,High,Sunny,13.19
1.3476,1.0,0.0,-0.781831,0.62349,8,0,7,6,0.0,1,312.02,4,car,Normal,Windy,8.1
0.6676,0.5,-0.866025,-0.433884,-0.900969,4,3,15,11,0.2143,0,223.54,6,car,Medium,Windy,8.35
1.1617,-0.866025,-0.5,0.433884,-0.900969,5,0,15,14,0.0,0,164.93,7,car,Low,Sunny,4.3
1.1374,-0.866025,0.5,-0.781831,0.62349,11,2,4,1,0.6667,0,267.27,4,van,High,Sandstorm,37.18
0.05,-0.866025,-0.5,-0.433884,-0.900969,2,10,11,0,1.0,1,80.72,2,van,Normal,Sunny,1.0
1.7603,0.0,-1.0,-0.781831,0.62349,10,5,13,7,0.4167,1,242.12,2,car,Normal,Sandstorm,28.38
1.3225,0.258819,-0.965926,-0.781831,0.62349,10,5,6,0,1.0,1,276.2,9,van,Jam,Sunny,49.32
1.5025,-0.965926,-0.258819,-0.781831,0.62349,1,4,13,8,0.3333,0,229.88,4,car,Medium,Sunny,22.87
0.9284,-0.707107,0.707107,0.433884,-0.900969,3,5,12,6,0.4545,1,67.59,3,car,Normal,Sunny,18.43
1.1577,0.5,-0.866025,0.974928,-0.222521,4,1,7,5,0.1667,1,185.4,5,car,Normal,Windy,29.51
1.3023,-0.707107,-0.707107,0.0,1.0,11,0,4,3,0.0,0,291.58,6,motorcycle,Normal,Sunny,13.13
1.4341,-0.258819,-0.965926,-0.974928,-0.222521,6,1,8,6,0.1429,0,144.99,0,car,Jam,Sunny,59.55
1.7364,0.5,-0.866025,0.781831,0.62349,10,4,7,2,0.6667,1,334.0,0,car,Medium,Sunny,38.82
1.4457,0.0,-1.0,0.0,1.0,8,0,9,8,0.0,0,17.34,5,car,Normal,Sunny,28.03
6.406,0.965926,-0.258819,-0.974928,-0.222521,1,4,5,0,1.0,1,239.42,6,van,Medium,Sandstorm,90.0
0.5545,-0.707107,-0.707107,0.974928,-0.222521,9,6,7,0,1.0,1,83.83,4,car,Medium,Sunny,9.82
0.774,0.965926,-0.258819,0.433884,-0.900969,8,4,14,9,0.3077,0,233.54,2,car,Low,Sunny,11.06
5.5196,-0.5,-0.866025,-0.974928,-0.222521,11,3,13,9,0.25,0,341.76,7,car,High,Windy,90.0
0.9542,-0.707107,0.707107,0.974928,-0.222521,12,2,12,9,0.1818,0,206.99,1,van,Low,Sunny,6.17
2.678,0.866025,-0.5,-0.974928,-0.222521,8,2,7,4,0.3333,1,157.29,6,car,High,Rainy,86.26
1.257,0.5,-0.866025,-0.433884,-0.900969,11,8,9,0,1.0,0,309.12,4,motorcycle,High,Sunny,28.48
0.8901,-1.0,-0.0,0.433884,-0.900969,2,2,6,3,0.4,1,166.9,3,car,Low,Rainy,14.05
2.8206,-0.707107,0.707107,0.781831,0.62349,8,6,8,1,0.8571,0,203.13,1,car,High,Rainy,58.7
1.8085,-0.5,0.866025,-0.974928,-0.222521,7,2,9,6,0.25,0,110.55,6,motorcycle,High,Sunny,10.56
0.2574,0.866025,-0.5,0.781831,0.62349,3,6,14,7,0.4615,0,197.76,1,motorcycle,Medium,Sunny,4.64
1.3032,0.5,-0.866025,-0.433884,-0.900969,7,6,13,6,0.5,0,257.69,5,car,Medium,Windy,34.45
0.4294,-0.5,0.866025,-0.974928,-0.222521,9,4,5,0,1.0,1,183.35,8,motorcycle,Low,Sandstorm,1.0
3.6973,-0.5,-0.866025,0.0,1.0,5,7,15,7,0.5,0,75.9,7,van,Low,Sunny,36.86
5.8469,-0.866025,0.5,0.974928,-0.222521,8,1,3,1,0.5,0,7.07,0,car,High,Sunny,90.0
6.5553,1.0,0.0,-0.433884,-0.900969,9,2,3,0,1.0,0,78.48,9,motorcycle,Normal,Sunny,64.47
1.5521,0.965926,-0.258819,0.781831,0.62349,8,13,14,0,1.0,1,306.09,6,van,Normal,Sandstorm,32.13
0.7128,0.707107,-0.707107,0.0,1.0,5,5,6,0,1.0,1,345.33,8,car,Medium,Windy,21.83
1.5003,0.965926,-0.258819,0.974928,-0.222521,4,1,14,12,0.0769,0,202.47,0,van,Normal,Sunny,29.09
0.4526,-0.707107,0.707107,0.433884,-0.900969,8,0,3,2,0.0,0,298.47,9,car,High,Sunny,1.0
10.2597,-0.965926,0.258819,-0.781831,0.62349,11,2,6,3,0.4,0,16.91,7,car,High,Sandstorm,90.0
3.4371,0.0,-1.0,-0.974928,-0.222521,6,4,13,8,0.3333,0,307.29,8,motorcycle,High,Rainy,64.53
1.4759,0.965926,-0.258819,0.781831,0.62349,7,3,5,1,0.75,0,103.39,9,van,Low,Sunny,27.84
2.8497,0.965926,-0.258819,0.781831,0.62349,11,3,9,5,0.375,1,63.16,8,van,Medium,Sunny,60.39
0.6927,0.5,-0.866025,0.781831,0.62349,4,4,12,7,0.3636,0,99.75,4,van,High,Sunny,33.34
0.3858,-1.0,-0.0,-0.781831,0.62349,10,0,7,6,0.0,1,179.29,8,van,Normal,Windy,14.19
0.135,-0.965926,0.258819,0.974928,-0.222521,4,1,4,2,0.3333,0,211.52,9,car,Medium,Sunny,2.73
1.1959,-0.707107,-0.707107,-0.781831,0.62349,4,7,13,5,0.5833,0,2.51,9,motorcycle,Medium,Sunny,26.47
0.9069,-0.707107,0.707107,0.0,1.0,4,7,11,3,0.7,1,123.48,6,van,Normal,Sandstorm,13.26
1.81,-0.707107,0.707107,0.433884,-0.900969,1,2,14,11,0.1538,0,253.61,9,van,Normal,Sunny,30.39
1.119,-0.965926,0.258819,0.0,1.0,6,7,12,4,0.6364,1,270.11,5,car,Medium,Sunny,7.1
1.7336,0.965926,-0.258819,0.433884,-0.900969,5,6,12,5,0.5455,1,84.38,4,car,Normal,Sunny,27.21
2.3882,-0.707107,0.707107,0.0,1.0,3,3,11,7,0.3,0,88.73,1,car,High,Sunny,30.37
0.2761,-0.707107,0.707107,0.781831,0.62349,10,9,11,1,0.9,0,244.68,4,car,Medium,Sunny,8.3
2.523,-0.707107,-0.707107,0.781831,0.62349,7,3,8,4,0.4286,0,219.45,9,car,Normal,Sunny,31.82
0.7511,-0.866025,-0.5,-0.433884,-0.900969,3,3,15,11,0.2143,1,178.98,1,van,High,Sunny,33.49
1.8071,-0.965926,0.258819,-0.433884,-0.900969,3,9,13,3,0.75,0,196.75,8,motorcycle,Medium,Sunny,17.32
2.9186,-0.866025,-0.5,0.433884,-0.900969,10,1,6,4,0.2,0,179.8,6,car,Normal,Rainy,60.05
2.9377,0.258819,-0.965926,0.781831,0.62349,4,9,15,5,0.6429,1,146.6,1,car,Jam,Rainy,80.12
1.2494,-0.965926,-0.258819,0.781831,0.62349,5,4,6,1,0.8,1,283.63,2,van,High,Sunny,52.38
1.3094,-0.965926,0.258819,0.974928,-0.222521,2,5,12,6,0.4545,1,319.89,0,car,Medium,Windy,20.73
2.5788,0.866025,-0.5,-0.781831,0.62349,10,2,14,11,0.1538,0,230.34,7,motorcycle,High,Sunny,38.06
0.2655,-0.965926,-0.258819,-0.433884,-0.900969,5,2,8,5,0.2857,0,97.11,3,car,Medium,Sandstorm,1.0
0.4475,0.866025,-0.5,0.0,1.0,9,1,5,3,0.25,0,350.79,1,car,Medium,Rainy,12.09
0.8476,-0.707107,-0.707107,0.0,1.0,5,1,15,13,0.0714,1,31.76,1,car,Normal,Windy,19.29
0.3116,0.965926,-0.258819,0.974928,-0.222521,10,12,13,0,1.0,0,342.74,5,motorcycle,Normal,Windy,2.28
0.8537,-0.5,0.866025,0.781831,0.62349,5,6,8,1,0.8571,0,200.16,3,car,Medium,Sunny,9.2
0.8106,-0.965926,-0.258819,0.974928,-0.222521,11,7,15,7,0.5,1,255.66,9,van,Medium,Sunny,25.36
1.2005,-0.258819,-0.965926,-0.781831,0.62349,9,3,4,0,1.0,0,152.48,9,car,High,Sunny,23.18
1.047,-0.5,-0.866025,0.781831,0.62349,6,5,9,3,0.625,0,128.55,2,car,Medium,Sunny,13.22
3.0523,-0.866025,-0.5,-0.433884,-0.900969,6,3,5,1,0.75,0,80.39,8,motorcycle,Medium,Windy,43.08
1.9048,0.866025,-0.5,0.433884,-0.900969,8,3,5,1,0.75,1,40.41,0,car,High,Sunny,48.01
1.0331,-0.5,-0.866025,-0.433884,-0.900969,9,3,7,3,0.5,1,112.6,4,car,Jam,Sunny,27.83
0.8053,-1.0,-0.0,0.433884,-0.900969,9,5,10,4,0.5556,0,91.63,5,van,Normal,Sunny,29.37
1.0564,0.5,-0.866025,0.433884,-0.900969,1,0,5,4,0.0,0,192.13,2,motorcycle,Jam,Sandstorm,40.45
1.0743,-0.5,-0.866025,0.781831,0.62349,4,5,9,3,0.625,0,308.6,6,car,High,Sunny,36.7
12.0953,0.258819,-0.965926,-0.781831,0.62349,6,5,13,7,0.4167,1,30.09,5,car,Low,Sunny,90.0
0.2767,0.866025,-0.5,0.781831,0.62349,7,0,4,3,0.0,0,268.91,9,motorcycle,Normal,Sandstorm,4.9
0.4584,-0.5,0.866025,0.781831,0.62349,2,1,3,1,0.5,1,96.32,9,van,Normal,Sunny,1.78
0.3988,-0.866025,-0.5,0.0,1.0,3,10,12,1,0.9091,1,230.79,8,motorcycle,Medium,Windy,25.22
1.4273,0.0,-1.0,0.0,1.0,6,3,8,4,0.4286,0,225.81,7,van,Medium,Sunny,39.44
1.3746,0.258819,-0.965926,0.974928,-0.222521,6,2,5,2,0.5,0,265.5,3,van,Medium,Sunny,29.94
0.6412,-0.965926,-0.258819,-0.974928,-0.222521,8,3,14,10,0.2308,0,5.49,8,car,High,Foggy,18.54
2.5891,0.965926,-0.258819,0.781831,0.62349,1,6,8,1,0.8571,1,0.5,3,car,Normal,Sunny,24.82
1.5702,-0.707107,-0.707107,0.0,1.0,10,0,4,3,0.0,1,60.74,7,van,Normal,Sunny,29.98
2.6945,0.707107,-0.707107,0.433884,-0.900969,4,5,7,1,0.8333,0,352.94,4,van,High,Sunny,90.0
3.467,-0.707107,0.707107,0.433884,-0.900969,7,9,10,0,1.0,0,123.0,5,motorcycle,Jam,Foggy,68.22
0.1459,-0.965926,0.258819,0.433884,-0.900969,12,1,6,4,0.2,0,225.09,8,van,High,Rainy,1.96
2.1198,-1.0,-0.0,0.0,1.0,5,8,15,6,0.5714,0,110.88,1,car,Normal,Sunny,33.52
0.3245,0.866025,-0.5,0.781831,0.62349,4,6,11,4,0.6,0,175.62,8,car,Normal,Sunny,1.0
1.4007,0.965926,-0.258819,0.974928,-0.222521,4,2,3,0,1.0,0,157.64,8,van,Normal,Sunny,20.45
1.0312,-0.258819,-0.965926,-0.974928,-0.222521,8,2,7,4,0.3333,1,67.7,4,car,Medium,Windy,20.28
1.0739,0.0,-1.0,-0.433884,-0.900969,12,4,7,2,0.6667,0,128.96,6,van,Normal,Sunny,1.44
0.3519,-1.0,-0.0,-0.974928,-0.222521,7,0,4,3,0.0,0,68.63,2,van,Jam,Sunny,13.57
2.9416,-1.0,-0.0,0.433884,-0.900969,3,2,3,0,1.0,0,100.68,7,car,Medium,Sunny,60.94
0.3243,0.0,-1.0,0.974928,-0.222521,12,3,4,0,1.0,1,150.22,1,van,Medium,Rainy,17.63
2.2547,0.866025,-0.5,0.433884,-0.900969,1,2,11,8,0.2,0,286.4,7,van,Normal,Sunny,45.31
0.2836,0.258819,-0.965926,0.974928,-0.222521,5,0,6,5,0.0,1,70.71,6,motorcycle,Normal,Sunny,1.0
1.0866,-0.5,-0.866025,0.781831,0.62349,2,0,8,7,0.0,0,70.47,2,car,Medium,Rainy,9.07
6.136,0.5,-0.866025,-0.433884,-0.900969,1,3,4,0,1.0,0,89.05,8,van,High,Sunny,90.0
10.4181,0.258819,-0.965926,0.974928,-0.222521,12,9,15,5,0.6429,0,284.16,2,car,Low,Sunny,78.2
0.2375,0.5,-0.866025,0.781831,0.62349,2,5,15,9,0.3571,1,89.03,5,van,High,Sunny,1.0
0.5659,0.965926,-0.258819,-0.433884,-0.900969,11,6,11,4,0.6,0,295.0,8,car,Normal,Sunny,1.0
0.6727,-0.866025,-0.5,0.0,1.0,7,3,7,3,0.5,1,116.16,0,motorcycle,Normal,Sunny,8.87
9.415,-0.5,0.866025,0.0,1.0,4,0,10,9,0.0,0,109.05,4,motorcycle,Jam,Sunny,90.0
1.0357,-0.5,0.866025,0.974928,-0.222521,11,3,8,4,0.4286,1,136.18,6,van,Normal,Sunny,15.04
3.0677,-0.707107,0.707107,-0.433884,-0.900969,1,8,14,5,0.6154,0,161.33,1,van,Normal,Sunny,55.9
1.4692,-0.965926,-0.258819,-0.974928,-0.222521,9,6,10,3,0.6667,0,151.12,5,car,Medium,Sandstorm,34.3
0.3537,-1.0,-0.0,0.433884,-0.900969,10,0,4,3,0.0,1,141.97,6,van,Normal,Sunny,5.6
0.1888,0.965926,-0.258819,0.781831,0.62349,5,3,4,0,1.0,0,359.2,8,car,Low,Windy,3.92
0.6173,0.707107,-0.707107,0.974928,-0.222521,4,1,13,11,0.0833,0,249.52,2,van,Low,Sunny,6.23
9.9845,-1.0,-0.0,0.974928,-0.222521,1,10,12,1,0.9091,1,317.38,8,car,Low,Sunny,90.0
1.4116,-0.5,0.866025,0.974928,-0.222521,1,11,12,0,1.0,1,321.71,6,van,Medium,Sunny,24.2
3.0091,-0.707107,0.707107,-0.433884,-0.900969,1,5,7,1,0.8333,0,153.7,5,car,Normal,Sunny,19.27
0.2873,-0.866025,-0.5,-0.974928,-0.222521,6,6,11,4,0.6,0,279.07,5,van,High,Windy,4.37
0.8114,0.965926,-0.258819,-0.433884,-0.900969,7,1,6,4,0.2,0,169.47,9,van,High,Sunny,13.84
2.3161,-0.5,0.866025,0.974928,-0.222521,6,3,11,7,0.3,1,214.09,6,car,Normal,Windy,32.53
0.392,0.258819,-0.965926,0.974928,-0.222521,9,3,7,3,0.5,0,264.42,4,car,Normal,Rainy,15.42
1.04,1.0,0.0,0.0,1.0,5,0,4,3,0.0,1,209.45,9,motorcycle,Normal,Sunny,1.0
0.4791,-0.965926,0.258819,-0.974928,-0.222521,10,9,13,3,0.75,1,182.61,6,van,Normal,Rainy,1.0
2.4233,0.866025,-0.5,-0.781831,0.62349,8,11,13,1,0.9167,0,4.26,2,car,Normal,Sunny,46.06
1.6138,0.258819,-0.965926,0.0,1.0,12,9,13,3,0.75,0,349.12,6,car,High,Sunny,46.82
2.1153,-0.965926,-0.258819,0.0,1.0,9,10,11,0,1.0,0,13.67,9,car,Normal,Sunny,55.88
2.5282,-0.5,0.866025,0.781831,0.62349,2,5,11,5,0.5,1,43.31,6,van,Medium,Sandstorm,36.69
0.8902,-0.707107,0.707107,-0.974928,-0.222521,7,3,13,9,0.25,0,15.29,7,van,Medium,Windy,24.5
2.8664,0.866025,-0.5,0.781831,0.62349,8,0,10,9,0.0,1,225.43,6,car,High,Foggy,90.0
0.6311,0.866025,-0.5,0.0,1.0,1,6,14,7,0.4615,1,108.95,8,van,Normal,Windy,1.0
2.0026,-0.965926,0.258819,0.974928,-0.222521,1,1,12,10,0.0909,0,321.76,0,van,Normal,Sunny,23.16
0.1699,0.258819,-0.965926,0.974928,-0.222521,1,6,10,3,0.6667,0,213.37,8,van,Jam,Rainy,1.21
0.5439,0.965926,-0.258819,0.974928,-0.222521,3,8,10,1,0.8889,0,281.35,9,car,Normal,Foggy,11.22
9.9743,-0.707107,-0.707107,0.433884,-0.900969,11,1,15,13,0.0714,0,52.28,0,car,Medium,Sandstorm,90.0
1.9747,-0.965926,-0.258819,0.781831,0.62349,3,4,9,4,0.5,1,147.83,7,car,Medium,Sunny,52.1
1.9754,-0.5,0.866025,0.0,1.0,3,2,4,1,0.6667,0,224.8,5,car,Medium,Sandstorm,31.09
0.5053,-0.5,-0.866025,0.0,1.0,6,4,13,8,0.3333,0,67.6,3,car,Normal,Sunny,13.67
0.3908,-0.965926,0.258819,-0.974928,-0.222521,5,0,3,2,0.0,0,137.52,1,car,Normal,Rainy,1.0
0.8597,-0.707107,-0.707107,-0.433884,-0.900969,12,4,6,1,0.8,0,271.61,3,car,Medium,Foggy,27.41
1.0369,-0.707107,0.707107,0.781831,0.62349,2,1,7,5,0.1667,0,245.59,6,van,Medium,Windy,7.6
6.8124,-0.5,-0.866025,-0.781831,0.62349,11,0,3,2,0.0,1,324.68,5,car,High,Sunny,90.0
2.9095,-0.965926,-0.258819,0.433884,-0.900969,3,3,5,1,0.75,1,200.95,0,van,High,Sunny,90.0
1.2257,-0.5,0.866025,-0.974928,-0.222521,4,0,5,4,0.0,0,74.47,3,car,Jam,Foggy,29.84
1.1764,-0.866025,0.5,-0.974928,-0.222521,6,3,10,6,0.3333,0,316.35,0,van,Jam,Rainy,51.64
2.271,0.0,-1.0,0.974928,-0.222521,12,1,14,12,0.0769,0,346.33,3,car,High,Windy,42.08
0.3157,-0.5,-0.866025,-0.433884,-0.900969,3,3,6,2,0.6,1,174.82,9,van,Low,Rainy,13.5
0.1781,-0.866025,-0.5,-0.433884,-0.900969,5,1,8,6,0.1429,0,30.41,7,van,Medium,Sunny,6.19
2.2394,0.866025,-0.5,0.433884,-0.900969,8,2,11,8,0.2,1,91.04,9,car,Medium,Rainy,63.74
1.1834,0.707107,-0.707107,-0.433884,-0.900969,9,4,11,6,0.4,0,270.78,1,van,Medium,Sunny,42.43
0.3177,-1.0,-0.0,0.974928,-0.222521,5,7,15,7,0.5,1,0.08,6,car,Normal,Sunny,1.0
0.1511,0.965926,-0.258819,0.0,1.0,2,6,9,2,0.75,1,106.12,3,van,Medium,Sunny,1.0
2.5836,-0.866025,-0.5,0.0,1.0,10,12,13,0,1.0,0,132.84,4,car,Normal,Sunny,33.05
0.6734,-0.5,-0.866025,0.433884,-0.900969,11,7,13,5,0.5833,0,283.82,9,car,Normal,Sunny,17.15
1.6165,-0.5,-0.866025,-0.781831,0.62349,8,3,8,4,0.4286,0,157.34,8,car,High,Sandstorm,43.14
0.8602,-0.866025,0.5,0.781831,0.62349,11,7,13,5,0.5833,0,189.2,6,motorcycle,Medium,Sunny,10.43
1.0698,0.5,-0.866025,-0.433884,-0.900969,4,7,15,7,0.5,0,241.78,9,car,Medium,Windy,21.45
0.6296,-0.965926,0.258819,0.781831,0.62349,11,0,4,3,0.0,0,282.57,4,van,Medium,Sunny,4.35
1.0277,-0.965926,0.258819,-0.433884,-0.900969,10,6,13,6,0.5,1,121.71,0,car,Medium,Sandstorm,29.43
1.9121,-0.5,0.866025,0.781831,0.62349,11,8,11,2,0.8,1,61.86,9,car,Normal,Sunny,31.5
0.8505,-0.965926,0.258819,0.433884,-0.900969,12,11,13,1,0.9167,0,65.51,1,car,Medium,Windy,23.36
0.8056,-0.5,-0.866025,-0.974928,-0.222521,5,0,10,9,0.0,0,57.65,2,motorcycle,Normal,Sunny,5.11
1.9683,0.0,-1.0,0.974928,-0.222521,2,3,5,1,0.75,0,41.2,9,van,Medium,Sunny,49.28
2.0969,-0.965926,0.258819,-0.781831,0.62349,9,0,8,7,0.0,1,158.72,8,car,Normal,Sunny,31.43
0.3751,-0.707107,0.707107,0.0,1.0,9,0,11,10,0.0,1,65.92,0,van,Jam,Sunny,11.17
1.0752,0.5,-0.866025,0.0,1.0,8,0,14,13,0.0,1,281.71,8,car,High,Sunny,45.3
0.6719,0.0,-1.0,0.781831,0.62349,8,0,3,2,0.0,0,0.02,7,car,Medium,Sunny,21.45
1.1197,-0.5,-0.866025,0.781831,0.62349,1,0,5,4,0.0,0,343.27,1,van,Normal,Sunny,39.08
4.3157,0.965926,-0.258819,0.974928,-0.222521,9,3,6,2,0.6,1,4.76,5,car,Normal,Windy,52.18
1.5543,0.258819,-0.965926,-0.781831,0.62349,6,9,10,0,1.0,0,117.12,2,car,High,Sunny,9.92
8.6368,0.866025,-0.5,0.781831,0.62349,1,2,3,0,1.0,0,271.46,5,van,Medium,Sunny,90.0
1.3615,-0.965926,0.258819,0.974928,-0.222521,11,10,15,4,0.7143,1,313.94,1,car,High,Sunny,22.57
0.9435,-0.5,-0.866025,0.0,1.0,1,1,12,10,0.0909,1,31.4,0,motorcycle,High,Sunny,14.4
1.0847,-0.866025,-0.5,-0.974928,-0.222521,3,13,14,0,1.0,0,288.39,6,van,Medium,Sunny,47.91
1.2655,0.965926,-0.258819,0.433884,-0.900969,4,1,3,1,0.5,1,270.54,7,motorcycle,Medium,Windy,9.62
1.5019,-0.707107,-0.707107,0.0,1.0,10,0,6,5,0.0,1,165.55,1,van,Medium,Sunny,39.93
0.4307,-1.0,-0.0,0.433884,-0.900969,1,5,8,2,0.7143,0,225.69,6,motorcycle,Medium,Sunny,1.95
0.8856,-0.965926,-0.258819,0.781831,0.62349,5,9,13,3,0.75,0,132.18,4,car,Medium,Sunny,37.21
0.5553,-0.965926,0.258819,0.974928,-0.222521,5,4,11,6,0.4,0,112.26,9,van,High,Sunny,10.68
2.9392,0.965926,-0.258819,0.781831,0.62349,5,5,8,2,0.7143,0,11.89,5,van,Low,Windy,35.94
0.1774,-0.707107,-0.707107,-0.974928,-0.222521,11,4,6,1,0.8,1,2.46,4,motorcycle,Normal,Sunny,17.06
1.2828,-0.5,-0.866025,0.0,1.0,4,4,7,2,0.6667,0,189.42,0,car,Normal,Sandstorm,23.97
0.2613,-0.707107,0.707107,-0.433884,-0.900969,5,2,7,4,0.3333,0,4.17,9,van,Jam,Sunny,1.0
1.6663,-0.965926,-0.258819,-0.974928,-0.222521,5,10,11,0,1.0,0,44.22,6,van,Medium,Windy,51.71
0.7566,-0.5,0.866025,0.0,1.0,5,8,14,5,0.6154,0,34.75,1,car,Normal,Sunny,1.0
0.1967,1.0,0.0,-0.781831,0.62349,12,4,9,4,0.5,0,227.91,0,motorcycle,Medium,Rainy,1.0
2.705,-0.258819,-0.965926,-0.974928,-0.222521,4,10,14,3,0.7692,1,240.82,2,car,Medium,Sunny,42.33
0.1012,-0.965926,-0.258819,0.781831,0.62349,2,1,6,4,0.2,1,271.55,5,car,High,Sunny,1.0
1.0727,0.965926,-0.258819,0.433884,-0.900969,6,13,14,0,1.0,0,350.35,9,van,Jam,Rainy,49.92
2.1311,-0.965926,-0.258819,-0.433884,-0.900969,2,2,3,0,1.0,0,352.76,6,car,High,Windy,69.58
4.0873,0.707107,-0.707107,0.433884,-0.900969,10,7,12,4,0.6364,0,74.73,0,car,High,Sunny,90.0
0.2394,0.965926,-0.258819,-0.974928,-0.222521,11,3,15,11,0.2143,1,126.62,1,car,Normal,Sunny,1.0
0.6769,-0.965926,-0.258819,-0.781831,0.62349,10,2,6,3,0.4,1,202.14,2,car,Normal,Sunny,23.07
3.094,-0.258819,-0.965926,0.974928,-0.222521,10,10,11,0,1.0,1,15.91,0,van,Medium,Sandstorm,90.0
3.2992,0.0,-1.0,0.0,1.0,6,2,3,0,1.0,0,69.27,1,motorcycle,Medium,Sunny,50.05
3.7311,0.258819,-0.965926,0.433884,-0.900969,9,1,14,12,0.0769,1,307.29,0,van,Normal,Sunny,54.96
12.5975,-0.965926,-0.258819,-0.433884,-0.900969,5,7,9,1,0.875,1,146.93,7,car,High,Sunny,90.0
0.6816,-0.866025,-0.5,-0.974928,-0.222521,11,0,8,7,0.0,0,174.46,6,van,Normal,Foggy,25.29
1.5742,-0.965926,-0.258819,0.781831,0.62349,3,6,15,8,0.4286,0,265.15,7,motorcycle,Normal,Sunny,21.2
0.7957,-0.965926,0.258819,-0.781831,0.62349,2,6,15,8,0.4286,0,291.15,1,van,Normal,Sunny,5.22
0.1693,-0.866025,-0.5,0.0,1.0,12,1,5,3,0.25,1,311.37,9,car,High,Rainy,16.43
1.0146,0.965926,-0.258819,-0.433884,-0.900969,5,7,15,7,0.5,0,322.15,3,car,High,Sunny,17.44
0.1662,0.866025,-0.5,0.433884,-0.900969,4,0,5,4,0.0,0,106.03,1,motorcycle,Medium,Sandstorm,1.0
0.6738,-0.5,0.866025,-0.433884,-0.900969,9,8,13,4,0.6667,0,233.66,1,motorcycle,High,Windy,6.14
0.274,0.5,-0.866025,0.781831,0.62349,5,8,13,4,0.6667,0,40.04,3,car,High,Sunny,7.21
1.6768,-0.258819,-0.965926,-0.781831,0.62349,9,7,9,1,0.875,0,348.8,0,motorcycle,Normal,Sandstorm,28.81
0.5275,0.0,-1.0,0.0,1.0,6,4,10,5,0.4444,1,96.35,3,car,High,Foggy,1.0
0.2027,-0.5,0.866025,-0.974928,-0.222521,10,4,8,3,0.5714,1,140.54,6,car,Normal,Sunny,20.7
2.5153,-0.866025,0.5,0.433884,-0.900969,1,1,8,6,0.1429,0,335.05,9,van,Medium,Sunny,52.08
0.6228,-0.5,-0.866025,0.433884,-0.900969,9,3,9,5,0.375,0,226.85,0,van,Normal,Sandstorm,12.33
0.7331,-0.965926,-0.258819,0.974928,-0.222521,4,7,14,6,0.5385,1,103.79,5,car,Medium,Sunny,20.09
0.4365,-0.707107,-0.707107,0.974928,-0.222521,6,3,9,5,0.375,1,31.06,2,motorcycle,Medium,Sunny,1.0
3.2924,-0.866025,-0.5,0.433884,-0.900969,12,9,10,0,1.0,0,175.93,3,motorcycle,Low,Sunny,31.34
1.429,-0.5,0.866025,0.974928,-0.222521,6,3,12,8,0.2727,1,212.66,6,car,Medium,Sandstorm,24.94
0.6173,-0.965926,-0.258819,0.0,1.0,1,0,14,13,0.0,0,240.62,2,van,Medium,Windy,18.23
0.1794,0.965926,-0.258819,0.974928,-0.222521,6,12,14,1,0.9231,1,59.28,4,van,Medium,Foggy,8.5
12.0024,-0.5,-0.866025,0.974928,-0.222521,3,3,7,3,0.5,1,254.13,3,van,Low,Sunny,90.0
7.2456,-0.965926,0.258819,-0.974928,-0.222521,6,0,14,13,0.0,0,130.53,3,motorcycle,Low,Foggy,45.93
4.3534,1.0,0.0,0.433884,-0.900969,3,7,8,0,1.0,1,339.84,7,van,Normal,Sunny,75.29
0.5667,0.0,-1.0,0.433884,-0.900969,8,0,4,3,0.0,0,235.24,2,car,High,Windy,13.49
0.6867,0.707107,-0.707107,0.433884,-0.900969,3,2,3,0,1.0,1,330.51,5,car,High,Windy,35.68
1.6171,-1.0,-0.0,0.974928,-0.222521,6,1,5,3,0.25,0,10.85,7,motorcycle,Normal,Sunny,31.34
0.4728,0.866025,-0.5,-0.974928,-0.222521,12,2,7,4,0.3333,0,325.21,6,motorcycle,High,Sunny,12.84
0.4317,-0.866025,-0.5,-0.433884,-0.900969,8,1,8,6,0.1429,1,316.03,7,car,Medium,Sunny,3.24
4.4178,0.965926,-0.258819,-0.781831,0.62349,9,0,5,4,0.0,0,183.88,4,car,Jam,Sunny,90.0
1.0488,-0.707107,0.707107,0.433884,-0.900969,10,4,5,0,1.0,0,351.51,4,van,Low,Windy,17.01
0.3814,0.258819,-0.965926,0.0,1.0,12,1,3,1,0.5,1,269.72,0,car,Medium,Sunny,1.0
2.732,0.0,-1.0,-0.433884,-0.900969,11,7,14,6,0.5385,1,358.22,7,car,Medium,Windy,53.57
0.6407,-0.965926,0.258819,0.974928,-0.222521,11,1,6,4,0.2,0,272.28,6,motorcycle,Normal,Sunny,9.5
0.1686,0.0,-1.0,0.0,1.0,5,4,11,6,0.4,1,329.47,5,motorcycle,Low,Sunny,1.0
0.376,0.965926,-0.258819,-0.974928,-0.222521,8,4,9,4,0.5,0,70.97,7,motorcycle,Low,Windy,1.0
0.6766,-0.707107,0.707107,-0.433884,-0.900969,10,2,7,4,0.3333,0,70.92,6,van,Medium,Sunny,22.42
1.362,0.965926,-0.258819,-0.433884,-0.900969,7,3,6,2,0.6,1,182.79,1,car,Medium,Foggy,27.61
1.301,-0.5,-0.866025,-0.433884,-0.900969,2,1,3,1,0.5,1,262.54,2,motorcycle,High,Foggy,20.02
3.548,0.866025,-0.5,-0.781831,0.62349,7,3,4,0,1.0,1,95.4,6,car,Normal,Sunny,50.6
0.8823,-0.965926,-0.258819,-0.433884,-0.900969,3,8,11,2,0.8,1,150.1,0,car,High,Sunny,33.96
0.7101,0.5,-0.866025,-0.433884,-0.900969,9,5,8,2,0.7143,0,62.07,8,motorcycle,Normal,Sunny,7.8
3.6067,-0.707107,0.707107,-0.974928,-0.222521,11,1,15,13,0.0714,1,333.19,3,van,Jam,Sandstorm,90.0
2.8004,0.707107,-0.707107,-0.974928,-0.222521,9,3,4,0,1.0,0,267.99,6,motorcycle,Normal,Sunny,25.57
0.9023,-0.965926,-0.258819,-0.433884,-0.900969,7,10,15,4,0.7143,1,13.82,5,car,High,Rainy,34.62
1.4585,1.0,0.0,0.0,1.0,8,2,4,1,0.6667,0,8.1,6,motorcycle,Jam,Foggy,32.62
0.7036,0.965926,-0.258819,0.974928,-0.222521,7,7,12,4,0.6364,0,357.77,3,van,High,Sunny,32.13
0.3664,0.5,-0.866025,0.781831,0.62349,6,7,15,7,0.5,0,142.59,7,van,High,Windy,17.93
8.9118,-0.707107,0.707107,-0.781831,0.62349,3,2,5,2,0.5,0,216.82,1,motorcycle,Normal,Sunny,44.84
0.6605,-0.5,0.866025,-0.433884,-0.900969,9,1,9,7,0.125,1,341.23,3,car,High,Sunny,16.68
1.4626,-0.866025,-0.5,0.433884,-0.900969,5,12,14,1,0.9231,0,344.09,0,van,Medium,Sunny,55.24
0.262,0.258819,-0.965926,0.433884,-0.900969,2,10,13,2,0.8333,0,34.54,1,van,Medium,Windy,2.72
2.2247,0.258819,-0.965926,-0.433884,-0.900969,10,4,5,0,1.0,0,228.76,0,van,Jam,Sunny,76.95
0.3515,0.707107,-0.707107,-0.974928,-0.222521,7,3,5,1,0.75,0,357.42,4,motorcycle,Normal,Rainy,1.0
5.4415,0.258819,-0.965926,0.781831,0.62349,7,1,7,5,0.1667,1,64.68,0,van,Medium,Sunny,90.0
6.0954,-0.5,-0.866025,-0.781831,0.62349,7,3,9,5,0.375,1,238.62,2,car,Jam,Windy,90.0
1.8915,-0.965926,-0.258819,-0.974928,-0.222521,1,5,6,0,1.0,0,278.64,4,car,Normal,Rainy,38.77
1.2326,0.707107,-0.707107,0.781831,0.62349,7,0,4,3,0.0,1,27.2,6,motorcycle,Normal,Windy,1.79
0.9249,1.0,0.0,-0.433884,-0.900969,7,5,9,3,0.625,0,139.33,0,motorcycle,Normal,Sunny,21.81
1.0564,-0.707107,-0.707107,0.974928,-0.222521,7,5,8,2,0.7143,0,73.9,7,motorcycle,High,Sunny,34.18
1.6303,0.5,-0.866025,0.974928,-0.222521,1,1,6,4,0.2,0,20.44,5,car,High,Sunny,47.5
1.2035,0.0,-1.0,-0.781831,0.62349,10,1,13,11,0.0833,1,35.75,0,car,Normal,Sunny,24.39
2.8084,-1.0,-0.0,0.781831,0.62349,8,0,6,5,0.0,1,123.04,0,van,Medium,Rainy,90.0
0.4619,-0.707107,0.707107,-0.974928,-0.222521,10,11,14,2,0.8462,0,208.5,9,van,Medium,Sunny,1.0
4.7194,-0.707107,-0.707107,-0.433884,-0.900969,7,0,3,2,0.0,1,343.3,4,car,Medium,Sunny,90.0
0.7397,-0.707107,0.707107,-0.974928,-0.222521,4,2,9,6,0.25,0,336.84,9,van,Medium,Sandstorm,20.39
0.5441,0.5,-0.866025,-0.974928,-0.222521,10,13,15,1,0.9286,0,314.06,5,car,Jam,Sunny,13.75
1.5597,-1.0,-0.0,-0.433884,-0.900969,5,3,6,2,0.6,0,277.72,1,car,Normal,Rainy,52.5
1.6574,-0.5,0.866025,0.781831,0.62349,6,0,11,10,0.0,1,14.65,7,car,Normal,Sunny,4.49
0.2123,0.707107,-0.707107,-0.781831,0.62349,1,3,12,8,0.2727,0,146.03,4,car,Medium,Sunny,12.46
0.6997,-1.0,-0.0,-0.433884,-0.900969,2,3,7,3,0.5,1,280.57,3,car,Medium,Windy,27.18
0.1404,-0.5,-0.866025,0.974928,-0.222521,2,5,11,5,0.5,0,348.3,2,motorcycle,Medium,Sunny,1.0
0.5816,-0.866025,0.5,0.781831,0.62349,6,8,11,2,0.8,1,166.41,4,van,Low,Rainy,3.73
0.6059,0.258819,-0.965926,0.0,1.0,4,7,9,1,0.875,0,252.46,9,motorcycle,Normal,Sunny,3.01
1.4661,-0.5,0.866025,0.974928,-0.222521,4,0,7,6,0.0,0,358.32,2,car,Jam,Sunny,57.48
0.5229,-0.965926,0.258819,0.0,1.0,10,2,9,6,0.25,1,224.28,5,car,Low,Sunny,2.11
0.6548,-0.965926,-0.258819,-0.781831,0.62349,9,2,4,1,0.6667,1,280.36,0,car,Medium,Sunny,5.66
3.8141,1.0,0.0,0.433884,-0.900969,10,0,9,8,0.0,0,347.87,7,van,High,Sunny,90.0
7.8537,0.965926,-0.258819,-0.433884,-0.900969,10,3,7,3,0.5,0,255.63,8,car,Low,Sunny,52.82
0.4608,-0.965926,-0.258819,-0.974928,-0.222521,3,0,7,6,0.0,1,47.48,9,van,Normal,Sunny,10.66
2.9104,-0.5,-0.866025,-0.781831,0.62349,8,3,6,2,0.6,1,352.48,8,motorcycle,Normal,Rainy,23.75
1.5975,0.258819,-0.965926,0.433884,-0.900969,11,0,9,8,0.0,0,289.43,6,motorcycle,Medium,Sunny,20.53
0.2119,-0.866025,0.5,0.0,1.0,4,2,3,0,1.0,0,95.25,5,car,Normal,Windy,1.0
0.5212,-0.5,-0.866025,-0.433884,-0.900969,5,1,3,1,0.5,0,355.44,8,van,Medium,Sunny,4.45
0.0623,-0.258819,-0.965926,-0.781831,0.62349,7,4,5,0,1.0,1,28.67,0,car,Normal,Sandstorm,9.74
1.5029,0.258819,-0.965926,0.974928,-0.222521,10,0,10,9,0.0,0,338.35,2,car,Low,Sunny,14.02
0.3973,-0.5,0.866025,0.0,1.0,2,5,6,0,1.0,1,302.8,0,van,Low,Sunny,3.38
1.2551,0.0,-1.0,-0.974928,-0.222521,6,3,9,5,0.375,0,98.98,2,van,Normal,Sunny,7.56
12.7102,0.5,-0.866025,-0.433884,-0.900969,3,1,4,2,0.3333,0,309.75,2,van,Normal,Sunny,90.0
5.0203,-0.965926,-0.258819,0.781831,0.62349,9,5,8,2,0.7143,0,21.75,4,car,Jam,Sunny,90.0
0.5333,1.0,0.0,0.0,1.0,3,4,8,3,0.5714,1,342.8,6,motorcycle,Low,Sunny,5.27
0.4239,-0.866025,-0.5,0.433884,-0.900969,5,6,7,0,1.0,1,217.74,8,motorcycle,Medium,Rainy,1.0
3.7747,-0.707107,-0.707107,0.781831,0.62349,5,2,3,0,1.0,0,187.59,5,car,Medium,Sunny,87.37
0.4255,0.5,-0.866025,0.781831,0.62349,1,2,11,8,0.2,0,356.77,0,motorcycle,Medium,Foggy,9.57
2.8337,-0.965926,0.258819,0.974928,-0.222521,9,1,5,3,0.25,0,9.49,0,car,Medium,Sunny,37.8
14.8659,1.0,0.0,0.433884,-0.900969,4,7,9,1,0.875,0,184.48,4,van,Low,Sunny,90.0
2.0994,-0.5,0.866025,-0.974928,-0.222521,6,9,12,2,0.8182,0,264.68,6,motorcycle,Medium,Sunny,25.28
3.4035,-0.866025,0.5,0.433884,-0.900969,9,3,4,0,1.0,0,40.42,8,motorcycle,Normal,Sunny,21.26
3.0484,0.866025,-0.5,-0.974928,-0.222521,10,10,11,0,1.0,0,5.39,3,motorcycle,High,Sandstorm,89.73
0.651,-0.5,-0.866025,-0.433884,-0.900969,12,4,7,2,0.6667,0,221.48,1,car,Normal,Sunny,15.48
1.456,0.707107,-0.707107,0.974928,-0.222521,2,8,9,0,1.0,0,121.69,1,motorcycle,High,Rainy,28.09
0.4455,-0.866025,-0.5,0.433884,-0.900969,8,2,3,0,1.0,0,173.45,6,van,Medium,Sunny,19.8
3.7638,0.258819,-0.965926,0.0,1.0,4,7,9,1,0.875,1,224.03,9,car,Medium,Sunny,49.2
0.3942,-0.5,-0.866025,-0.781831,0.62349,10,3,7,3,0.5,0,139.02,0,car,Normal,Sunny,9.41
2.151,-0.5,0.866025,0.974928,-0.222521,5,4,5,0,1.0,1,77.24,0,van,Medium,Windy,25.46
3.2386,-0.866025,-0.5,-0.781831,0.62349,1,0,9,8,0.0,0,85.89,0,van,High,Sunny,90.0
0.6928,-0.866025,0.5,-0.433884,-0.900969,11,9,11,1,0.9,0,67.45,5,van,Medium,Rainy,16.29
0.5571,-0.866025,-0.5,0.974928,-0.222521,10,7,8,0,1.0,0,257.76,3,motorcycle,Normal,Sunny,6.95
0.9406,-0.5,-0.866025,0.433884,-0.900969,4,8,11,2,0.8,0,48.35,8,van,Normal,Sunny,17.16
0.4734,1.0,0.0,0.0,1.0,11,6,7,0,1.0,1,349.99,8,car,Normal,Sandstorm,1.0
1.2822,0.965926,-0.258819,-0.433884,-0.900969,5,5,13,7,0.4167,0,1.72,5,car,High,Sunny,19.7
0.4625,-0.707107,-0.707107,0.0,1.0,5,1,6,4,0.2,0,109.3,0,van,Medium,Sandstorm,24.84
0.4954,-0.5,-0.866025,-0.433884,-0.900969,4,1,13,11,0.0833,1,288.97,5,van,High,Sunny,9.51
1.8581,-0.5,-0.866025,0.781831,0.62349,6,1,7,5,0.1667,0,32.43,3,van,High,Windy,47.69
1.9871,-0.866025,0.5,0.0,1.0,12,8,10,1,0.8889,1,211.67,8,van,Medium,Sunny,31.48
0.8362,0.965926,-0.258819,0.781831,0.62349,1,0,3,2,0.0,0,104.63,7,van,Medium,Foggy,16.42
0.2313,-0.965926,-0.258819,0.0,1.0,8,0,3,2,0.0,1,347.55,9,van,Medium,Sunny,1.0
3.3613,-1.0,-0.0,-0.781831,0.62349,3,7,15,7,0.5,0,78.83,3,motorcycle,Medium,Sandstorm,79.97
0.7218,-0.866025,-0.5,-0.781831,0.62349,2,1,3,1,0.5,0,25.55,3,car,Normal,Sunny,9.11
7.8397,0.5,-0.866025,-0.781831,0.62349,1,9,10,0,1.0,0,220.95,4,van,High,Sandstorm,90.0
0.9746,0.0,-1.0,-0.974928,-0.222521,4,0,8,7,0.0,1,135.37,8,van,Jam,Rainy,50.81
1.2573,1.0,0.0,0.781831,0.62349,9,0,11,10,0.0,1,325.4,5,car,Medium,Rainy,9.52
0.7333,0.707107,-0.707107,-0.974928,-0.222521,9,0,3,2,0.0,1,329.39,3,van,Jam,Sunny,33.59
1.3927,-0.965926,0.258819,-0.974928,-0.222521,10,3,5,1,0.75,0,286.22,9,van,Jam,Sunny,63.06
15.0,-0.866025,-0.5,0.781831,0.62349,2,2,7,4,0.3333,0,46.31,3,van,Medium,Sandstorm,90.0
0.7933,-0.866025,0.5,-0.974928,-0.222521,2,12,15,2,0.8571,1,236.9,8,van,High,Sunny,19.37
3.7155,-0.965926,-0.258819,-0.781831,0.62349,12,0,7,6,0.0,0,33.19,6,car,Medium,Windy,90.0
1.2045,0.5,-0.866025,0.974928,-0.222521,12,3,10,6,0.3333,1,9.09,0,car,Normal,Sunny,21.32
3.3706,-0.965926,0.258819,-0.433884,-0.900969,9,6,10,3,0.6667,0,70.99,4,car,Low,Sunny,22.18
0.1763,-0.965926,-0.258819,-0.781831,0.62349,11,4,8,3,0.5714,1,178.0,6,car,Medium,Sunny,1.0
7.0121,0.707107,-0.707107,0.781831,0.62349,10,6,13,6,0.5,0,162.39,9,van,High,Windy,90.0
1.528,1.0,0.0,-0.781831,0.62349,7,5,12,6,0.4545,0,279.36,5,motorcycle,Normal,Sunny,6.08
0.857,-1.0,-0.0,0.974928,-0.222521,6,0,8,7,0.0,1,188.43,0,van,High,Sunny,40.21
2.6069,-1.0,-0.0,-0.781831,0.62349,12,0,6,5,0.0,1,95.12,3,car,Medium,Sandstorm,73.0
1.2671,0.965926,-0.258819,0.781831,0.62349,9,0,6,5,0.0,0,50.3,9,car,Medium,Sunny,19.94
0.3714,-0.258819,-0.965926,-0.974928,-0.222521,11,7,15,7,0.5,0,205.1,4,car,Normal,Rainy,17.38
0.1106,-0.707107,0.707107,0.433884,-0.900969,3,3,4,0,1.0,1,242.94,3,van,Medium,Sunny,6.95
6.2636,-0.965926,0.258819,0.974928,-0.222521,3,0,5,4,0.0,0,76.65,8,car,Normal,Sunny,57.78
0.8943,-0.965926,0.258819,0.433884,-0.900969,8,0,6,5,0.0,0,227.46,4,van,Normal,Sunny,14.13
0.6174,0.0,-1.0,0.781831,0.62349,12,8,13,4,0.6667,1,309.68,7,van,Low,Sunny,15.77
0.6647,0.866025,-0.5,-0.433884,-0.900969,8,5,11,5,0.5,1,87.19,0,van,Normal,Windy,3.61
4.4426,0.258819,-0.965926,-0.781831,0.62349,6,4,15,10,0.2857,0,295.0,5,car,Normal,Sunny,61.96
0.6938,-0.965926,-0.258819,-0.433884,-0.900969,1,0,12,11,0.0,1,342.13,0,car,Medium,Sunny,16.78
2.0384,-0.866025,0.5,0.781831,0.62349,2,7,9,1,0.875,0,337.14,1,van,Medium,Sunny,43.81
0.8042,-0.866025,-0.5,-0.433884,-0.900969,3,1,3,1,0.5,0,50.83,5,van,Normal,Windy,18.17
0.3355,1.0,0.0,0.433884,-0.900969,3,8,14,5,0.6154,0,17.62,6,car,High,Sandstorm,8.78
2.6018,-0.866025,-0.5,-0.781831,0.62349,9,2,11,8,0.2,0,261.57,1,motorcycle,Medium,Sunny,35.89
3.1514,0.707107,-0.707107,0.781831,0.62349,9,2,3,0,1.0,1,137.54,4,van,Jam,Sunny,90.0
0.5796,-0.866025,-0.5,0.433884,-0.900969,5,0,15,14,0.0,0,63.98,4,car,Medium,Sunny,27.42
1.0662,-0.258819,-0.965926,0.433884,-0.900969,12,8,11,2,0.8,1,160.95,4,car,Low,Windy,28.07
1.2119,-0.707107,-0.707107,-0.781831,0.62349,5,8,11,2,0.8,0,195.37,8,car,Jam,Sunny,39.18
1.6869,-0.866025,-0.5,0.0,1.0,6,5,7,1,0.8333,1,58.24,9,car,High,Sunny,53.81
7.1903,-0.866025,-0.5,-0.433884,-0.900969,7,4,7,2,0.6667,1,13.63,0,car,Medium,Sandstorm,90.0
0.8125,1.0,0.0,-0.974928,-0.222521,7,2,7,4,0.3333,1,281.45,9,van,Medium,Sunny,9.98
0.8077,-0.5,0.866025,0.974928,-0.222521,3,1,3,1,0.5,1,164.19,0,car,Medium,Windy,11.98
0.9356,-0.707107,-0.707107,0.433884,-0.900969,4,3,8,4,0.4286,0,87.98,9,motorcycle,Medium,Sunny,3.98
0.4515,-0.5,-0.866025,0.974928,-0.222521,9,2,3,0,1.0,0,343.87,6,motorcycle,High,Rainy,19.1
0.2152,0.0,-1.0,0.974928,-0.222521,11,7,10,2,0.7778,0,273.26,7,car,Medium,Sunny,1.0
1.2549,0.965926,-0.258819,-0.781831,0.62349,6,2,5,2,0.5,1,144.95,2,car,Normal,Sunny,15.69
1.8238,-0.866025,-0.5,0.974928,-0.222521,2,7,11,3,0.7,0,98.23,5,van,Low,Sunny,37.83
1.1077,0.0,-1.0,0.781831,0.62349,11,6,7,0,1.0,0,262.51,5,motorcycle,Normal,Sunny,6.01
1.0413,-0.707107,0.707107,-0.433884,-0.900969,7,4,6,1,0.8,0,260.77,3,motorcycle,Normal,Windy,17.62
0.4706,-0.965926,-0.258819,0.433884,-0.900969,6,1,4,2,0.3333,0,318.24,5,car,Normal,Sunny,1.0
1.4046,-0.258819,-0.965926,-0.974928,-0.222521,8,0,7,6,0.0,1,4.73,9,car,High,Sunny,31.97
1.2987,1.0,0.0,0.0,1.0,10,2,3,0,1.0,0,226.66,1,car,Normal,Windy,1.74
1.7352,-0.707107,-0.707107,-0.781831,0.62349,1,0,6,5,0.0,1,101.43,4,motorcycle,Normal,Sunny,16.2
1.503,-0.866025,0.5,-0.433884,-0.900969,5,4,9,4,0.5,0,350.86,3,van,Normal,Windy,20.29
1.6066,-0.258819,-0.965926,-0.974928,-0.222521,12,0,11,10,0.0,0,8.94,2,van,Medium,Windy,36.08
3.8684,-0.965926,-0.258819,0.974928,-0.222521,4,7,8,0,1.0,0,175.48,4,van,Medium,Sunny,90.0
1.9033,0.866025,-0.5,0.433884,-0.900969,12,0,4,3,0.0,1,255.89,1,car,Medium,Windy,32.71
1.7447,0.0,-1.0,0.974928,-0.222521,4,8,12,3,0.7273,0,270.45,1,van,Jam,Rainy,81.43
0.2111,-0.965926,0.258819,-0.974928,-0.222521,6,6,8,1,0.8571,1,227.91,8,car,Jam,Sandstorm,4.23
3.0066,-0.258819,-0.965926,0.0,1.0,1,8,11,2,0.8,1,169.96,3,van,High,Sunny,90.0
0.8328,-0.707107,0.707107,0.433884,-0.900969,9,8,15,6,0.5714,0,327.39,3,van,High,Sunny,19.98
1.1915,0.0,-1.0,0.781831,0.62349,3,1,3,1,0.5,0,207.63,6,van,Normal,Rainy,34.87
0.3298,-0.965926,0.258819,-0.433884,-0.900969,11,7,15,7,0.5,1,187.63,7,car,Medium,Sunny,1.0
8.0476,-0.866025,-0.5,-0.781831,0.62349,2,11,15,3,0.7857,0,308.56,8,motorcycle,Normal,Sunny,90.0
0.1053,-0.5,0.866025,-0.433884,-0.900969,2,0,9,8,0.0,1,159.55,6,van,High,Sunny,1.0
4.5435,-0.707107,-0.707107,0.0,1.0,6,2,3,0,1.0,0,218.84,2,car,Normal,Windy,83.73
1.6552,-0.258819,-0.965926,0.974928,-0.222521,2,4,6,1,0.8,0,118.45,2,car,Normal,Sandstorm,29.55
0.1809,0.0,-1.0,0.0,1.0,4,4,5,0,1.0,0,76.38,7,van,Low,Rainy,1.0
7.649,-0.965926,-0.258819,0.433884,-0.900969,9,0,10,9,0.0,0,165.72,8,car,Medium,Rainy,90.0
1.8005,-0.5,0.866025,0.781831,0.62349,7,2,11,8,0.2,0,120.97,9,car,Medium,Sunny,26.59
0.1176,0.866025,-0.5,-0.433884,-0.900969,7,1,9,7,0.125,0,13.58,8,car,Low,Windy,6.5
0.7398,-0.707107,0.707107,0.433884,-0.900969,2,2,7,4,0.3333,0,175.21,6,car,Medium,Sunny,3.66
1.8364,-0.5,0.866025,0.974928,-0.222521,9,2,3,0,1.0,1,236.24,1,car,Normal,Sunny,16.54
5.627,-0.965926,0.258819,-0.781831,0.62349,2,11,15,3,0.7857,1,18.72,4,van,High,Sunny,90.0
0.7492,-0.707107,-0.707107,-0.974928,-0.222521,7,10,15,4,0.7143,0,204.23,1,car,Low,Rainy,9.01
0.0894,-0.866025,0.5,-0.433884,-0.900969,10,1,3,1,0.5,0,111.61,4,van,Low,Sunny,4.9
4.4197,0.5,-0.866025,0.974928,-0.222521,9,0,7,6,0.0,1,14.68,6,car,Medium,Sunny,84.5
1.7741,-0.866025,-0.5,0.781831,0.62349,5,10,15,4,0.7143,0,34.88,6,car,Medium,Sunny,32.46
0.1325,-0.965926,0.258819,-0.433884,-0.900969,2,0,8,7,0.0,1,257.88,2,car,High,Sunny,1.0
1.5304,-0.965926,0.258819,-0.974928,-0.222521,10,2,11,8,0.2,0,194.09,6,van,Medium,Sunny,10.12
1.6924,-0.707107,-0.707107,-0.974928,-0.222521,3,3,9,5,0.375,1,344.12,3,motorcycle,Jam,Sunny,60.14
0.8118,0.0,-1.0,-0.974928,-0.222521,6,8,11,2,0.8,0,245.37,6,car,Normal,Sunny,11.47
0.5036,-0.5,0.866025,0.0,1.0,3,8,14,5,0.6154,0,346.53,9,car,Normal,Sunny,2.29
0.6193,-0.965926,-0.258819,-0.781831,0.62349,1,0,7,6,0.0,0,102.64,2,car,Jam,Sandstorm,42.69
0.8113,-0.965926,0.258819,0.781831,0.62349,5,3,13,9,0.25,1,209.69,1,car,Normal,Windy,12.61
1.548,-0.866025,-0.5,0.0,1.0,7,6,8,1,0.8571,0,201.11,9,motorcycle,High,Sandstorm,54.43
2.3372,-0.866025,0.5,0.433884,-0.900969,10,2,5,2,0.5,0,188.5,4,car,Low,Sunny,30.85
0.1436,-0.5,-0.866025,0.433884,-0.900969,9,1,3,1,0.5,0,323.07,2,motorcycle,Medium,Sunny,4.12
1.4094,-0.707107,-0.707107,0.0,1.0,10,4,12,7,0.3636,1,189.97,2,van,Normal,Sunny,28.34
1.7569,-0.965926,0.258819,0.781831,0.62349,10,8,10,1,0.8889,1,94.91,4,van,Medium,Foggy,48.03
1.2978,-0.5,-0.866025,0.781831,0.62349,5,8,14,5,0.6154,0,252.71,3,motorcycle,High,Sunny,12.17
0.7523,0.5,-0.866025,0.433884,-0.900969,5,0,6,5,0.0,0,95.35,9,car,Low,Sunny,2.52
4.2581,-1.0,-0.0,-0.974928,-0.222521,8,8,12,3,0.7273,0,30.01,3,van,Normal,Rainy,90.0
3.9637,0.0,-1.0,-0.433884,-0.900969,6,0,3,2,0.0,0,211.91,4,car,Normal,Rainy,71.3
0.7804,0.965926,-0.258819,0.0,1.0,4,3,4,0,1.0,1,49.49,2,motorcycle,Normal,Sunny,12.25
1.0213,0.0,-1.0,0.781831,0.62349,1,6,10,3,0.6667,0,257.12,7,van,Normal,Sandstorm,32.0
2.3008,1.0,0.0,-0.433884,-0.900969,6,1,10,8,0.1111,1,157.75,7,car,Jam,Sunny,63.73
3.7378,-0.866025,0.5,-0.974928,-0.222521,6,0,10,9,0.0,1,311.83,5,motorcycle,Normal,Sunny,34.46
0.5093,-0.5,0.866025,0.0,1.0,12,1,13,11,0.0833,0,145.7,8,car,Medium,Sunny,10.08
0.4091,0.5,-0.866025,0.974928,-0.222521,10,3,13,9,0.25,1,142.63,2,car,Medium,Foggy,5.01
1.434,-0.707107,0.707107,0.0,1.0,4,0,5,4,0.0,1,154.39,5,van,Normal,Sunny,20.64
0.3801,-1.0,-0.0,0.433884,-0.900969,2,3,5,1,0.75,1,256.94,7,car,Normal,Sandstorm,8.89
0.1742,-0.5,0.866025,0.974928,-0.222521,10,1,10,8,0.1111,1,55.87,8,motorcycle,High,Sunny,1.0
0.5069,0.866025,-0.5,0.781831,0.62349,6,6,15,8,0.4286,0,122.87,3,van,Medium,Windy,12.56
1.6426,0.965926,-0.258819,-0.781831,0.62349,1,3,11,7,0.3,0,96.44,1,van,High,Windy,41.26
4.8352,-0.707107,0.707107,-0.974928,-0.222521,10,2,4,1,0.6667,0,139.67,7,car,Medium,Sandstorm,64.54
0.5636,0.5,-0.866025,0.433884,-0.900969,5,0,11,10,0.0,0,328.2,5,car,Medium,Rainy,13.57
0.9821,-0.866025,-0.5,-0.974928,-0.222521,3,2,7,4,0.3333,0,227.28,0,motorcycle,High,Sandstorm,34.45
1.2812,-0.707107,0.707107,0.974928,-0.222521,8,3,4,0,1.0,1,181.18,8,car,High,Windy,31.27
0.5968,0.258819,-0.965926,-0.781831,0.62349,10,2,12,9,0.1818,1,46.44,4,van,Jam,Sunny,26.93
0.5539,0.965926,-0.258819,0.974928,-0.222521,10,5,6,0,1.0,0,207.46,6,car,Normal,Foggy,8.49
1.5193,-0.965926,0.258819,0.974928,-0.222521,4,2,13,10,0.1667,0,287.54,3,car,Jam,Sunny,25.43
0.3543,-0.258819,-0.965926,0.433884,-0.900969,8,7,10,2,0.7778,1,129.94,9,van,High,Sunny,30.53
0.5331,1.0,0.0,-0.433884,-0.900969,6,2,8,5,0.2857,1,325.04,4,van,High,Sunny,8.12
0.9117,0.258819,-0.965926,-0.433884,-0.900969,11,1,5,3,0.25,0,126.53,5,van,Medium,Sunny,12.13
1.5013,-0.707107,-0.707107,-0.974928,-0.222521,3,3,6,2,0.6,0,57.76,5,motorcycle,Jam,Sunny,58.54
0.262,-0.866025,0.5,0.781831,0.62349,10,4,7,2,0.6667,0,297.98,9,car,Medium,Sunny,1.0
0.976,0.707107,-0.707107,-0.433884,-0.900969,5,6,12,5,0.5455,1,203.61,6,car,High,Sunny,29.97
0.3242,-0.5,-0.866025,0.781831,0.62349,8,4,8,3,0.5714,0,186.05,0,car,Medium,Rainy,1.63
0.577,0.707107,-0.707107,0.781831,0.62349,7,0,3,2,0.0,0,333.25,8,van,High,Rainy,23.79
2.3378,0.5,-0.866025,0.433884,-0.900969,5,1,3,1,0.5,0,296.92,0,car,High,Sunny,65.06
1.0303,0.5,-0.866025,0.433884,-0.900969,3,0,6,5,0.0,0,357.39,5,van,Normal,Foggy,18.86
5.3958,-0.5,-0.866025,-0.433884,-0.900969,5,0,9,8,0.0,0,249.0,3,car,Normal,Sunny,57.88
1.0319,-0.965926,-0.258819,0.0,1.0,8,1,7,5,0.1667,0,208.66,4,motorcycle,Normal,Sunny,21.52
2.7721,0.965926,-0.258819,-0.974928,-0.222521,8,13,15,1,0.9286,1,193.98,8,motorcycle,High,Rainy,44.39
2.3515,0.965926,-0.258819,0.433884,-0.900969,8,3,6,2,0.6,1,128.16,1,motorcycle,High,Windy,62.86
1.0914,-1.0,-0.0,-0.433884,-0.900969,8,2,8,5,0.2857,0,65.14,0,car,High,Sandstorm,44.88
0.3167,0.5,-0.866025,-0.974928,-0.222521,1,5,8,2,0.7143,0,297.05,9,motorcycle,High,Sunny,1.0
1.0001,-0.866025,-0.5,-0.433884,-0.900969,5,1,6,4,0.2,0,2.39,2,car,Medium,Sunny,18.39
0.6662,0.965926,-0.258819,0.433884,-0.900969,4,10,14,3,0.7692,0,319.63,4,car,Normal,Sunny,1.0
0.6422,-0.866025,-0.5,0.433884,-0.900969,5,2,6,3,0.4,1,94.49,9,car,Medium,Foggy,26.73
1.2815,-0.707107,0.707107,0.781831,0.62349,5,1,3,1,0.5,0,86.18,7,car,High,Sunny,30.7
0.2788,-0.258819,-0.965926,0.433884,-0.900969,3,2,9,6,0.25,1,2.54,6,van,Medium,Sunny,13.28
0.4818,-0.707107,-0.707107,0.781831,0.62349,12,0,11,10,0.0,1,129.6,0,car,High,Sunny,7.9
0.4225,0.258819,-0.965926,-0.433884,-0.900969,1,7,8,0,1.0,0,31.97,3,car,Jam,Windy,5.41
0.868,0.5,-0.866025,0.974928,-0.222521,8,5,8,2,0.7143,1,66.44,5,van,Normal,Sunny,25.04
0.5327,0.965926,-0.258819,0.781831,0.62349,6,9,14,4,0.6923,1,247.79,0,motorcycle,High,Sandstorm,5.63
0.5671,-0.5,-0.866025,0.433884,-0.900969,9,4,7,2,0.6667,1,149.52,6,van,Medium,Sunny,4.02
1.257,-0.5,0.866025,-0.781831,0.62349,10,9,11,1,0.9,1,3.94,7,van,Medium,Sunny,10.13
0.7237,0.965926,-0.258819,0.433884,-0.900969,8,0,13,12,0.0,0,114.08,3,car,Normal,Sunny,22.85
1.1102,-0.258819,-0.965926,0.974928,-0.222521,10,7,8,0,1.0,0,2.21,9,motorcycle,Normal,Sunny,7.12
0.3829,-0.866025,0.5,0.433884,-0.900969,4,4,10,5,0.4444,1,329.47,9,car,Normal,Windy,11.15
0.5031,-0.5,-0.866025,-0.433884,-0.900969,12,4,8,3,0.5714,1,309.77,7,car,Medium,Sandstorm,13.78
7.6813,-1.0,-0.0,0.781831,0.62349,2,9,10,0,1.0,0,127.18,3,car,Normal,Sunny,90.0
0.5698,0.0,-1.0,0.433884,-0.900969,9,8,10,1,0.8889,1,86.56,1,van,Medium,Sunny,13.69
0.1494,-0.866025,-0.5,0.0,1.0,2,4,14,9,0.3077,0,38.49,6,car,Medium,Sunny,1.0
1.5296,-0.5,0.866025,-0.974928,-0.222521,3,5,6,0,1.0,0,253.87,5,van,Medium,Rainy,37.22
0.5641,-0.866025,-0.5,-0.433884,-0.900969,10,0,5,4,0.0,0,43.36,7,car,High,Foggy,14.1
1.3933,-0.965926,0.258819,0.0,1.0,9,1,8,6,0.1429,0,241.03,4,car,Medium,Sandstorm,28.9
1.0151,-0.965926,-0.258819,0.433884,-0.900969,8,2,10,7,0.2222,0,93.01,1,car,Low,Sunny,8.8
1.8634,0.965926,-0.258819,-0.781831,0.62349,10,1,6,4,0.2,0,262.55,9,car,Jam,Sunny,43.42
1.0054,0.866025,-0.5,-0.781831,0.62349,4,10,15,4,0.7143,0,141.57,9,car,High,Foggy,43.38
0.8912,-0.866025,-0.5,0.0,1.0,8,3,9,5,0.375,0,49.26,7,van,Medium,Sunny,23.47
3.2888,0.258819,-0.965926,0.781831,0.62349,3,11,13,1,0.9167,0,99.86,0,van,High,Windy,76.82
0.1344,-0.5,-0.866025,0.781831,0.62349,6,6,10,3,0.6667,0,248.42,8,car,Normal,Rainy,5.12
0.3137,-0.5,-0.866025,0.974928,-0.222521,5,4,8,3,0.5714,0,246.63,9,van,High,Sandstorm,5.16
0.5047,-0.965926,0.258819,-0.781831,0.62349,8,10,14,3,0.7692,0,215.01,4,car,Normal,Windy,7.18
0.2213,-0.5,0.866025,-0.433884,-0.900969,1,2,5,2,0.5,0,116.37,5,car,Medium,Sunny,9.14
0.7009,-0.5,0.866025,0.781831,0.62349,1,2,6,3,0.4,0,228.69,0,car,Normal,Rainy,9.52
0.6382,0.965926,-0.258819,0.974928,-0.222521,1,1,12,10,0.0909,0,15.2,6,car,High,Sunny,19.11
2.7898,-1.0,-0.0,-0.433884,-0.900969,4,11,14,2,0.8462,0,217.54,7,car,Normal,Rainy,47.36
1.0163,-1.0,-0.0,-0.433884,-0.900969,7,1,6,4,0.2,0,281.26,2,van,Normal,Sunny,34.17
0.9027,-0.866025,0.5,0.433884,-0.900969,2,5,9,3,0.625,0,49.76,6,car,Normal,Sandstorm,10.75
0.7704,-0.258819,-0.965926,0.974928,-0.222521,12,7,9,1,0.875,0,293.93,2,van,High,Rainy,17.17
0.4068,-0.5,-0.866025,-0.781831,0.62349,5,4,12,7,0.3636,1,325.8,1,car,Normal,Sunny,1.0
2.576,-0.258819,-0.965926,0.433884,-0.900969,4,1,9,7,0.125,0,345.25,0,van,Medium,Sunny,57.95
3.4889,0.0,-1.0,-0.974928,-0.222521,11,6,10,3,0.6667,1,10.81,7,van,Normal,Sunny,57.53
0.3494,0.5,-0.866025,-0.781831,0.62349,3,3,11,7,0.3,0,322.43,2,car,High,Sandstorm,6.72
5.1503,-0.866025,-0.5,0.974928,-0.222521,3,11,13,1,0.9167,0,22.84,1,car,Normal,Windy,90.0
0.5842,1.0,0.0,-0.974928,-0.222521,5,1,4,2,0.3333,0,136.59,9,van,Jam,Sunny,35.67
0.5407,-1.0,-0.0,-0.974928,-0.222521,1,3,11,7,0.3,0,197.42,7,motorcycle,Normal,Rainy,1.0
1.7318,-0.866025,0.5,0.781831,0.62349,9,3,5,1,0.75,1,79.82,2,motorcycle,Normal,Rainy,17.04
1.885,0.707107,-0.707107,0.781831,0.62349,10,1,3,1,0.5,0,124.05,7,car,Normal,Rainy,31.04
1.0328,0.707107,-0.707107,0.781831,0.62349,5,9,12,2,0.8182,1,326.91,4,van,Low,Windy,9.6
0.7954,-0.5,-0.866025,-0.433884,-0.900969,11,5,8,2,0.7143,0,63.03,0,car,Medium,Foggy,5.78
3.366,-0.866025,0.5,-0.974928,-0.222521,1,10,12,1,0.9091,1,193.97,2,car,Normal,Rainy,56.34
0.6113,0.965926,-0.258819,-0.974928,-0.222521,7,6,15,8,0.4286,0,297.71,7,van,High,Sunny,15.92
1.0353,-0.258819,-0.965926,0.974928,-0.222521,9,0,4,3,0.0,0,86.8,7,van,Medium,Foggy,28.83
5.524,0.707107,-0.707107,-0.433884,-0.900969,5,1,8,6,0.1429,0,336.63,4,van,Normal,Sunny,90.0
0.3103,-0.866025,0.5,0.0,1.0,12,0,4,3,0.0,0,352.84,9,motorcycle,Medium,Rainy,4.28
0.7148,-0.866025,0.5,-0.433884,-0.900969,6,11,13,1,0.9167,0,95.79,5,car,Normal,Sandstorm,5.29
2.9267,0.965926,-0.258819,0.433884,-0.900969,12,3,15,11,0.2143,0,170.28,0,van,Normal,Windy,62.65
1.825,0.866025,-0.5,-0.974928,-0.222521,8,2,14,11,0.1538,1,4.04,9,car,Normal,Sunny,31.29
2.5839,0.866025,-0.5,-0.781831,0.62349,3,9,15,5,0.6429,1,345.87,0,car,Normal,Sunny,42.57
0.3145,-0.965926,0.258819,0.433884,-0.900969,10,1,7,5,0.1667,0,49.43,9,car,Normal,Sunny,4.37
1.4994,-0.707107,0.707107,-0.433884,-0.900969,1,5,6,0,1.0,0,154.01,0,motorcycle,Jam,Windy,34.35
0.8429,0.0,-1.0,-0.781831,0.62349,3,12,14,1,0.9231,0,242.16,3,car,Medium,Rainy,16.74
9.5716,0.866025,-0.5,0.974928,-0.222521,10,4,11,6,0.4,0,234.2,0,car,Jam,Sunny,90.0
2.3843,-0.965926,-0.258819,0.781831,0.62349,11,4,7,2,0.6667,1,234.92,7,van,Normal,Sunny,58.97
1.082,-0.707107,0.707107,0.433884,-0.900969,5,1,5,3,0.25,0,6.16,3,motorcycle,High,Windy,18.22
1.4501,-0.707107,0.707107,0.974928,-0.222521,8,1,3,1,0.5,0,264.31,5,motorcycle,Normal,Sunny,18.06
1.1637,-0.258819,-0.965926,-0.433884,-0.900969,9,1,3,1,0.5,0,268.56,1,van,Normal,Sunny,23.01
2.147,-0.965926,0.258819,-0.974928,-0.222521,9,4,12,7,0.3636,1,196.33,8,car,High,Sunny,42.22
0.4899,-0.5,0.866025,0.433884,-0.900969,11,2,6,3,0.4,1,263.29,4,van,Low,Windy,12.12
4.0429,-0.866025,0.5,0.974928,-0.222521,2,2,13,10,0.1667,1,0.21,3,motorcycle,Medium,Sunny,19.59
0.314,-0.5,-0.866025,0.433884,-0.900969,3,9,14,4,0.6923,0,59.84,0,motorcycle,High,Rainy,5.8
1.3428,0.5,-0.866025,0.433884,-0.900969,12,0,8,7,0.0,0,26.73,4,motorcycle,Medium,Sunny,15.58
