distance_km,hour_sin,hour_cos,dow_sin,dow_cos,month,stop_index,stops_in_route,stops_remaining,route_progress,is_same_cluster,bearing_deg,cluster_dest_cat,vehicle_type,traffic_level,weather,time_to_next_stop_min
1.6362313955523988,1.2246467991473532e-16,-1.0,0.43388373911755823,-0.900968867902419,2,3,24,20,0.13043478260869565,1,186.41016050752575,35,car,Unknown,Unknown,41.266666666666666
0.43879841049739915,-0.2588190451025208,-0.9659258262890683,0.43388373911755823,-0.900968867902419,2,4,24,19,0.17391304347826086,1,86.07561560912552,35,car,Unknown,Unknown,12.516666666666667
1.0148761171613216,-0.2588190451025208,-0.9659258262890683,0.43388373911755823,-0.900968867902419,2,5,24,18,0.21739130434782608,1,107.31628694594838,35,car,Unknown,Unknown,18.716666666666665
0.27812201403080733,-0.2588190451025208,-0.9659258262890683,0.43388373911755823,-0.900968867902419,2,6,24,17,0.2608695652173913,1,294.64585599695107,35,car,Unknown,Unknown,5.833333333333333
0.49213229974329886,-0.2588190451025208,-0.9659258262890683,0.43388373911755823,-0.900968867902419,2,7,24,16,0.30434782608695654,1,83.5380868795234,35,car,Unknown,Unknown,6.533333333333333
1.348475417040636,-0.2588190451025208,-0.9659258262890683,0.43388373911755823,-0.900968867902419,2,8,24,15,0.34782608695652173,1,354.7888445270036,35,car,Unknown,Unknown,30.4
1.0727205079086772,-0.4999999999999998,-0.8660254037844388,0.43388373911755823,-0.900968867902419,2,9,24,14,0.391304347826087,1,84.41156380440435,35,car,Unknown,Unknown,17.833333333333332
0.32190789485154664,-0.4999999999999998,-0.8660254037844388,0.43388373911755823,-0.900968867902419,2,10,24,13,0.43478260869565216,1,150.91752701543606,35,car,Unknown,Unknown,13.533333333333333
0.669905548330207,-0.4999999999999998,-0.8660254037844388,0.43388373911755823,-0.900968867902419,2,11,24,12,0.4782608695652174,1,224.17533502104425,35,car,Unknown,Unknown,18.183333333333334
0.4077583448642877,-0.7071067811865471,-0.7071067811865479,0.43388373911755823,-0.900968867902419,2,12,24,11,0.5217391304347826,1,0.32472188375277256,35,car,Unknown,Unknown,14.316666666666666
0.20170038336449805,-0.7071067811865471,-0.7071067811865479,0.43388373911755823,-0.900968867902419,2,13,24,10,0.5652173913043478,1,315.24004161875547,35,car,Unknown,Unknown,8.816666666666666
1.0758621966129085,-0.7071067811865471,-0.7071067811865479,0.43388373911755823,-0.900968867902419,2,14,24,9,0.6086956521739131,1,115.35064399625765,35,car,Unknown,Unknown,12.133333333333333
0.28317697869221164,-0.7071067811865471,-0.7071067811865479,0.43388373911755823,-0.900968867902419,2,15,24,8,0.6521739130434783,1,185.71814669358452,35,car,Unknown,Unknown,5.35
3.0409868605992716,-0.7071067811865471,-0.7071067811865479,0.43388373911755823,-0.900968867902419,2,16,24,7,0.6956521739130435,1,269.22013377501264,35,car,Unknown,Unknown,36.6
0.4394865520135364,-0.8660254037844384,-0.5000000000000004,0.43388373911755823,-0.900968867902419,2,17,24,6,0.7391304347826086,1,103.86190835595806,35,car,Unknown,Unknown,9.916666666666666
0.29004085123636447,-0.8660254037844384,-0.5000000000000004,0.43388373911755823,-0.900968867902419,2,18,24,5,0.782608695652174,1,335.10377909806493,35,car,Unknown,Unknown,3.75
1.1580944556862736,-0.8660254037844384,-0.5000000000000004,0.43388373911755823,-0.900968867902419,2,19,24,4,0.8260869565217391,1,352.13451528980727,35,car,Unknown,Unknown,30.016666666666666
2.1456123640654976,-0.9659258262890684,0.2588190451025203,0.43388373911755823,-0.900968867902419,2,21,24,2,0.9130434782608695,1,342.3749484826988,35,car,Unknown,Unknown,19.35
0.7865995687906104,-0.9659258262890684,0.2588190451025203,0.43388373911755823,-0.900968867902419,2,22,24,1,0.9565217391304348,1,188.18530367615725,35,car,Unknown,Unknown,10.666666666666666
0.37725227695756003,-0.2588190451025208,-0.9659258262890683,0.7818314824680298,0.6234898018587336,3,0,37,36,0.0,1,76.20383305426105,35,car,Unknown,Unknown,7.266666666666667
1.4103225862823983,-0.2588190451025208,-0.9659258262890683,0.7818314824680298,0.6234898018587336,3,1,37,35,0.027777777777777776,1,115.0754149579617,35,car,Unknown,Unknown,54.46666666666667
0.2795021705268508,-0.4999999999999998,-0.8660254037844388,0.7818314824680298,0.6234898018587336,3,2,37,34,0.05555555555555555,1,94.67726239371785,35,car,Unknown,Unknown,7.15
0.5048270225776906,-0.4999999999999998,-0.8660254037844388,0.7818314824680298,0.6234898018587336,3,3,37,33,0.08333333333333333,1,251.78804369671278,35,car,Unknown,Unknown,30.766666666666666
0.13462125789096938,-0.7071067811865471,-0.7071067811865479,0.7818314824680298,0.6234898018587336,3,4,37,32,0.1111111111111111,1,222.4725934952673,35,car,Unknown,Unknown,7.083333333333333
0.24225311086542192,-0.7071067811865471,-0.7071067811865479,0.7818314824680298,0.6234898018587336,3,5,37,31,0.1388888888888889,1,232.24376930440783,35,car,Unknown,Unknown,12.8
0.0808872955443833,-0.7071067811865471,-0.7071067811865479,0.7818314824680298,0.6234898018587336,3,7,37,29,0.19444444444444445,1,161.5382873745466,35,car,Unknown,Unknown,2.2333333333333334
0.49237073216773797,-0.7071067811865471,-0.7071067811865479,0.7818314824680298,0.6234898018587336,3,8,37,28,0.2222222222222222,1,261.0627163293678,35,car,Unknown,Unknown,18.916666666666668
0.271228752001142,-0.8660254037844384,-0.5000000000000004,0.7818314824680298,0.6234898018587336,3,9,37,27,0.25,1,4.09214880366801,35,car,Unknown,Unknown,14.566666666666666
1.0505413222656839,-0.8660254037844384,-0.5000000000000004,0.7818314824680298,0.6234898018587336,3,10,37,26,0.2777777777777778,1,321.49310334903646,35,car,Unknown,Unknown,22.95
2.0092790760356696,-0.8660254037844384,-0.5000000000000004,0.7818314824680298,0.6234898018587336,3,11,37,25,0.3055555555555556,1,152.82782258683903,35,car,Unknown,Unknown,46.61666666666667
1.7861012953167628,-0.9659258262890683,-0.25881904510252063,0.7818314824680298,0.6234898018587336,3,12,37,24,0.3333333333333333,1,13.282994837665456,35,car,Unknown,Unknown,15.866666666666667
1.2238375593774287,-0.9659258262890683,-0.25881904510252063,0.7818314824680298,0.6234898018587336,3,13,37,23,0.3611111111111111,1,176.79290290342635,35,car,Unknown,Unknown,6.533333333333333
0.28715030999803076,-0.9659258262890684,0.2588190451025203,0.7818314824680298,0.6234898018587336,3,15,37,21,0.4166666666666667,1,346.3064460220711,35,car,Unknown,Unknown,5.2
0.48999201269600884,-0.9659258262890684,0.2588190451025203,0.7818314824680298,0.6234898018587336,3,16,37,20,0.4444444444444444,1,167.13548946792866,35,car,Unknown,Unknown,9.233333333333333
0.9899093982084322,-0.9659258262890684,0.2588190451025203,0.7818314824680298,0.6234898018587336,3,17,37,19,0.4722222222222222,1,153.32448008850133,35,car,Unknown,Unknown,6.05
0.48654307427380716,-0.9659258262890684,0.2588190451025203,0.7818314824680298,0.6234898018587336,3,18,37,18,0.5,1,52.22929092562441,35,car,Unknown,Unknown,8.75
0.9185350134510345,-0.9659258262890684,0.2588190451025203,0.7818314824680298,0.6234898018587336,3,19,37,17,0.5277777777777778,1,113.21901370573858,35,car,Unknown,Unknown,23.316666666666666
0.7923963856354657,-0.8660254037844386,0.5000000000000001,0.7818314824680298,0.6234898018587336,3,20,37,16,0.5555555555555556,1,278.1825317135779,35,car,Unknown,Unknown,11.083333333333334
1.1081485888680211,-0.8660254037844386,0.5000000000000001,0.7818314824680298,0.6234898018587336,3,21,37,15,0.5833333333333334,1,54.54129385139913,35,car,Unknown,Unknown,56.95
0.36399737606407717,-0.7071067811865477,0.7071067811865474,0.7818314824680298,0.6234898018587336,3,22,37,14,0.6111111111111112,1,326.63613617534065,35,car,Unknown,Unknown,18.716666666666665
0.6142391408126183,-0.7071067811865477,0.7071067811865474,0.7818314824680298,0.6234898018587336,3,23,37,13,0.6388888888888888,1,47.68074481632567,35,car,Unknown,Unknown,4.883333333333334
0.538328486062565,-0.7071067811865477,0.7071067811865474,0.7818314824680298,0.6234898018587336,3,24,37,12,0.6666666666666666,1,132.71222109068378,35,car,Unknown,Unknown,14.4
0.949777023127339,-0.5000000000000004,0.8660254037844384,0.7818314824680298,0.6234898018587336,3,25,37,11,0.6944444444444444,1,178.59987464375013,35,car,Unknown,Unknown,16.966666666666665
0.17333581765956257,-0.5000000000000004,0.8660254037844384,0.7818314824680298,0.6234898018587336,3,26,37,10,0.7222222222222222,1,201.0317837328437,35,car,Unknown,Unknown,7.733333333333333
0.2787068792928959,-0.5000000000000004,0.8660254037844384,0.7818314824680298,0.6234898018587336,3,28,37,8,0.7777777777777778,1,149.29090333270256,35,car,Unknown,Unknown,4.85
0.3874775327797714,-0.5000000000000004,0.8660254037844384,0.7818314824680298,0.6234898018587336,3,29,37,7,0.8055555555555556,1,63.40447518842808,35,car,Unknown,Unknown,7.033333333333333
0.19446482240984203,-0.5000000000000004,0.8660254037844384,0.7818314824680298,0.6234898018587336,3,30,37,6,0.8333333333333334,1,321.35973305841657,35,car,Unknown,Unknown,4.616666666666666
0.17132791645104165,-0.5000000000000004,0.8660254037844384,0.7818314824680298,0.6234898018587336,3,31,37,5,0.8611111111111112,1,26.324668309884657,35,car,Unknown,Unknown,14.3
0.2844408309990162,-0.25881904510252157,0.9659258262890681,0.7818314824680298,0.6234898018587336,3,32,37,4,0.8888888888888888,1,7.860805410645526,35,car,Unknown,Unknown,11.4
0.2334346586524079,-0.25881904510252157,0.9659258262890681,0.7818314824680298,0.6234898018587336,3,33,37,3,0.9166666666666666,1,330.6023086842937,35,car,Unknown,Unknown,6.633333333333334
0.2610597192722895,-0.25881904510252157,0.9659258262890681,0.7818314824680298,0.6234898018587336,3,34,37,2,0.9444444444444444,1,326.68790646831883,35,car,Unknown,Unknown,16.35
0.32161698086131674,-0.25881904510252157,0.9659258262890681,0.7818314824680298,0.6234898018587336,3,35,37,1,0.9722222222222222,1,16.094750264425215,35,car,Unknown,Unknown,3.95
6.6096744291579315,-0.2588190451025208,-0.9659258262890683,0.43388373911755823,-0.900968867902419,1,0,9,8,0.0,0,76.04923286603724,-1,car,Unknown,Unknown,46.25
1.34614217865255,-0.4999999999999998,-0.8660254037844388,0.43388373911755823,-0.900968867902419,1,1,9,7,0.125,0,171.08760109354557,-1,car,Unknown,Unknown,8.833333333333334
1.5326209443900514,-0.4999999999999998,-0.8660254037844388,0.43388373911755823,-0.900968867902419,1,2,9,6,0.25,0,242.32234226889915,-1,car,Unknown,Unknown,16.333333333333332
0.8212723073784207,-0.4999999999999998,-0.8660254037844388,0.43388373911755823,-0.900968867902419,1,3,9,5,0.375,0,119.79287430118404,-1,car,Unknown,Unknown,50.666666666666664
2.6104794767374466,-0.7071067811865471,-0.7071067811865479,0.43388373911755823,-0.900968867902419,1,4,9,4,0.5,0,101.93083507979645,-1,car,Unknown,Unknown,28.65
1.4453918403127148,-0.8660254037844384,-0.5000000000000004,0.43388373911755823,-0.900968867902419,1,5,9,3,0.625,0,320.86317562760877,22,car,Unknown,Unknown,9.7
1.2574130897888331,-0.8660254037844384,-0.5000000000000004,0.43388373911755823,-0.900968867902419,1,6,9,2,0.75,0,244.555150590078,-1,car,Unknown,Unknown,5.916666666666667
4.217106347891774,-0.8660254037844384,-0.5000000000000004,0.43388373911755823,-0.900968867902419,1,7,9,1,0.875,0,40.47812738958095,-1,car,Unknown,Unknown,44.7
5.867387348585777,0.258819045102521,-0.9659258262890682,0.43388373911755823,-0.900968867902419,4,0,8,7,0.0,0,196.7764811303007,-1,car,Unknown,Unknown,81.41666666666667
1.7476701418597669,-0.2588190451025208,-0.9659258262890683,0.43388373911755823,-0.900968867902419,4,1,8,6,0.14285714285714285,0,146.7205527094602,-1,car,Unknown,Unknown,6.966666666666667
0.476905915260716,-0.2588190451025208,-0.9659258262890683,0.43388373911755823,-0.900968867902419,4,2,8,5,0.2857142857142857,0,61.52163162101016,-1,car,Unknown,Unknown,16.433333333333334
1.569977397475468,-0.2588190451025208,-0.9659258262890683,0.43388373911755823,-0.900968867902419,4,3,8,4,0.42857142857142855,0,311.76565821470706,-1,car,Unknown,Unknown,22.483333333333334
3.659650900846102,-0.2588190451025208,-0.9659258262890683,0.43388373911755823,-0.900968867902419,4,4,8,3,0.5714285714285714,0,216.3900543128404,30,car,Unknown,Unknown,81.5
0.6248683838641625,-0.7071067811865471,-0.7071067811865479,0.43388373911755823,-0.900968867902419,4,5,8,2,0.7142857142857143,1,288.23170172847165,30,car,Unknown,Unknown,36.11666666666667
0.13149413377633648,-0.7071067811865471,-0.7071067811865479,0.43388373911755823,-0.900968867902419,4,6,8,1,0.8571428571428571,1,271.0663208230374,30,car,Unknown,Unknown,8.0
2.3963583756781426,-0.2588190451025208,-0.9659258262890683,-0.7818314824680299,0.6234898018587334,10,0,7,6,0.0,1,272.6261757556544,0,car,Unknown,Unknown,19.466666666666665
0.5477966141730122,-0.2588190451025208,-0.9659258262890683,-0.7818314824680299,0.6234898018587334,10,1,7,5,0.16666666666666666,1,219.69022793233214,0,car,Unknown,Unknown,11.016666666666667
2.4078653172995095,-0.9659258262890683,-0.25881904510252063,-0.7818314824680299,0.6234898018587334,10,4,7,2,0.6666666666666666,1,44.35952779122505,0,car,Unknown,Unknown,24.6
0.5818160084694696,-0.8660254037844384,-0.5000000000000004,0.9749279121818236,-0.22252093395631434,10,0,21,20,0.0,1,15.130499695575054,0,car,Unknown,Unknown,30.75
0.7917373528391577,-0.8660254037844384,-0.5000000000000004,0.9749279121818236,-0.22252093395631434,10,1,21,19,0.05,1,54.19878272511619,0,car,Unknown,Unknown,7.65
1.7050712008503213,-0.8660254037844384,-0.5000000000000004,0.9749279121818236,-0.22252093395631434,10,2,21,18,0.1,1,68.44328715155342,0,car,Unknown,Unknown,30.45
0.43393662120924564,-0.9659258262890683,-0.25881904510252063,0.9749279121818236,-0.22252093395631434,10,3,21,17,0.15,1,183.30382893689088,0,car,Unknown,Unknown,69.85
1.9751281257873707,-1.0,-1.8369701987210297e-16,0.9749279121818236,-0.22252093395631434,10,4,21,16,0.2,1,28.22731151413899,0,car,Unknown,Unknown,67.25
0.21357565731315556,-0.9659258262890684,0.2588190451025203,0.9749279121818236,-0.22252093395631434,10,5,21,15,0.25,1,195.14751026284316,0,car,Unknown,Unknown,12.133333333333333
0.46296657626594634,-0.9659258262890684,0.2588190451025203,0.9749279121818236,-0.22252093395631434,10,6,21,14,0.3,1,227.49830495508326,0,car,Unknown,Unknown,1.0
1.5517879526970038,-0.9659258262890684,0.2588190451025203,0.9749279121818236,-0.22252093395631434,10,7,21,13,0.35,1,44.97420997076989,0,car,Unknown,Unknown,13.2
0.8639863375148931,-0.8660254037844386,0.5000000000000001,0.9749279121818236,-0.22252093395631434,10,8,21,12,0.4,1,35.09910926586906,0,car,Unknown,Unknown,19.4
1.0588278516713028,-0.8660254037844386,0.5000000000000001,0.9749279121818236,-0.22252093395631434,10,9,21,11,0.45,1,192.68148939244546,0,car,Unknown,Unknown,28.933333333333334
0.36069996381145003,-0.8660254037844386,0.5000000000000001,0.9749279121818236,-0.22252093395631434,10,10,21,10,0.5,1,140.38741830759875,0,car,Unknown,Unknown,26.8
0.353061026847285,-0.7071067811865477,0.7071067811865474,0.9749279121818236,-0.22252093395631434,10,11,21,9,0.55,1,124.29304381790769,0,car,Unknown,Unknown,8.4
0.18847474049918805,-0.7071067811865477,0.7071067811865474,0.9749279121818236,-0.22252093395631434,10,14,21,6,0.7,1,195.4174370133956,0,car,Unknown,Unknown,4.55
0.5711088095004538,-0.7071067811865477,0.7071067811865474,0.9749279121818236,-0.22252093395631434,10,17,21,3,0.85,1,170.5903155192418,0,car,Unknown,Unknown,7.666666666666667
0.24058806734449004,-0.7071067811865477,0.7071067811865474,0.9749279121818236,-0.22252093395631434,10,18,21,2,0.9,1,133.0497657984855,0,car,Unknown,Unknown,3.0833333333333335
0.8798367956630918,-0.7071067811865477,0.7071067811865474,0.9749279121818236,-0.22252093395631434,10,19,21,1,0.95,1,121.03790347854692,0,car,Unknown,Unknown,6.866666666666666
0.40421420418554715,-0.9659258262890683,-0.25881904510252063,0.0,1.0,10,1,15,13,0.07142857142857142,1,51.87990268863143,0,car,Unknown,Unknown,27.9
0.7389936475658085,-0.9659258262890683,-0.25881904510252063,0.0,1.0,10,2,15,12,0.14285714285714285,1,97.74617948776427,0,car,Unknown,Unknown,12.85
1.3247294356462918,-0.9659258262890683,-0.25881904510252063,0.0,1.0,10,3,15,11,0.21428571428571427,1,45.384968266627936,0,car,Unknown,Unknown,9.183333333333334
0.9651064129002009,-0.9659258262890683,-0.25881904510252063,0.0,1.0,10,4,15,10,0.2857142857142857,1,187.99766492099678,0,car,Unknown,Unknown,48.18333333333333
1.9039745160142962,-1.0,-1.8369701987210297e-16,0.0,1.0,10,5,15,9,0.35714285714285715,0,108.95031045940829,-1,car,Unknown,Unknown,7.25
2.7117877104463437,-1.0,-1.8369701987210297e-16,0.0,1.0,10,6,15,8,0.42857142857142855,0,354.8443241270027,0,car,Unknown,Unknown,80.85
0.8064150851319186,-0.8660254037844386,0.5000000000000001,0.0,1.0,10,7,15,7,0.5,1,352.732591254089,0,car,Unknown,Unknown,19.4
0.477004791918211,-0.8660254037844386,0.5000000000000001,0.0,1.0,10,8,15,6,0.5714285714285714,1,85.66714955089543,0,car,Unknown,Unknown,9.0
1.2834046781969553,-0.8660254037844386,0.5000000000000001,0.0,1.0,10,9,15,5,0.6428571428571429,1,58.8030080511835,0,car,Unknown,Unknown,25.616666666666667
1.2521136494850127,-0.7071067811865477,0.7071067811865474,0.0,1.0,10,10,15,4,0.7142857142857143,1,152.9849528063853,0,car,Unknown,Unknown,29.633333333333333
0.9988373834468791,-0.7071067811865477,0.7071067811865474,0.0,1.0,10,11,15,3,0.7857142857142857,1,283.3519321826007,0,car,Unknown,Unknown,10.5
1.9201701675947818,-0.7071067811865477,0.7071067811865474,0.0,1.0,10,12,15,2,0.8571428571428571,1,147.3485959646382,0,car,Unknown,Unknown,4.816666666666666
1.6946200950759167,-0.7071067811865477,0.7071067811865474,0.0,1.0,10,13,15,1,0.9285714285714286,0,105.49658102645162,-1,car,Unknown,Unknown,6.3
1.4178093754238212,-0.9659258262890683,-0.25881904510252063,-0.433883739117558,-0.9009688679024191,12,2,4,1,0.6666666666666666,0,300.87194322514625,-1,car,Unknown,Unknown,49.06666666666667
22.98859086551934,-0.4999999999999998,-0.8660254037844388,-0.7818314824680299,0.6234898018587334,9,1,7,5,0.16666666666666666,0,37.75635841679315,-1,car,Unknown,Unknown,82.11666666666666
3.9523046300191207,-0.8660254037844384,-0.5000000000000004,-0.7818314824680299,0.6234898018587334,9,2,7,4,0.3333333333333333,0,45.96540642536405,-1,car,Unknown,Unknown,2.8333333333333335
3.345324883948202,-0.8660254037844384,-0.5000000000000004,-0.7818314824680299,0.6234898018587334,9,3,7,3,0.5,0,180.22381552329978,-1,car,Unknown,Unknown,52.25
7.306051230117758,-0.2588190451025208,-0.9659258262890683,-0.9749279121818236,-0.2225209339563146,4,0,10,9,0.0,1,46.64191411536075,0,car,Unknown,Unknown,16.05
0.2991987922641383,-0.2588190451025208,-0.9659258262890683,-0.9749279121818236,-0.2225209339563146,4,1,10,8,0.1111111111111111,1,140.29050948465317,0,car,Unknown,Unknown,13.366666666666667
1.5835514465971428,-0.2588190451025208,-0.9659258262890683,-0.9749279121818236,-0.2225209339563146,4,3,10,6,0.3333333333333333,1,88.19297336895818,0,car,Unknown,Unknown,27.65
0.6620484519781666,-0.4999999999999998,-0.8660254037844388,-0.9749279121818236,-0.2225209339563146,4,4,10,5,0.4444444444444444,1,263.21120142183065,0,car,Unknown,Unknown,21.416666666666668
0.4256799675202427,-0.4999999999999998,-0.8660254037844388,-0.9749279121818236,-0.2225209339563146,4,7,10,2,0.7777777777777778,1,184.76523045846412,0,car,Unknown,Unknown,4.716666666666667
0.7889816585383405,0.258819045102521,-0.9659258262890682,-0.7818314824680299,0.6234898018587334,4,1,12,10,0.09090909090909091,1,42.34699427857896,0,car,Unknown,Unknown,9.0
0.7653311587946678,0.258819045102521,-0.9659258262890682,-0.7818314824680299,0.6234898018587334,4,2,12,9,0.18181818181818182,1,282.21478391922005,0,car,Unknown,Unknown,11.066666666666666
0.6321043906305565,1.2246467991473532e-16,-1.0,-0.7818314824680299,0.6234898018587334,4,3,12,8,0.2727272727272727,1,319.4756323271672,0,car,Unknown,Unknown,6.783333333333333
0.704279494472496,1.2246467991473532e-16,-1.0,-0.7818314824680299,0.6234898018587334,4,4,12,7,0.36363636363636365,1,169.36750056686503,0,car,Unknown,Unknown,81.25
1.1966352130323503,-0.2588190451025208,-0.9659258262890683,-0.7818314824680299,0.6234898018587334,4,5,12,6,0.45454545454545453,1,69.60939316912692,0,car,Unknown,Unknown,12.666666666666666
0.5927879155455017,-0.2588190451025208,-0.9659258262890683,-0.7818314824680299,0.6234898018587334,4,6,12,5,0.5454545454545454,1,229.03676341786976,0,car,Unknown,Unknown,3.7
0.7186737012080173,-0.2588190451025208,-0.9659258262890683,-0.7818314824680299,0.6234898018587334,4,8,12,3,0.7272727272727273,1,305.89245461508773,0,car,Unknown,Unknown,8.35
1.1850421229025272,-0.4999999999999998,-0.8660254037844388,-0.7818314824680299,0.6234898018587334,4,9,12,2,0.8181818181818182,1,300.4590662045429,0,car,Unknown,Unknown,9.8
0.40857535781477344,1.2246467991473532e-16,-1.0,0.0,1.0,4,1,4,2,0.3333333333333333,1,326.44315457940684,0,car,Unknown,Unknown,8.883333333333333
8.244799032763874,1.2246467991473532e-16,-1.0,0.0,1.0,4,2,4,1,0.6666666666666666,1,232.0448010594779,0,car,Unknown,Unknown,31.883333333333333
0.30830009633610883,1.2246467991473532e-16,-1.0,0.7818314824680298,0.6234898018587336,4,1,8,6,0.14285714285714285,1,142.51106789988535,0,car,Unknown,Unknown,5.516666666666667
1.5444369074933169,1.2246467991473532e-16,-1.0,0.7818314824680298,0.6234898018587336,4,2,8,5,0.2857142857142857,1,140.78717782315033,0,car,Unknown,Unknown,18.7
0.21828441828130077,-0.2588190451025208,-0.9659258262890683,0.7818314824680298,0.6234898018587336,4,3,8,4,0.42857142857142855,1,317.44282007676486,0,car,Unknown,Unknown,14.8
1.1119989191996955,-0.2588190451025208,-0.9659258262890683,0.7818314824680298,0.6234898018587336,4,4,8,3,0.5714285714285714,1,278.03313046492457,0,car,Unknown,Unknown,9.916666666666666
7.488350388537454,-0.2588190451025208,-0.9659258262890683,0.7818314824680298,0.6234898018587336,4,5,8,2,0.7142857142857143,1,235.7254188689033,0,car,Unknown,Unknown,39.43333333333333
1.656729837993858,0.258819045102521,-0.9659258262890682,0.9749279121818236,-0.22252093395631434,4,1,14,12,0.07692307692307693,1,241.1504322661271,0,car,Unknown,Unknown,22.45
7.114924653065354,0.258819045102521,-0.9659258262890682,0.9749279121818236,-0.22252093395631434,4,2,14,11,0.15384615384615385,1,47.90003054909954,0,car,Unknown,Unknown,52.36666666666667
0.5048924360442999,1.2246467991473532e-16,-1.0,0.9749279121818236,-0.22252093395631434,4,4,14,9,0.3076923076923077,1,80.51676016229692,0,car,Unknown,Unknown,12.133333333333333
0.7044094905780641,1.2246467991473532e-16,-1.0,0.9749279121818236,-0.22252093395631434,4,6,14,7,0.46153846153846156,1,42.251569714287086,0,car,Unknown,Unknown,8.216666666666667
1.4952771474917008,1.2246467991473532e-16,-1.0,0.9749279121818236,-0.22252093395631434,4,8,14,5,0.6153846153846154,1,110.60829724163489,0,car,Unknown,Unknown,19.9
0.21616030482720347,-0.2588190451025208,-0.9659258262890683,0.9749279121818236,-0.22252093395631434,4,9,14,4,0.6923076923076923,1,226.26205388785667,0,car,Unknown,Unknown,11.35
0.8699181334303976,-0.2588190451025208,-0.9659258262890683,0.9749279121818236,-0.22252093395631434,4,10,14,3,0.7692307692307693,1,180.55099987340247,0,car,Unknown,Unknown,4.833333333333333
0.4500893713863223,-0.2588190451025208,-0.9659258262890683,0.9749279121818236,-0.22252093395631434,4,11,14,2,0.8461538461538461,1,170.65208201657572,0,car,Unknown,Unknown,13.3
1.615703000339235,0.258819045102521,-0.9659258262890682,0.43388373911755823,-0.900968867902419,4,0,16,15,0.0,1,241.58591302764893,0,car,Unknown,Unknown,33.733333333333334
7.120913532198889,0.258819045102521,-0.9659258262890682,0.43388373911755823,-0.900968867902419,4,1,16,14,0.06666666666666667,1,47.92544293649058,0,car,Unknown,Unknown,53.88333333333333
0.8975397914038128,1.2246467991473532e-16,-1.0,0.43388373911755823,-0.900968867902419,4,2,16,13,0.13333333333333333,1,36.74302813437794,0,car,Unknown,Unknown,19.1
0.784458512122279,-0.2588190451025208,-0.9659258262890683,0.43388373911755823,-0.900968867902419,4,3,16,12,0.2,1,145.46941050688156,0,car,Unknown,Unknown,4.733333333333333
0.3743868206018643,-0.2588190451025208,-0.9659258262890683,0.43388373911755823,-0.900968867902419,4,5,16,10,0.3333333333333333,1,314.98178092770496,0,car,Unknown,Unknown,3.033333333333333
0.6629499935241308,-0.2588190451025208,-0.9659258262890683,0.43388373911755823,-0.900968867902419,4,6,16,9,0.4,1,147.72610255921256,0,car,Unknown,Unknown,17.983333333333334
0.5976222920288058,-0.2588190451025208,-0.9659258262890683,0.43388373911755823,-0.900968867902419,4,7,16,8,0.4666666666666667,1,94.44830796587064,0,car,Unknown,Unknown,5.45
1.311161092690361,-0.2588190451025208,-0.9659258262890683,0.43388373911755823,-0.900968867902419,4,8,16,7,0.5333333333333333,1,148.78806680490425,0,car,Unknown,Unknown,39.15
1.6434676490911564,-0.8660254037844384,-0.5000000000000004,0.43388373911755823,-0.900968867902419,4,10,16,5,0.6666666666666666,1,55.94906573839722,0,car,Unknown,Unknown,7.3
0.14347290429192966,-0.8660254037844384,-0.5000000000000004,0.43388373911755823,-0.900968867902419,4,11,16,4,0.7333333333333333,1,188.22842399002454,0,car,Unknown,Unknown,2.2
0.33272057470869765,-0.8660254037844384,-0.5000000000000004,0.43388373911755823,-0.900968867902419,4,12,16,3,0.8,1,282.27275573348845,0,car,Unknown,Unknown,2.1333333333333333
0.4502566597223186,-0.8660254037844384,-0.5000000000000004,0.43388373911755823,-0.900968867902419,4,13,16,2,0.8666666666666667,1,62.78150585072433,0,car,Unknown,Unknown,3.8
0.05726927479242614,-0.8660254037844384,-0.5000000000000004,0.43388373911755823,-0.900968867902419,4,14,16,1,0.9333333333333333,1,34.58894037850763,0,car,Unknown,Unknown,1.05
0.2948728184325573,0.258819045102521,-0.9659258262890682,0.7818314824680298,0.6234898018587336,4,0,25,24,0.0,1,7.690811623110903,0,car,Unknown,Unknown,13.5
3.0210148647522943,1.2246467991473532e-16,-1.0,0.7818314824680298,0.6234898018587336,4,2,25,22,0.08333333333333333,1,35.58738513318605,0,car,Unknown,Unknown,26.8
0.0920897693294305,-0.2588190451025208,-0.9659258262890683,0.7818314824680298,0.6234898018587336,4,4,25,20,0.16666666666666666,1,17.23392964223632,0,car,Unknown,Unknown,6.366666666666666
0.16239578626723888,-0.2588190451025208,-0.9659258262890683,0.7818314824680298,0.6234898018587336,4,5,25,19,0.20833333333333334,1,205.15076262536627,0,car,Unknown,Unknown,10.333333333333334
0.15388585263532317,-0.2588190451025208,-0.9659258262890683,0.7818314824680298,0.6234898018587336,4,8,25,16,0.3333333333333333,1,260.3918505429511,0,car,Unknown,Unknown,7.65
0.2098759910362406,-0.2588190451025208,-0.9659258262890683,0.7818314824680298,0.6234898018587336,4,10,25,14,0.4166666666666667,1,95.07552297392886,0,car,Unknown,Unknown,11.683333333333334
0.462031982350686,-0.4999999999999998,-0.8660254037844388,0.7818314824680298,0.6234898018587336,4,11,25,13,0.4583333333333333,1,79.13696326054492,0,car,Unknown,Unknown,4.1
1.5729880487487384,-0.4999999999999998,-0.8660254037844388,0.7818314824680298,0.6234898018587336,4,12,25,12,0.5,1,40.55873134960751,0,car,Unknown,Unknown,23.016666666666666
0.33183750432060183,-0.4999999999999998,-0.8660254037844388,0.7818314824680298,0.6234898018587336,4,13,25,11,0.5416666666666666,1,163.95244072365278,0,car,Unknown,Unknown,9.7
0.45632437488500466,-0.4999999999999998,-0.8660254037844388,0.7818314824680298,0.6234898018587336,4,14,25,10,0.5833333333333334,1,30.881605731187392,0,car,Unknown,Unknown,2.966666666666667
0.25493901871863134,-0.4999999999999998,-0.8660254037844388,0.7818314824680298,0.6234898018587336,4,15,25,9,0.625,1,137.67101281396822,0,car,Unknown,Unknown,6.183333333333334
0.46327237260272985,-0.4999999999999998,-0.8660254037844388,0.7818314824680298,0.6234898018587336,4,16,25,8,0.6666666666666666,1,62.37147499242491,0,car,Unknown,Unknown,17.516666666666666
0.22388368556118957,-0.7071067811865471,-0.7071067811865479,0.7818314824680298,0.6234898018587336,4,17,25,7,0.7083333333333334,1,215.5085943238147,0,car,Unknown,Unknown,10.65
0.5218860003562037,-0.7071067811865471,-0.7071067811865479,0.7818314824680298,0.6234898018587336,4,18,25,6,0.75,1,50.83649628608299,0,car,Unknown,Unknown,2.4
2.5615817144744994,-0.7071067811865471,-0.7071067811865479,0.7818314824680298,0.6234898018587336,4,22,25,2,0.9166666666666666,1,241.5916919948884,0,car,Unknown,Unknown,19.533333333333335
5.866839756370044,-0.7071067811865471,-0.7071067811865479,0.7818314824680298,0.6234898018587336,4,23,25,1,0.9583333333333334,1,229.260331526843,0,car,Unknown,Unknown,42.75
0.26622653178676137,0.258819045102521,-0.9659258262890682,0.9749279121818236,-0.22252093395631434,4,0,13,12,0.0,1,356.21128554849446,0,car,Unknown,Unknown,22.9
1.744526001637658,0.258819045102521,-0.9659258262890682,0.9749279121818236,-0.22252093395631434,4,1,13,11,0.08333333333333333,1,233.79909713545123,0,car,Unknown,Unknown,44.68333333333333
4.2496844717857885,1.2246467991473532e-16,-1.0,0.9749279121818236,-0.22252093395631434,4,2,13,10,0.16666666666666666,1,44.05657825641839,0,car,Unknown,Unknown,22.45
3.346979006975223,1.2246467991473532e-16,-1.0,0.9749279121818236,-0.22252093395631434,4,3,13,9,0.25,1,57.64061576126602,0,car,Unknown,Unknown,18.116666666666667
0.3706927534316098,1.2246467991473532e-16,-1.0,0.9749279121818236,-0.22252093395631434,4,4,13,8,0.3333333333333333,1,29.30774949164993,0,car,Unknown,Unknown,5.933333333333334
0.8769419233892014,1.2246467991473532e-16,-1.0,0.9749279121818236,-0.22252093395631434,4,5,13,7,0.4166666666666667,1,77.17716570923722,0,car,Unknown,Unknown,16.8
0.43666093595623,-0.2588190451025208,-0.9659258262890683,0.9749279121818236,-0.22252093395631434,4,6,13,6,0.5,1,232.16173894159238,0,car,Unknown,Unknown,7.166666666666667
0.5635925534901173,-0.2588190451025208,-0.9659258262890683,0.9749279121818236,-0.22252093395631434,4,7,13,5,0.5833333333333334,1,61.99251057181954,0,car,Unknown,Unknown,10.266666666666667
0.13040600248749304,-0.2588190451025208,-0.9659258262890683,0.9749279121818236,-0.22252093395631434,4,8,13,4,0.6666666666666666,1,135.5361282930844,0,car,Unknown,Unknown,16.55
0.9481879892039073,-0.2588190451025208,-0.9659258262890683,0.9749279121818236,-0.22252093395631434,4,9,13,3,0.75,1,191.36737428136666,0,car,Unknown,Unknown,12.416666666666666
0.20363649466572264,-0.2588190451025208,-0.9659258262890683,0.9749279121818236,-0.22252093395631434,4,10,13,2,0.8333333333333334,1,16.711305925617012,0,car,Unknown,Unknown,5.966666666666667
0.8497024029222778,-0.4999999999999998,-0.8660254037844388,0.9749279121818236,-0.22252093395631434,4,11,13,1,0.9166666666666666,1,243.78362991246175,0,car,Unknown,Unknown,6.633333333333334
0.13943869511601764,0.258819045102521,-0.9659258262890682,0.43388373911755823,-0.900968867902419,4,0,13,12,0.0,1,301.2213162947587,0,car,Unknown,Unknown,3.6166666666666667
1.6319676414268849,0.258819045102521,-0.9659258262890682,0.43388373911755823,-0.900968867902419,4,1,13,11,0.08333333333333333,1,236.93140641707885,0,car,Unknown,Unknown,41.65
4.306766864088483,1.2246467991473532e-16,-1.0,0.43388373911755823,-0.900968867902419,4,2,13,10,0.16666666666666666,1,44.81034496089018,0,car,Unknown,Unknown,23.1
3.4537624588349907,1.2246467991473532e-16,-1.0,0.43388373911755823,-0.900968867902419,4,4,13,8,0.3333333333333333,1,70.24081746294252,0,car,Unknown,Unknown,19.55
0.47364463510666277,1.2246467991473532e-16,-1.0,0.43388373911755823,-0.900968867902419,4,5,13,7,0.4166666666666667,1,77.26363689894504,0,car,Unknown,Unknown,7.333333333333333
0.327487559203972,1.2246467991473532e-16,-1.0,0.43388373911755823,-0.900968867902419,4,6,13,6,0.5,1,45.77947135890503,0,car,Unknown,Unknown,2.9
0.7302629336354008,-0.2588190451025208,-0.9659258262890683,0.43388373911755823,-0.900968867902419,4,8,13,4,0.6666666666666666,1,320.4111505370371,0,car,Unknown,Unknown,15.533333333333333
0.3749846955870394,-0.2588190451025208,-0.9659258262890683,0.43388373911755823,-0.900968867902419,4,10,13,2,0.8333333333333334,1,310.54222432521806,0,car,Unknown,Unknown,7.883333333333334
0.08672216262467303,-0.2588190451025208,-0.9659258262890683,0.43388373911755823,-0.900968867902419,4,11,13,1,0.9166666666666666,1,97.29242508295494,0,car,Unknown,Unknown,7.016666666666667
1.6658136283999072,0.258819045102521,-0.9659258262890682,0.7818314824680298,0.6234898018587336,5,0,18,17,0.0,1,236.3825221093424,0,car,Unknown,Unknown,47.68333333333333
4.272916233148414,1.2246467991473532e-16,-1.0,0.7818314824680298,0.6234898018587336,5,1,18,16,0.058823529411764705,1,43.14467514468163,0,car,Unknown,Unknown,36.9
1.1195484616857456,-0.2588190451025208,-0.9659258262890683,0.7818314824680298,0.6234898018587336,5,2,18,15,0.11764705882352941,1,68.10555802499499,0,car,Unknown,Unknown,19.0
0.08857730272537516,-0.2588190451025208,-0.9659258262890683,0.7818314824680298,0.6234898018587336,5,3,18,14,0.17647058823529413,1,357.78569540140967,0,car,Unknown,Unknown,1.1666666666666667
0.5583344480649202,-0.2588190451025208,-0.9659258262890683,0.7818314824680298,0.6234898018587336,5,5,18,12,0.29411764705882354,1,90.32938964155557,0,car,Unknown,Unknown,35.5
1.1501814757811264,-0.4999999999999998,-0.8660254037844388,0.7818314824680298,0.6234898018587336,5,7,18,10,0.4117647058823529,1,44.40876224039664,0,car,Unknown,Unknown,8.3
1.690399651629197,-0.4999999999999998,-0.8660254037844388,0.7818314824680298,0.6234898018587336,5,8,18,9,0.47058823529411764,1,85.10493289324461,0,car,Unknown,Unknown,21.283333333333335
0.41788290060555044,-0.4999999999999998,-0.8660254037844388,0.7818314824680298,0.6234898018587336,5,9,18,8,0.5294117647058824,1,273.47933895504997,0,car,Unknown,Unknown,6.216666666666667
0.8848241108813725,-0.4999999999999998,-0.8660254037844388,0.7818314824680298,0.6234898018587336,5,10,18,7,0.5882352941176471,1,359.4152813484163,0,car,Unknown,Unknown,5.25
0.0678491733827324,-0.4999999999999998,-0.8660254037844388,0.7818314824680298,0.6234898018587336,5,11,18,6,0.6470588235294118,1,327.74163103633975,0,car,Unknown,Unknown,4.133333333333334
2.629984440047162,-0.4999999999999998,-0.8660254037844388,0.7818314824680298,0.6234898018587336,5,12,18,5,0.7058823529411765,1,231.19765101840764,0,car,Unknown,Unknown,18.283333333333335
0.35830218459642754,0.49999999999999994,-0.8660254037844387,-0.7818314824680299,0.6234898018587334,5,0,16,15,0.0,1,2.159697143413723,0,car,Unknown,Unknown,10.816666666666666
1.5647732405244377,0.258819045102521,-0.9659258262890682,-0.7818314824680299,0.6234898018587334,5,1,16,14,0.06666666666666667,1,144.60625624925746,0,car,Unknown,Unknown,27.233333333333334
2.361679718899276,0.258819045102521,-0.9659258262890682,-0.7818314824680299,0.6234898018587334,5,2,16,13,0.13333333333333333,1,273.4858397459337,0,car,Unknown,Unknown,70.16666666666667
6.905254500447728,1.2246467991473532e-16,-1.0,-0.7818314824680299,0.6234898018587334,5,3,16,12,0.2,1,50.02578357445441,0,car,Unknown,Unknown,21.583333333333332
0.2396549466295835,-0.2588190451025208,-0.9659258262890683,-0.7818314824680299,0.6234898018587334,5,4,16,11,0.26666666666666666,1,19.944526154668438,0,car,Unknown,Unknown,10.733333333333333
0.07753432748746288,-0.2588190451025208,-0.9659258262890683,-0.7818314824680299,0.6234898018587334,5,5,16,10,0.3333333333333333,1,241.3799380503193,0,car,Unknown,Unknown,5.45
1.0403456854605455,-0.2588190451025208,-0.9659258262890683,-0.7818314824680299,0.6234898018587334,5,6,16,9,0.4,1,57.68621896229166,0,car,Unknown,Unknown,15.666666666666666
0.1950671071358236,-0.2588190451025208,-0.9659258262890683,-0.7818314824680299,0.6234898018587334,5,7,16,8,0.4666666666666667,1,33.61018601423166,0,car,Unknown,Unknown,8.0
0.18995983528578356,-0.2588190451025208,-0.9659258262890683,-0.7818314824680299,0.6234898018587334,5,8,16,7,0.5333333333333333,1,157.64842921412662,0,car,Unknown,Unknown,3.2333333333333334
0.9170874431647921,-0.2588190451025208,-0.9659258262890683,-0.7818314824680299,0.6234898018587334,5,10,16,5,0.6666666666666666,1,132.52666954723566,0,car,Unknown,Unknown,6.966666666666667
0.9245486133003975,-0.2588190451025208,-0.9659258262890683,-0.7818314824680299,0.6234898018587334,5,11,16,4,0.7333333333333333,1,248.05233825226978,0,car,Unknown,Unknown,12.566666666666666
2.053999173393569,-0.4999999999999998,-0.8660254037844388,-0.7818314824680299,0.6234898018587334,5,12,16,3,0.8,1,263.3185229861193,0,car,Unknown,Unknown,18.083333333333332
0.41741577060672624,-0.4999999999999998,-0.8660254037844388,-0.7818314824680299,0.6234898018587334,5,13,16,2,0.8666666666666667,1,173.26418892677668,0,car,Unknown,Unknown,14.983333333333333
5.245991481536781,-0.4999999999999998,-0.8660254037844388,-0.7818314824680299,0.6234898018587334,5,14,16,1,0.9333333333333333,1,231.01781998482375,0,car,Unknown,Unknown,12.9
6.120474286080957,0.25881904510252074,0.9659258262890683,-0.7818314824680299,0.6234898018587334,1,0,14,13,0.0,1,53.32157294772634,0,car,Unknown,Unknown,46.18333333333333
1.5438062871019917,1.2246467991473532e-16,-1.0,-0.7818314824680299,0.6234898018587334,1,2,14,11,0.15384615384615385,1,232.4872719912151,0,car,Unknown,Unknown,11.883333333333333
0.19900004930363988,1.2246467991473532e-16,-1.0,-0.7818314824680299,0.6234898018587334,1,3,14,10,0.23076923076923078,1,236.95133003549853,0,car,Unknown,Unknown,7.25
5.681317047831915,-0.2588190451025208,-0.9659258262890683,-0.7818314824680299,0.6234898018587334,1,5,14,8,0.38461538461538464,1,47.73921372521869,0,car,Unknown,Unknown,51.93333333333333
0.5477911448512321,-0.4999999999999998,-0.8660254037844388,-0.7818314824680299,0.6234898018587334,1,6,14,7,0.46153846153846156,1,108.54554921183171,0,car,Unknown,Unknown,9.316666666666666
0.2118470451395804,-0.4999999999999998,-0.8660254037844388,-0.7818314824680299,0.6234898018587334,1,7,14,6,0.5384615384615384,1,86.38820260952753,0,car,Unknown,Unknown,1.6833333333333333
0.24203061063422568,-0.4999999999999998,-0.8660254037844388,-0.7818314824680299,0.6234898018587334,1,8,14,5,0.6153846153846154,1,100.53522758254661,0,car,Unknown,Unknown,11.533333333333333
0.3110174044000674,-0.4999999999999998,-0.8660254037844388,-0.7818314824680299,0.6234898018587334,1,9,14,4,0.6923076923076923,1,52.569888771495584,0,car,Unknown,Unknown,10.333333333333334
0.5934641477335156,-0.4999999999999998,-0.8660254037844388,-0.7818314824680299,0.6234898018587334,1,10,14,3,0.7692307692307693,1,128.13674508696488,0,car,Unknown,Unknown,18.516666666666666
0.6335592690843826,-0.7071067811865471,-0.7071067811865479,-0.7818314824680299,0.6234898018587334,1,11,14,2,0.8461538461538461,1,141.41670647915925,0,car,Unknown,Unknown,8.883333333333333
3.179626295958757,-0.4999999999999998,-0.8660254037844388,0.7818314824680298,0.6234898018587336,1,1,4,2,0.3333333333333333,1,98.64417146028302,0,car,Unknown,Unknown,59.8
0.8131131121417595,-0.7071067811865471,-0.7071067811865479,0.7818314824680298,0.6234898018587336,1,2,4,1,0.6666666666666666,1,256.6074492194491,0,car,Unknown,Unknown,20.4
2.142758152800725,-0.2588190451025208,-0.9659258262890683,0.0,1.0,1,1,25,23,0.041666666666666664,1,39.16526336863541,0,car,Unknown,Unknown,12.95
0.08978343940609486,-0.4999999999999998,-0.8660254037844388,0.0,1.0,1,3,25,21,0.125,1,328.03368364037124,0,car,Unknown,Unknown,2.4833333333333334
0.8123830964980097,-0.4999999999999998,-0.8660254037844388,0.0,1.0,1,4,25,20,0.16666666666666666,1,100.24746622038941,0,car,Unknown,Unknown,14.583333333333334
1.499327188877799,-0.4999999999999998,-0.8660254037844388,0.0,1.0,1,5,25,19,0.20833333333333334,1,106.33394775145632,0,car,Unknown,Unknown,33.35
0.524401556915891,-0.7071067811865471,-0.7071067811865479,0.0,1.0,1,11,25,13,0.4583333333333333,1,180.28047593531613,0,car,Unknown,Unknown,13.883333333333333
0.3088387856190587,-0.7071067811865471,-0.7071067811865479,0.0,1.0,1,12,25,12,0.5,1,100.09764117188206,0,car,Unknown,Unknown,4.3
0.7495814944229073,-0.7071067811865471,-0.7071067811865479,0.0,1.0,1,21,25,3,0.875,1,157.1681642336025,0,car,Unknown,Unknown,11.383333333333333
1.3091357785678963,-0.7071067811865471,-0.7071067811865479,0.0,1.0,1,22,25,2,0.9166666666666666,1,338.7667883773126,0,car,Unknown,Unknown,14.766666666666667
6.915270807179756,-0.7071067811865471,-0.7071067811865479,0.0,1.0,1,23,25,1,0.9583333333333334,1,244.21620871514253,0,car,Unknown,Unknown,54.85
1.603099935266007,1.2246467991473532e-16,-1.0,0.0,1.0,1,0,13,12,0.0,1,237.98898267973658,0,car,Unknown,Unknown,45.083333333333336
6.715556146132163,-0.2588190451025208,-0.9659258262890683,0.0,1.0,1,1,13,11,0.08333333333333333,1,53.17076962441877,0,car,Unknown,Unknown,63.166666666666664
0.650155505429911,-0.4999999999999998,-0.8660254037844388,0.0,1.0,1,3,13,9,0.25,1,166.60763418420788,0,car,Unknown,Unknown,11.216666666666667
0.29331382206586865,-0.4999999999999998,-0.8660254037844388,0.0,1.0,1,5,13,7,0.4166666666666667,1,224.5140922413539,0,car,Unknown,Unknown,6.266666666666667
0.6616980027263071,-0.4999999999999998,-0.8660254037844388,0.0,1.0,1,6,13,6,0.5,1,114.70217031993099,0,car,Unknown,Unknown,18.4
0.10510591909204839,-0.9659258262890683,-0.25881904510252063,0.0,1.0,1,10,13,2,0.8333333333333334,1,171.15520477035705,0,car,Unknown,Unknown,1.7333333333333334
0.8645423025086224,1.2246467991473532e-16,-1.0,0.43388373911755823,-0.900968867902419,3,2,27,24,0.07692307692307693,0,328.8371667227735,-1,car,Unknown,Unknown,8.533333333333333
4.3028599978328925,1.2246467991473532e-16,-1.0,0.43388373911755823,-0.900968867902419,3,3,27,23,0.11538461538461539,0,293.70381323265826,-1,car,Unknown,Unknown,33.083333333333336
1.6354540279799612,-0.2588190451025208,-0.9659258262890683,0.43388373911755823,-0.900968867902419,3,4,27,22,0.15384615384615385,0,159.53673618250787,11,car,Unknown,Unknown,33.25
5.182195146190196,-0.2588190451025208,-0.9659258262890683,0.43388373911755823,-0.900968867902419,3,8,27,18,0.3076923076923077,0,175.56312146671485,13,car,Unknown,Unknown,29.5
0.09244229903730711,-0.4999999999999998,-0.8660254037844388,0.43388373911755823,-0.900968867902419,3,9,27,17,0.34615384615384615,1,261.5616860052336,13,car,Unknown,Unknown,8.35
3.2068063006385428,-0.4999999999999998,-0.8660254037844388,0.43388373911755823,-0.900968867902419,3,13,27,13,0.5,0,327.9509127226088,-1,car,Unknown,Unknown,37.516666666666666
1.608135669357751,-0.7071067811865471,-0.7071067811865479,0.43388373911755823,-0.900968867902419,3,15,27,11,0.5769230769230769,0,230.41157678117722,12,car,Unknown,Unknown,24.5
0.6434875466985002,-0.7071067811865471,-0.7071067811865479,0.43388373911755823,-0.900968867902419,3,23,27,3,0.8846153846153846,1,198.68593135846731,12,car,Unknown,Unknown,9.833333333333334
1.1871721106873203,-0.7071067811865471,-0.7071067811865479,0.43388373911755823,-0.900968867902419,3,25,27,1,0.9615384615384616,0,237.35916951318808,-1,car,Unknown,Unknown,36.53333333333333
1.3506658069738295,-0.7071067811865471,-0.7071067811865479,-0.9749279121818236,-0.2225209339563146,4,7,24,16,0.30434782608695654,1,45.891781495451426,6,car,Unknown,Unknown,14.833333333333334
0.3668962065911971,-0.8660254037844384,-0.5000000000000004,-0.9749279121818236,-0.2225209339563146,4,8,24,15,0.34782608695652173,1,17.606937322496492,6,car,Unknown,Unknown,7.883333333333334
1.1293093468094204,-0.8660254037844384,-0.5000000000000004,-0.9749279121818236,-0.2225209339563146,4,9,24,14,0.391304347826087,0,87.02264972336587,15,car,Unknown,Unknown,33.78333333333333
2.285612724276703,-0.8660254037844384,-0.5000000000000004,-0.9749279121818236,-0.2225209339563146,4,10,24,13,0.43478260869565216,1,78.26937751932803,15,car,Unknown,Unknown,10.283333333333333
0.24663453014841535,-0.8660254037844384,-0.5000000000000004,-0.9749279121818236,-0.2225209339563146,4,11,24,12,0.4782608695652174,1,27.015975533290714,15,car,Unknown,Unknown,13.283333333333333
0.6183648053192315,-0.9659258262890683,-0.25881904510252063,-0.9749279121818236,-0.2225209339563146,4,12,24,11,0.5217391304347826,1,342.92679593139053,15,car,Unknown,Unknown,7.966666666666667
0.77863774425173,-0.9659258262890683,-0.25881904510252063,-0.9749279121818236,-0.2225209339563146,4,13,24,10,0.5652173913043478,1,284.34757056009005,15,car,Unknown,Unknown,25.433333333333334
0.2594272903208812,-0.9659258262890683,-0.25881904510252063,-0.9749279121818236,-0.2225209339563146,4,14,24,9,0.6086956521739131,1,146.6544690693587,15,car,Unknown,Unknown,3.4
1.6465745119676212,-0.9659258262890683,-0.25881904510252063,-0.9749279121818236,-0.2225209339563146,4,15,24,8,0.6521739130434783,0,95.88346309657584,16,car,Unknown,Unknown,16.066666666666666
2.048702082337884,-1.0,-1.8369701987210297e-16,-0.9749279121818236,-0.2225209339563146,4,16,24,7,0.6956521739130435,0,41.47803291816689,17,car,Unknown,Unknown,7.35
2.119716811789662,-1.0,-1.8369701987210297e-16,-0.9749279121818236,-0.2225209339563146,4,17,24,6,0.7391304347826086,0,32.270521126285985,18,car,Unknown,Unknown,10.566666666666666
0.7377332028175533,-1.0,-1.8369701987210297e-16,-0.9749279121818236,-0.2225209339563146,4,18,24,5,0.782608695652174,1,344.29832105620073,18,car,Unknown,Unknown,6.333333333333333
1.494790976953238,-1.0,-1.8369701987210297e-16,-0.9749279121818236,-0.2225209339563146,4,19,24,4,0.8260869565217391,1,4.791098682021698,18,car,Unknown,Unknown,20.116666666666667
0.6015020637112323,-1.0,-1.8369701987210297e-16,-0.9749279121818236,-0.2225209339563146,4,20,24,3,0.8695652173913043,1,190.37495892388472,18,car,Unknown,Unknown,8.266666666666667
2.6066900484144204,-1.0,-1.8369701987210297e-16,-0.9749279121818236,-0.2225209339563146,4,21,24,2,0.9130434782608695,0,170.5579026851176,-1,car,Unknown,Unknown,69.68333333333334
0.0571783725511325,0.258819045102521,-0.9659258262890682,-0.7818314824680299,0.6234898018587334,4,1,15,13,0.07142857142857142,1,320.363162846906,9,car,Unknown,Unknown,57.583333333333336
8.100235213681875,-0.7071067811865471,-0.7071067811865479,-0.7818314824680299,0.6234898018587334,4,5,15,9,0.35714285714285715,0,28.326926546677555,6,car,Unknown,Unknown,59.96666666666667
0.09010022292052561,-0.8660254037844384,-0.5000000000000004,-0.7818314824680299,0.6234898018587334,4,6,15,8,0.42857142857142855,1,235.06608907164497,6,car,Unknown,Unknown,10.783333333333333
2.200720845742056,-0.8660254037844384,-0.5000000000000004,-0.7818314824680299,0.6234898018587334,4,7,15,7,0.5,0,69.17332573215594,15,car,Unknown,Unknown,26.75
0.4649051481878369,-0.8660254037844384,-0.5000000000000004,-0.7818314824680299,0.6234898018587334,4,8,15,6,0.5714285714285714,1,64.437606185118,15,car,Unknown,Unknown,11.3
0.936957847854104,-0.8660254037844384,-0.5000000000000004,-0.7818314824680299,0.6234898018587334,4,9,15,5,0.6428571428571429,1,350.26826096951055,15,car,Unknown,Unknown,15.883333333333333
0.24226079430186562,-0.9659258262890683,-0.25881904510252063,-0.7818314824680299,0.6234898018587334,4,10,15,4,0.7142857142857143,1,128.15505437033403,15,car,Unknown,Unknown,10.883333333333333
0.9123273859461534,-0.9659258262890683,-0.25881904510252063,-0.7818314824680299,0.6234898018587334,4,11,15,3,0.7857142857142857,1,277.3690086419043,15,car,Unknown,Unknown,15.816666666666666
8.517141509505663,-0.9659258262890683,-0.25881904510252063,-0.7818314824680299,0.6234898018587334,4,12,15,2,0.8571428571428571,0,65.75811671938067,-1,car,Unknown,Unknown,57.233333333333334
1.6921509983866778,-1.0,-1.8369701987210297e-16,-0.7818314824680299,0.6234898018587334,4,13,15,1,0.9285714285714286,0,299.2246110806292,18,car,Unknown,Unknown,12.033333333333333
0.4143206244799011,-0.8660254037844384,-0.5000000000000004,-0.7818314824680299,0.6234898018587334,5,0,8,7,0.0,1,50.64001517318923,6,car,Unknown,Unknown,4.55
2.171141920372633,-0.8660254037844384,-0.5000000000000004,-0.7818314824680299,0.6234898018587334,5,1,8,6,0.14285714285714285,1,41.99318759679022,6,car,Unknown,Unknown,13.783333333333333
5.422620155367834,-0.8660254037844384,-0.5000000000000004,-0.7818314824680299,0.6234898018587334,5,2,8,5,0.2857142857142857,0,54.33830589931716,15,car,Unknown,Unknown,38.583333333333336
0.9458124927121533,-0.9659258262890683,-0.25881904510252063,-0.7818314824680299,0.6234898018587334,5,3,8,4,0.42857142857142855,1,215.2895528691267,15,car,Unknown,Unknown,11.483333333333333
2.5797931131054885,-0.9659258262890683,-0.25881904510252063,-0.7818314824680299,0.6234898018587334,5,4,8,3,0.5714285714285714,0,77.81582654991439,16,car,Unknown,Unknown,46.21666666666667
0.8949287710799063,-1.0,-1.8369701987210297e-16,-0.7818314824680299,0.6234898018587334,5,5,8,2,0.7142857142857143,1,315.54792103639,16,car,Unknown,Unknown,22.0
3.932855488209782,-1.0,-1.8369701987210297e-16,-0.7818314824680299,0.6234898018587334,5,6,8,1,0.8571428571428571,0,27.97098290781298,18,car,Unknown,Unknown,26.666666666666668
3.8107980910648194,0.49999999999999994,-0.8660254037844387,0.0,1.0,5,0,14,13,0.0,0,250.04042896227708,9,car,Unknown,Unknown,27.183333333333334
10.339200069990802,-0.8660254037844384,-0.5000000000000004,0.0,1.0,5,2,14,11,0.15384615384615385,0,45.03551830510946,15,car,Unknown,Unknown,33.3
0.12635887117548317,-0.8660254037844384,-0.5000000000000004,0.0,1.0,5,3,14,10,0.23076923076923078,1,79.50416062454838,15,car,Unknown,Unknown,12.35
0.08905859965790965,-0.9659258262890683,-0.25881904510252063,0.0,1.0,5,4,14,9,0.3076923076923077,1,239.87304268662643,15,car,Unknown,Unknown,1.4166666666666667
1.504783654292584,-0.9659258262890683,-0.25881904510252063,0.0,1.0,5,5,14,8,0.38461538461538464,0,239.43671760902004,6,car,Unknown,Unknown,21.216666666666665
2.202915821739796,-0.9659258262890683,-0.25881904510252063,0.0,1.0,5,7,14,6,0.5384615384615384,0,83.14983338662876,15,car,Unknown,Unknown,21.5
0.5252400210171465,-0.9659258262890683,-0.25881904510252063,0.0,1.0,5,8,14,5,0.6153846153846154,1,315.326314499303,15,car,Unknown,Unknown,11.666666666666666
6.8579673002001025,-1.0,-1.8369701987210297e-16,0.0,1.0,5,9,14,4,0.6923076923076923,0,45.335590983327165,18,car,Unknown,Unknown,40.2
0.09259064873590925,-1.0,-1.8369701987210297e-16,0.0,1.0,5,10,14,3,0.7692307692307693,1,104.39401043795215,18,car,Unknown,Unknown,4.35
0.7042096532615841,-1.0,-1.8369701987210297e-16,0.0,1.0,5,11,14,2,0.8461538461538461,1,309.6616079125032,18,car,Unknown,Unknown,13.883333333333333
1.2350345684637698,-0.9659258262890684,0.2588190451025203,0.0,1.0,5,12,14,1,0.9230769230769231,0,294.1803968005575,-1,car,Unknown,Unknown,49.766666666666666
13.44278969273084,0.258819045102521,-0.9659258262890682,0.9749279121818236,-0.22252093395631434,2,1,10,8,0.1111111111111111,0,45.12037121326722,16,car,Unknown,Unknown,42.983333333333334
1.2939483470862239,0.258819045102521,-0.9659258262890682,0.9749279121818236,-0.22252093395631434,2,2,10,7,0.2222222222222222,0,18.489801753084464,17,car,Unknown,Unknown,17.1
0.20819581686781885,1.2246467991473532e-16,-1.0,0.9749279121818236,-0.22252093395631434,2,3,10,6,0.3333333333333333,1,39.72768027803727,17,car,Unknown,Unknown,8.5
0.8676497560585185,1.2246467991473532e-16,-1.0,0.9749279121818236,-0.22252093395631434,2,4,10,5,0.4444444444444444,1,344.14273720121474,17,car,Unknown,Unknown,6.983333333333333
0.16613637357734345,1.2246467991473532e-16,-1.0,0.9749279121818236,-0.22252093395631434,2,5,10,4,0.5555555555555556,1,282.21060803422023,17,car,Unknown,Unknown,8.983333333333333
0.9900596762455441,1.2246467991473532e-16,-1.0,0.9749279121818236,-0.22252093395631434,2,7,10,2,0.7777777777777778,0,5.55513997593124,-1,car,Unknown,Unknown,36.65
8.783315253357104,0.25881904510252074,0.9659258262890683,0.9749279121818236,-0.22252093395631434,3,0,5,4,0.0,0,237.54461317352514,9,car,Unknown,Unknown,56.166666666666664
7.700803872910953,0.49999999999999994,0.8660254037844387,0.9749279121818236,-0.22252093395631434,3,1,5,3,0.25,0,88.51049245794206,22,car,Unknown,Unknown,49.46666666666667
0.6597444396525362,-0.2588190451025208,-0.9659258262890683,-0.9749279121818236,-0.2225209339563146,1,0,13,12,0.0,1,150.5577385983122,14,car,Unknown,Unknown,32.46666666666667
1.2160923076003354,-0.4999999999999998,-0.8660254037844388,-0.9749279121818236,-0.2225209339563146,1,1,13,11,0.08333333333333333,1,5.881699242719094,14,car,Unknown,Unknown,25.65
0.09349549383370151,-0.4999999999999998,-0.8660254037844388,-0.9749279121818236,-0.2225209339563146,1,2,13,10,0.16666666666666666,1,177.46139230050176,14,car,Unknown,Unknown,19.566666666666666
0.7283138658755574,-0.7071067811865471,-0.7071067811865479,-0.9749279121818236,-0.2225209339563146,1,3,13,9,0.25,1,2.212683548466714,14,car,Unknown,Unknown,16.783333333333335
1.1041148202337212,-0.7071067811865471,-0.7071067811865479,-0.9749279121818236,-0.2225209339563146,1,5,13,7,0.4166666666666667,1,22.343116878071896,14,car,Unknown,Unknown,19.05
1.0859022426825946,-0.7071067811865471,-0.7071067811865479,-0.9749279121818236,-0.2225209339563146,1,6,13,6,0.5,1,282.71499696057293,14,car,Unknown,Unknown,23.2
2.2822095262317146,-0.8660254037844384,-0.5000000000000004,-0.9749279121818236,-0.2225209339563146,1,7,13,5,0.5833333333333334,0,200.79218995941025,-1,car,Unknown,Unknown,28.45
1.036860469991697,-0.8660254037844384,-0.5000000000000004,-0.9749279121818236,-0.2225209339563146,1,8,13,4,0.6666666666666666,0,223.51886197537115,-1,car,Unknown,Unknown,36.333333333333336
1.8762845865079991,-0.9659258262890683,-0.25881904510252063,-0.9749279121818236,-0.2225209339563146,1,9,13,3,0.75,0,296.4965138303994,-1,car,Unknown,Unknown,16.616666666666667
1.4491737466515249,-0.9659258262890683,-0.25881904510252063,-0.9749279121818236,-0.2225209339563146,1,10,13,2,0.8333333333333334,0,247.77640353955985,-1,car,Unknown,Unknown,10.983333333333333
0.3188813862918477,-0.9659258262890683,-0.25881904510252063,-0.9749279121818236,-0.2225209339563146,1,11,13,1,0.9166666666666666,0,67.63859985156023,-1,car,Unknown,Unknown,2.9
0.9526481441022381,-0.4999999999999998,-0.8660254037844388,-0.7818314824680299,0.6234898018587334,1,0,12,11,0.0,0,109.70463544298303,14,car,Unknown,Unknown,11.683333333333334
2.0981088355188406,-0.4999999999999998,-0.8660254037844388,-0.7818314824680299,0.6234898018587334,1,1,12,10,0.09090909090909091,1,8.890594037785775,14,car,Unknown,Unknown,19.2
0.08373210889076133,-0.7071067811865471,-0.7071067811865479,-0.7818314824680299,0.6234898018587334,1,2,12,9,0.18181818181818182,1,346.4301793519987,14,car,Unknown,Unknown,13.333333333333334
1.1653220433329143,-0.7071067811865471,-0.7071067811865479,-0.7818314824680299,0.6234898018587334,1,3,12,8,0.2727272727272727,1,344.89771744173987,14,car,Unknown,Unknown,18.5
0.7916747474251716,-0.7071067811865471,-0.7071067811865479,-0.7818314824680299,0.6234898018587334,1,4,12,7,0.36363636363636365,1,344.32798645377903,14,car,Unknown,Unknown,11.5
0.9697567011440826,-0.7071067811865471,-0.7071067811865479,-0.7818314824680299,0.6234898018587334,1,5,12,6,0.45454545454545453,1,292.8264601290837,14,car,Unknown,Unknown,34.3
0.40458839144540154,-0.8660254037844384,-0.5000000000000004,-0.7818314824680299,0.6234898018587334,1,6,12,5,0.5454545454545454,1,117.17828107081385,14,car,Unknown,Unknown,10.5
0.7426525798547097,-0.8660254037844384,-0.5000000000000004,-0.7818314824680299,0.6234898018587334,1,7,12,4,0.6363636363636364,1,164.46969253583438,14,car,Unknown,Unknown,19.416666666666668
0.21283826921751628,-0.8660254037844384,-0.5000000000000004,-0.7818314824680299,0.6234898018587334,1,8,12,3,0.7272727272727273,1,262.61647702508,14,car,Unknown,Unknown,49.88333333333333
0.3363990860707695,-0.9659258262890683,-0.25881904510252063,-0.7818314824680299,0.6234898018587334,1,9,12,2,0.8181818181818182,1,231.28982486731255,14,car,Unknown,Unknown,13.733333333333333
1.326722264363943,-0.9659258262890683,-0.25881904510252063,-0.7818314824680299,0.6234898018587334,1,10,12,1,0.9090909090909091,0,261.13707109810457,-1,car,Unknown,Unknown,22.116666666666667
0.0866774795922817,-1.0,-1.8369701987210297e-16,0.7818314824680298,0.6234898018587336,11,2,5,2,0.5,1,246.24577654598679,31,car,Unknown,Unknown,29.15
1.5605126804549942,1.2246467991473532e-16,-1.0,0.9749279121818236,-0.22252093395631434,4,0,14,13,0.0,1,352.4393548318085,1,van,Unknown,Unknown,19.85
2.006699049330623,-0.2588190451025208,-0.9659258262890683,0.9749279121818236,-0.22252093395631434,4,2,14,11,0.15384615384615385,1,229.77658246249604,1,van,Unknown,Unknown,23.566666666666666
1.6965036666970237,-0.2588190451025208,-0.9659258262890683,0.9749279121818236,-0.22252093395631434,4,3,14,10,0.23076923076923078,1,236.62497369840483,1,van,Unknown,Unknown,20.116666666666667
1.9519671128545635,-0.2588190451025208,-0.9659258262890683,0.9749279121818236,-0.22252093395631434,4,4,14,9,0.3076923076923077,1,192.96547940784438,1,van,Unknown,Unknown,34.266666666666666
0.8594613870694974,-0.4999999999999998,-0.8660254037844388,0.9749279121818236,-0.22252093395631434,4,5,14,8,0.38461538461538464,1,233.18377608652892,1,van,Unknown,Unknown,4.316666666666666
1.4655095352205922,-0.4999999999999998,-0.8660254037844388,0.9749279121818236,-0.22252093395631434,4,7,14,6,0.5384615384615384,1,296.879521389112,1,van,Unknown,Unknown,10.433333333333334
1.3411825522155467,-0.4999999999999998,-0.8660254037844388,0.9749279121818236,-0.22252093395631434,4,8,14,5,0.6153846153846154,1,123.09790083065047,1,van,Unknown,Unknown,14.133333333333333
0.1376879680067496,-0.7071067811865471,-0.7071067811865479,0.9749279121818236,-0.22252093395631434,4,9,14,4,0.6923076923076923,1,203.56465974683076,1,van,Unknown,Unknown,12.566666666666666
2.20955612411616,-0.7071067811865471,-0.7071067811865479,0.9749279121818236,-0.22252093395631434,4,10,14,3,0.7692307692307693,1,52.62127732270807,1,van,Unknown,Unknown,14.583333333333334
0.665182040586618,-0.7071067811865471,-0.7071067811865479,0.9749279121818236,-0.22252093395631434,4,11,14,2,0.8461538461538461,1,67.07534241984774,1,van,Unknown,Unknown,9.783333333333333
0.9021236933495201,0.258819045102521,-0.9659258262890682,-0.9749279121818236,-0.2225209339563146,4,1,29,27,0.03571428571428571,1,59.454075012369685,1,van,Unknown,Unknown,13.25
0.9874099797545384,0.258819045102521,-0.9659258262890682,-0.9749279121818236,-0.2225209339563146,4,2,29,26,0.07142857142857142,1,241.56229084880277,1,van,Unknown,Unknown,10.466666666666667
1.966104691013073,0.258819045102521,-0.9659258262890682,-0.9749279121818236,-0.2225209339563146,4,3,29,25,0.10714285714285714,1,2.8971967908869374,1,van,Unknown,Unknown,28.716666666666665
0.05218980476611781,1.2246467991473532e-16,-1.0,-0.9749279121818236,-0.2225209339563146,4,4,29,24,0.14285714285714285,1,54.43318571539419,1,van,Unknown,Unknown,3.6
0.3842761407485704,1.2246467991473532e-16,-1.0,-0.9749279121818236,-0.2225209339563146,4,5,29,23,0.17857142857142858,1,319.27475352689663,1,van,Unknown,Unknown,17.966666666666665
0.4078988054236487,1.2246467991473532e-16,-1.0,-0.9749279121818236,-0.2225209339563146,4,6,29,22,0.21428571428571427,1,49.17764286641682,1,van,Unknown,Unknown,15.916666666666666
0.1990705034501404,-0.2588190451025208,-0.9659258262890683,-0.9749279121818236,-0.2225209339563146,4,7,29,21,0.25,1,227.2175331442543,1,van,Unknown,Unknown,2.2333333333333334
0.7141492524895733,-0.2588190451025208,-0.9659258262890683,-0.9749279121818236,-0.2225209339563146,4,8,29,20,0.2857142857142857,1,217.62280439463183,1,van,Unknown,Unknown,13.683333333333334
0.1355479778463424,-0.2588190451025208,-0.9659258262890683,-0.9749279121818236,-0.2225209339563146,4,9,29,19,0.32142857142857145,1,185.19758635904645,1,van,Unknown,Unknown,5.183333333333334
0.25686931736296037,-0.2588190451025208,-0.9659258262890683,-0.9749279121818236,-0.2225209339563146,4,10,29,18,0.35714285714285715,1,119.9982322670258,1,van,Unknown,Unknown,16.633333333333333
1.311000330102819,-0.2588190451025208,-0.9659258262890683,-0.9749279121818236,-0.2225209339563146,4,13,29,15,0.4642857142857143,1,188.99910927699395,1,van,Unknown,Unknown,13.633333333333333
1.861069499662926,-0.2588190451025208,-0.9659258262890683,-0.9749279121818236,-0.2225209339563146,4,14,29,14,0.5,1,276.4303192792473,1,van,Unknown,Unknown,21.45
0.24434005726438418,-0.4999999999999998,-0.8660254037844388,-0.9749279121818236,-0.2225209339563146,4,19,29,9,0.6785714285714286,1,144.59222544580967,1,van,Unknown,Unknown,4.0
0.4382113152513406,-0.4999999999999998,-0.8660254037844388,-0.9749279121818236,-0.2225209339563146,4,20,29,8,0.7142857142857143,1,142.01120790632496,1,van,Unknown,Unknown,7.9
0.5618249718582078,-0.4999999999999998,-0.8660254037844388,-0.9749279121818236,-0.2225209339563146,4,21,29,7,0.75,1,156.62627036148774,1,van,Unknown,Unknown,10.583333333333334
0.357689174822364,-0.4999999999999998,-0.8660254037844388,-0.9749279121818236,-0.2225209339563146,4,22,29,6,0.7857142857142857,1,141.6864732064705,1,van,Unknown,Unknown,4.5
2.5272295798453577,-0.4999999999999998,-0.8660254037844388,-0.9749279121818236,-0.2225209339563146,4,23,29,5,0.8214285714285714,1,247.06519771591456,1,van,Unknown,Unknown,39.266666666666666
0.8876487436449637,-0.7071067811865471,-0.7071067811865479,-0.9749279121818236,-0.2225209339563146,4,24,29,4,0.8571428571428571,1,209.3241868672099,1,van,Unknown,Unknown,8.516666666666667
0.4271901300338265,-0.7071067811865471,-0.7071067811865479,-0.9749279121818236,-0.2225209339563146,4,25,29,3,0.8928571428571429,1,234.15124047692194,1,van,Unknown,Unknown,17.183333333333334
1.6916674721095943,-0.7071067811865471,-0.7071067811865479,-0.9749279121818236,-0.2225209339563146,4,26,29,2,0.9285714285714286,1,298.46003090993923,1,van,Unknown,Unknown,40.95
2.7061819823696953,-0.2588190451025208,-0.9659258262890683,-0.9749279121818236,-0.2225209339563146,5,0,13,12,0.0,0,50.11933253862503,2,van,Unknown,Unknown,13.816666666666666
0.4219277992723192,-0.2588190451025208,-0.9659258262890683,-0.9749279121818236,-0.2225209339563146,5,1,13,11,0.08333333333333333,1,45.87041983427321,2,van,Unknown,Unknown,2.7
4.128707891630703,-0.2588190451025208,-0.9659258262890683,-0.9749279121818236,-0.2225209339563146,5,2,13,10,0.16666666666666666,0,243.91196167307055,1,van,Unknown,Unknown,17.633333333333333
0.46955155349360195,-0.2588190451025208,-0.9659258262890683,-0.9749279121818236,-0.2225209339563146,5,3,13,9,0.25,1,309.92397788105785,1,van,Unknown,Unknown,5.8
0.4142770527366298,-0.4999999999999998,-0.8660254037844388,-0.9749279121818236,-0.2225209339563146,5,4,13,8,0.3333333333333333,1,53.00241412222988,1,van,Unknown,Unknown,4.733333333333333
6.236076547069777,-0.4999999999999998,-0.8660254037844388,-0.9749279121818236,-0.2225209339563146,5,5,13,7,0.4166666666666667,1,221.6086192031264,1,van,Unknown,Unknown,56.05
1.526698806624727,-0.7071067811865471,-0.7071067811865479,-0.9749279121818236,-0.2225209339563146,5,6,13,6,0.5,1,289.28648582857454,1,van,Unknown,Unknown,9.583333333333334
0.6097873171186182,-0.7071067811865471,-0.7071067811865479,-0.9749279121818236,-0.2225209339563146,5,7,13,5,0.5833333333333334,1,198.9740680299418,1,van,Unknown,Unknown,5.9
2.0128653209342544,-0.7071067811865471,-0.7071067811865479,-0.9749279121818236,-0.2225209339563146,5,8,13,4,0.6666666666666666,1,83.48253555824465,1,van,Unknown,Unknown,10.883333333333333
1.0038372987995186,-1.0,-1.8369701987210297e-16,-0.9749279121818236,-0.2225209339563146,5,10,13,2,0.8333333333333334,1,44.59786971689033,1,van,Unknown,Unknown,10.483333333333333
0.4294923566765778,-1.0,-1.8369701987210297e-16,-0.9749279121818236,-0.2225209339563146,5,11,13,1,0.9166666666666666,1,80.32583579270647,1,van,Unknown,Unknown,78.33333333333333
0.5408714977054622,-0.2588190451025208,-0.9659258262890683,0.9749279121818236,-0.22252093395631434,5,0,12,11,0.0,1,75.01005625932453,1,van,Unknown,Unknown,3.1166666666666667
0.9891060665092556,-0.2588190451025208,-0.9659258262890683,0.9749279121818236,-0.22252093395631434,5,1,12,10,0.09090909090909091,1,6.781763853141911,1,van,Unknown,Unknown,11.4
0.533582750877944,-0.2588190451025208,-0.9659258262890683,0.9749279121818236,-0.22252093395631434,5,2,12,9,0.18181818181818182,1,298.28810177645653,1,van,Unknown,Unknown,11.283333333333333
0.9347346586072948,-0.2588190451025208,-0.9659258262890683,0.9749279121818236,-0.22252093395631434,5,3,12,8,0.2727272727272727,1,326.02440953423286,1,van,Unknown,Unknown,21.433333333333334
0.699297721440281,-0.2588190451025208,-0.9659258262890683,0.9749279121818236,-0.22252093395631434,5,4,12,7,0.36363636363636365,1,177.72983526563553,1,van,Unknown,Unknown,10.483333333333333
1.8227314057203396,-0.4999999999999998,-0.8660254037844388,0.9749279121818236,-0.22252093395631434,5,5,12,6,0.45454545454545453,1,225.76980626217593,1,van,Unknown,Unknown,15.616666666666667
1.648718937587729,-0.4999999999999998,-0.8660254037844388,0.9749279121818236,-0.22252093395631434,5,6,12,5,0.5454545454545454,1,222.66762690369322,1,van,Unknown,Unknown,21.666666666666668
3.090394797956156,-0.4999999999999998,-0.8660254037844388,0.9749279121818236,-0.22252093395631434,5,7,12,4,0.6363636363636364,1,217.75280582961622,1,van,Unknown,Unknown,26.2
0.14022614328933014,-0.9659258262890684,0.2588190451025203,0.9749279121818236,-0.22252093395631434,5,10,12,1,0.9090909090909091,1,0.661324301957336,1,van,Unknown,Unknown,24.516666666666666
0.2970191871191786,0.258819045102521,-0.9659258262890682,0.9749279121818236,-0.22252093395631434,6,0,9,8,0.0,1,356.80282868187084,1,van,Unknown,Unknown,86.8
2.7489400677622586,1.2246467991473532e-16,-1.0,0.9749279121818236,-0.22252093395631434,6,1,9,7,0.125,1,234.15806355689554,1,van,Unknown,Unknown,12.85
0.7766938850406223,-0.2588190451025208,-0.9659258262890683,0.9749279121818236,-0.22252093395631434,6,2,9,6,0.25,1,320.69802900377914,1,van,Unknown,Unknown,7.2
1.9553130840034192,-0.2588190451025208,-0.9659258262890683,0.9749279121818236,-0.22252093395631434,6,3,9,5,0.375,1,21.53338229048859,1,van,Unknown,Unknown,25.35
0.22290563894482537,-0.2588190451025208,-0.9659258262890683,0.9749279121818236,-0.22252093395631434,6,4,9,4,0.5,1,88.77029200956554,1,van,Unknown,Unknown,2.05
0.3847428117923099,-0.2588190451025208,-0.9659258262890683,0.9749279121818236,-0.22252093395631434,6,5,9,3,0.625,1,110.96390811516164,1,van,Unknown,Unknown,2.2666666666666666
0.7833911859874119,-0.2588190451025208,-0.9659258262890683,0.43388373911755823,-0.900968867902419,6,4,14,9,0.3076923076923077,1,230.2302629084494,4,van,Unknown,Unknown,1.8333333333333333
0.9043069053419417,-0.2588190451025208,-0.9659258262890683,0.43388373911755823,-0.900968867902419,6,5,14,8,0.38461538461538464,0,227.8004256752533,3,van,Unknown,Unknown,1.5
6.300285452298564,-0.2588190451025208,-0.9659258262890683,0.43388373911755823,-0.900968867902419,6,8,14,5,0.6153846153846154,0,249.33852829650334,1,van,Unknown,Unknown,24.666666666666668
1.3471875058912244,-0.4999999999999998,-0.8660254037844388,0.43388373911755823,-0.900968867902419,6,9,14,4,0.6923076923076923,1,177.39190159974714,1,van,Unknown,Unknown,14.083333333333334
2.8812276650386415,-0.4999999999999998,-0.8660254037844388,0.43388373911755823,-0.900968867902419,6,10,14,3,0.7692307692307693,1,207.72684028330045,1,van,Unknown,Unknown,32.25
0.14482531211618038,-0.7071067811865471,-0.7071067811865479,0.43388373911755823,-0.900968867902419,6,11,14,2,0.8461538461538461,1,63.31015805673883,1,van,Unknown,Unknown,13.833333333333334
0.10162346258734277,1.2246467991473532e-16,-1.0,0.43388373911755823,-0.900968867902419,6,0,12,11,0.0,1,225.5508230695738,1,van,Unknown,Unknown,10.516666666666667
0.8285686729354731,-0.2588190451025208,-0.9659258262890683,0.43388373911755823,-0.900968867902419,6,2,12,9,0.18181818181818182,1,57.42227932784817,1,van,Unknown,Unknown,8.116666666666667
1.4120978084159446,-0.2588190451025208,-0.9659258262890683,0.43388373911755823,-0.900968867902419,6,3,12,8,0.2727272727272727,1,332.3904262809059,1,van,Unknown,Unknown,36.5
1.0753982575360137,-0.2588190451025208,-0.9659258262890683,0.43388373911755823,-0.900968867902419,6,4,12,7,0.36363636363636365,1,155.90921282298177,1,van,Unknown,Unknown,13.716666666666667
0.3330927441992137,-0.4999999999999998,-0.8660254037844388,0.43388373911755823,-0.900968867902419,6,5,12,6,0.45454545454545453,1,157.97675784800708,1,van,Unknown,Unknown,8.433333333333334
1.295815131490457,-0.4999999999999998,-0.8660254037844388,0.43388373911755823,-0.900968867902419,6,6,12,5,0.5454545454545454,1,253.4355988816264,1,van,Unknown,Unknown,2.5
0.2121960765445512,-0.4999999999999998,-0.8660254037844388,0.43388373911755823,-0.900968867902419,6,7,12,4,0.6363636363636364,1,284.3825433756716,1,van,Unknown,Unknown,5.466666666666667
0.8643947396013657,-0.4999999999999998,-0.8660254037844388,0.43388373911755823,-0.900968867902419,6,8,12,3,0.7272727272727273,1,232.15098443113405,1,van,Unknown,Unknown,3.5
1.384669766365316,1.2246467991473532e-16,-1.0,0.7818314824680298,0.6234898018587336,6,0,5,4,0.0,1,270.914811961684,1,van,Unknown,Unknown,44.13333333333333
6.359145617831788,-0.2588190451025208,-0.9659258262890683,0.7818314824680298,0.6234898018587336,6,1,5,3,0.25,0,57.70338389876264,2,van,Unknown,Unknown,68.31666666666666
4.923693909257379,-0.4999999999999998,-0.8660254037844388,0.7818314824680298,0.6234898018587336,6,2,5,2,0.5,0,50.51221311652364,4,van,Unknown,Unknown,10.05
2.956094036815329,-0.4999999999999998,-0.8660254037844388,0.7818314824680298,0.6234898018587336,6,3,5,1,0.75,0,45.50794182476608,-1,van,Unknown,Unknown,27.616666666666667
0.24354830397520616,1.2246467991473532e-16,-1.0,0.9749279121818236,-0.22252093395631434,7,1,22,20,0.047619047619047616,1,356.86281304782585,1,van,Unknown,Unknown,25.983333333333334
0.10949335000287709,-0.2588190451025208,-0.9659258262890683,0.9749279121818236,-0.22252093395631434,7,3,22,18,0.14285714285714285,1,337.2367489734346,1,van,Unknown,Unknown,15.083333333333334
0.3469875974920585,-0.2588190451025208,-0.9659258262890683,0.9749279121818236,-0.22252093395631434,7,4,22,17,0.19047619047619047,1,86.52672743651999,1,van,Unknown,Unknown,2.1
0.3323385104580599,-0.2588190451025208,-0.9659258262890683,0.9749279121818236,-0.22252093395631434,7,5,22,16,0.23809523809523808,1,52.486266801639545,1,van,Unknown,Unknown,1.0333333333333334
0.40558478274001125,-0.2588190451025208,-0.9659258262890683,0.9749279121818236,-0.22252093395631434,7,6,22,15,0.2857142857142857,1,51.71216933038238,1,van,Unknown,Unknown,1.1166666666666667
0.1776468734747805,-0.2588190451025208,-0.9659258262890683,0.9749279121818236,-0.22252093395631434,7,7,22,14,0.3333333333333333,1,5.5969862794821665,1,van,Unknown,Unknown,11.083333333333334
0.4152866149991423,-0.2588190451025208,-0.9659258262890683,0.9749279121818236,-0.22252093395631434,7,9,22,12,0.42857142857142855,1,321.2094715749322,1,van,Unknown,Unknown,4.183333333333334
0.17731427453003482,-0.2588190451025208,-0.9659258262890683,0.9749279121818236,-0.22252093395631434,7,10,22,11,0.47619047619047616,1,242.95787144274172,1,van,Unknown,Unknown,1.85
0.2632898226824091,-0.2588190451025208,-0.9659258262890683,0.9749279121818236,-0.22252093395631434,7,11,22,10,0.5238095238095238,1,2.797689048972586,1,van,Unknown,Unknown,2.933333333333333
1.3109508263350027,-0.2588190451025208,-0.9659258262890683,0.9749279121818236,-0.22252093395631434,7,12,22,9,0.5714285714285714,1,340.4804321418526,1,van,Unknown,Unknown,6.8
0.8562886071418575,-0.2588190451025208,-0.9659258262890683,0.9749279121818236,-0.22252093395631434,7,13,22,8,0.6190476190476191,1,196.90628038319005,1,van,Unknown,Unknown,7.983333333333333
0.5973320065034003,-0.4999999999999998,-0.8660254037844388,0.9749279121818236,-0.22252093395631434,7,17,22,4,0.8095238095238095,1,119.04290555304931,1,van,Unknown,Unknown,18.533333333333335
2.1881074127773763,-0.4999999999999998,-0.8660254037844388,0.9749279121818236,-0.22252093395631434,7,18,22,3,0.8571428571428571,1,204.02288011767206,1,van,Unknown,Unknown,10.766666666666667
3.8957814900244774,-0.4999999999999998,-0.8660254037844388,0.9749279121818236,-0.22252093395631434,7,19,22,2,0.9047619047619048,1,237.60701475225585,1,van,Unknown,Unknown,20.383333333333333
1.3079450843459928,-0.4999999999999998,-0.8660254037844388,0.9749279121818236,-0.22252093395631434,7,20,22,1,0.9523809523809523,1,68.54914430931058,1,van,Unknown,Unknown,6.75
2.657621661678354,0.258819045102521,-0.9659258262890682,0.43388373911755823,-0.900968867902419,7,0,6,5,0.0,1,234.48563332444485,1,van,Unknown,Unknown,22.616666666666667
1.738521771877836,0.258819045102521,-0.9659258262890682,0.43388373911755823,-0.900968867902419,7,1,6,4,0.2,1,238.00501616682078,1,van,Unknown,Unknown,15.65
0.487554944059629,0.258819045102521,-0.9659258262890682,0.43388373911755823,-0.900968867902419,7,2,6,3,0.4,1,52.35433537086408,1,van,Unknown,Unknown,5.183333333333334
4.700532895432913,1.2246467991473532e-16,-1.0,0.43388373911755823,-0.900968867902419,7,3,6,2,0.6,1,54.174390927296145,1,van,Unknown,Unknown,19.2
2.0751558106583747,1.2246467991473532e-16,-1.0,0.43388373911755823,-0.900968867902419,7,4,6,1,0.8,1,342.7942461581449,1,van,Unknown,Unknown,26.166666666666668
14.813745717695195,1.2246467991473532e-16,-1.0,0.9749279121818236,-0.22252093395631434,8,1,11,9,0.1,0,225.92518726364682,1,van,Unknown,Unknown,68.18333333333334
1.7015953687762397,-0.2588190451025208,-0.9659258262890683,0.9749279121818236,-0.22252093395631434,8,2,11,8,0.2,1,243.81783856126773,1,van,Unknown,Unknown,15.616666666666667
1.6292765838162306,-0.2588190451025208,-0.9659258262890683,0.9749279121818236,-0.22252093395631434,8,3,11,7,0.3,1,236.14758875487573,1,van,Unknown,Unknown,15.233333333333333
0.6649698206189786,-0.2588190451025208,-0.9659258262890683,0.9749279121818236,-0.22252093395631434,8,4,11,6,0.4,1,319.65789845567804,1,van,Unknown,Unknown,9.116666666666667
0.3246403737159003,-0.2588190451025208,-0.9659258262890683,0.9749279121818236,-0.22252093395631434,8,5,11,5,0.5,1,324.1686456428678,1,van,Unknown,Unknown,1.2833333333333334
0.4855787236684453,-0.2588190451025208,-0.9659258262890683,0.9749279121818236,-0.22252093395631434,8,6,11,4,0.6,1,348.74989782323286,1,van,Unknown,Unknown,1.95
1.6652515284090452,-0.4999999999999998,-0.8660254037844388,0.9749279121818236,-0.22252093395631434,8,7,11,3,0.7,1,66.73198609633158,1,van,Unknown,Unknown,11.4
0.5994538816274804,-0.4999999999999998,-0.8660254037844388,0.9749279121818236,-0.22252093395631434,8,8,11,2,0.8,1,59.24106270860244,1,van,Unknown,Unknown,3.8666666666666667
0.6710949427927742,-0.4999999999999998,-0.8660254037844388,0.9749279121818236,-0.22252093395631434,8,9,11,1,0.9,1,117.51131180523726,1,van,Unknown,Unknown,8.6
2.2840831823152183,1.2246467991473532e-16,-1.0,0.7818314824680298,0.6234898018587336,8,1,8,6,0.14285714285714285,1,259.51842261097966,1,van,Unknown,Unknown,56.7
1.533007133536242,-0.2588190451025208,-0.9659258262890683,0.7818314824680298,0.6234898018587336,8,2,8,5,0.2857142857142857,1,112.91547413357955,1,van,Unknown,Unknown,67.35
0.6802790471126212,-0.4999999999999998,-0.8660254037844388,0.7818314824680298,0.6234898018587336,8,3,8,4,0.42857142857142855,1,33.10030180674113,1,van,Unknown,Unknown,8.766666666666667
0.5336762017792094,-0.7071067811865471,-0.7071067811865479,0.7818314824680298,0.6234898018587336,8,4,8,3,0.5714285714285714,1,48.310910335830954,1,van,Unknown,Unknown,2.216666666666667
3.0539220774956135,-1.0,-1.8369701987210297e-16,0.7818314824680298,0.6234898018587336,8,6,8,1,0.8571428571428571,1,71.64746239665533,1,van,Unknown,Unknown,44.06666666666667
4.764687131778946,0.49999999999999994,-0.8660254037844387,-0.9749279121818236,-0.2225209339563146,8,0,10,9,0.0,0,47.13758517434769,2,van,Unknown,Unknown,68.48333333333333
3.4072313803480063,0.258819045102521,-0.9659258262890682,-0.9749279121818236,-0.2225209339563146,8,1,10,8,0.1111111111111111,0,270.3177808133154,1,van,Unknown,Unknown,13.033333333333333
0.2834766828030492,1.2246467991473532e-16,-1.0,-0.9749279121818236,-0.2225209339563146,8,2,10,7,0.2222222222222222,1,195.72134232737133,1,van,Unknown,Unknown,2.1666666666666665
1.03484975767699,1.2246467991473532e-16,-1.0,-0.9749279121818236,-0.2225209339563146,8,3,10,6,0.3333333333333333,1,197.0632965200736,1,van,Unknown,Unknown,7.916666666666667
0.30736496478707126,1.2246467991473532e-16,-1.0,-0.9749279121818236,-0.2225209339563146,8,4,10,5,0.4444444444444444,1,321.45775004992544,1,van,Unknown,Unknown,23.883333333333333
0.17430943306259444,1.2246467991473532e-16,-1.0,-0.9749279121818236,-0.2225209339563146,8,5,10,4,0.5555555555555556,1,58.716678640118005,1,van,Unknown,Unknown,1.85
1.4122884517945364,1.2246467991473532e-16,-1.0,-0.9749279121818236,-0.2225209339563146,8,6,10,3,0.6666666666666666,1,129.0957279178865,1,van,Unknown,Unknown,10.3
15.622791561879252,-0.4999999999999998,-0.8660254037844388,-0.9749279121818236,-0.2225209339563146,8,8,10,1,0.8888888888888888,0,231.24095185952436,-1,van,Unknown,Unknown,74.2
0.9496973667826398,-0.2588190451025208,-0.9659258262890683,0.0,1.0,9,0,17,16,0.0,1,329.23758199356416,1,van,Unknown,Unknown,14.016666666666667
0.854002667033743,-0.2588190451025208,-0.9659258262890683,0.0,1.0,9,1,17,15,0.0625,1,337.37242572573604,1,van,Unknown,Unknown,3.566666666666667
0.4612001427528261,-0.2588190451025208,-0.9659258262890683,0.0,1.0,9,2,17,14,0.125,1,237.37883024953308,1,van,Unknown,Unknown,6.766666666666667
0.5253816080340543,-0.2588190451025208,-0.9659258262890683,0.0,1.0,9,3,17,13,0.1875,1,175.93766656265484,1,van,Unknown,Unknown,6.016666666666667
1.5599665125257756,-0.2588190451025208,-0.9659258262890683,0.0,1.0,9,4,17,12,0.25,1,130.31879029142692,1,van,Unknown,Unknown,14.65
0.9180825152453699,-0.2588190451025208,-0.9659258262890683,0.0,1.0,9,5,17,11,0.3125,1,230.7334725033466,1,van,Unknown,Unknown,1.9833333333333334
1.3866990771859489,-0.2588190451025208,-0.9659258262890683,0.0,1.0,9,6,17,10,0.375,1,248.6347670541991,1,van,Unknown,Unknown,10.016666666666667
1.1952965217867273,-0.4999999999999998,-0.8660254037844388,0.0,1.0,9,7,17,9,0.4375,1,302.0819814657618,1,van,Unknown,Unknown,9.866666666666667
0.30830393541654794,-0.4999999999999998,-0.8660254037844388,0.0,1.0,9,8,17,8,0.5,1,162.2731856369412,1,van,Unknown,Unknown,2.75
0.9565718189305387,-0.4999999999999998,-0.8660254037844388,0.0,1.0,9,9,17,7,0.5625,1,140.34131590422112,1,van,Unknown,Unknown,5.45
0.34521676659643563,-0.4999999999999998,-0.8660254037844388,0.0,1.0,9,10,17,6,0.625,1,160.97332794469241,1,van,Unknown,Unknown,26.683333333333334
1.357965662052137,-0.4999999999999998,-0.8660254037844388,0.0,1.0,9,11,17,5,0.6875,1,246.96156670766234,1,van,Unknown,Unknown,27.783333333333335
0.44003573274015356,-0.7071067811865471,-0.7071067811865479,0.0,1.0,9,12,17,4,0.75,1,218.7106022240222,1,van,Unknown,Unknown,8.766666666666667
0.651066334131772,-0.7071067811865471,-0.7071067811865479,0.0,1.0,9,13,17,3,0.8125,1,235.8026369230865,1,van,Unknown,Unknown,1.45
1.3807874628938137,-0.7071067811865471,-0.7071067811865479,0.0,1.0,9,14,17,2,0.875,1,250.99287220885026,1,van,Unknown,Unknown,4.05
0.44150365592863183,-0.7071067811865471,-0.7071067811865479,0.0,1.0,9,15,17,1,0.9375,1,312.08233310972,1,van,Unknown,Unknown,3.6166666666666667
4.767269346559335,0.258819045102521,-0.9659258262890682,0.43388373911755823,-0.900968867902419,9,1,11,9,0.1,0,49.76345191089251,2,van,Unknown,Unknown,22.9
0.2925463738245236,1.2246467991473532e-16,-1.0,0.43388373911755823,-0.900968867902419,9,2,11,8,0.2,1,72.5936779002783,2,van,Unknown,Unknown,47.28333333333333
0.15480017433871643,-0.7071067811865471,-0.7071067811865479,0.43388373911755823,-0.900968867902419,9,5,11,5,0.5,1,77.5129403626214,2,van,Unknown,Unknown,53.55
4.211394296015623,-0.8660254037844384,-0.5000000000000004,0.43388373911755823,-0.900968867902419,9,6,11,4,0.6,0,245.94043506495132,1,van,Unknown,Unknown,32.666666666666664
0.4739985847270344,-0.8660254037844384,-0.5000000000000004,0.43388373911755823,-0.900968867902419,9,7,11,3,0.7,1,288.2519891127379,1,van,Unknown,Unknown,28.0
5.550927184202022,-0.9659258262890683,-0.25881904510252063,0.43388373911755823,-0.900968867902419,9,8,11,2,0.8,1,219.56554966378957,1,van,Unknown,Unknown,52.18333333333333
3.3125768912498756,-0.9659258262890683,-0.25881904510252063,0.43388373911755823,-0.900968867902419,9,9,11,1,0.9,1,57.98484552639604,1,van,Unknown,Unknown,76.76666666666667
0.7874646097073924,1.2246467991473532e-16,-1.0,0.0,1.0,1,0,11,10,0.0,1,209.21586420813364,1,van,Unknown,Unknown,17.383333333333333
0.5704794326689814,1.2246467991473532e-16,-1.0,0.0,1.0,1,1,11,9,0.1,1,332.21763492540754,1,van,Unknown,Unknown,12.75
0.2941679199080304,-0.2588190451025208,-0.9659258262890683,0.0,1.0,1,2,11,8,0.2,1,36.848208291927676,1,van,Unknown,Unknown,2.35
1.5402548840721229,-0.2588190451025208,-0.9659258262890683,0.0,1.0,1,3,11,7,0.3,1,13.123921922407078,1,van,Unknown,Unknown,45.6
0.7118125411559296,-0.2588190451025208,-0.9659258262890683,0.0,1.0,1,4,11,6,0.4,1,232.5463827076769,1,van,Unknown,Unknown,18.933333333333334
1.5475960745901685,-0.4999999999999998,-0.8660254037844388,0.0,1.0,1,5,11,5,0.5,1,234.9378779846463,1,van,Unknown,Unknown,16.2
5.144452147239231,-0.4999999999999998,-0.8660254037844388,0.0,1.0,1,7,11,3,0.7,0,175.50602207496036,-1,van,Unknown,Unknown,59.03333333333333
1.1576483687405688,-0.2588190451025208,-0.9659258262890683,0.9749279121818236,-0.22252093395631434,2,0,2,1,0.0,1,354.85310752673905,1,van,Unknown,Unknown,37.65
0.22576469040773964,0.49999999999999994,-0.8660254037844387,0.43388373911755823,-0.900968867902419,2,0,12,11,0.0,1,281.8237013863542,1,van,Unknown,Unknown,46.93333333333333
1.0380536011985926,0.258819045102521,-0.9659258262890682,0.43388373911755823,-0.900968867902419,2,1,12,10,0.09090909090909091,1,258.08398130386615,1,van,Unknown,Unknown,16.516666666666666
0.7513872712357684,-0.4999999999999998,-0.8660254037844388,0.43388373911755823,-0.900968867902419,2,3,12,8,0.2727272727272727,1,297.77731018117163,1,van,Unknown,Unknown,11.75
0.7353753029675433,-0.4999999999999998,-0.8660254037844388,0.43388373911755823,-0.900968867902419,2,4,12,7,0.36363636363636365,1,186.49081793869914,1,van,Unknown,Unknown,21.033333333333335
0.5891156787546733,-0.4999999999999998,-0.8660254037844388,0.43388373911755823,-0.900968867902419,2,5,12,6,0.45454545454545453,1,237.26557512212096,1,van,Unknown,Unknown,2.8
4.040139658503999,-0.4999999999999998,-0.8660254037844388,0.43388373911755823,-0.900968867902419,2,6,12,5,0.5454545454545454,1,56.719347459726634,1,van,Unknown,Unknown,51.166666666666664
1.7472864774547212,-0.7071067811865471,-0.7071067811865479,0.43388373911755823,-0.900968867902419,2,7,12,4,0.6363636363636364,1,356.6581957104543,1,van,Unknown,Unknown,17.566666666666666
1.2842821737061398,-0.7071067811865471,-0.7071067811865479,0.43388373911755823,-0.900968867902419,2,9,12,2,0.8181818181818182,1,9.86594460794339,1,van,Unknown,Unknown,13.983333333333333
7.360868920635654,0.258819045102521,-0.9659258262890682,0.0,1.0,2,0,11,10,0.0,0,228.2405479389175,-1,van,Unknown,Unknown,20.583333333333332
0.24681106374471223,-0.4999999999999998,-0.8660254037844388,0.0,1.0,2,2,11,8,0.2,1,187.22533459238593,1,van,Unknown,Unknown,2.6
1.0251621500049848,-0.4999999999999998,-0.8660254037844388,0.0,1.0,2,3,11,7,0.3,1,238.07263234338828,1,van,Unknown,Unknown,3.433333333333333
0.8873397584312398,-0.4999999999999998,-0.8660254037844388,0.0,1.0,2,4,11,6,0.4,1,54.30406802805766,1,van,Unknown,Unknown,46.53333333333333
3.1277042442339353,-0.7071067811865471,-0.7071067811865479,0.0,1.0,2,5,11,5,0.5,1,54.53081882866536,1,van,Unknown,Unknown,32.05
0.3856759231546988,-0.8660254037844384,-0.5000000000000004,0.0,1.0,2,6,11,4,0.6,1,56.88209595678501,1,van,Unknown,Unknown,3.7666666666666666
2.8003830733206114,0.258819045102521,-0.9659258262890682,0.7818314824680298,0.6234898018587336,2,0,11,10,0.0,1,235.12337045890968,1,van,Unknown,Unknown,56.95
0.562263316623812,1.2246467991473532e-16,-1.0,0.7818314824680298,0.6234898018587336,2,1,11,9,0.1,1,252.38897247977945,1,van,Unknown,Unknown,7.266666666666667
0.09138939771484268,1.2246467991473532e-16,-1.0,0.7818314824680298,0.6234898018587336,2,2,11,8,0.2,1,61.195480977649424,1,van,Unknown,Unknown,3.066666666666667
0.850647709842607,1.2246467991473532e-16,-1.0,0.7818314824680298,0.6234898018587336,2,4,11,6,0.4,1,241.23999557334884,1,van,Unknown,Unknown,13.316666666666666
1.0071108620888196,-0.2588190451025208,-0.9659258262890683,0.7818314824680298,0.6234898018587336,2,5,11,5,0.5,1,57.508283546810446,1,van,Unknown,Unknown,67.93333333333334
2.7586285116901452,-0.4999999999999998,-0.8660254037844388,0.7818314824680298,0.6234898018587336,2,6,11,4,0.6,1,27.769356715616823,1,van,Unknown,Unknown,41.666666666666664
1.3693924600582141,-0.7071067811865471,-0.7071067811865479,0.7818314824680298,0.6234898018587336,2,7,11,3,0.7,1,41.75365400619171,1,van,Unknown,Unknown,7.433333333333334
0.4801984936069011,-0.7071067811865471,-0.7071067811865479,0.7818314824680298,0.6234898018587336,2,8,11,2,0.8,1,58.31860625090326,1,van,Unknown,Unknown,36.03333333333333
0.07682759856992165,-0.7071067811865471,-0.7071067811865479,0.7818314824680298,0.6234898018587336,2,9,11,1,0.9,1,105.96138423240234,1,van,Unknown,Unknown,2.216666666666667
0.05734460039495963,1.2246467991473532e-16,-1.0,0.9749279121818236,-0.22252093395631434,3,0,4,3,0.0,1,89.99984375531596,0,car,Unknown,Unknown,34.55
5.345971293243823,-0.2588190451025208,-0.9659258262890683,0.9749279121818236,-0.22252093395631434,3,1,4,2,0.3333333333333333,1,49.75294237903228,0,car,Unknown,Unknown,46.3
0.08902272529389472,-0.2588190451025208,-0.9659258262890683,0.9749279121818236,-0.22252093395631434,3,2,4,1,0.6666666666666666,1,273.15073365879016,0,car,Unknown,Unknown,2.5833333333333335
3.0353922020621815,-0.4999999999999998,-0.8660254037844388,0.43388373911755823,-0.900968867902419,3,1,5,3,0.25,1,67.73627680743039,0,car,Unknown,Unknown,69.31666666666666
5.09820015100152,-0.7071067811865471,-0.7071067811865479,0.43388373911755823,-0.900968867902419,3,2,5,2,0.5,1,228.7596001022131,0,car,Unknown,Unknown,33.46666666666667
2.4349847970218192,-0.7071067811865471,-0.7071067811865479,0.43388373911755823,-0.900968867902419,3,3,5,1,0.75,1,277.42132639089607,0,car,Unknown,Unknown,89.16666666666667
3.6922146032913945,-0.8660254037844384,-0.5000000000000004,0.43388373911755823,-0.900968867902419,8,0,3,2,0.0,0,318.96413448883555,6,car,Unknown,Unknown,30.266666666666666
2.3655604483039463,-0.9659258262890683,-0.25881904510252063,0.43388373911755823,-0.900968867902419,8,1,3,1,0.5,0,202.68193211969404,-1,car,Unknown,Unknown,31.4
4.2329199699320705,-0.7071067811865471,-0.7071067811865479,0.9749279121818236,-0.22252093395631434,7,4,7,2,0.6666666666666666,1,240.10516713667755,0,car,Unknown,Unknown,34.31666666666667
0.21796756678932927,-0.7071067811865477,0.7071067811865474,-0.433883739117558,-0.9009688679024191,2,5,7,1,0.8333333333333334,1,64.17198145058342,28,car,Unknown,Unknown,6.366666666666666
0.3937648473318769,0.49999999999999994,-0.8660254037844387,0.7818314824680298,0.6234898018587336,11,0,21,20,0.0,1,356.3426546174164,9,van,Unknown,Unknown,37.56666666666667
2.6777834024503786,0.258819045102521,-0.9659258262890682,0.7818314824680298,0.6234898018587336,11,1,21,19,0.05,0,328.14044561990085,8,van,Unknown,Unknown,16.6
1.9201907018810032,0.258819045102521,-0.9659258262890682,0.7818314824680298,0.6234898018587336,11,2,21,18,0.1,1,344.85746112246414,8,van,Unknown,Unknown,27.083333333333332
0.8217844400852155,1.2246467991473532e-16,-1.0,0.7818314824680298,0.6234898018587336,11,3,21,17,0.15,1,199.67595904106102,8,van,Unknown,Unknown,13.233333333333333
1.4964367253626263,1.2246467991473532e-16,-1.0,0.7818314824680298,0.6234898018587336,11,4,21,16,0.2,1,52.59116599248199,8,van,Unknown,Unknown,9.95
2.2258821332707046,1.2246467991473532e-16,-1.0,0.7818314824680298,0.6234898018587336,11,6,21,14,0.3,0,58.45910176542765,6,van,Unknown,Unknown,14.766666666666667
0.22220435826938434,1.2246467991473532e-16,-1.0,0.7818314824680298,0.6234898018587336,11,8,21,12,0.4,1,45.405014275353494,6,van,Unknown,Unknown,7.6
1.5027805665775487,1.2246467991473532e-16,-1.0,0.7818314824680298,0.6234898018587336,11,9,21,11,0.45,0,313.20554416933567,7,van,Unknown,Unknown,14.933333333333334
1.5768938384400835,-0.2588190451025208,-0.9659258262890683,0.7818314824680298,0.6234898018587336,11,12,21,8,0.6,0,61.20983734768396,6,van,Unknown,Unknown,10.016666666666667
1.3359307886385479,-0.2588190451025208,-0.9659258262890683,0.7818314824680298,0.6234898018587336,11,13,21,7,0.65,1,72.23033235993444,6,van,Unknown,Unknown,15.983333333333333
1.2009307490742351,-0.2588190451025208,-0.9659258262890683,0.7818314824680298,0.6234898018587336,11,14,21,6,0.7,1,119.41022045391901,6,van,Unknown,Unknown,16.333333333333332
0.05184134857343242,-0.7071067811865471,-0.7071067811865479,0.7818314824680298,0.6234898018587336,11,18,21,2,0.9,1,344.84207908614894,5,van,Unknown,Unknown,1.1
0.14850584367594366,0.49999999999999994,-0.8660254037844387,-0.7818314824680299,0.6234898018587334,11,0,19,18,0.0,1,289.7821360810481,9,van,Unknown,Unknown,40.8
3.1343349261006317,0.258819045102521,-0.9659258262890682,-0.7818314824680299,0.6234898018587334,11,1,19,17,0.05555555555555555,0,346.81967638053897,8,van,Unknown,Unknown,26.316666666666666
1.5314959580752316,0.258819045102521,-0.9659258262890682,-0.7818314824680299,0.6234898018587334,11,2,19,16,0.1111111111111111,1,253.71095181565363,8,van,Unknown,Unknown,10.783333333333333
0.2246345631678948,0.258819045102521,-0.9659258262890682,-0.7818314824680299,0.6234898018587334,11,3,19,15,0.16666666666666666,1,289.70068602993257,8,van,Unknown,Unknown,9.083333333333334
0.158751786958508,1.2246467991473532e-16,-1.0,-0.7818314824680299,0.6234898018587334,11,4,19,14,0.2222222222222222,1,272.7705885488641,8,van,Unknown,Unknown,1.0333333333333334
1.113299712295352,1.2246467991473532e-16,-1.0,-0.7818314824680299,0.6234898018587334,11,5,19,13,0.2777777777777778,1,1.4360299987316125,8,van,Unknown,Unknown,8.35
0.658582155589775,1.2246467991473532e-16,-1.0,-0.7818314824680299,0.6234898018587334,11,6,19,12,0.3333333333333333,1,66.9060263917948,8,van,Unknown,Unknown,21.983333333333334
2.248816881056548,1.2246467991473532e-16,-1.0,-0.7818314824680299,0.6234898018587334,11,8,19,10,0.4444444444444444,0,83.38419631148861,6,van,Unknown,Unknown,18.716666666666665
0.16612810446470933,1.2246467991473532e-16,-1.0,-0.7818314824680299,0.6234898018587334,11,9,19,9,0.5,1,134.43646081086217,6,van,Unknown,Unknown,8.916666666666666
1.433840408961992,-0.2588190451025208,-0.9659258262890683,-0.7818314824680299,0.6234898018587334,11,11,19,7,0.6111111111111112,1,42.18792560660705,6,van,Unknown,Unknown,13.333333333333334
2.4815074904063805,-0.2588190451025208,-0.9659258262890683,-0.7818314824680299,0.6234898018587334,11,12,19,6,0.6666666666666666,1,26.749212729003375,6,van,Unknown,Unknown,25.0
1.1102153499126732,-0.2588190451025208,-0.9659258262890683,-0.7818314824680299,0.6234898018587334,11,13,19,5,0.7222222222222222,1,344.9742538454345,6,van,Unknown,Unknown,12.066666666666666
0.5183926667305729,-0.2588190451025208,-0.9659258262890683,-0.7818314824680299,0.6234898018587334,11,14,19,4,0.7777777777777778,1,244.27020133186738,6,van,Unknown,Unknown,4.55
0.7204305491922931,-0.2588190451025208,-0.9659258262890683,-0.7818314824680299,0.6234898018587334,11,15,19,3,0.8333333333333334,1,279.71404962595136,6,van,Unknown,Unknown,17.1
0.7670125340224023,-0.4999999999999998,-0.8660254037844388,-0.7818314824680299,0.6234898018587334,11,17,19,1,0.9444444444444444,1,351.3255264210362,6,van,Unknown,Unknown,42.166666666666664
0.29981483873183434,0.258819045102521,-0.9659258262890682,0.0,1.0,11,0,29,28,0.0,1,66.3867836904812,8,van,Unknown,Unknown,1.8
0.3076458782314389,0.258819045102521,-0.9659258262890682,0.0,1.0,11,2,29,26,0.07142857142857142,1,77.96183863433828,8,van,Unknown,Unknown,1.6166666666666667
1.4887165851942898,0.258819045102521,-0.9659258262890682,0.0,1.0,11,3,29,25,0.10714285714285714,1,24.248295434614647,8,van,Unknown,Unknown,12.816666666666666
0.9710901910495482,1.2246467991473532e-16,-1.0,0.0,1.0,11,4,29,24,0.14285714285714285,1,343.95521486630435,8,van,Unknown,Unknown,11.25
1.5539170327487273,1.2246467991473532e-16,-1.0,0.0,1.0,11,6,29,22,0.21428571428571427,0,5.887007479766112,10,van,Unknown,Unknown,22.25
2.7528489979947723,1.2246467991473532e-16,-1.0,0.0,1.0,11,9,29,19,0.32142857142857145,0,161.29732000239233,8,van,Unknown,Unknown,22.25
0.8774169630623894,1.2246467991473532e-16,-1.0,0.0,1.0,11,10,29,18,0.35714285714285715,0,36.852067839841084,6,van,Unknown,Unknown,2.1666666666666665
1.2452823264370076,1.2246467991473532e-16,-1.0,0.0,1.0,11,11,29,17,0.39285714285714285,1,52.57203453425956,6,van,Unknown,Unknown,23.7
0.41456287615155973,-0.2588190451025208,-0.9659258262890683,0.0,1.0,11,12,29,16,0.42857142857142855,1,327.0351276392199,6,van,Unknown,Unknown,3.6666666666666665
0.13111779438811907,-0.2588190451025208,-0.9659258262890683,0.0,1.0,11,13,29,15,0.4642857142857143,1,273.8418202955762,6,van,Unknown,Unknown,14.033333333333333
0.36718556386674256,-0.2588190451025208,-0.9659258262890683,0.0,1.0,11,14,29,14,0.5,1,1.5311582725290123,6,van,Unknown,Unknown,13.116666666666667
1.480845732839487,-0.2588190451025208,-0.9659258262890683,0.0,1.0,11,16,29,12,0.5714285714285714,1,29.419541958394802,6,van,Unknown,Unknown,17.016666666666666
0.524490287510622,-0.4999999999999998,-0.8660254037844388,0.0,1.0,11,18,29,10,0.6428571428571429,1,91.26202558020043,6,van,Unknown,Unknown,5.266666666666667
0.7005313488516242,-0.4999999999999998,-0.8660254037844388,0.0,1.0,11,19,29,9,0.6785714285714286,1,2.706846500186714,6,van,Unknown,Unknown,14.383333333333333
1.47033020090447,-0.4999999999999998,-0.8660254037844388,0.0,1.0,11,20,29,8,0.7142857142857143,1,15.386425883575612,6,van,Unknown,Unknown,43.96666666666667
1.493430791535819,-0.7071067811865471,-0.7071067811865479,0.0,1.0,11,24,29,4,0.8571428571428571,1,259.4932430120075,6,van,Unknown,Unknown,29.616666666666667
2.250272020712037,-0.7071067811865471,-0.7071067811865479,0.0,1.0,11,27,29,1,0.9642857142857143,0,38.67237798590833,5,van,Unknown,Unknown,62.61666666666667
0.5565818253682516,0.258819045102521,-0.9659258262890682,0.9749279121818236,-0.22252093395631434,11,0,9,8,0.0,1,280.61585147450444,8,van,Unknown,Unknown,7.216666666666667
1.0420032875567997,0.258819045102521,-0.9659258262890682,0.9749279121818236,-0.22252093395631434,11,1,9,7,0.125,1,352.9947655313426,8,van,Unknown,Unknown,7.083333333333333
1.0848006149989713,0.258819045102521,-0.9659258262890682,0.9749279121818236,-0.22252093395631434,11,2,9,6,0.25,1,333.21521431034927,8,van,Unknown,Unknown,17.0
3.4840907482765067,0.258819045102521,-0.9659258262890682,0.9749279121818236,-0.22252093395631434,11,3,9,5,0.375,0,85.17056557797514,6,van,Unknown,Unknown,48.25
2.278017673164527,1.2246467991473532e-16,-1.0,0.9749279121818236,-0.22252093395631434,11,4,9,4,0.5,1,25.223236873943563,6,van,Unknown,Unknown,21.8
0.770691375300236,1.2246467991473532e-16,-1.0,0.9749279121818236,-0.22252093395631434,11,5,9,3,0.625,1,260.7361193585639,6,van,Unknown,Unknown,12.25
0.5819168829933126,1.2246467991473532e-16,-1.0,0.9749279121818236,-0.22252093395631434,11,6,9,2,0.75,1,306.51635857737995,6,van,Unknown,Unknown,38.68333333333333
0.9538777766079183,-0.2588190451025208,-0.9659258262890683,0.9749279121818236,-0.22252093395631434,11,7,9,1,0.875,1,341.66722547434625,6,van,Unknown,Unknown,17.316666666666666
3.3945254977687176,0.49999999999999994,-0.8660254037844387,0.43388373911755823,-0.900968867902419,12,0,7,6,0.0,0,337.89938829541273,8,van,Unknown,Unknown,29.4
2.6872018364449315,0.258819045102521,-0.9659258262890682,0.43388373911755823,-0.900968867902419,12,1,7,5,0.16666666666666666,0,39.452787216922786,6,van,Unknown,Unknown,20.666666666666668
2.237627745492057,0.258819045102521,-0.9659258262890682,0.43388373911755823,-0.900968867902419,12,2,7,4,0.3333333333333333,1,11.689837212612758,6,van,Unknown,Unknown,16.0
0.7542147008867773,0.258819045102521,-0.9659258262890682,0.43388373911755823,-0.900968867902419,12,3,7,3,0.5,1,38.82714585753047,6,van,Unknown,Unknown,29.916666666666668
2.153424967127028,1.2246467991473532e-16,-1.0,0.43388373911755823,-0.900968867902419,12,4,7,2,0.6666666666666666,1,43.67100955939685,6,van,Unknown,Unknown,32.68333333333333
2.0668295763414437,1.2246467991473532e-16,-1.0,0.43388373911755823,-0.900968867902419,12,5,7,1,0.8333333333333334,0,10.297465435152333,-1,van,Unknown,Unknown,22.716666666666665
3.1677480710058505,0.258819045102521,-0.9659258262890682,-0.9749279121818236,-0.2225209339563146,12,0,9,8,0.0,0,306.0515114203125,-1,van,Unknown,Unknown,15.466666666666667
1.4425724031600735,0.258819045102521,-0.9659258262890682,-0.9749279121818236,-0.2225209339563146,12,1,9,7,0.125,0,90.59246661091458,8,van,Unknown,Unknown,21.133333333333333
1.7636730584040907,0.258819045102521,-0.9659258262890682,-0.9749279121818236,-0.2225209339563146,12,2,9,6,0.25,0,31.12091577748862,10,van,Unknown,Unknown,15.083333333333334
2.4471557159190955,1.2246467991473532e-16,-1.0,-0.9749279121818236,-0.2225209339563146,12,3,9,5,0.375,0,95.32012257494125,6,van,Unknown,Unknown,12.0
4.704671932812922,1.2246467991473532e-16,-1.0,-0.9749279121818236,-0.2225209339563146,12,4,9,4,0.5,0,34.695443089566425,-1,van,Unknown,Unknown,22.283333333333335
0.7888169908719308,1.2246467991473532e-16,-1.0,-0.9749279121818236,-0.2225209339563146,12,6,9,2,0.75,0,295.07269248039177,-1,van,Unknown,Unknown,12.983333333333333
3.611125852613153,0.49999999999999994,-0.8660254037844387,-0.9749279121818236,-0.2225209339563146,12,0,12,11,0.0,0,357.20539040219217,8,van,Unknown,Unknown,20.983333333333334
1.4649840635899254,0.49999999999999994,-0.8660254037844387,-0.9749279121818236,-0.2225209339563146,12,1,12,10,0.09090909090909091,1,263.63702507765265,8,van,Unknown,Unknown,6.483333333333333
0.22469364927268767,0.258819045102521,-0.9659258262890682,-0.9749279121818236,-0.2225209339563146,12,2,12,9,0.18181818181818182,1,347.00925418674143,8,van,Unknown,Unknown,10.566666666666666
0.8486447161728289,0.258819045102521,-0.9659258262890682,-0.9749279121818236,-0.2225209339563146,12,3,12,8,0.2727272727272727,1,289.7920024477979,8,van,Unknown,Unknown,11.6
1.0922371099799664,0.258819045102521,-0.9659258262890682,-0.9749279121818236,-0.2225209339563146,12,4,12,7,0.36363636363636365,1,30.61953188494681,8,van,Unknown,Unknown,4.633333333333334
0.6393433122142488,0.258819045102521,-0.9659258262890682,-0.9749279121818236,-0.2225209339563146,12,5,12,6,0.45454545454545453,1,27.80182297623645,8,van,Unknown,Unknown,3.466666666666667
4.004174656925077,0.258819045102521,-0.9659258262890682,-0.9749279121818236,-0.2225209339563146,12,6,12,5,0.5454545454545454,0,52.17167769082721,6,van,Unknown,Unknown,28.783333333333335
0.4177869470842134,1.2246467991473532e-16,-1.0,-0.9749279121818236,-0.2225209339563146,12,7,12,4,0.6363636363636364,1,64.2544135335853,6,van,Unknown,Unknown,22.2
2.982352623217904,1.2246467991473532e-16,-1.0,-0.9749279121818236,-0.2225209339563146,12,8,12,3,0.7272727272727273,0,70.49949261606673,15,van,Unknown,Unknown,13.633333333333333
2.712294833948305,1.2246467991473532e-16,-1.0,-0.9749279121818236,-0.2225209339563146,12,9,12,2,0.8181818181818182,0,264.37227256182683,6,van,Unknown,Unknown,67.75
2.0013577762347716,-0.2588190451025208,-0.9659258262890683,-0.433883739117558,-0.9009688679024191,3,3,8,4,0.42857142857142855,0,234.34318954697028,25,car,Unknown,Unknown,73.33333333333333
4.24789602164868,-0.7071067811865471,-0.7071067811865479,0.43388373911755823,-0.900968867902419,10,2,8,5,0.2857142857142857,0,112.37560810298976,-1,car,Unknown,Unknown,48.31666666666667
3.70318679331347,-0.8660254037844384,-0.5000000000000004,0.43388373911755823,-0.900968867902419,10,3,8,4,0.42857142857142855,0,58.350584145552546,-1,car,Unknown,Unknown,85.46666666666667
5.818068442385252,-0.9659258262890683,-0.25881904510252063,0.43388373911755823,-0.900968867902419,10,4,8,3,0.5714285714285714,0,253.11842082136326,-1,car,Unknown,Unknown,73.1
0.3465788589509731,-0.9659258262890684,0.2588190451025203,0.43388373911755823,-0.900968867902419,10,5,8,2,0.7142857142857143,0,147.78350277902155,-1,car,Unknown,Unknown,2.7333333333333334
10.090447499425048,-0.9659258262890684,0.2588190451025203,0.43388373911755823,-0.900968867902419,10,6,8,1,0.8571428571428571,0,298.0571444554076,22,car,Unknown,Unknown,78.78333333333333
12.206487720712737,0.258819045102521,-0.9659258262890682,0.43388373911755823,-0.900968867902419,8,0,5,4,0.0,0,31.436500561682692,16,car,Unknown,Unknown,60.63333333333333
3.3069917320134223,-0.2588190451025208,-0.9659258262890683,0.43388373911755823,-0.900968867902419,8,2,5,2,0.5,1,222.13372778201506,6,car,Unknown,Unknown,28.666666666666668
1.7111762476888341,-0.4999999999999998,-0.8660254037844388,0.43388373911755823,-0.900968867902419,8,3,5,1,0.75,1,43.819240591789594,6,car,Unknown,Unknown,1.9833333333333334
0.3787681623290255,-0.9659258262890683,-0.25881904510252063,0.7818314824680298,0.6234898018587336,3,0,10,9,0.0,1,272.373328824169,6,car,Unknown,Unknown,15.016666666666667
0.07535107965806709,-0.9659258262890683,-0.25881904510252063,0.7818314824680298,0.6234898018587336,3,2,10,7,0.2222222222222222,1,19.696457063594323,6,car,Unknown,Unknown,1.3833333333333333
0.683812816572911,-0.9659258262890683,-0.25881904510252063,0.7818314824680298,0.6234898018587336,3,3,10,6,0.3333333333333333,1,63.21668383439834,6,car,Unknown,Unknown,15.133333333333333
0.2409382688882531,-0.9659258262890683,-0.25881904510252063,0.7818314824680298,0.6234898018587336,3,4,10,5,0.4444444444444444,1,120.32348830134788,6,car,Unknown,Unknown,10.55
0.6133803633731774,-0.9659258262890683,-0.25881904510252063,0.7818314824680298,0.6234898018587336,3,5,10,4,0.5555555555555556,1,20.258727276826903,6,car,Unknown,Unknown,34.06666666666667
0.8237272967060242,-1.0,-1.8369701987210297e-16,0.7818314824680298,0.6234898018587336,3,7,10,2,0.7777777777777778,1,333.7335528801332,6,car,Unknown,Unknown,20.25
0.4076705261169371,-1.0,-1.8369701987210297e-16,0.7818314824680298,0.6234898018587336,3,8,10,1,0.8888888888888888,1,233.6131519651018,6,car,Unknown,Unknown,9.283333333333333
2.551131687450518,-0.4999999999999998,-0.8660254037844388,-0.433883739117558,-0.9009688679024191,12,1,4,2,0.3333333333333333,0,254.64717609235134,-1,car,Unknown,Unknown,73.81666666666666
1.0360462648765738,-0.8660254037844384,-0.5000000000000004,-0.433883739117558,-0.9009688679024191,12,2,4,1,0.6666666666666666,0,330.5208581400917,20,car,Unknown,Unknown,35.61666666666667
2.1880440951298947,1.2246467991473532e-16,-1.0,0.0,1.0,4,1,6,4,0.2,0,72.87599383997212,-1,car,Unknown,Unknown,77.28333333333333
0.6876720794411922,0.258819045102521,-0.9659258262890682,0.0,1.0,4,4,9,4,0.5,1,133.35767386666004,23,car,Unknown,Unknown,29.316666666666666
6.4252,0.258819,-0.965926,-0.974928,-0.222521,5,0,9,8,0.0,0,79.5,-1,car,Low,Sandstorm,45.76
0.7399,-0.707107,-0.707107,-0.781831,0.62349,1,1,11,9,0.1,1,340.47,1,car,Normal,Sunny,8.23
1.3157,-0.258819,-0.965926,-0.974928,-0.222521,5,0,5,4,0.0,1,283.98,1,car,High,Sunny,20.76
8.2185,0.5,0.866025,0.781831,0.62349,5,5,15,9,0.3571,0,28.36,6,car,Jam,Sandstorm,90.0
0.5857,-0.965926,-0.258819,0.0,1.0,6,20,24,3,0.8696,1,167.7,18,van,Medium,Sunny,13.57
1.1834,-0.258819,-0.965926,0.781831,0.62349,11,14,21,6,0.7,1,119.82,6,car,Medium,Sunny,13.42
0.1285,-0.866025,-0.5,-0.974928,-0.222521,11,34,37,2,0.9444,1,232.53,35,van,Normal,Windy,3.01
1.6942,-0.866025,-0.5,-0.974928,-0.222521,4,2,11,8,0.2,1,254.3,1,car,Medium,Sunny,26.48
0.3736,0.258819,-0.965926,0.974928,-0.222521,3,1,8,6,0.1429,1,66.38,0,car,Jam,Sunny,6.66
0.7108,-0.707107,-0.707107,0.781831,0.62349,11,3,9,5,0.375,0,121.82,-1,car,Normal,Windy,9.21
0.5335,-0.258819,-0.965926,0.781831,0.62349,2,6,12,5,0.5455,1,142.6,14,car,Normal,Sunny,5.52
10.0975,-0.965926,0.258819,0.974928,-0.222521,11,6,8,1,0.8571,0,298.65,22,car,Low,Windy,58.27
0.6872,-0.258819,-0.965926,0.781831,0.62349,12,2,17,14,0.125,1,216.04,1,car,High,Windy,11.11
0.1833,-0.5,-0.866025,0.974928,-0.222521,2,2,11,8,0.2,1,120.67,2,car,Normal,Sunny,1.14
2.8812,0.0,-1.0,-0.433884,-0.900969,5,6,8,1,0.8571,1,72.12,1,van,Low,Sunny,27.46
0.1848,-0.5,0.866025,0.433884,-0.900969,1,0,12,11,0.0,1,302.52,1,van,Normal,Sunny,1.44
1.6293,0.258819,-0.965926,0.0,1.0,8,10,13,2,0.8333,0,241.55,-1,van,Normal,Sunny,16.57
0.3324,-0.258819,-0.965926,0.433884,-0.900969,1,5,21,15,0.25,1,170.61,0,car,Jam,Sandstorm,10.36
0.2679,0.5,0.866025,0.0,1.0,2,5,7,1,0.8333,1,21.04,28,car,Normal,Windy,1.91
8.5626,-0.258819,-0.965926,0.974928,-0.222521,3,12,15,2,0.8571,0,65.03,-1,van,High,Windy,90.0
0.1101,-0.5,-0.866025,0.974928,-0.222521,2,2,13,10,0.1667,1,134.33,14,car,Low,Sunny,1.0
2.0842,-1.0,-0.0,0.433884,-0.900969,11,1,25,23,0.0417,1,36.48,0,car,Normal,Sunny,25.62
0.4919,-0.5,-0.866025,0.781831,0.62349,4,7,10,2,0.7778,1,204.83,0,car,High,Sunny,6.06
0.642,0.258819,-0.965926,0.974928,-0.222521,4,6,9,2,0.75,1,281.81,6,car,Normal,Sandstorm,5.97
5.2681,-0.707107,-0.707107,0.433884,-0.900969,10,7,11,3,0.7,0,176.92,-1,car,Medium,Sunny,81.94
0.9123,0.0,-1.0,0.433884,-0.900969,5,2,12,9,0.1818,1,55.26,1,car,Low,Sunny,6.22
0.3972,-0.707107,0.707107,-0.974928,-0.222521,4,9,27,17,0.3462,1,343.73,13,car,Low,Rainy,1.49
0.1778,-0.5,-0.866025,0.0,1.0,11,9,11,1,0.9,1,188.88,1,van,Medium,Windy,2.98
1.4508,-0.258819,-0.965926,0.0,1.0,4,7,14,6,0.5385,1,298.19,1,van,High,Windy,34.48
0.2466,-0.965926,0.258819,0.781831,0.62349,1,8,15,6,0.5714,1,44.8,15,car,Normal,Sunny,1.69
8.7648,-0.866025,-0.5,0.781831,0.62349,1,12,15,2,0.8571,0,66.31,-1,car,Medium,Sandstorm,90.0
0.7093,0.258819,-0.965926,0.974928,-0.222521,4,3,16,12,0.2,1,156.81,0,car,Medium,Sunny,7.29
1.5673,-0.5,-0.866025,0.781831,0.62349,4,2,9,6,0.25,0,242.15,-1,van,Medium,Sunny,20.57
0.899,-0.5,-0.866025,0.974928,-0.222521,1,2,29,26,0.0714,1,239.01,1,van,Medium,Foggy,15.53
0.3383,-0.707107,-0.707107,0.433884,-0.900969,11,0,29,28,0.0,1,120.06,8,car,Normal,Sunny,4.81
0.662,0.258819,-0.965926,0.0,1.0,7,20,37,16,0.5556,1,265.0,35,van,Low,Sandstorm,6.67
1.25,0.0,-1.0,0.974928,-0.222521,1,14,21,6,0.7,1,125.72,6,van,Normal,Sunny,15.65
0.2312,0.258819,-0.965926,-0.974928,-0.222521,10,2,4,1,0.6667,1,184.82,0,car,Medium,Sunny,2.32
3.428,-0.866025,-0.5,0.433884,-0.900969,5,3,13,9,0.25,1,59.52,0,van,Normal,Sunny,56.97
0.9213,-0.258819,-0.965926,0.781831,0.62349,1,4,14,9,0.3077,1,244.68,4,car,High,Sunny,14.69
2.0227,-0.5,-0.866025,0.0,1.0,1,12,15,2,0.8571,1,152.95,0,van,High,Rainy,42.31
0.6391,0.5,-0.866025,0.781831,0.62349,8,15,17,1,0.9375,1,318.64,1,van,Medium,Sunny,12.05
0.6547,-0.258819,-0.965926,0.433884,-0.900969,4,4,11,6,0.4,1,332.81,1,van,Jam,Rainy,24.8
5.4601,-0.707107,-0.707107,-0.974928,-0.222521,6,5,14,8,0.3846,1,46.89,0,van,Normal,Sunny,90.0
0.705,-0.866025,-0.5,-0.974928,-0.222521,8,23,37,13,0.6389,1,74.1,35,car,High,Sunny,15.55
3.6968,-0.5,-0.866025,-0.974928,-0.222521,7,3,8,4,0.4286,0,56.12,-1,car,Jam,Windy,73.98
0.818,0.0,-1.0,0.433884,-0.900969,9,9,15,5,0.6429,1,342.31,15,car,High,Sunny,12.92
1.0819,-0.965926,-0.258819,0.974928,-0.222521,1,4,29,24,0.1429,1,345.87,8,car,Medium,Sunny,18.42
1.1975,-0.258819,-0.965926,-0.781831,0.62349,5,12,22,9,0.5714,1,332.41,1,van,Normal,Sunny,14.61
1.0001,-0.965926,-0.258819,0.433884,-0.900969,4,4,11,6,0.4,1,250.37,1,car,Normal,Sandstorm,15.65
4.9529,-0.5,-0.866025,-0.781831,0.62349,2,1,11,9,0.1,0,52.91,2,van,High,Rainy,90.0
0.7206,-0.258819,-0.965926,0.974928,-0.222521,4,8,12,3,0.7273,1,299.04,0,car,High,Sunny,12.02
0.6273,-0.707107,-0.707107,-0.781831,0.62349,9,10,14,3,0.7692,1,132.08,0,car,Medium,Sandstorm,13.22
10.3121,0.258819,-0.965926,-0.781831,0.62349,11,2,14,11,0.1538,0,44.92,15,van,Jam,Sunny,90.0
0.5558,0.5,0.866025,0.0,1.0,3,0,13,12,0.0,1,152.92,14,car,Normal,Windy,2.84
0.2688,-0.258819,-0.965926,0.781831,0.62349,4,7,37,29,0.1944,1,3.93,35,van,Medium,Sunny,4.89
1.2473,-0.707107,-0.707107,0.433884,-0.900969,2,8,14,5,0.6154,1,118.9,1,car,Jam,Sunny,38.05
2.9131,-0.866025,-0.5,0.433884,-0.900969,3,6,15,8,0.4286,0,354.23,0,car,High,Sunny,61.19
1.1706,-0.965926,-0.258819,0.781831,0.62349,3,6,17,10,0.375,1,242.71,1,car,Normal,Sunny,14.64
2.3603,-1.0,-0.0,-0.781831,0.62349,6,18,22,3,0.8571,1,206.81,1,car,Medium,Sunny,36.65
2.4435,-0.258819,-0.965926,0.974928,-0.222521,9,4,9,4,0.5,1,20.17,6,van,Normal,Sunny,31.08
1.4483,-0.5,-0.866025,0.781831,0.62349,1,7,17,9,0.4375,1,295.75,1,car,Jam,Windy,29.23
3.399,-0.707107,-0.707107,0.974928,-0.222521,4,1,4,2,0.3333,1,96.83,0,car,Low,Sunny,29.44
1.9604,0.0,-1.0,0.974928,-0.222521,6,3,8,4,0.4286,0,245.01,25,car,High,Rainy,36.34
1.2444,-0.707107,-0.707107,-0.974928,-0.222521,11,7,24,16,0.3043,1,60.53,6,car,Medium,Sunny,18.82
0.4791,0.0,-1.0,-0.433884,-0.900969,8,0,16,15,0.0,1,329.72,0,van,Jam,Sunny,16.15
1.527,-0.866025,-0.5,0.974928,-0.222521,3,16,29,12,0.5714,1,28.7,6,car,High,Sunny,33.45
2.2464,0.0,-1.0,0.0,1.0,4,1,25,23,0.0417,1,38.26,0,car,High,Sunny,34.85
0.4152,-0.5,0.866025,0.781831,0.62349,1,29,37,7,0.8056,1,58.52,35,car,Low,Sandstorm,2.24
0.1789,-0.707107,0.707107,0.433884,-0.900969,10,4,14,9,0.3077,1,283.23,15,van,Medium,Windy,2.32
1.6198,-0.965926,0.258819,0.781831,0.62349,4,7,12,4,0.6364,1,7.26,1,van,Jam,Sunny,41.53
0.581,0.0,-1.0,0.433884,-0.900969,6,4,12,7,0.3636,1,161.73,0,van,High,Sunny,12.57
3.9145,0.5,-0.866025,0.781831,0.62349,6,6,8,1,0.8571,0,30.62,18,van,Jam,Sandstorm,90.0
0.4969,-0.258819,-0.965926,0.974928,-0.222521,3,6,21,14,0.3,1,236.23,0,van,High,Sandstorm,14.45
2.5505,-0.258819,-0.965926,0.781831,0.62349,11,0,6,5,0.0,1,238.77,1,van,Medium,Windy,44.19
0.5814,0.258819,-0.965926,-0.974928,-0.222521,3,8,14,5,0.6154,1,325.31,15,van,Medium,Windy,8.2
2.4389,-0.258819,-0.965926,0.781831,0.62349,4,2,16,13,0.1333,1,272.03,0,car,Medium,Sunny,28.85
0.6602,0.258819,-0.965926,0.433884,-0.900969,4,2,16,13,0.1333,1,30.78,0,van,Normal,Sunny,6.79
0.7945,0.258819,-0.965926,0.0,1.0,12,8,29,20,0.2857,1,224.99,1,car,Low,Foggy,5.1
0.1979,-0.258819,-0.965926,-0.781831,0.62349,1,7,22,14,0.3333,1,341.94,1,van,High,Rainy,5.04
3.0933,-0.965926,0.258819,0.433884,-0.900969,4,0,9,8,0.0,0,307.32,-1,car,Normal,Sunny,23.34
0.1347,-0.866025,-0.5,-0.781831,0.62349,5,1,15,13,0.0714,1,67.91,9,van,Medium,Sunny,3.73
1.2647,-0.5,-0.866025,0.433884,-0.900969,4,9,15,5,0.6429,1,59.85,0,car,High,Sunny,16.27
2.5328,0.0,-1.0,-0.781831,0.62349,4,3,5,1,0.75,1,279.82,0,car,Medium,Sunny,31.22
0.8569,0.258819,-0.965926,0.0,1.0,2,5,9,3,0.625,1,100.6,1,car,Medium,Sunny,8.29
0.8015,-0.258819,-0.965926,-0.781831,0.62349,11,4,11,6,0.4,1,333.32,1,van,Low,Sunny,6.8
1.5061,0.0,-1.0,0.433884,-0.900969,3,5,9,3,0.625,0,317.46,22,car,Low,Sunny,9.66
0.0689,-0.5,-0.866025,0.781831,0.62349,1,3,18,14,0.1765,1,355.32,0,car,Low,Sunny,1.0
5.6357,0.0,-1.0,0.974928,-0.222521,1,8,11,2,0.8,1,220.05,1,car,Medium,Foggy,84.05
2.4255,0.0,-1.0,0.0,1.0,1,3,5,1,0.75,1,280.85,0,car,Normal,Sunny,21.78
2.1504,0.0,-1.0,0.974928,-0.222521,2,21,24,2,0.913,0,173.27,-1,car,Medium,Sunny,25.43
0.8899,0.0,-1.0,0.974928,-0.222521,1,4,11,6,0.4,1,66.18,1,van,Normal,Sunny,10.82
0.4317,-0.707107,-0.707107,0.974928,-0.222521,11,0,21,20,0.0,1,357.24,9,car,Normal,Windy,5.47
6.8002,-0.866025,-0.5,0.974928,-0.222521,8,1,13,11,0.0833,1,51.25,0,car,Jam,Sunny,90.0
0.6917,-0.707107,-0.707107,0.433884,-0.900969,4,10,29,18,0.3571,0,40.66,6,van,High,Sunny,19.69
0.1167,0.0,-1.0,0.433884,-0.900969,2,10,13,2,0.8333,1,17.83,0,van,Normal,Windy,1.3
0.2842,0.0,-1.0,0.0,1.0,4,12,16,3,0.8,1,271.93,0,van,Medium,Sunny,4.33
2.0169,-0.5,-0.866025,-0.781831,0.62349,5,18,22,3,0.8571,1,210.35,1,van,Low,Sunny,15.56
1.4652,-0.258819,-0.965926,0.433884,-0.900969,5,9,14,4,0.6923,1,174.23,1,van,Jam,Sunny,46.48
0.1449,-0.707107,-0.707107,-0.974928,-0.222521,11,14,21,6,0.7,1,250.53,0,car,Normal,Sandstorm,2.19
2.5865,-0.965926,-0.258819,0.781831,0.62349,4,3,5,1,0.75,1,277.87,0,van,High,Rainy,87.64
8.0423,-0.866025,-0.5,-0.781831,0.62349,8,2,4,1,0.6667,1,232.74,0,van,Medium,Sunny,90.0
0.7344,-0.866025,-0.5,0.974928,-0.222521,4,4,11,6,0.4,1,59.38,1,car,Normal,Sunny,8.84
0.5821,0.0,-1.0,0.433884,-0.900969,4,7,24,16,0.3043,1,82.63,35,car,Medium,Sunny,6.96
1.118,-0.258819,-0.965926,-0.974928,-0.222521,4,9,12,2,0.8182,1,15.53,1,van,Normal,Sunny,14.03
1.273,-0.258819,0.965926,0.781831,0.62349,9,1,12,10,0.0909,1,254.9,1,car,Medium,Foggy,11.37
1.6742,-0.5,-0.866025,-0.781831,0.62349,10,5,11,5,0.5,1,239.49,1,car,Normal,Sunny,12.11
0.5926,-0.258819,-0.965926,0.433884,-0.900969,2,4,22,17,0.1905,1,87.98,1,van,Normal,Sunny,7.31
1.1633,-0.707107,-0.707107,0.781831,0.62349,1,5,14,8,0.3846,0,232.42,6,car,Normal,Windy,14.87
1.4406,-0.707107,-0.707107,0.0,1.0,12,7,11,3,0.7,1,71.63,1,van,Normal,Sunny,24.69
3.4081,0.0,-1.0,0.433884,-0.900969,3,3,13,9,0.25,1,59.76,0,van,Low,Windy,33.13
1.2506,-0.707107,-0.707107,-0.974928,-0.222521,10,5,11,5,0.5,1,230.64,1,car,Medium,Windy,20.8
0.8031,-0.258819,-0.965926,0.0,1.0,2,2,29,26,0.0714,1,261.71,1,car,High,Sunny,12.92
0.7869,-0.965926,-0.258819,0.781831,0.62349,10,3,8,4,0.4286,1,224.15,15,van,Medium,Sunny,17.53
1.1728,0.0,-1.0,0.0,1.0,4,6,13,6,0.5,1,274.33,14,van,Normal,Windy,15.95
0.05,0.0,-1.0,-0.781831,0.62349,3,10,29,18,0.3571,1,53.32,1,van,Medium,Sunny,1.14
0.1829,-0.258819,-0.965926,0.433884,-0.900969,5,2,37,34,0.0556,1,91.56,35,van,Medium,Windy,5.07
0.3403,-0.258819,-0.965926,-0.781831,0.62349,5,14,21,6,0.7,1,170.06,0,car,High,Sunny,5.31
0.2111,-0.258819,-0.965926,-0.974928,-0.222521,5,0,25,24,0.0,1,24.62,0,van,Low,Sunny,2.13
2.4933,0.258819,-0.965926,-0.781831,0.62349,1,0,7,6,0.0,1,269.8,0,car,High,Sunny,32.35
0.0635,0.0,-1.0,0.433884,-0.900969,3,6,15,8,0.4286,1,265.05,6,van,Jam,Sandstorm,2.66
0.4394,-0.707107,-0.707107,0.0,1.0,11,6,22,15,0.2857,1,68.98,1,van,Jam,Sunny,17.75
1.5074,-0.707107,0.707107,-0.974928,-0.222521,2,0,5,4,0.0,1,264.55,1,car,Medium,Sunny,10.41
0.3274,-0.5,-0.866025,0.781831,0.62349,8,4,14,9,0.3077,1,251.61,15,car,High,Sunny,4.12
1.5591,-1.0,-0.0,0.781831,0.62349,2,12,21,8,0.6,0,52.08,6,van,Medium,Sunny,33.29
0.9196,0.0,-1.0,-0.974928,-0.222521,2,8,29,20,0.2857,1,211.19,1,van,High,Windy,21.42
0.3089,-0.258819,-0.965926,-0.781831,0.62349,2,30,37,6,0.8333,1,293.04,35,car,Low,Windy,2.35
4.2083,-0.5,-0.866025,0.781831,0.62349,2,6,11,4,0.6,0,246.27,1,van,Normal,Sunny,43.59
0.3562,-0.258819,-0.965926,-0.781831,0.62349,10,20,29,8,0.7143,1,142.57,1,car,Medium,Sunny,5.32
6.4144,-0.258819,-0.965926,-0.781831,0.62349,11,8,14,5,0.6154,0,247.72,1,car,Medium,Sunny,75.0
0.9122,-0.707107,-0.707107,0.433884,-0.900969,4,8,29,20,0.2857,1,228.65,1,car,Normal,Sunny,10.63
0.8242,-0.707107,0.707107,0.781831,0.62349,2,1,29,27,0.0357,1,52.51,1,car,Medium,Foggy,7.96
1.4262,-0.5,-0.866025,0.433884,-0.900969,5,1,9,7,0.125,0,168.0,-1,car,High,Foggy,22.52
0.2911,-0.258819,-0.965926,-0.974928,-0.222521,2,4,29,24,0.1429,1,110.55,1,car,Medium,Sunny,3.77
4.1296,-0.5,-0.866025,0.974928,-0.222521,10,6,12,5,0.5455,1,54.15,1,van,Low,Sunny,30.12
0.4797,0.0,-1.0,-0.974928,-0.222521,4,10,13,2,0.8333,1,313.93,0,van,Medium,Rainy,8.56
0.9087,-0.866025,-0.5,0.781831,0.62349,1,10,13,2,0.8333,1,45.32,1,car,High,Rainy,23.08
0.9438,-0.5,-0.866025,-0.974928,-0.222521,4,22,24,1,0.9565,1,184.36,35,van,Medium,Sunny,11.95
5.1155,0.258819,-0.965926,-0.781831,0.62349,4,14,16,1,0.9333,1,232.04,0,car,Normal,Foggy,47.94
0.05,0.258819,0.965926,0.433884,-0.900969,3,1,15,13,0.0714,1,351.84,9,van,High,Windy,1.0
0.6527,-0.866025,-0.5,0.781831,0.62349,6,0,10,9,0.0,1,259.49,6,van,Low,Sunny,8.42
0.8244,-0.965926,-0.258819,0.781831,0.62349,10,6,14,7,0.4615,1,58.84,0,car,Medium,Sunny,13.08
3.4495,-0.866025,-0.5,0.974928,-0.222521,11,3,13,9,0.25,1,57.62,0,van,High,Sunny,90.0
1.0354,-0.258819,-0.965926,0.781831,0.62349,4,25,27,1,0.9615,0,237.32,-1,car,Medium,Rainy,13.63
0.4682,0.0,-1.0,0.0,1.0,12,8,10,1,0.8889,1,202.03,6,van,Normal,Windy,5.98
1.3367,-0.258819,-0.965926,0.433884,-0.900969,3,9,21,11,0.45,0,314.84,7,van,Medium,Rainy,24.85
1.3483,-0.258819,-0.965926,0.781831,0.62349,3,1,37,35,0.0278,1,111.57,35,van,Low,Sunny,12.73
1.4147,-0.258819,-0.965926,0.0,1.0,3,8,16,7,0.5333,1,158.95,0,van,Jam,Sunny,44.77
0.724,0.0,-1.0,0.974928,-0.222521,11,8,11,2,0.8,1,43.97,1,van,Normal,Sunny,8.85
0.8323,-0.5,-0.866025,0.974928,-0.222521,10,17,37,19,0.4722,1,137.13,35,car,High,Sunny,11.14
1.6199,0.0,-1.0,0.0,1.0,2,12,21,8,0.6,0,59.76,6,car,High,Rainy,30.3
0.5101,-0.965926,-0.258819,-0.974928,-0.222521,4,6,13,6,0.5,1,244.22,0,car,High,Rainy,12.35
1.1015,-0.866025,-0.5,-0.781831,0.62349,4,1,9,7,0.125,1,351.13,8,car,Normal,Sunny,13.85
1.7138,-0.5,-0.866025,-0.781831,0.62349,5,1,13,11,0.0833,1,230.29,0,car,Normal,Sunny,12.88
2.6079,-0.5,-0.866025,0.0,1.0,4,21,24,2,0.913,0,171.35,-1,van,Normal,Windy,28.82
0.5513,-1.0,-0.0,-0.974928,-0.222521,7,1,22,20,0.0476,1,335.5,1,car,Normal,Windy,7.7
1.7671,0.258819,-0.965926,0.974928,-0.222521,5,4,21,16,0.2,1,33.37,0,van,Normal,Sunny,18.45
2.0122,-0.258819,-0.965926,-0.781831,0.62349,1,3,29,25,0.1071,1,10.12,1,van,Medium,Sunny,32.2
1.1476,-0.5,-0.866025,0.781831,0.62349,7,5,13,7,0.4167,1,24.21,14,van,Normal,Sunny,11.52
1.059,-0.258819,-0.965926,0.433884,-0.900969,4,0,2,1,0.0,1,349.16,1,van,Jam,Sunny,33.89
0.6301,-0.5,-0.866025,0.0,1.0,3,2,4,1,0.6667,0,310.73,20,van,Normal,Sunny,6.14
0.3464,0.0,-1.0,0.0,1.0,4,3,22,18,0.1429,1,312.5,1,van,High,Sunny,7.28
1.3219,-0.5,-0.866025,-0.781831,0.62349,4,25,27,1,0.9615,0,236.27,-1,car,Normal,Sunny,10.4
1.3692,-0.707107,-0.707107,0.974928,-0.222521,4,15,27,11,0.5769,0,226.61,12,car,Medium,Sandstorm,28.07
0.3557,-0.258819,-0.965926,-0.974928,-0.222521,1,11,24,12,0.4783,1,84.92,15,car,Normal,Sunny,3.23
0.8363,-0.258819,-0.965926,0.0,1.0,6,4,11,6,0.4,1,253.03,1,car,High,Sunny,12.51
0.8446,-0.258819,-0.965926,0.433884,-0.900969,1,10,18,7,0.5882,1,5.22,0,car,Medium,Rainy,11.56
1.5867,0.0,-1.0,0.974928,-0.222521,5,13,15,1,0.9286,0,112.91,-1,car,Normal,Windy,15.34
0.2606,-0.258819,-0.965926,0.974928,-0.222521,2,5,16,10,0.3333,1,230.55,0,van,Medium,Sunny,3.82
2.8772,-0.258819,0.965926,0.781831,0.62349,3,16,24,7,0.6957,1,270.37,35,car,Normal,Windy,16.84
0.5436,-0.5,-0.866025,0.781831,0.62349,2,2,8,5,0.2857,0,46.22,-1,van,High,Sunny,9.7
1.7482,-0.258819,-0.965926,0.974928,-0.222521,11,1,9,7,0.125,0,184.81,-1,car,High,Windy,29.9
0.6987,-0.965926,-0.258819,0.974928,-0.222521,4,0,11,10,0.0,1,204.71,1,car,Medium,Windy,11.4
0.32,-0.5,-0.866025,0.781831,0.62349,4,2,10,7,0.2222,1,195.38,1,van,Medium,Sunny,3.75
1.6102,-0.866025,-0.5,0.433884,-0.900969,9,2,11,8,0.2,1,250.59,1,van,Medium,Sunny,33.96
1.0219,-0.965926,-0.258819,0.781831,0.62349,4,5,8,2,0.7143,1,318.48,16,van,Normal,Sunny,16.66
3.289,-0.258819,-0.965926,0.0,1.0,5,6,8,1,0.8571,1,69.95,1,van,Low,Sunny,31.41
0.9055,-0.866025,-0.5,-0.781831,0.62349,11,10,15,4,0.7143,1,150.08,0,car,Normal,Sunny,11.24
0.4352,0.258819,-0.965926,0.0,1.0,10,12,29,16,0.4286,1,322.35,6,van,Normal,Sunny,4.1
0.05,0.0,-1.0,0.433884,-0.900969,9,2,13,10,0.1667,1,299.62,14,car,Low,Sunny,1.0
2.0164,-0.5,-0.866025,0.781831,0.62349,8,5,7,1,0.8333,0,9.41,-1,car,Normal,Sunny,15.48
1.2006,-0.965926,-0.258819,0.433884,-0.900969,5,4,15,10,0.2857,1,197.53,0,van,Medium,Sunny,25.3
0.7142,-0.5,-0.866025,0.433884,-0.900969,3,0,13,12,0.0,1,147.7,14,van,Normal,Rainy,8.84
14.7891,0.0,-1.0,-0.781831,0.62349,3,1,11,9,0.1,0,225.75,1,van,Normal,Foggy,90.0
7.8438,-0.258819,-0.965926,0.433884,-0.900969,5,1,5,3,0.25,0,87.69,22,van,Low,Sunny,70.89
0.2666,-0.5,-0.866025,0.974928,-0.222521,3,10,15,4,0.7143,1,131.26,15,car,Normal,Sunny,1.66
2.0279,0.0,-1.0,0.974928,-0.222521,8,13,15,1,0.9286,0,99.06,-1,car,Medium,Sunny,23.91
0.6971,-0.965926,0.258819,0.781831,0.62349,4,21,25,3,0.875,1,153.26,0,van,Normal,Sunny,6.47
0.1191,-0.965926,-0.258819,0.433884,-0.900969,4,11,16,4,0.7333,1,129.57,0,car,Medium,Sandstorm,1.95
0.2604,0.0,-1.0,0.433884,-0.900969,8,6,13,6,0.5,1,35.34,0,van,Normal,Rainy,4.58
4.0088,-0.258819,-0.965926,0.974928,-0.222521,5,19,22,2,0.9048,1,239.36,1,car,Low,Sunny,25.63
0.5331,0.0,-1.0,0.974928,-0.222521,11,5,9,3,0.625,1,106.48,1,car,Low,Sunny,3.11
1.1479,-0.965926,0.258819,0.974928,-0.222521,10,1,12,10,0.0909,1,7.82,1,van,Medium,Rainy,17.83
0.5528,0.258819,-0.965926,0.0,1.0,4,9,14,4,0.6923,1,65.81,0,van,Medium,Sunny,6.77
4.0528,-0.707107,-0.707107,0.974928,-0.222521,8,6,12,5,0.5455,0,52.11,6,car,Normal,Windy,52.71
0.2623,0.0,-1.0,0.0,1.0,4,35,37,1,0.9722,1,36.02,35,car,Medium,Sunny,3.09
1.0124,-0.5,-0.866025,-0.781831,0.62349,5,11,16,4,0.7333,1,250.53,0,van,Medium,Sunny,13.21
2.345,-0.866025,-0.5,0.433884,-0.900969,3,4,7,2,0.6667,1,43.67,0,car,Normal,Sunny,28.09
0.3421,0.258819,-0.965926,0.974928,-0.222521,3,7,16,8,0.4667,1,47.68,0,van,Jam,Sunny,8.36
0.4573,0.258819,-0.965926,0.433884,-0.900969,1,7,12,4,0.6364,1,70.39,6,car,Medium,Sunny,4.33
3.2079,-1.0,-0.0,0.974928,-0.222521,4,1,4,2,0.3333,1,96.86,0,van,Medium,Sunny,69.9
0.6226,-0.258819,-0.965926,0.781831,0.62349,4,19,29,9,0.6786,1,349.61,6,van,Medium,Sunny,11.17
7.5759,-0.866025,-0.5,-0.974928,-0.222521,11,1,5,3,0.25,0,88.67,22,van,Medium,Sunny,90.0
1.5974,-0.258819,-0.965926,0.0,1.0,4,3,11,7,0.3,1,235.41,1,van,Jam,Sunny,50.06
5.6238,-0.866025,-0.5,0.433884,-0.900969,8,2,8,5,0.2857,0,53.54,15,car,High,Foggy,90.0
0.115,-0.866025,-0.5,0.433884,-0.900969,4,17,25,7,0.7083,1,165.57,0,van,Normal,Sunny,3.97
0.1176,0.0,-1.0,0.781831,0.62349,1,5,11,5,0.5,1,144.16,2,car,Medium,Windy,1.2
4.0367,-0.258819,-0.965926,0.974928,-0.222521,3,2,8,5,0.2857,0,108.41,-1,car,Medium,Sunny,47.39
0.5593,0.258819,-0.965926,0.433884,-0.900969,10,16,25,8,0.6667,1,66.68,0,car,Normal,Sunny,3.98
0.6983,-0.707107,-0.707107,0.781831,0.62349,2,4,11,6,0.4,1,222.79,1,car,High,Windy,15.42
0.2241,-0.965926,-0.258819,0.433884,-0.900969,4,15,25,9,0.625,1,168.11,0,car,High,Windy,5.24
0.4172,-0.707107,-0.707107,-0.781831,0.62349,11,4,8,3,0.5714,1,53.53,1,van,Medium,Sunny,8.66
0.7714,-0.965926,-0.258819,-0.781831,0.62349,4,3,12,8,0.2727,1,302.46,1,van,High,Sunny,22.26
8.2176,-0.258819,-0.965926,-0.974928,-0.222521,3,12,15,2,0.8571,0,67.29,-1,van,Normal,Windy,90.0
0.2142,0.0,-1.0,0.974928,-0.222521,11,2,17,14,0.125,1,246.91,1,car,Normal,Foggy,1.82
0.3225,-0.707107,-0.707107,0.0,1.0,7,0,13,12,0.0,1,29.63,0,car,Normal,Sunny,3.7
0.0747,-0.866025,-0.5,0.781831,0.62349,9,30,37,6,0.8333,1,250.29,35,car,Normal,Windy,2.4
2.9273,-0.258819,-0.965926,0.974928,-0.222521,9,4,9,4,0.5,0,100.94,-1,car,Jam,Windy,71.65
0.2516,-0.258819,-0.965926,0.433884,-0.900969,4,10,15,4,0.7143,1,73.17,15,van,Low,Sandstorm,2.62
0.05,-0.866025,-0.5,-0.974928,-0.222521,12,13,29,15,0.4643,1,192.24,6,car,High,Sunny,1.0
0.1508,0.0,-1.0,-0.781831,0.62349,4,5,21,15,0.25,1,63.06,0,car,Medium,Sunny,3.09
2.2772,0.258819,-0.965926,-0.974928,-0.222521,9,1,8,6,0.1429,1,46.08,6,car,Medium,Sunny,21.86
0.7131,0.0,-1.0,0.781831,0.62349,4,6,11,4,0.6,1,5.33,1,car,Jam,Sunny,16.3
1.7153,-0.965926,-0.258819,0.0,1.0,4,2,8,5,0.2857,1,139.25,0,van,Normal,Windy,32.49
3.4113,-0.258819,-0.965926,0.0,1.0,3,1,10,8,0.1111,0,271.35,1,car,Medium,Sunny,39.99
0.2633,0.258819,-0.965926,0.433884,-0.900969,4,11,13,1,0.9167,1,59.26,0,car,Normal,Foggy,2.34
2.7452,0.0,-1.0,0.974928,-0.222521,6,0,11,10,0.0,1,241.27,1,car,Jam,Sunny,63.57
0.2145,-0.965926,-0.258819,-0.974928,-0.222521,4,22,29,6,0.7857,1,123.8,1,van,Normal,Sunny,3.16
1.189,-0.258819,-0.965926,-0.781831,0.62349,5,8,14,5,0.6154,1,122.88,1,van,Medium,Sunny,18.78
0.4656,-0.258819,-0.965926,0.974928,-0.222521,6,1,10,8,0.1111,1,139.66,0,car,Jam,Sunny,10.12
4.0087,0.0,-1.0,0.781831,0.62349,11,6,8,1,0.8571,0,27.63,18,car,Low,Sunny,25.7
1.2923,-0.965926,-0.258819,-0.974928,-0.222521,7,13,21,7,0.65,1,69.34,6,car,Normal,Windy,18.22
0.9085,-0.5,-0.866025,0.974928,-0.222521,9,14,24,9,0.6087,1,108.13,35,car,Low,Sunny,4.8
0.5464,-0.5,-0.866025,0.0,1.0,11,15,17,1,0.9375,1,334.72,1,van,Medium,Sunny,7.39
1.2038,-0.707107,-0.707107,0.781831,0.62349,6,7,10,2,0.7778,0,12.76,-1,van,Normal,Sunny,20.57
4.5506,-0.5,-0.866025,0.433884,-0.900969,1,0,10,9,0.0,0,50.09,2,van,High,Sandstorm,90.0
0.1659,0.258819,-0.965926,0.0,1.0,6,3,22,18,0.1429,1,252.43,1,car,High,Sunny,1.69
1.5177,-0.5,-0.866025,0.781831,0.62349,5,19,24,4,0.8261,1,3.22,18,car,Medium,Sunny,14.63
4.0722,0.0,-1.0,-0.781831,0.62349,9,1,18,16,0.0588,1,45.6,0,car,High,Sunny,64.33
0.2888,-0.258819,-0.965926,-0.781831,0.62349,6,4,9,4,0.5,1,99.94,1,van,Medium,Rainy,5.82
0.05,-0.5,-0.866025,-0.974928,-0.222521,4,14,21,6,0.7,1,223.92,0,van,Normal,Sunny,1.0
0.4743,-0.866025,-0.5,-0.781831,0.62349,5,25,29,3,0.8929,1,235.63,1,car,Medium,Rainy,9.91
1.0231,-0.866025,-0.5,0.0,1.0,1,3,9,5,0.375,0,144.42,-1,van,Medium,Sunny,21.73
1.3109,-0.5,-0.866025,-0.781831,0.62349,7,6,12,5,0.5455,1,266.92,1,car,Normal,Sandstorm,14.23
0.262,0.258819,-0.965926,-0.781831,0.62349,9,4,9,4,0.5,1,57.79,1,van,Medium,Sunny,3.69
0.2513,-1.0,-0.0,0.781831,0.62349,11,33,37,3,0.9167,1,301.46,35,van,Medium,Rainy,6.28
1.2978,-0.707107,-0.707107,0.0,1.0,2,14,17,2,0.875,1,256.72,1,van,Jam,Foggy,67.49
2.3429,-0.5,-0.866025,0.0,1.0,4,10,24,13,0.4348,1,78.17,15,car,Low,Sunny,12.77
1.3601,-0.258819,-0.965926,-0.974928,-0.222521,9,1,12,10,0.0909,1,290.98,1,van,Normal,Sunny,17.94
0.4873,0.258819,-0.965926,-0.781831,0.62349,12,5,37,31,0.1389,1,241.22,35,car,High,Sunny,5.75
1.6233,-0.866025,-0.5,0.433884,-0.900969,2,3,10,6,0.3333,1,94.03,0,car,High,Windy,36.49
8.8185,-0.5,-0.866025,-0.974928,-0.222521,5,0,5,4,0.0,0,237.14,9,car,High,Windy,90.0
0.7749,-0.707107,-0.707107,-0.433884,-0.900969,4,4,12,7,0.3636,1,172.88,0,van,Normal,Sunny,14.51
2.4402,0.0,-1.0,0.974928,-0.222521,2,2,16,13,0.1333,1,271.77,0,van,Normal,Sunny,30.66
2.989,-0.5,-0.866025,0.0,1.0,11,3,5,1,0.75,0,43.82,-1,car,Medium,Sunny,28.75
0.8068,-1.0,-0.0,-0.781831,0.62349,3,19,21,1,0.95,1,106.59,0,car,High,Foggy,20.51
1.2575,-0.5,-0.866025,0.433884,-0.900969,5,12,22,9,0.5714,1,344.38,1,car,Medium,Sunny,12.19
1.4444,-0.707107,-0.707107,0.0,1.0,3,1,8,6,0.1429,0,142.33,-1,van,Normal,Sunny,24.35
7.5194,-0.707107,-0.707107,0.781831,0.62349,4,0,10,9,0.0,1,47.62,0,car,High,Foggy,90.0
2.8203,0.258819,-0.965926,-0.781831,0.62349,5,0,13,12,0.0,0,48.73,2,car,High,Sunny,36.64
4.0774,-0.965926,-0.258819,0.0,1.0,2,6,12,5,0.5455,1,49.3,1,van,Medium,Rainy,90.0
20.0,0.258819,-0.965926,0.433884,-0.900969,3,1,7,5,0.1667,0,38.07,-1,car,Medium,Sandstorm,90.0
0.6095,-0.707107,-0.707107,0.781831,0.62349,5,5,13,7,0.4167,1,69.06,0,car,High,Sandstorm,16.96
0.8515,0.0,-1.0,0.781831,0.62349,5,5,9,3,0.625,1,257.43,6,car,Normal,Windy,7.87
0.468,0.258819,-0.965926,0.781831,0.62349,1,5,10,4,0.5556,1,8.43,6,van,Normal,Windy,5.54
2.6296,-0.5,-0.866025,0.433884,-0.900969,1,23,29,5,0.8214,1,244.57,1,van,Normal,Sunny,27.11
0.4198,-0.866025,-0.5,0.781831,0.62349,5,10,15,4,0.7143,1,66.43,15,van,Normal,Sunny,6.92
0.2834,-0.258819,-0.965926,0.781831,0.62349,6,13,16,2,0.8667,1,188.61,0,car,Medium,Sandstorm,4.87
0.751,-0.866025,0.5,0.974928,-0.222521,1,4,12,7,0.3636,1,188.69,1,van,Jam,Rainy,23.33
4.0601,-0.866025,-0.5,0.974928,-0.222521,2,2,13,10,0.1667,0,245.76,1,car,Normal,Sunny,48.55
1.5317,-0.866025,-0.5,0.433884,-0.900969,1,1,13,11,0.0833,1,238.19,0,van,Normal,Sunny,25.33
3.0592,-1.0,-0.0,0.0,1.0,11,16,24,7,0.6957,1,272.99,35,van,High,Sunny,89.69
0.9646,0.0,-1.0,0.0,1.0,12,4,15,10,0.2857,1,177.01,0,van,Jam,Sunny,31.73
0.5686,-0.258819,0.965926,0.433884,-0.900969,4,5,12,6,0.4545,1,23.09,8,car,Low,Sunny,2.28
0.5086,0.258819,-0.965926,0.0,1.0,2,11,24,12,0.4783,1,23.07,15,car,High,Rainy,7.81
1.0279,-0.965926,-0.258819,0.974928,-0.222521,3,12,14,1,0.9231,0,294.65,-1,car,Normal,Rainy,14.97
10.2187,-0.5,-0.866025,0.974928,-0.222521,1,2,14,11,0.1538,0,45.12,15,van,Normal,Sunny,90.0
4.8584,0.0,-1.0,0.974928,-0.222521,8,7,11,3,0.7,0,176.7,-1,car,Normal,Windy,47.1
1.2217,0.0,-1.0,0.433884,-0.900969,3,21,37,15,0.5833,1,59.88,35,van,High,Sunny,26.07
0.356,0.258819,-0.965926,0.974928,-0.222521,3,32,37,4,0.8889,1,27.24,35,van,Medium,Sandstorm,6.2
4.1434,-0.258819,-0.965926,0.433884,-0.900969,4,2,13,10,0.1667,1,42.39,0,car,Normal,Sunny,37.86
0.3843,-0.707107,-0.707107,0.781831,0.62349,4,3,10,6,0.3333,1,67.83,17,car,Jam,Sunny,11.48
0.4384,-0.5,-0.866025,0.433884,-0.900969,6,7,22,14,0.3333,1,45.16,1,van,Normal,Rainy,4.56
0.2019,-0.258819,-0.965926,0.0,1.0,4,5,10,4,0.5556,1,204.59,17,car,Low,Rainy,1.16
2.3236,-0.707107,-0.707107,0.433884,-0.900969,4,7,15,7,0.5,0,70.21,15,car,Medium,Foggy,45.33
2.13,-0.707107,-0.707107,0.974928,-0.222521,4,5,7,1,0.8333,0,5.92,-1,car,Low,Sunny,18.26
1.3826,-0.258819,-0.965926,0.433884,-0.900969,5,10,15,4,0.7143,1,142.15,0,van,Normal,Sunny,17.21
1.8728,-0.258819,-0.965926,-0.781831,0.62349,4,14,29,14,0.5,1,271.06,1,car,Medium,Sunny,21.73
1.7267,-0.965926,-0.258819,0.0,1.0,8,4,14,9,0.3077,1,195.63,1,car,Medium,Sunny,26.97
2.0264,-0.258819,-0.965926,0.781831,0.62349,5,7,14,6,0.5385,0,88.22,15,car,Medium,Sunny,25.56
0.1573,-0.5,-0.866025,-0.974928,-0.222521,3,6,11,4,0.6,1,18.67,1,car,Low,Sunny,1.27
0.3792,0.258819,-0.965926,-0.974928,-0.222521,2,18,25,6,0.75,1,66.3,0,car,Jam,Foggy,9.54
0.1625,-0.258819,-0.965926,-0.781831,0.62349,11,2,12,9,0.1818,1,333.24,8,van,Normal,Sunny,1.75
6.9,-0.258819,-0.965926,-0.974928,-0.222521,1,3,16,12,0.2,1,49.48,0,van,Low,Sunny,63.89
1.5169,-0.707107,-0.707107,0.781831,0.62349,6,7,14,6,0.5385,1,290.12,1,van,Low,Sandstorm,24.04
0.9951,-0.5,-0.866025,-0.781831,0.62349,4,3,12,8,0.2727,1,341.32,14,van,High,Rainy,21.07
2.135,-0.707107,-0.707107,0.781831,0.62349,12,6,21,14,0.3,0,60.47,6,car,Medium,Sunny,32.84
8.296,-0.258819,-0.965926,-0.433884,-0.900969,2,5,15,9,0.3571,0,29.83,6,van,Jam,Sunny,90.0
0.7377,-0.5,-0.866025,0.781831,0.62349,4,7,13,5,0.5833,1,53.76,0,van,Normal,Sunny,7.49
0.2931,-0.5,-0.866025,0.974928,-0.222521,8,15,24,8,0.6522,1,245.61,35,car,Medium,Sunny,2.64
0.7608,-0.258819,-0.965926,0.781831,0.62349,5,10,14,3,0.7692,1,126.57,0,van,High,Sunny,16.85
5.447,-0.258819,-0.965926,0.974928,-0.222521,4,1,4,2,0.3333,1,50.52,0,van,Medium,Sunny,87.76
1.3453,-0.258819,-0.965926,0.974928,-0.222521,3,8,24,15,0.3478,1,348.82,35,car,High,Rainy,24.69
2.852,-0.258819,-0.965926,-0.781831,0.62349,3,9,29,19,0.3214,0,162.44,8,car,High,Rainy,52.77
0.9417,0.0,-1.0,-0.781831,0.62349,3,5,14,8,0.3846,1,236.87,1,car,Medium,Sunny,10.99
0.4124,-0.5,-0.866025,-0.974928,-0.222521,2,14,21,6,0.7,1,187.17,0,car,Low,Sunny,3.06
0.6974,0.0,-1.0,0.0,1.0,8,8,13,4,0.6667,1,295.06,0,car,Jam,Sunny,16.06
0.8589,-0.258819,-0.965926,0.433884,-0.900969,6,1,29,27,0.0357,1,65.45,1,van,Low,Sunny,7.3
1.0224,-0.258819,-0.965926,0.0,1.0,11,7,18,10,0.4118,1,41.55,0,van,Normal,Sunny,13.35
4.0294,-0.965926,-0.258819,-0.974928,-0.222521,3,4,8,3,0.5714,0,213.28,30,car,Medium,Sunny,62.11
0.5715,-0.258819,-0.965926,0.433884,-0.900969,8,4,22,17,0.1905,1,94.82,1,car,High,Sunny,9.65
0.5298,-0.5,-0.866025,-0.974928,-0.222521,3,9,22,12,0.4286,1,305.31,1,van,Jam,Rainy,15.96
0.6315,0.258819,-0.965926,-0.974928,-0.222521,4,0,21,20,0.0,1,39.96,0,car,Normal,Sandstorm,6.08
0.7522,-0.258819,-0.965926,0.433884,-0.900969,1,5,13,7,0.4167,1,78.93,0,van,Normal,Windy,10.87
0.1337,-0.258819,-0.965926,0.974928,-0.222521,5,14,16,1,0.9333,1,286.88,0,van,Normal,Sunny,1.7
3.027,-0.5,-0.866025,0.433884,-0.900969,9,3,5,1,0.75,0,44.26,-1,car,Normal,Sandstorm,30.48
1.3577,-0.258819,-0.965926,-0.781831,0.62349,4,6,10,3,0.6667,1,129.53,1,car,Normal,Sunny,13.94
0.3105,-0.5,0.866025,0.433884,-0.900969,1,4,10,5,0.4444,1,312.8,1,car,Normal,Sunny,1.52
2.0523,-1.0,-0.0,0.433884,-0.900969,3,5,7,1,0.8333,0,7.35,-1,van,Low,Sunny,24.02
5.6941,0.258819,-0.965926,0.781831,0.62349,4,8,11,2,0.8,1,222.91,1,van,Normal,Rainy,70.9
0.8022,-0.258819,-0.965926,0.433884,-0.900969,5,10,18,7,0.5882,1,344.25,0,car,Medium,Rainy,11.59
1.5494,-0.5,-0.866025,0.974928,-0.222521,8,3,8,4,0.4286,0,308.69,-1,van,Jam,Sandstorm,53.03
1.7788,0.5,0.866025,-0.781831,0.62349,10,5,12,6,0.4545,1,227.03,1,car,Normal,Windy,11.25
0.7795,-0.258819,-0.965926,0.0,1.0,2,0,9,8,0.0,1,284.82,8,car,Normal,Windy,8.39
10.1879,-0.707107,-0.707107,0.781831,0.62349,4,6,8,1,0.8571,0,297.64,22,car,Jam,Sunny,90.0
0.396,-0.258819,-0.965926,0.0,1.0,4,5,16,10,0.3333,1,290.25,0,car,Jam,Windy,10.31
1.5349,-0.965926,-0.258819,0.433884,-0.900969,9,10,16,5,0.6667,1,60.91,0,car,Normal,Windy,20.39
0.7263,-0.258819,-0.965926,0.433884,-0.900969,1,3,37,33,0.0833,1,245.86,35,car,Low,Rainy,5.3
0.4685,-0.5,-0.866025,0.974928,-0.222521,5,17,21,3,0.85,1,195.33,0,van,High,Sunny,7.93
1.1177,-0.707107,-0.707107,-0.974928,-0.222521,4,2,29,26,0.0714,1,232.22,1,car,High,Sunny,23.77
1.3207,-0.258819,-0.965926,-0.781831,0.62349,1,8,14,5,0.6154,1,127.98,1,car,Medium,Rainy,17.6
2.2871,-0.965926,-0.258819,0.433884,-0.900969,4,1,25,23,0.0417,1,41.04,0,car,Low,Rainy,23.98
4.13,-0.707107,-0.707107,0.433884,-0.900969,3,1,18,16,0.0588,1,40.15,0,van,Jam,Sunny,90.0
2.9565,0.0,-1.0,0.781831,0.62349,10,1,5,3,0.25,1,65.17,0,car,Medium,Windy,38.6
2.6527,-0.258819,-0.965926,0.974928,-0.222521,4,4,8,3,0.5714,0,71.08,16,car,Medium,Sunny,30.9
0.3694,-0.5,-0.866025,-0.974928,-0.222521,9,6,11,4,0.6,1,84.46,1,car,Jam,Sunny,6.46
2.8626,0.258819,-0.965926,0.0,1.0,1,8,12,3,0.7273,0,64.35,15,car,Medium,Sunny,26.9
1.6727,-1.0,-0.0,0.974928,-0.222521,1,8,18,9,0.4706,1,81.75,0,van,High,Sunny,49.48
1.5766,-0.258819,-0.965926,0.433884,-0.900969,10,2,8,5,0.2857,1,149.04,0,car,High,Sunny,25.24
0.141,-0.258819,-0.965926,0.974928,-0.222521,5,2,12,9,0.1818,1,288.47,8,car,High,Sunny,2.26
6.4196,-0.258819,-0.965926,-0.974928,-0.222521,8,8,14,5,0.6154,0,248.04,1,van,Normal,Sunny,81.2
0.8116,0.0,-1.0,0.433884,-0.900969,2,11,13,1,0.9167,1,252.8,0,car,Medium,Sunny,9.56
0.3494,-0.258819,-0.965926,-0.974928,-0.222521,2,0,9,8,0.0,1,14.13,1,car,Normal,Sunny,3.21
0.1615,-0.707107,0.707107,0.433884,-0.900969,11,11,13,1,0.9167,0,51.11,-1,car,Low,Sunny,1.0
1.3782,-0.5,-0.866025,0.433884,-0.900969,3,16,29,12,0.5714,1,36.17,6,van,Medium,Sunny,18.78
1.6596,-0.5,0.866025,-0.974928,-0.222521,4,12,25,12,0.5,1,44.26,0,van,Low,Sunny,8.9
1.0074,-0.707107,-0.707107,0.974928,-0.222521,2,7,10,2,0.7778,1,317.46,6,car,Normal,Sunny,13.3
1.9773,-0.258819,-0.965926,0.433884,-0.900969,4,4,7,2,0.6667,1,44.76,6,car,Low,Windy,14.5
0.6829,0.0,-1.0,0.974928,-0.222521,1,4,10,5,0.4444,1,258.32,0,car,Medium,Sunny,8.82
1.8988,-0.866025,0.5,0.974928,-0.222521,3,12,15,2,0.8571,1,150.87,0,van,Medium,Windy,27.83
1.4023,-0.965926,0.258819,0.0,1.0,5,10,12,1,0.9091,0,266.39,-1,van,Normal,Sunny,14.35
0.4013,-0.866025,-0.5,-0.781831,0.62349,4,8,37,28,0.2222,1,292.1,35,van,Medium,Windy,10.33
0.4936,-0.707107,-0.707107,-0.974928,-0.222521,4,5,13,7,0.4167,1,88.62,0,car,Normal,Sunny,5.94
2.833,-0.707107,-0.707107,0.433884,-0.900969,7,21,24,2,0.913,0,166.98,-1,van,High,Rainy,90.0
4.1324,-0.5,-0.866025,0.433884,-0.900969,4,2,8,5,0.2857,0,113.21,-1,van,High,Windy,78.93
0.1143,-0.5,-0.866025,-0.433884,-0.900969,4,8,10,1,0.8889,1,239.39,6,car,Medium,Sunny,1.0
0.7198,0.258819,-0.965926,0.433884,-0.900969,5,4,15,10,0.2857,1,188.85,0,car,Medium,Sunny,7.13
1.0999,0.258819,-0.965926,-0.974928,-0.222521,3,4,29,24,0.1429,1,343.44,8,van,High,Foggy,25.0
1.3499,-0.5,-0.866025,0.0,1.0,1,1,9,7,0.125,0,172.35,-1,car,Normal,Sunny,9.86
0.9296,-0.258819,-0.965926,-0.781831,0.62349,8,9,17,7,0.5625,1,119.75,1,van,Jam,Sunny,29.21
1.7912,0.258819,0.965926,0.433884,-0.900969,1,2,21,18,0.1,1,342.06,8,van,Low,Windy,10.22
1.4118,-0.5,-0.866025,-0.781831,0.62349,12,3,29,25,0.1071,1,28.7,8,car,Medium,Sunny,13.43
1.841,0.258819,0.965926,0.781831,0.62349,3,0,16,15,0.0,1,232.43,0,car,Normal,Windy,10.52
1.3562,0.0,-1.0,0.0,1.0,3,6,29,22,0.2143,0,8.41,10,van,Jam,Sunny,43.56
0.596,-0.258819,-0.965926,0.974928,-0.222521,2,1,7,5,0.1667,1,206.36,0,car,High,Sunny,9.89
0.1419,0.258819,-0.965926,0.974928,-0.222521,10,2,12,9,0.1818,1,355.9,14,van,Jam,Sunny,4.27
0.1136,-0.258819,-0.965926,0.781831,0.62349,12,4,14,9,0.3077,1,257.72,15,car,Jam,Sandstorm,3.12
1.1719,-0.707107,-0.707107,0.781831,0.62349,2,7,18,10,0.4118,1,50.74,0,car,Medium,Sunny,17.83
3.1266,-0.258819,-0.965926,0.781831,0.62349,1,16,24,7,0.6957,1,269.05,35,car,Normal,Sunny,28.11
0.779,-0.258819,-0.965926,0.0,1.0,12,0,11,10,0.0,1,214.9,1,car,Medium,Sunny,8.9
0.274,-0.707107,-0.707107,0.974928,-0.222521,1,5,16,10,0.3333,1,246.76,0,van,High,Sunny,8.88
0.3737,-0.258819,-0.965926,0.433884,-0.900969,2,1,22,20,0.0476,1,346.76,1,car,Normal,Windy,3.58
1.451,-0.707107,-0.707107,-0.974928,-0.222521,1,7,24,16,0.3043,1,35.76,6,van,High,Sunny,41.85
1.1001,-0.258819,0.965926,0.433884,-0.900969,10,4,25,20,0.1667,1,107.73,0,van,High,Foggy,17.92
0.6882,-0.866025,-0.5,-0.781831,0.62349,4,17,19,1,0.9444,1,3.38,6,van,Normal,Sunny,11.35
0.6814,-0.258819,-0.965926,0.0,1.0,2,3,9,5,0.375,0,115.33,-1,van,Jam,Sunny,21.39
0.6962,-0.258819,-0.965926,0.781831,0.62349,4,2,17,14,0.125,1,240.53,1,car,Medium,Sunny,8.24
0.2069,0.0,-1.0,-0.781831,0.62349,7,8,17,8,0.5,1,216.72,1,van,Normal,Sunny,2.63
0.847,0.258819,-0.965926,0.781831,0.62349,5,21,25,3,0.875,1,170.27,0,car,High,Windy,11.32
0.1803,-0.258819,-0.965926,0.781831,0.62349,3,15,25,9,0.625,1,135.35,0,car,Medium,Sunny,2.44
0.2718,-0.5,0.866025,0.781831,0.62349,3,6,24,17,0.2609,1,302.53,35,car,Normal,Windy,1.37
2.071,-0.5,-0.866025,0.781831,0.62349,7,4,7,2,0.6667,1,43.22,6,van,Medium,Foggy,34.29
0.8667,-0.5,-0.866025,-0.974928,-0.222521,5,6,9,2,0.75,0,297.15,-1,car,Low,Sunny,4.83
0.3887,-0.5,-0.866025,0.0,1.0,5,13,16,2,0.8667,1,81.95,0,car,Normal,Windy,2.73
0.6714,0.0,-1.0,-0.433884,-0.900969,8,22,24,1,0.9565,1,193.81,35,car,Medium,Windy,7.98
1.5712,-0.965926,0.258819,-0.781831,0.62349,9,2,21,18,0.1,1,69.81,0,car,Medium,Sunny,15.9
0.2732,-0.5,0.866025,0.433884,-0.900969,1,22,37,14,0.6111,1,352.09,35,van,Medium,Sunny,2.88
5.2173,0.258819,-0.965926,-0.974928,-0.222521,2,2,5,2,0.5,1,229.36,0,car,Normal,Sunny,38.97
0.6049,-0.707107,0.707107,0.974928,-0.222521,4,4,29,24,0.1429,1,11.69,8,car,Low,Sunny,2.2
1.9164,-0.258819,-0.965926,0.974928,-0.222521,3,5,15,9,0.3571,0,111.07,-1,van,Normal,Windy,26.11
0.4664,-1.0,-0.0,0.433884,-0.900969,3,8,17,8,0.5,1,171.09,1,van,Low,Sunny,5.65
1.4171,0.258819,-0.965926,0.781831,0.62349,11,3,10,6,0.3333,1,82.45,0,car,Medium,Sunny,13.99
3.1517,-0.866025,-0.5,-0.781831,0.62349,10,1,4,2,0.3333,1,98.18,0,car,Low,Sunny,26.98
0.4466,-0.5,-0.866025,-0.974928,-0.222521,5,7,13,5,0.5833,1,204.96,1,car,Low,Foggy,3.52
4.6403,0.258819,-0.965926,0.0,1.0,9,0,10,9,0.0,0,46.96,2,car,Normal,Sunny,34.37
2.1357,-0.965926,-0.258819,-0.781831,0.62349,4,8,19,10,0.4444,0,86.42,6,car,Jam,Sandstorm,86.5
0.6242,0.5,-0.866025,-0.781831,0.62349,5,8,37,28,0.2222,1,261.75,35,van,Normal,Sandstorm,13.36
1.1424,0.0,-1.0,-0.781831,0.62349,4,9,12,2,0.8182,1,312.24,0,car,Normal,Sunny,10.68
0.9785,0.0,-1.0,0.433884,-0.900969,11,5,13,7,0.4167,1,58.8,0,van,Medium,Windy,16.97
1.1618,0.0,-1.0,-0.781831,0.62349,11,2,18,15,0.1176,1,59.35,0,van,High,Sunny,25.59
2.4131,-0.258819,-0.965926,0.974928,-0.222521,5,1,6,4,0.2,0,73.98,-1,van,Medium,Windy,41.71
1.2728,0.258819,-0.965926,-0.781831,0.62349,11,3,11,7,0.3,1,22.33,1,car,Normal,Sunny,9.37
0.8584,-0.258819,-0.965926,0.974928,-0.222521,4,10,18,7,0.5882,1,14.67,0,car,Normal,Sunny,7.74
5.8762,-0.866025,-0.5,0.781831,0.62349,1,4,8,3,0.5714,0,253.42,-1,car,Low,Rainy,59.43
1.4372,-0.707107,-0.707107,0.0,1.0,4,1,13,11,0.0833,1,8.36,14,van,Normal,Sunny,23.85
0.4031,-0.5,-0.866025,0.433884,-0.900969,5,2,13,10,0.1667,1,28.57,14,car,Medium,Windy,4.2
0.6556,0.258819,-0.965926,0.974928,-0.222521,4,20,24,3,0.8696,1,187.74,18,car,Normal,Sunny,5.31
0.0807,0.258819,-0.965926,0.974928,-0.222521,1,18,21,2,0.9,1,184.1,0,car,Jam,Sunny,1.0
0.6604,-0.707107,-0.707107,-0.781831,0.62349,5,3,7,3,0.5,1,45.1,6,car,Medium,Sunny,11.1
0.6785,0.0,-1.0,0.433884,-0.900969,11,11,24,12,0.4783,1,219.32,35,car,Normal,Rainy,7.2
3.473,-0.258819,-0.965926,-0.781831,0.62349,1,3,7,3,0.5,0,180.66,-1,van,Jam,Foggy,90.0
0.2944,-0.707107,0.707107,-0.781831,0.62349,1,5,16,10,0.3333,1,276.11,0,car,Normal,Sunny,1.0
0.1997,0.0,-1.0,-0.781831,0.62349,5,4,13,8,0.3333,1,29.02,0,car,Normal,Rainy,1.54
1.8654,-0.707107,-0.707107,0.974928,-0.222521,5,7,21,13,0.35,1,50.39,0,van,Jam,Sunny,77.5
0.2027,-0.258819,-0.965926,-0.781831,0.62349,9,13,24,10,0.5652,1,350.14,35,van,Medium,Sunny,3.2
1.2903,-0.965926,-0.258819,0.781831,0.62349,8,12,22,9,0.5714,1,349.64,1,car,Normal,Sunny,16.41
4.1295,-0.5,-0.866025,0.433884,-0.900969,11,2,8,5,0.2857,0,110.75,-1,car,Normal,Sunny,30.28
0.6791,-1.0,-0.0,0.781831,0.62349,7,1,21,19,0.05,1,52.47,0,van,Normal,Sunny,11.26
4.3197,0.258819,-0.965926,0.781831,0.62349,9,2,13,10,0.1667,1,46.89,0,van,High,Sunny,76.77
1.331,0.0,-1.0,0.974928,-0.222521,9,6,13,6,0.5,1,286.58,14,car,Medium,Sunny,14.83
1.0292,-0.5,-0.866025,0.781831,0.62349,12,7,9,1,0.875,1,346.51,6,van,Jam,Foggy,32.85
1.9462,-0.5,-0.866025,0.433884,-0.900969,4,4,6,1,0.8,1,340.9,1,car,Low,Sunny,10.55
0.3737,-0.965926,-0.258819,0.0,1.0,5,7,11,3,0.7,1,292.02,1,car,Medium,Sunny,5.73
2.6594,-0.258819,-0.965926,0.433884,-0.900969,4,23,29,5,0.8214,1,247.34,1,van,Medium,Sunny,42.81
0.3649,-0.258819,-0.965926,0.781831,0.62349,10,11,24,12,0.4783,1,3.83,15,car,Normal,Rainy,4.1
8.2375,-0.707107,-0.707107,0.974928,-0.222521,4,2,4,1,0.6667,1,232.33,0,car,High,Sunny,90.0
3.1606,-0.258819,-0.965926,-0.974928,-0.222521,11,1,19,17,0.0556,0,346.68,8,van,Medium,Sunny,51.34
0.8372,-1.0,-0.0,-0.974928,-0.222521,4,4,11,6,0.4,1,62.86,1,van,Normal,Sunny,13.24
0.4954,-0.258819,-0.965926,0.433884,-0.900969,1,17,24,6,0.7391,1,104.76,35,van,Normal,Foggy,8.41
0.663,-0.707107,-0.707107,0.974928,-0.222521,3,4,8,3,0.5714,1,52.36,1,van,Normal,Windy,11.96
0.1535,-0.707107,0.707107,0.433884,-0.900969,10,33,37,3,0.9167,1,313.37,35,car,Normal,Windy,1.0
1.3968,0.0,-1.0,-0.781831,0.62349,4,4,17,12,0.25,1,133.85,1,car,Normal,Sandstorm,16.5
5.3444,-0.258819,-0.965926,-0.781831,0.62349,1,1,4,2,0.3333,1,47.34,0,car,Medium,Windy,67.39
1.6111,-0.707107,0.707107,0.974928,-0.222521,6,7,21,13,0.35,1,49.68,0,car,Normal,Sunny,10.41
0.6469,0.0,-1.0,-0.781831,0.62349,7,20,24,3,0.8696,1,189.16,18,car,Medium,Windy,9.14
0.7515,-0.965926,-0.258819,0.781831,0.62349,1,3,21,17,0.15,1,179.34,0,van,Normal,Sunny,12.56
0.0605,-0.965926,-0.258819,0.433884,-0.900969,4,9,29,19,0.3214,1,176.5,1,car,High,Sunny,3.18
1.1055,0.0,-1.0,0.974928,-0.222521,8,7,9,1,0.875,1,334.44,6,car,Low,Sunny,7.04
0.3101,0.258819,-0.965926,0.433884,-0.900969,2,31,37,5,0.8611,1,17.28,35,van,High,Foggy,6.59
4.1353,0.258819,-0.965926,0.974928,-0.222521,4,3,27,23,0.1154,0,292.4,-1,car,High,Windy,57.27
0.5227,-0.707107,-0.707107,0.433884,-0.900969,1,5,8,2,0.7143,0,125.28,-1,van,Normal,Sunny,9.4
0.192,-0.5,-0.866025,-0.974928,-0.222521,4,6,13,6,0.5,1,94.88,0,car,Jam,Sunny,3.92
1.2261,0.258819,-0.965926,-0.781831,0.62349,4,8,21,12,0.4,1,24.41,0,van,Normal,Sandstorm,16.53
0.8085,0.5,0.866025,0.433884,-0.900969,4,4,10,5,0.4444,1,346.77,17,car,Low,Sunny,2.5
2.2789,-0.5,-0.866025,0.781831,0.62349,4,7,13,5,0.5833,0,206.52,-1,van,Medium,Sunny,30.22
0.1249,-0.707107,-0.707107,0.433884,-0.900969,11,3,22,18,0.1429,1,2.7,1,car,High,Windy,3.83
0.5526,-0.258819,-0.965926,0.433884,-0.900969,7,5,18,12,0.2941,1,106.79,0,car,High,Sunny,8.29
0.6614,-0.5,-0.866025,0.0,1.0,9,3,12,8,0.2727,1,269.69,8,van,High,Foggy,14.64
1.0669,-0.707107,0.707107,-0.974928,-0.222521,3,3,12,8,0.2727,1,342.81,14,van,Jam,Windy,21.62
1.0275,0.0,-1.0,0.974928,-0.222521,3,9,13,3,0.75,1,180.67,0,van,Medium,Rainy,19.61
3.805,-0.866025,-0.5,-0.974928,-0.222521,5,6,12,5,0.5455,0,52.62,6,van,High,Windy,90.0
0.7121,-0.258819,-0.965926,0.433884,-0.900969,3,5,9,3,0.625,1,261.21,6,car,Jam,Sunny,18.1
1.0567,-0.5,-0.866025,0.433884,-0.900969,4,1,13,11,0.0833,1,11.59,14,car,Normal,Sunny,7.23
0.5953,0.0,-1.0,0.974928,-0.222521,10,17,24,6,0.7391,1,88.27,35,car,Jam,Sunny,15.5
1.5157,-0.707107,-0.707107,-0.781831,0.62349,7,6,13,6,0.5,1,293.73,1,van,Medium,Sunny,32.26
1.0024,-0.5,-0.866025,-0.974928,-0.222521,11,2,29,26,0.0714,1,249.44,1,car,Normal,Sunny,7.51
0.7046,-0.258819,-0.965926,-0.781831,0.62349,4,2,15,12,0.1429,1,99.9,0,car,Normal,Foggy,7.53
6.1536,0.0,-1.0,-0.974928,-0.222521,11,8,14,5,0.6154,0,247.97,1,car,Medium,Sunny,71.67
0.534,-0.965926,-0.258819,0.0,1.0,4,0,21,20,0.0,1,354.09,9,car,Jam,Sunny,15.64
0.7635,-0.258819,-0.965926,-0.974928,-0.222521,5,2,8,5,0.2857,0,56.71,-1,van,Normal,Sunny,9.97
0.4297,-0.258819,-0.965926,0.974928,-0.222521,8,2,10,7,0.2222,1,200.99,1,car,Medium,Windy,6.8
0.05,-0.5,-0.866025,0.974928,-0.222521,6,14,21,6,0.7,1,121.26,0,van,High,Sandstorm,1.15
0.9349,-0.258819,-0.965926,0.781831,0.62349,3,9,17,7,0.5625,1,145.77,1,car,Normal,Windy,10.47
0.6639,-0.5,-0.866025,0.433884,-0.900969,5,12,24,11,0.5217,1,325.88,15,van,Medium,Foggy,12.8
0.4291,-0.5,-0.866025,0.781831,0.62349,3,6,24,17,0.2609,1,288.14,35,car,Medium,Windy,4.83
2.0296,-0.5,-0.866025,0.433884,-0.900969,1,3,8,4,0.4286,0,235.49,25,van,Medium,Sunny,27.11
1.9394,0.258819,-0.965926,0.974928,-0.222521,11,12,15,2,0.8571,1,147.77,0,car,Medium,Windy,19.8
6.4061,-1.0,-0.0,0.433884,-0.900969,5,5,13,7,0.4167,1,222.1,1,car,Medium,Sunny,90.0
0.3116,-0.258819,-0.965926,0.974928,-0.222521,4,7,10,2,0.7778,1,191.57,0,van,Jam,Sunny,10.61
2.3149,-0.965926,-0.258819,0.433884,-0.900969,4,2,7,4,0.3333,1,6.66,6,van,Normal,Sandstorm,52.1
0.6148,0.0,-1.0,-0.781831,0.62349,6,3,17,13,0.1875,1,173.75,1,car,Normal,Rainy,6.12
0.7217,-0.707107,-0.707107,0.974928,-0.222521,1,4,11,6,0.4,1,53.01,1,van,Jam,Sunny,30.84
1.4802,0.258819,-0.965926,0.974928,-0.222521,2,19,24,4,0.8261,1,4.24,18,van,High,Windy,29.38
10.5736,-0.965926,-0.258819,-0.781831,0.62349,6,2,14,11,0.1538,0,44.87,15,van,Jam,Sunny,90.0
6.0092,-0.707107,-0.707107,0.781831,0.62349,4,8,14,5,0.6154,0,247.7,1,car,High,Rainy,90.0
0.1592,0.258819,-0.965926,0.781831,0.62349,4,0,12,11,0.0,1,225.42,1,van,Normal,Sunny,2.32
0.9602,-0.258819,-0.965926,0.433884,-0.900969,3,3,21,17,0.15,1,209.17,8,car,Normal,Windy,9.37
0.5148,-0.707107,-0.707107,0.433884,-0.900969,4,13,24,10,0.5652,1,301.91,35,van,High,Sunny,14.58
0.1536,-0.965926,-0.258819,0.781831,0.62349,4,3,22,18,0.1429,1,337.01,1,car,Medium,Sunny,2.05
3.5144,-0.866025,-0.5,0.974928,-0.222521,2,4,8,3,0.5714,0,212.67,30,van,Low,Sunny,42.26
0.9277,-0.707107,-0.707107,0.781831,0.62349,5,9,13,3,0.75,1,182.71,0,van,Normal,Sandstorm,20.58
3.133,-1.0,-0.0,-0.781831,0.62349,10,1,5,3,0.25,1,67.41,0,car,Medium,Sandstorm,64.69
0.1294,-0.5,-0.866025,0.974928,-0.222521,5,5,25,19,0.2083,1,281.04,0,van,Normal,Sandstorm,1.35
1.3539,-0.258819,-0.965926,0.433884,-0.900969,5,9,12,2,0.8182,1,8.1,1,van,High,Sunny,29.35
3.6078,0.0,-1.0,0.974928,-0.222521,12,6,8,1,0.8571,0,31.08,18,car,Medium,Sunny,42.41
0.3838,-0.5,-0.866025,0.433884,-0.900969,8,7,16,8,0.4667,1,97.59,0,van,High,Sunny,7.05
0.0614,0.0,-1.0,-0.433884,-0.900969,11,5,16,10,0.3333,1,5.9,0,van,Medium,Sunny,1.0
0.4382,-0.965926,-0.258819,0.974928,-0.222521,1,9,12,2,0.8182,1,196.77,14,car,High,Windy,9.46
4.3448,-0.707107,0.707107,0.433884,-0.900969,1,6,11,4,0.6,0,243.17,1,car,High,Windy,44.79
0.5833,0.0,-1.0,-0.974928,-0.222521,4,0,12,11,0.0,1,79.06,1,car,Medium,Rainy,8.13
2.183,0.0,-1.0,-0.781831,0.62349,3,2,7,4,0.3333,1,14.8,6,car,Jam,Rainy,58.81
0.1186,-0.965926,-0.258819,0.433884,-0.900969,4,3,19,15,0.1667,1,286.39,8,car,Medium,Sunny,2.79
0.2404,-0.258819,-0.965926,0.781831,0.62349,9,12,17,4,0.75,1,234.95,1,car,Normal,Sandstorm,2.79
0.938,-0.965926,-0.258819,-0.781831,0.62349,1,10,13,2,0.8333,1,43.5,1,van,High,Sunny,26.71
0.8237,0.0,-1.0,-0.781831,0.62349,5,11,13,1,0.9167,1,252.08,0,car,Low,Sandstorm,6.98
0.3508,0.0,-1.0,-0.781831,0.62349,10,8,24,15,0.3478,1,34.52,6,car,Medium,Sunny,3.64
0.4583,-0.5,-0.866025,0.0,1.0,5,0,21,20,0.0,1,0.75,0,car,Jam,Sunny,8.52
0.787,-0.5,-0.866025,0.0,1.0,3,4,25,20,0.1667,1,90.08,0,van,High,Sunny,16.1
0.5028,0.5,-0.866025,0.781831,0.62349,12,6,9,2,0.75,1,288.0,6,car,Medium,Windy,7.39
2.0259,-0.866025,-0.5,-0.433884,-0.900969,9,16,24,7,0.6957,0,39.68,17,car,Medium,Windy,33.47
2.0695,-0.258819,-0.965926,0.974928,-0.222521,11,0,7,6,0.0,1,286.14,0,car,Medium,Sandstorm,32.35
0.2895,-0.5,-0.866025,0.0,1.0,3,7,12,4,0.6364,1,300.88,1,van,Normal,Sunny,2.4
0.4844,0.0,-1.0,0.974928,-0.222521,4,7,12,4,0.6364,1,22.47,6,van,Medium,Sunny,9.02
0.4107,-0.707107,-0.707107,0.974928,-0.222521,4,3,19,15,0.1667,1,268.02,8,car,Low,Sunny,3.11
1.7127,0.0,-1.0,0.781831,0.62349,8,1,13,11,0.0833,1,234.8,0,van,Low,Sunny,15.39
0.1883,-0.965926,0.258819,0.433884,-0.900969,3,0,8,7,0.0,1,61.8,6,van,Normal,Sunny,2.1
0.2923,-0.5,-0.866025,0.0,1.0,5,9,12,2,0.8182,1,262.9,14,car,Medium,Sunny,2.92
0.236,0.258819,-0.965926,0.781831,0.62349,4,4,25,20,0.1667,1,31.87,0,car,Medium,Sunny,3.35
2.4776,0.0,-1.0,0.974928,-0.222521,3,22,25,2,0.9167,1,242.01,0,car,Medium,Sunny,29.34
1.6426,0.258819,-0.965926,0.433884,-0.900969,4,10,16,5,0.6667,1,51.0,0,van,Medium,Rainy,26.06
2.5384,-0.707107,-0.707107,-0.974928,-0.222521,6,1,4,2,0.3333,0,249.89,-1,van,Medium,Sunny,53.74
0.4697,-0.866025,-0.5,0.781831,0.62349,1,8,17,8,0.5,1,192.03,1,van,Medium,Sunny,9.99
0.2391,-0.258819,-0.965926,0.781831,0.62349,2,0,21,20,0.0,1,15.98,9,car,Medium,Sunny,4.53
0.8789,0.258819,-0.965926,0.974928,-0.222521,8,5,11,5,0.5,1,64.42,1,car,High,Windy,12.2
0.6767,0.258819,-0.965926,-0.974928,-0.222521,4,5,12,6,0.4545,1,34.18,8,van,High,Sunny,12.29
0.5462,0.0,-1.0,0.433884,-0.900969,4,2,8,5,0.2857,0,58.36,-1,car,High,Sunny,9.0
0.5626,-0.707107,-0.707107,0.781831,0.62349,8,14,19,4,0.7778,1,239.59,6,car,Medium,Windy,9.03
0.6181,-0.866025,-0.5,-0.974928,-0.222521,2,22,37,14,0.6111,1,323.73,35,car,Normal,Sunny,7.34
0.5554,-0.707107,-0.707107,0.974928,-0.222521,4,8,14,5,0.6154,1,286.06,15,van,Jam,Sunny,23.28
0.5776,-0.707107,-0.707107,0.781831,0.62349,4,4,13,8,0.3333,1,46.52,1,van,High,Sunny,16.01
0.5395,0.0,-1.0,0.433884,-0.900969,6,7,14,6,0.5385,1,93.16,0,car,High,Rainy,10.86
0.3131,-0.258819,-0.965926,0.433884,-0.900969,2,1,15,13,0.0714,1,33.46,0,car,Normal,Sunny,2.88
0.6404,-0.866025,-0.5,-0.781831,0.62349,11,6,12,5,0.5455,1,221.41,0,van,Jam,Sunny,26.23
0.2989,-0.866025,-0.5,-0.781831,0.62349,4,0,4,3,0.0,1,19.52,0,car,Medium,Windy,5.01
0.5598,-0.866025,0.5,0.0,1.0,5,9,18,8,0.5294,1,287.57,0,car,Medium,Sunny,6.4
1.0445,0.0,-1.0,0.0,1.0,2,2,18,15,0.1176,1,72.5,0,van,High,Sunny,23.27
1.9812,0.0,-1.0,0.0,1.0,5,4,9,4,0.5,1,32.86,6,car,Normal,Rainy,22.4
0.4293,-0.965926,-0.258819,0.433884,-0.900969,1,18,21,2,0.9,1,134.43,0,car,Low,Sunny,3.81
0.6779,0.258819,-0.965926,0.781831,0.62349,11,0,9,8,0.0,1,247.98,8,van,Normal,Sunny,8.14
3.2123,0.258819,-0.965926,0.433884,-0.900969,9,3,9,5,0.375,0,87.4,6,car,High,Windy,44.65
1.0136,-0.258819,-0.965926,0.781831,0.62349,2,7,13,5,0.5833,1,195.68,1,car,Jam,Sandstorm,31.4
2.0138,-0.258819,-0.965926,0.781831,0.62349,4,12,15,2,0.8571,1,148.93,0,car,Medium,Sunny,23.4
2.6944,-0.707107,-0.707107,0.974928,-0.222521,8,6,15,8,0.4286,0,352.56,0,car,Normal,Sunny,32.34
0.2489,-0.5,-0.866025,0.781831,0.62349,2,7,13,5,0.5833,1,63.0,0,van,High,Foggy,5.27
0.5821,0.258819,-0.965926,-0.974928,-0.222521,9,21,29,7,0.75,1,145.03,1,van,Low,Windy,4.38
1.7515,-0.707107,0.707107,0.974928,-0.222521,4,5,15,9,0.3571,0,112.81,-1,van,Medium,Sunny,16.54
2.4624,-0.258819,-0.965926,0.781831,0.62349,4,1,8,6,0.1429,1,34.24,6,car,Jam,Sunny,57.34
0.5959,0.258819,-0.965926,0.0,1.0,11,1,7,5,0.1667,1,212.46,0,van,Medium,Sunny,8.52
1.8095,-0.258819,-0.965926,-0.781831,0.62349,1,3,14,10,0.2308,1,232.66,1,car,High,Sunny,28.62
0.1742,-0.258819,-0.965926,-0.781831,0.62349,6,15,24,8,0.6522,1,67.45,35,van,Normal,Sunny,2.39
0.6058,-0.707107,-0.707107,0.0,1.0,4,9,11,1,0.9,1,108.65,1,van,High,Sunny,18.19
0.075,-0.866025,-0.5,0.781831,0.62349,12,15,37,21,0.4167,1,30.42,35,van,Medium,Windy,1.52
0.7316,-0.258819,-0.965926,-0.781831,0.62349,4,8,12,3,0.7273,1,304.27,0,van,Medium,Sunny,11.94
7.3124,0.0,-1.0,0.974928,-0.222521,5,0,10,9,0.0,1,46.71,0,car,Low,Sunny,47.59
5.2459,-1.0,-0.0,-0.974928,-0.222521,10,2,5,2,0.5,1,229.39,0,van,Medium,Foggy,90.0
1.3441,-0.866025,-0.5,0.781831,0.62349,5,13,37,23,0.3611,1,187.05,35,car,Medium,Windy,21.97
0.6109,-0.707107,-0.707107,0.0,1.0,10,18,24,5,0.7826,1,324.58,18,van,Low,Sunny,8.34
4.0266,0.258819,-0.965926,0.781831,0.62349,10,2,13,10,0.1667,0,241.57,1,car,Medium,Windy,41.6
0.9309,-0.258819,-0.965926,0.433884,-0.900969,12,0,12,11,0.0,0,99.49,14,car,Medium,Sunny,10.45
0.5967,-0.866025,-0.5,0.974928,-0.222521,12,17,22,4,0.8095,1,112.46,1,car,Medium,Sunny,9.58
1.2396,-0.965926,-0.258819,0.433884,-0.900969,12,3,11,7,0.3,1,240.43,1,van,Normal,Rainy,25.03
0.0642,0.258819,-0.965926,-0.974928,-0.222521,4,10,13,2,0.8333,1,245.74,0,van,Low,Windy,1.0
0.1121,-0.965926,0.258819,0.781831,0.62349,6,2,4,1,0.6667,1,255.69,0,car,High,Sunny,1.0
1.3234,-0.5,-0.866025,-0.781831,0.62349,4,8,18,9,0.4706,1,95.93,0,van,Medium,Sunny,17.38
0.2618,-0.5,-0.866025,0.974928,-0.222521,4,2,10,7,0.2222,1,1.39,6,van,Normal,Sunny,3.39
1.171,-1.0,-0.0,-0.781831,0.62349,4,5,13,7,0.4167,1,29.61,14,car,High,Sunny,24.62
0.5048,-0.5,0.866025,-0.974928,-0.222521,5,2,17,14,0.125,1,237.53,1,van,Medium,Sunny,4.7
0.4244,-0.5,-0.866025,0.781831,0.62349,4,9,19,9,0.5,1,163.59,6,car,Normal,Foggy,4.42
0.474,-0.258819,-0.965926,0.781831,0.62349,8,5,12,6,0.4545,1,287.44,1,van,Normal,Sunny,5.55
0.5987,-0.866025,-0.5,0.781831,0.62349,12,8,21,12,0.4,1,62.46,6,car,Normal,Windy,7.62
1.5021,-0.258819,-0.965926,0.0,1.0,9,0,14,13,0.0,1,345.15,1,van,Jam,Sunny,47.62
0.1578,-0.258819,-0.965926,0.974928,-0.222521,1,7,37,29,0.1944,1,157.99,35,car,Normal,Sunny,2.25
0.7429,-0.258819,-0.965926,0.433884,-0.900969,9,7,10,2,0.7778,0,4.48,-1,van,Normal,Sunny,9.42
0.0796,-0.707107,-0.707107,-0.974928,-0.222521,2,7,10,2,0.7778,1,254.39,0,van,Medium,Rainy,1.8
0.4652,-0.5,-0.866025,0.433884,-0.900969,1,2,29,26,0.0714,1,111.41,8,van,Low,Sunny,4.01
1.7261,-0.5,-0.866025,0.0,1.0,11,10,16,5,0.6667,1,67.84,0,car,Medium,Sunny,16.37
0.8293,-0.258819,-0.965926,0.0,1.0,11,3,16,12,0.2,1,144.31,0,van,Low,Sandstorm,9.39
0.1557,-0.965926,-0.258819,-0.781831,0.62349,4,5,25,19,0.2083,1,71.98,0,van,Normal,Sunny,2.57
0.6989,-0.258819,-0.965926,-0.974928,-0.222521,1,2,12,9,0.1818,1,73.39,1,van,Normal,Sunny,9.13
1.8078,0.258819,-0.965926,0.433884,-0.900969,5,14,29,14,0.5,1,272.61,1,car,Normal,Windy,14.8
0.9651,-0.258819,-0.965926,0.0,1.0,1,6,9,2,0.75,0,308.88,-1,van,Normal,Windy,12.76
2.1966,-0.866025,-0.5,0.974928,-0.222521,4,10,24,13,0.4348,1,79.45,15,van,Medium,Sunny,46.4
0.5445,-0.258819,-0.965926,0.433884,-0.900969,4,6,13,6,0.5,1,243.54,0,van,Normal,Windy,7.62
2.1127,-0.707107,-0.707107,-0.781831,0.62349,5,11,37,25,0.3056,1,149.89,35,car,Jam,Sunny,65.19
0.6836,-0.965926,0.258819,0.974928,-0.222521,4,7,24,16,0.3043,1,93.22,35,van,High,Sunny,12.32
0.8021,-0.707107,-0.707107,0.433884,-0.900969,5,4,25,20,0.1667,1,102.84,0,van,High,Windy,25.14
0.7123,-0.5,-0.866025,0.974928,-0.222521,2,6,9,2,0.75,1,316.07,6,van,Medium,Sunny,10.72
0.8995,-0.5,-0.866025,-0.781831,0.62349,1,5,12,6,0.4545,1,280.51,14,car,Medium,Sunny,7.84
1.5413,-0.965926,-0.258819,0.974928,-0.222521,3,6,29,22,0.2143,0,9.22,10,car,Medium,Sandstorm,31.65
4.2154,-0.5,-0.866025,-0.781831,0.62349,7,7,9,1,0.875,0,38.99,-1,car,High,Sunny,54.75
0.8762,0.0,-1.0,-0.974928,-0.222521,6,3,9,5,0.375,0,139.6,-1,car,Normal,Sunny,8.37
2.5878,-0.258819,-0.965926,0.781831,0.62349,12,3,5,1,0.75,1,281.61,0,car,Normal,Windy,25.82
0.5024,0.258819,-0.965926,0.974928,-0.222521,12,2,8,5,0.2857,0,88.59,-1,car,High,Sunny,5.99
1.3678,-0.707107,-0.707107,0.781831,0.62349,6,12,37,24,0.3333,1,23.84,35,car,Jam,Rainy,48.52
3.0986,0.0,-1.0,0.0,1.0,1,13,27,13,0.5,0,323.42,-1,van,Normal,Windy,42.12
0.6623,-0.5,-0.866025,0.781831,0.62349,8,5,9,3,0.625,1,267.04,6,car,Medium,Sunny,6.37
1.7035,-0.258819,-0.965926,0.781831,0.62349,2,1,6,4,0.2,1,235.13,1,van,Medium,Sunny,27.48
1.1908,-0.866025,-0.5,0.781831,0.62349,5,6,9,2,0.75,0,245.91,-1,van,Jam,Sunny,50.05
2.404,0.258819,-0.965926,-0.781831,0.62349,11,1,3,1,0.5,0,207.91,-1,car,Medium,Sunny,23.2
2.7276,-1.0,-0.0,0.0,1.0,5,1,21,19,0.05,0,329.6,8,car,Normal,Sunny,32.57
0.3411,0.0,-1.0,0.0,1.0,5,2,11,8,0.2,1,189.39,1,van,Medium,Sunny,5.75
0.1972,-0.258819,-0.965926,-0.974928,-0.222521,1,13,29,15,0.4643,1,251.41,6,car,Normal,Windy,5.33
0.0655,-0.866025,-0.5,-0.974928,-0.222521,10,12,16,3,0.8,1,239.23,0,car,Medium,Sandstorm,1.45
3.4729,-0.5,-0.866025,0.974928,-0.222521,2,2,5,2,0.5,1,220.89,6,car,High,Sunny,44.96
0.8268,-0.965926,0.258819,0.974928,-0.222521,4,10,18,7,0.5882,1,350.02,0,van,Normal,Rainy,9.71
1.357,0.5,-0.866025,0.0,1.0,5,3,11,7,0.3,1,240.72,1,van,Normal,Windy,21.71
0.4639,-0.258819,-0.965926,-0.781831,0.62349,6,22,29,6,0.7857,1,123.22,1,van,Jam,Sunny,14.24
0.6012,-0.707107,-0.707107,0.0,1.0,11,4,11,6,0.4,1,236.47,1,car,High,Sunny,12.22
0.2859,-0.866025,-0.5,0.781831,0.62349,6,4,9,4,0.5,1,119.0,1,van,High,Sunny,7.9
1.0009,-0.258819,-0.965926,-0.974928,-0.222521,1,2,12,9,0.1818,1,49.06,1,van,Jam,Foggy,39.59
1.6667,-0.5,-0.866025,0.974928,-0.222521,2,6,12,5,0.5455,1,223.54,1,van,High,Sunny,29.54
0.587,0.0,-1.0,0.0,1.0,10,4,11,6,0.4,1,237.19,1,van,Low,Sunny,4.78
1.5114,-0.258819,-0.965926,0.974928,-0.222521,4,4,17,12,0.25,1,124.36,1,car,Normal,Sunny,16.45
1.2062,-0.866025,-0.5,-0.781831,0.62349,9,9,21,11,0.45,1,190.09,0,van,High,Sunny,34.26
5.1762,0.258819,-0.965926,-0.974928,-0.222521,1,1,4,2,0.3333,1,52.24,0,van,Jam,Sunny,90.0
1.8361,-0.5,-0.866025,-0.781831,0.62349,4,0,14,13,0.0,1,357.19,1,car,Jam,Sunny,34.02
0.3272,-0.707107,-0.707107,0.433884,-0.900969,4,11,18,6,0.6471,1,237.94,0,car,Medium,Sandstorm,7.03
0.3465,-0.866025,0.5,-0.781831,0.62349,4,11,13,1,0.9167,0,63.29,-1,car,Medium,Sunny,2.7
2.0742,-0.707107,-0.707107,0.781831,0.62349,4,3,8,4,0.4286,0,235.99,25,car,Normal,Windy,26.74
1.1009,-0.5,-0.866025,-0.974928,-0.222521,1,13,21,7,0.65,1,84.0,6,car,Medium,Windy,11.72
2.6728,-0.5,-0.866025,0.433884,-0.900969,3,3,5,1,0.75,1,277.4,0,car,Normal,Rainy,22.93
4.0405,-0.5,-0.866025,0.0,1.0,3,6,8,1,0.8571,0,27.6,18,car,Medium,Sunny,40.01
1.1283,-0.707107,-0.707107,0.0,1.0,4,0,2,1,0.0,1,342.79,1,van,Normal,Sunny,18.85
1.5924,0.5,-0.866025,0.974928,-0.222521,11,0,13,12,0.0,1,231.79,0,van,Jam,Sunny,59.99
1.2997,-0.866025,-0.5,0.781831,0.62349,7,20,22,1,0.9524,1,63.69,1,van,High,Sunny,36.9
0.2426,0.0,-1.0,0.781831,0.62349,6,11,14,2,0.8462,1,46.88,1,car,Medium,Sandstorm,3.9
0.1658,-0.258819,-0.965926,0.781831,0.62349,1,5,25,19,0.2083,1,188.67,0,car,Medium,Windy,2.18
0.4319,-0.965926,0.258819,0.0,1.0,4,18,25,6,0.75,1,40.4,0,car,High,Sunny,5.34
0.7187,-0.258819,-0.965926,-0.974928,-0.222521,10,19,37,17,0.5278,1,107.18,35,car,Normal,Sunny,7.02
0.6046,0.258819,-0.965926,-0.781831,0.62349,5,14,21,6,0.7,1,210.66,0,car,Low,Rainy,3.58
0.6184,-1.0,-0.0,0.781831,0.62349,3,20,24,3,0.8696,1,183.97,18,van,Medium,Sunny,14.11
6.8391,0.258819,-0.965926,0.433884,-0.900969,11,9,14,4,0.6923,0,43.47,18,car,Normal,Sunny,50.72
2.1557,-0.5,-0.866025,0.433884,-0.900969,1,12,15,2,0.8571,1,141.46,0,car,Jam,Windy,43.26
2.2605,-0.5,-0.866025,0.781831,0.62349,11,10,24,13,0.4348,1,75.93,15,car,Normal,Sunny,16.86
0.5367,-0.5,-0.866025,0.781831,0.62349,1,11,13,1,0.9167,1,93.95,1,van,Normal,Windy,6.23
0.3087,-0.707107,-0.707107,0.974928,-0.222521,8,7,16,8,0.4667,1,117.71,0,car,Medium,Sunny,7.0
0.1586,0.5,-0.866025,0.974928,-0.222521,5,7,16,8,0.4667,1,40.81,0,car,Medium,Windy,3.89
3.1329,-0.707107,-0.707107,-0.974928,-0.222521,1,1,4,2,0.3333,1,100.66,0,car,Normal,Sunny,39.03
0.9583,-0.866025,-0.5,0.974928,-0.222521,4,5,13,7,0.4167,1,32.95,14,car,Normal,Sunny,11.5
3.1159,-0.258819,-0.965926,0.974928,-0.222521,8,1,4,2,0.3333,1,103.66,0,van,Normal,Sunny,39.61
0.498,-0.258819,-0.965926,-0.974928,-0.222521,4,2,17,14,0.125,1,225.01,1,car,Normal,Rainy,6.93
1.6051,0.0,-1.0,0.781831,0.62349,4,1,16,14,0.0667,1,142.39,0,van,Normal,Sunny,20.15
0.6346,-0.707107,-0.707107,-0.974928,-0.222521,2,20,24,3,0.8696,1,201.25,18,van,Jam,Rainy,30.62
0.064,-0.707107,-0.707107,0.974928,-0.222521,4,12,25,12,0.5,1,77.57,0,van,Medium,Foggy,2.06
0.5446,-0.965926,-0.258819,0.781831,0.62349,1,7,10,2,0.7778,1,185.4,0,car,High,Foggy,14.14
1.4626,-0.965926,0.258819,0.974928,-0.222521,12,20,22,1,0.9524,1,65.86,1,car,Normal,Sunny,11.01
1.3257,-0.5,-0.866025,0.781831,0.62349,8,8,16,7,0.5333,1,156.05,0,van,Medium,Sunny,17.57
3.5003,-0.965926,-0.258819,0.781831,0.62349,4,4,13,8,0.3333,1,72.27,0,van,Normal,Sunny,58.48
0.4456,0.0,-1.0,0.781831,0.62349,12,5,12,6,0.4545,1,263.39,1,van,Jam,Sandstorm,18.86
0.9101,-0.258819,-0.965926,0.974928,-0.222521,4,6,9,2,0.75,0,292.65,-1,car,High,Sunny,14.08
0.0868,0.258819,-0.965926,0.781831,0.62349,1,7,22,14,0.3333,1,288.58,1,car,Normal,Sunny,1.0
0.74,0.258819,-0.965926,0.974928,-0.222521,10,0,9,8,0.0,1,271.62,8,car,Normal,Windy,5.92
1.7948,0.0,-1.0,0.433884,-0.900969,11,9,21,11,0.45,0,317.68,7,car,Low,Sunny,11.34
0.6962,-0.258819,-0.965926,0.974928,-0.222521,4,11,14,2,0.8462,1,325.87,18,van,Normal,Windy,9.28
3.1207,-0.866025,0.5,-0.781831,0.62349,10,9,11,1,0.9,1,58.55,1,van,Normal,Sunny,32.76
1.534,0.258819,-0.965926,-0.974928,-0.222521,3,1,16,14,0.0667,1,140.89,0,van,High,Windy,30.21
2.7089,-0.258819,-0.965926,0.781831,0.62349,3,4,8,3,0.5714,0,74.79,16,van,Normal,Sunny,33.59
0.0622,-0.5,-0.866025,-0.974928,-0.222521,6,2,5,2,0.5,1,53.55,31,van,Medium,Sunny,1.7
3.7966,-0.258819,-0.965926,0.0,1.0,4,6,12,5,0.5455,0,56.47,6,car,Medium,Windy,48.71
1.7003,-0.866025,-0.5,-0.974928,-0.222521,6,4,21,16,0.2,1,48.66,8,van,High,Windy,52.36
0.955,-0.866025,-0.5,0.974928,-0.222521,3,4,10,5,0.4444,1,348.96,17,van,Normal,Sandstorm,21.81
0.7048,0.0,-1.0,0.974928,-0.222521,4,8,12,3,0.7273,1,247.08,1,van,Low,Sunny,6.57
1.7301,-0.258819,-0.965926,0.433884,-0.900969,4,2,8,5,0.2857,1,141.72,0,van,Medium,Sunny,27.74
0.7106,-0.258819,-0.965926,0.974928,-0.222521,4,4,11,6,0.4,1,60.82,1,car,High,Sunny,10.89
0.9638,0.0,-1.0,-0.974928,-0.222521,4,1,29,27,0.0357,1,54.45,1,car,Jam,Windy,23.14
1.1571,-1.0,-0.0,-0.781831,0.62349,4,10,12,1,0.9091,0,249.49,-1,car,Normal,Sandstorm,18.32
0.4746,-0.5,-0.866025,-0.781831,0.62349,3,7,11,3,0.7,1,314.18,1,car,Medium,Sunny,4.25
0.6568,0.0,-1.0,0.0,1.0,4,5,14,8,0.3846,0,249.0,3,car,Jam,Windy,17.3
1.1658,-0.866025,-0.5,0.433884,-0.900969,3,25,37,11,0.6944,1,180.54,35,car,Normal,Sunny,13.52
0.3465,-0.965926,-0.258819,0.433884,-0.900969,1,10,13,2,0.8333,1,35.19,0,car,Jam,Windy,11.02
0.1979,0.5,-0.866025,-0.781831,0.62349,4,1,10,8,0.1111,1,140.73,0,van,Medium,Sunny,6.02
0.918,-0.707107,-0.707107,0.974928,-0.222521,7,1,17,15,0.0625,1,334.37,1,car,Medium,Windy,15.14
1.2747,-0.866025,-0.5,0.974928,-0.222521,4,1,37,35,0.0278,1,122.82,35,van,Normal,Sunny,21.76
1.4688,-0.258819,-0.965926,0.433884,-0.900969,1,2,8,5,0.2857,1,134.03,0,van,Medium,Sunny,23.56
1.2286,0.0,-1.0,0.781831,0.62349,7,6,13,6,0.5,1,292.51,1,van,Medium,Sunny,19.98
2.04,-0.866025,-0.5,-0.781831,0.62349,2,4,6,1,0.8,1,338.56,1,car,Medium,Sunny,31.26
0.7847,0.0,-1.0,0.433884,-0.900969,4,3,13,9,0.25,1,1.14,14,van,Medium,Sunny,12.59
0.118,-0.258819,-0.965926,0.433884,-0.900969,4,18,21,2,0.9,1,239.7,5,car,High,Sunny,1.41
0.9618,-0.258819,-0.965926,-0.781831,0.62349,3,2,9,6,0.25,1,346.25,8,van,Jam,Sunny,30.08
1.6104,0.258819,-0.965926,-0.974928,-0.222521,1,7,21,13,0.35,1,52.67,0,car,Normal,Sunny,12.01
1.3925,-0.5,-0.866025,0.781831,0.62349,4,1,12,10,0.0909,1,256.46,8,van,Jam,Windy,38.81
2.0656,0.0,-1.0,0.974928,-0.222521,3,5,12,6,0.4545,1,219.42,1,car,Medium,Sandstorm,33.29
1.242,0.0,-1.0,-0.781831,0.62349,12,9,14,4,0.6923,1,179.57,1,car,High,Windy,20.96
2.3666,-0.5,-0.866025,0.781831,0.62349,4,4,9,4,0.5,0,99.65,-1,van,Medium,Rainy,38.45
0.2427,-0.258819,-0.965926,0.0,1.0,2,0,9,8,0.0,1,339.01,1,van,High,Sandstorm,6.53
0.2806,-0.866025,-0.5,0.781831,0.62349,4,4,10,5,0.4444,1,333.8,1,van,Normal,Sunny,4.55
3.0315,-0.5,-0.866025,-0.781831,0.62349,4,23,29,5,0.8214,1,246.28,1,van,Medium,Sunny,40.29
0.2015,0.0,-1.0,0.974928,-0.222521,7,33,37,3,0.9167,1,277.49,35,van,Medium,Foggy,3.9
0.8647,-0.965926,-0.258819,0.433884,-0.900969,4,4,12,7,0.3636,1,355.19,14,car,Medium,Rainy,15.58
2.1855,-0.258819,-0.965926,0.0,1.0,9,4,7,2,0.6667,1,39.07,6,van,Normal,Sunny,27.97
0.3563,-0.965926,-0.258819,0.781831,0.62349,11,2,10,7,0.2222,1,179.08,1,car,Medium,Sunny,5.44
0.4523,-0.258819,-0.965926,0.0,1.0,9,11,21,9,0.55,1,134.98,0,car,Medium,Sunny,5.83
3.8067,-0.5,-0.866025,0.0,1.0,10,6,12,5,0.5455,0,51.82,6,van,Medium,Sandstorm,66.72
0.7609,-0.707107,-0.707107,-0.974928,-0.222521,11,5,12,6,0.4545,1,25.56,8,van,Medium,Sunny,15.67
1.5034,0.0,-1.0,-0.781831,0.62349,2,2,4,1,0.6667,0,303.64,-1,car,Normal,Sunny,13.44
0.1742,-1.0,-0.0,0.433884,-0.900969,4,2,11,8,0.2,1,30.09,1,van,Normal,Sunny,4.56
1.8844,-0.5,-0.866025,0.433884,-0.900969,1,15,27,11,0.5769,0,225.92,12,van,High,Sunny,33.31
0.4799,-0.5,-0.866025,0.781831,0.62349,4,4,13,8,0.3333,1,59.9,1,van,Normal,Sunny,4.78
0.9983,-0.258819,-0.965926,0.433884,-0.900969,8,9,15,5,0.6429,1,349.3,15,car,Medium,Sunny,11.15
5.2327,-0.258819,-0.965926,0.0,1.0,2,7,11,3,0.7,0,173.36,-1,car,Normal,Sandstorm,63.5
2.2642,-0.707107,-0.707107,0.0,1.0,4,1,6,4,0.2,0,70.27,-1,car,High,Sandstorm,62.69
1.9228,-0.5,-0.866025,-0.781831,0.62349,11,7,12,4,0.6364,1,3.14,1,car,Low,Sunny,10.2
2.7919,-0.965926,-0.258819,-0.974928,-0.222521,4,1,7,5,0.1667,0,35.89,6,car,Medium,Sunny,43.43
4.5524,-0.965926,-0.258819,0.974928,-0.222521,4,4,9,4,0.5,0,33.32,-1,car,Medium,Sunny,70.55
1.2768,-0.258819,-0.965926,0.0,1.0,2,1,9,7,0.125,0,166.81,-1,van,Jam,Windy,43.92
0.1224,-0.707107,-0.707107,-0.781831,0.62349,3,10,25,14,0.4167,1,120.65,0,car,Normal,Sunny,1.72
3.2411,-0.866025,-0.5,-0.974928,-0.222521,4,1,10,8,0.1111,0,269.88,1,car,High,Sunny,67.48
3.98,-0.707107,-0.707107,0.974928,-0.222521,10,2,13,10,0.1667,0,245.19,1,car,Jam,Rainy,90.0
2.2022,-0.258819,-0.965926,0.781831,0.62349,4,11,37,25,0.3056,1,150.77,35,van,High,Sunny,47.49
2.4394,-0.965926,-0.258819,0.974928,-0.222521,8,4,9,4,0.5,0,105.49,-1,car,Medium,Windy,40.75
0.9826,0.0,-1.0,-0.781831,0.62349,10,3,12,8,0.2727,1,344.86,14,car,Jam,Sunny,22.07
1.9488,0.258819,-0.965926,0.781831,0.62349,5,6,12,5,0.5455,1,222.25,1,car,Medium,Sunny,18.59
1.6166,-0.5,-0.866025,0.781831,0.62349,7,13,15,1,0.9286,0,104.75,-1,car,Low,Windy,9.07
3.8012,0.0,-1.0,0.974928,-0.222521,3,2,7,4,0.3333,0,46.09,-1,van,Medium,Sunny,62.37
0.4494,-0.707107,-0.707107,0.974928,-0.222521,1,6,21,14,0.3,1,217.12,0,car,High,Sunny,8.97
0.8263,0.0,-1.0,-0.781831,0.62349,7,8,29,20,0.2857,1,208.53,1,car,High,Sunny,13.28
0.4279,-0.258819,-0.965926,0.433884,-0.900969,7,7,24,16,0.3043,1,108.73,35,van,Medium,Sunny,6.87
1.7576,0.258819,-0.965926,0.0,1.0,7,14,29,14,0.5,1,282.67,1,van,Medium,Sunny,23.06
0.787,-0.5,-0.866025,0.974928,-0.222521,9,8,14,5,0.6154,1,308.64,15,car,High,Sandstorm,14.26
3.4304,-0.258819,-0.965926,0.0,1.0,4,0,14,13,0.0,0,246.28,9,car,High,Sunny,54.23
0.9511,0.258819,-0.965926,0.781831,0.62349,4,13,22,8,0.619,1,188.52,1,car,Medium,Sunny,9.66
0.8979,-0.707107,-0.707107,0.433884,-0.900969,6,4,12,7,0.3636,1,356.54,14,van,Jam,Foggy,47.43
0.3873,-0.707107,-0.707107,-0.974928,-0.222521,4,5,10,4,0.5556,1,19.55,1,car,Normal,Sunny,5.11
0.3869,-0.707107,-0.707107,0.974928,-0.222521,4,5,11,5,0.5,1,79.21,2,car,High,Windy,8.68
1.1244,-0.258819,-0.965926,-0.781831,0.62349,12,2,9,6,0.25,1,329.13,8,van,High,Sunny,25.59
7.3824,-1.0,-0.0,-0.781831,0.62349,11,0,11,10,0.0,0,229.03,-1,car,Medium,Foggy,90.0
2.1385,0.0,-1.0,0.433884,-0.900969,11,1,12,10,0.0909,1,15.81,14,van,Medium,Sunny,34.67
0.8286,-0.258819,-0.965926,0.781831,0.62349,4,7,10,2,0.7778,0,6.07,-1,car,Normal,Sunny,7.68
1.5045,-0.258819,0.965926,0.781831,0.62349,11,10,16,5,0.6667,1,57.51,0,van,High,Sunny,19.96
0.5551,-0.5,-0.866025,-0.781831,0.62349,9,7,13,5,0.5833,1,189.83,1,car,High,Foggy,8.48
0.2945,-0.965926,-0.258819,0.433884,-0.900969,10,14,21,6,0.7,1,259.71,0,van,Normal,Foggy,5.76
2.6789,-0.258819,-0.965926,-0.781831,0.62349,12,1,7,5,0.1667,0,39.09,6,van,Normal,Windy,36.53
2.0304,-0.258819,-0.965926,-0.781831,0.62349,4,2,21,18,0.1,1,343.66,8,van,Jam,Sunny,63.58
0.3439,-0.707107,-0.707107,0.781831,0.62349,5,0,21,20,0.0,1,19.18,0,van,High,Sunny,9.32
0.4231,-0.258819,-0.965926,0.781831,0.62349,8,0,12,11,0.0,1,305.44,1,car,Normal,Rainy,4.32
2.3674,0.0,-1.0,0.974928,-0.222521,11,4,7,2,0.6667,1,46.03,0,car,Medium,Sunny,29.7
3.4226,-0.258819,-0.965926,0.0,1.0,4,1,10,8,0.1111,0,264.66,1,car,High,Windy,58.33
0.3031,-0.707107,-0.707107,0.433884,-0.900969,10,35,37,1,0.9722,1,22.54,35,van,Medium,Sunny,6.37
1.0126,0.0,-1.0,0.974928,-0.222521,10,4,10,5,0.4444,1,337.89,17,car,Medium,Windy,12.24
5.0543,-0.258819,-0.965926,0.974928,-0.222521,4,2,5,2,0.5,0,50.14,4,car,Medium,Windy,64.11
0.2723,-0.5,-0.866025,0.433884,-0.900969,1,5,10,4,0.5556,1,28.21,1,van,Normal,Sunny,3.21
0.3153,0.0,-1.0,-0.781831,0.62349,9,11,24,12,0.4783,1,26.72,15,van,High,Rainy,7.62
3.2615,0.258819,-0.965926,0.0,1.0,7,3,9,5,0.375,0,82.51,6,car,Low,Sunny,17.3
0.8121,0.0,-1.0,0.0,1.0,11,1,11,9,0.1,1,339.95,1,van,Normal,Sunny,10.8
7.4608,-0.5,-0.866025,0.0,1.0,11,5,8,2,0.7143,1,237.13,0,van,High,Sunny,90.0
0.3999,-0.258819,-0.965926,0.433884,-0.900969,11,9,22,12,0.4286,1,288.38,1,van,Normal,Sunny,4.66
15.8004,-0.5,-0.866025,0.781831,0.62349,4,8,10,1,0.8889,0,231.02,-1,car,Normal,Windy,90.0
0.2686,0.0,-1.0,0.0,1.0,8,4,16,11,0.2667,1,47.94,0,car,Medium,Sunny,2.64
0.6593,0.0,-1.0,0.433884,-0.900969,9,3,17,13,0.1875,1,193.25,1,car,Low,Sunny,5.53
1.2504,-0.258819,-0.965926,0.433884,-0.900969,1,11,29,17,0.3929,1,52.41,6,car,Low,Sunny,8.06
3.0514,-0.258819,0.965926,0.0,1.0,10,6,11,4,0.6,1,24.84,1,van,Medium,Sunny,30.0
0.4687,-0.707107,-0.707107,-0.974928,-0.222521,4,2,11,8,0.2,1,34.23,2,car,Medium,Sunny,7.42
6.3961,-0.258819,-0.965926,0.0,1.0,3,8,14,5,0.6154,0,252.55,1,car,Medium,Sunny,75.4
5.7598,0.0,-1.0,0.433884,-0.900969,7,23,25,1,0.9583,1,228.61,0,car,Normal,Sunny,52.91
1.5764,0.0,-1.0,0.0,1.0,4,7,12,4,0.6364,1,4.65,1,car,Low,Windy,11.09
0.2969,-0.965926,0.258819,0.974928,-0.222521,3,10,14,3,0.7692,1,125.95,0,van,Normal,Sunny,3.55
0.3908,-0.707107,-0.707107,0.433884,-0.900969,4,9,12,2,0.8182,1,208.98,14,van,Jam,Sandstorm,21.86
0.5958,0.0,-1.0,0.974928,-0.222521,5,5,18,12,0.2941,1,84.55,0,car,Normal,Sunny,6.36
0.156,-0.258819,-0.965926,0.974928,-0.222521,4,3,18,14,0.1765,1,261.17,0,van,Normal,Sunny,2.19
1.0951,-0.866025,0.5,0.974928,-0.222521,4,7,15,7,0.5,1,4.75,0,car,Low,Sunny,8.22
0.4797,-0.258819,-0.965926,0.781831,0.62349,7,7,12,4,0.6364,1,54.0,6,car,High,Sunny,7.26
0.7918,0.0,-1.0,0.974928,-0.222521,2,2,15,12,0.1429,1,110.79,0,car,Jam,Sunny,19.61
0.2934,-0.5,-0.866025,-0.781831,0.62349,2,34,37,2,0.9444,1,276.55,35,van,Medium,Sandstorm,6.07
1.9622,0.258819,-0.965926,-0.781831,0.62349,4,4,7,2,0.6667,1,45.84,6,van,Normal,Windy,21.46
1.0267,0.0,-1.0,0.433884,-0.900969,2,2,29,26,0.0714,1,234.32,1,car,Normal,Sunny,8.85
8.2471,-0.707107,-0.707107,0.0,1.0,12,5,15,9,0.3571,0,30.06,6,van,Medium,Sunny,90.0
0.7981,-0.5,-0.866025,0.781831,0.62349,2,3,17,13,0.1875,1,183.12,1,car,High,Sunny,10.54
6.9439,-0.707107,-0.707107,0.0,1.0,6,23,25,1,0.9583,1,244.74,0,car,Low,Windy,63.98
0.1693,0.258819,-0.965926,-0.974928,-0.222521,10,5,21,15,0.25,1,152.7,0,car,Medium,Sunny,1.32
1.2557,-0.258819,-0.965926,0.0,1.0,3,6,10,3,0.6667,1,126.03,1,car,High,Sunny,20.12
7.2298,0.258819,-0.965926,-0.974928,-0.222521,1,0,10,9,0.0,1,44.84,0,car,Low,Rainy,45.54
0.9421,-0.965926,-0.258819,-0.974928,-0.222521,4,1,29,27,0.0357,1,55.36,1,car,High,Sandstorm,26.36
0.9031,0.258819,-0.965926,0.781831,0.62349,10,6,9,2,0.75,0,309.8,-1,van,High,Windy,18.73
2.0062,-0.866025,0.5,-0.781831,0.62349,3,4,7,2,0.6667,1,50.35,6,van,Normal,Sunny,20.66
0.4353,-0.5,0.866025,0.433884,-0.900969,4,8,14,5,0.6154,1,115.81,0,car,Medium,Sunny,2.5
1.6242,-0.965926,-0.258819,0.781831,0.62349,3,5,11,5,0.5,1,229.35,1,van,Medium,Sunny,34.78
0.4944,-0.5,-0.866025,0.974928,-0.222521,1,4,12,7,0.3636,1,166.51,1,van,Low,Rainy,5.14
0.185,-0.5,-0.866025,0.0,1.0,1,10,14,3,0.7692,1,71.6,18,van,Normal,Sunny,2.39
0.3819,-0.258819,-0.965926,-0.974928,-0.222521,4,14,21,6,0.7,1,209.65,0,van,Medium,Sunny,6.06
0.5898,0.258819,-0.965926,0.433884,-0.900969,4,11,25,13,0.4583,1,180.67,0,car,Jam,Windy,11.35
0.3541,0.0,-1.0,0.974928,-0.222521,4,7,12,4,0.6364,1,339.34,1,van,Medium,Sunny,5.95
0.368,0.258819,-0.965926,0.974928,-0.222521,3,4,10,5,0.4444,1,52.54,6,van,Medium,Sunny,4.97
0.9372,-0.866025,-0.5,0.781831,0.62349,2,5,24,18,0.2174,1,117.62,35,car,Medium,Sunny,14.64
3.0527,-0.258819,-0.965926,-0.433884,-0.900969,1,6,8,1,0.8571,1,74.29,1,van,Normal,Sunny,37.95
0.779,0.258819,-0.965926,0.0,1.0,1,3,21,17,0.15,1,207.96,8,car,Normal,Sandstorm,7.43
1.5424,0.0,-1.0,-0.974928,-0.222521,4,1,12,10,0.0909,1,264.5,8,car,Medium,Sandstorm,23.89
1.8807,-0.707107,-0.707107,0.433884,-0.900969,3,15,24,8,0.6522,0,93.1,16,car,Medium,Sunny,28.95
2.3856,0.258819,-0.965926,0.974928,-0.222521,5,4,7,2,0.6667,1,42.81,0,van,Normal,Sunny,25.79
5.7356,-0.5,-0.866025,0.433884,-0.900969,3,23,25,1,0.9583,1,230.89,0,van,Normal,Windy,63.87
2.324,-0.258819,-0.965926,-0.974928,-0.222521,6,6,21,14,0.3,0,58.3,6,van,High,Sunny,51.26
1.4977,0.0,-1.0,0.781831,0.62349,11,11,19,7,0.6111,1,41.22,6,car,Normal,Sunny,13.45
1.1375,0.0,-1.0,0.781831,0.62349,5,9,14,4,0.6923,1,180.85,1,van,Normal,Windy,14.94
1.6815,-0.5,-0.866025,-0.974928,-0.222521,10,2,21,18,0.1,1,72.74,0,car,High,Sunny,21.72
0.7372,-0.258819,-0.965926,0.433884,-0.900969,5,1,21,19,0.05,1,65.13,0,car,Low,Sunny,5.37
0.34,-0.5,0.866025,0.0,1.0,5,10,14,3,0.7692,1,162.05,18,van,Normal,Sunny,2.34
0.1357,-0.965926,-0.258819,0.974928,-0.222521,12,1,13,11,0.0833,1,75.32,2,car,High,Rainy,2.9
0.4865,-0.258819,-0.965926,-0.781831,0.62349,3,0,37,36,0.0,1,77.47,35,car,Jam,Sunny,11.35
1.4966,-0.5,-0.866025,0.433884,-0.900969,6,20,22,1,0.9524,1,59.72,1,van,Jam,Sunny,38.89
1.4694,0.0,-1.0,-0.781831,0.62349,1,7,14,6,0.5385,1,296.11,1,van,High,Sunny,33.18
0.2651,0.0,-1.0,0.0,1.0,1,10,24,13,0.4348,1,148.18,35,car,Normal,Rainy,3.29
2.5266,0.5,-0.866025,0.433884,-0.900969,4,4,9,4,0.5,0,104.49,-1,van,Normal,Windy,41.33
2.1592,-0.5,-0.866025,0.974928,-0.222521,2,1,8,6,0.1429,1,43.31,6,car,High,Sunny,27.68
0.5225,-0.5,-0.866025,0.781831,0.62349,10,2,10,7,0.2222,1,174.82,1,van,Medium,Rainy,9.09
0.1133,0.258819,-0.965926,0.974928,-0.222521,9,0,4,3,0.0,1,150.55,0,car,High,Windy,1.84
1.7022,0.0,-1.0,0.781831,0.62349,5,19,24,4,0.8261,1,7.02,18,car,Normal,Rainy,18.16
4.2721,-0.965926,-0.258819,0.433884,-0.900969,5,2,13,10,0.1667,1,45.32,0,car,Medium,Sandstorm,88.45
4.3079,-0.258819,-0.965926,-0.781831,0.62349,3,2,8,5,0.2857,0,112.94,-1,car,Normal,Sunny,38.82
0.6072,-0.5,-0.866025,0.974928,-0.222521,9,3,8,4,0.4286,1,248.53,15,car,Normal,Sunny,4.08
1.0858,-0.866025,-0.5,0.0,1.0,1,7,18,10,0.4118,1,48.15,0,van,Medium,Sandstorm,31.3
2.4548,0.258819,-0.965926,-0.974928,-0.222521,1,7,15,7,0.5,0,74.01,15,car,Normal,Sunny,18.64
0.2651,-0.866025,0.5,0.0,1.0,4,10,24,13,0.4348,1,147.81,35,car,Normal,Sunny,1.55
0.9078,-1.0,-0.0,-0.974928,-0.222521,11,8,13,4,0.6667,1,323.61,0,car,Jam,Sandstorm,36.68
0.6322,-0.707107,-0.707107,-0.974928,-0.222521,8,0,12,11,0.0,0,136.71,14,car,Normal,Sunny,7.18
0.9207,0.0,-1.0,0.433884,-0.900969,11,1,9,7,0.125,1,349.96,8,van,High,Foggy,24.55
0.5452,0.0,-1.0,0.781831,0.62349,5,3,17,13,0.1875,1,146.2,1,car,Medium,Sunny,6.28
1.6692,-0.866025,-0.5,0.0,1.0,9,5,11,5,0.5,1,240.45,1,car,Medium,Sunny,25.86
1.4916,-0.258819,-0.965926,0.433884,-0.900969,4,7,14,6,0.5385,1,293.44,1,van,Normal,Rainy,22.89
0.4693,0.0,-1.0,-0.781831,0.62349,4,5,8,2,0.7143,1,257.74,30,car,Medium,Sunny,5.91
0.3788,-0.707107,-0.707107,-0.781831,0.62349,3,5,13,7,0.4167,1,198.23,0,van,Normal,Sunny,6.6
2.1738,-0.5,-0.866025,0.974928,-0.222521,1,1,6,4,0.2,0,65.05,-1,van,Normal,Sunny,21.76
0.3838,0.258819,-0.965926,-0.781831,0.62349,1,8,37,28,0.2222,1,239.89,35,car,Low,Foggy,3.02
2.392,-0.258819,-0.965926,0.0,1.0,6,12,19,6,0.6667,1,27.45,6,van,Jam,Sunny,74.89
3.8079,0.0,-1.0,0.781831,0.62349,11,19,22,2,0.9048,1,236.36,1,car,Medium,Windy,47.93
0.3576,0.0,-1.0,0.433884,-0.900969,5,7,13,5,0.5833,1,81.32,0,car,Medium,Windy,4.46
0.8635,-0.5,-0.866025,0.974928,-0.222521,11,4,11,6,0.4,1,236.52,1,car,Medium,Sunny,9.25
2.2219,0.0,-1.0,-0.781831,0.62349,1,1,3,1,0.5,0,207.3,-1,van,High,Sunny,47.75
0.2395,-0.5,0.866025,0.0,1.0,4,7,37,29,0.1944,1,142.17,35,van,High,Sunny,2.89
0.4909,0.258819,-0.965926,0.433884,-0.900969,4,2,8,5,0.2857,0,57.83,-1,car,Normal,Sunny,6.8
0.5104,-0.5,-0.866025,0.0,1.0,4,4,22,17,0.1905,1,102.48,1,car,Medium,Windy,5.15
0.5701,-0.258819,-0.965926,0.974928,-0.222521,8,4,9,4,0.5,1,133.59,23,car,Medium,Sunny,6.63
0.3886,-0.707107,-0.707107,0.781831,0.62349,11,17,24,6,0.7391,1,101.58,35,van,High,Sunny,10.98
0.4489,-0.258819,-0.965926,-0.974928,-0.222521,11,4,22,17,0.1905,1,67.12,1,car,Medium,Sandstorm,7.66
0.2742,0.0,-1.0,0.974928,-0.222521,1,10,21,10,0.5,1,167.89,0,car,High,Sunny,4.19
1.2952,-0.707107,-0.707107,0.0,1.0,10,6,12,5,0.5455,1,254.53,1,van,Normal,Foggy,26.86
2.7637,0.258819,-0.965926,0.974928,-0.222521,12,1,9,7,0.125,1,229.45,1,car,Medium,Sunny,28.44
1.2234,-0.258819,-0.965926,-0.781831,0.62349,4,1,9,7,0.125,0,162.63,-1,car,Normal,Sandstorm,15.64
0.3946,0.0,-1.0,0.0,1.0,2,17,22,4,0.8095,1,132.36,1,van,Normal,Sunny,4.94
1.1151,-0.5,-0.866025,-0.974928,-0.222521,10,10,29,18,0.3571,0,30.68,6,van,Medium,Rainy,17.54
3.3681,-0.866025,-0.5,0.0,1.0,6,1,19,17,0.0556,0,347.79,8,van,Medium,Sunny,71.81
2.1401,-0.5,-0.866025,-0.433884,-0.900969,8,21,24,2,0.913,1,349.31,35,car,Normal,Sunny,16.08
2.906,0.0,-1.0,0.0,1.0,11,2,25,22,0.0833,1,32.23,0,van,Medium,Sunny,46.48
0.6834,-0.866025,-0.5,-0.974928,-0.222521,5,13,16,2,0.8667,1,42.22,0,car,Medium,Sunny,10.98
0.4003,0.258819,-0.965926,-0.781831,0.62349,7,0,8,7,0.0,1,58.36,6,car,Normal,Sandstorm,4.46
0.5084,0.258819,-0.965926,0.974928,-0.222521,2,18,21,2,0.9,1,74.42,0,car,Normal,Rainy,4.06
1.6163,-0.965926,0.258819,0.433884,-0.900969,4,12,21,8,0.6,0,65.6,6,van,Low,Foggy,14.43
1.4125,-0.866025,-0.5,-0.781831,0.62349,4,3,11,7,0.3,1,8.63,1,van,High,Sunny,40.65
0.2626,0.0,-1.0,0.781831,0.62349,4,6,11,4,0.6,1,116.53,1,van,Medium,Windy,4.56
0.3945,-1.0,-0.0,0.974928,-0.222521,2,1,4,2,0.3333,1,321.52,0,car,Medium,Sunny,6.58
0.8549,-0.258819,-0.965926,0.0,1.0,4,11,24,12,0.4783,1,206.3,35,car,Normal,Sunny,7.99
1.4504,-0.707107,-0.707107,0.781831,0.62349,1,20,29,8,0.7143,1,19.1,6,car,Low,Sunny,15.22
0.4303,-0.258819,-0.965926,0.781831,0.62349,2,10,13,2,0.8333,1,87.46,0,van,Normal,Rainy,6.36
6.1879,-0.965926,0.258819,0.781831,0.62349,11,1,5,3,0.25,0,57.44,2,van,Low,Sunny,46.2
0.5039,0.0,-1.0,0.433884,-0.900969,3,19,29,9,0.6786,1,338.1,6,van,Normal,Sunny,6.25
0.2934,-0.866025,-0.5,0.781831,0.62349,9,2,37,34,0.0556,1,146.6,35,car,High,Sunny,5.8
0.3471,-0.866025,-0.5,0.974928,-0.222521,4,6,24,17,0.2609,1,273.27,35,van,Low,Sunny,4.14
0.5758,-0.866025,-0.5,0.433884,-0.900969,4,6,24,17,0.2609,1,280.48,35,van,High,Sunny,17.0
0.7985,-1.0,-0.0,-0.781831,0.62349,5,7,15,7,0.5,1,352.67,0,van,Jam,Sunny,33.36
1.8308,0.5,-0.866025,0.781831,0.62349,1,12,37,24,0.3333,1,12.74,35,van,High,Foggy,60.37
1.4,-0.707107,-0.707107,0.974928,-0.222521,1,7,11,3,0.7,1,38.6,1,car,Medium,Sunny,21.4
0.6918,0.0,-1.0,0.433884,-0.900969,5,0,12,11,0.0,1,94.34,1,van,Medium,Sunny,10.94
1.7797,0.0,-1.0,0.974928,-0.222521,9,3,5,1,0.75,1,46.54,6,car,High,Sunny,28.06
0.1115,0.0,-1.0,0.781831,0.62349,3,2,11,8,0.2,1,171.08,1,van,Normal,Sunny,1.27
2.7902,-0.707107,0.707107,0.974928,-0.222521,10,8,12,3,0.7273,0,72.01,15,van,Low,Sandstorm,22.43
0.178,0.0,-1.0,0.0,1.0,3,11,16,4,0.7333,1,201.33,0,car,High,Windy,3.92
1.0286,-0.707107,-0.707107,0.0,1.0,3,9,13,3,0.75,1,194.6,0,van,Medium,Sunny,21.8
2.2209,0.0,-1.0,0.781831,0.62349,7,6,21,14,0.3,0,61.74,6,car,High,Sunny,34.84
0.4061,-0.965926,0.258819,0.781831,0.62349,6,0,25,24,0.0,1,30.37,0,car,High,Sunny,5.3
0.42,-0.258819,-0.965926,0.781831,0.62349,11,16,37,20,0.4444,1,156.67,35,car,Medium,Rainy,5.48
0.5117,-0.258819,-0.965926,-0.974928,-0.222521,10,6,22,15,0.2857,1,58.23,1,car,Low,Sunny,3.65
0.2897,-0.258819,-0.965926,0.0,1.0,4,2,11,8,0.2,1,203.38,1,van,Normal,Sunny,4.61
4.1134,-0.258819,-0.965926,0.974928,-0.222521,12,2,8,5,0.2857,0,111.55,-1,car,Medium,Rainy,56.78
0.7732,-0.707107,0.707107,0.781831,0.62349,4,7,9,1,0.875,1,347.55,6,car,Normal,Windy,4.61
0.617,-0.5,-0.866025,-0.974928,-0.222521,6,0,21,20,0.0,1,40.58,0,van,High,Sunny,11.07
0.908,-0.258819,-0.965926,-0.974928,-0.222521,11,0,11,10,0.0,1,199.64,1,van,Normal,Sunny,11.46
0.8878,-0.707107,-0.707107,0.781831,0.62349,2,3,21,17,0.15,1,189.3,8,van,Normal,Sandstorm,19.95
1.7185,-0.866025,-0.5,-0.974928,-0.222521,5,2,11,8,0.2,1,239.78,1,van,Medium,Sunny,36.67
1.1822,-0.866025,0.5,0.974928,-0.222521,1,7,11,3,0.7,1,33.69,1,van,Low,Sandstorm,11.45
4.1799,-0.258819,-0.965926,0.974928,-0.222521,11,4,7,2,0.6667,1,241.63,0,car,Normal,Sunny,38.07
0.4967,-0.258819,-0.965926,0.974928,-0.222521,3,10,15,4,0.7143,1,152.42,15,van,Jam,Sunny,15.16
0.241,-0.258819,-0.965926,0.0,1.0,7,4,37,32,0.1111,1,254.1,35,car,High,Sunny,3.52
5.4731,0.258819,-0.965926,0.433884,-0.900969,3,2,8,5,0.2857,0,55.57,15,car,Jam,Sunny,90.0
1.6146,-0.258819,-0.965926,0.0,1.0,6,2,8,5,0.2857,1,141.65,0,car,Medium,Rainy,22.63
2.367,-0.5,-0.866025,0.433884,-0.900969,8,0,7,6,0.0,1,272.3,0,van,Medium,Sunny,30.96
0.0807,-0.707107,-0.707107,0.781831,0.62349,6,3,21,17,0.15,1,177.1,0,car,Normal,Sunny,1.06
1.6575,0.258819,-0.965926,0.0,1.0,12,2,11,8,0.2,1,252.45,1,car,Normal,Rainy,14.96
1.0889,0.0,-1.0,-0.974928,-0.222521,9,5,13,7,0.4167,1,18.3,14,van,Normal,Rainy,15.69
1.7582,-0.5,-0.866025,-0.974928,-0.222521,1,3,14,10,0.2308,1,242.03,1,van,Normal,Sunny,17.76
1.1421,-0.965926,0.258819,-0.974928,-0.222521,3,7,17,9,0.4375,1,294.0,1,car,Normal,Sunny,8.08
0.2597,0.0,-1.0,0.0,1.0,4,9,14,4,0.6923,1,180.93,1,van,Normal,Sunny,3.21
0.355,-0.258819,-0.965926,0.0,1.0,4,5,9,3,0.625,1,120.91,1,van,Normal,Windy,4.4
0.3369,-0.866025,-0.5,-0.974928,-0.222521,3,34,37,2,0.9444,1,296.65,35,van,Normal,Sunny,5.61
0.2737,-0.5,-0.866025,-0.781831,0.62349,6,8,21,12,0.4,1,49.63,6,car,Normal,Windy,3.57
0.8476,-0.707107,-0.707107,0.433884,-0.900969,1,11,15,3,0.7857,1,263.1,15,car,Normal,Sunny,11.48
2.8137,0.258819,-0.965926,0.433884,-0.900969,6,6,15,8,0.4286,0,353.26,0,van,High,Sunny,51.54
0.1105,0.0,-1.0,0.781831,0.62349,2,2,11,8,0.2,1,317.4,1,van,Normal,Sunny,1.0
0.6527,0.0,-1.0,0.433884,-0.900969,4,1,17,15,0.0625,1,321.4,1,van,Low,Windy,6.83
1.3431,0.258819,-0.965926,-0.974928,-0.222521,5,13,37,23,0.3611,1,173.76,35,car,High,Sunny,17.23
0.5205,0.0,-1.0,0.781831,0.62349,11,6,12,5,0.5455,1,247.41,0,car,Low,Sandstorm,5.74
0.5401,-0.258819,-0.965926,0.0,1.0,7,12,24,11,0.5217,1,352.59,35,car,High,Rainy,11.91
5.9819,-0.707107,-0.707107,-0.974928,-0.222521,3,23,25,1,0.9583,1,228.68,0,car,Medium,Sunny,90.0
0.9572,-0.707107,-0.707107,-0.974928,-0.222521,11,6,9,2,0.75,0,262.53,-1,car,High,Sandstorm,26.13
0.5435,-0.258819,-0.965926,-0.781831,0.62349,2,9,11,1,0.9,1,109.82,1,van,Medium,Sandstorm,11.43
0.8455,0.0,-1.0,-0.781831,0.62349,1,4,12,7,0.3636,1,342.45,14,van,Low,Sunny,8.15
1.8456,-0.5,0.866025,0.781831,0.62349,4,3,5,1,0.75,1,34.36,6,car,High,Sunny,17.49
0.2888,-0.258819,-0.965926,0.781831,0.62349,4,10,17,6,0.625,1,137.8,1,car,High,Sunny,4.53
1.0619,-0.258819,-0.965926,0.974928,-0.222521,12,3,12,8,0.2727,1,335.5,1,van,Normal,Windy,14.49
0.9932,0.258819,-0.965926,0.974928,-0.222521,1,8,13,4,0.6667,0,220.68,-1,car,High,Sandstorm,17.3
0.1796,0.258819,-0.965926,-0.974928,-0.222521,5,15,37,21,0.4167,1,24.76,35,car,Medium,Rainy,2.26
0.6427,-0.258819,-0.965926,0.781831,0.62349,9,24,37,12,0.6667,1,147.89,35,car,High,Sunny,9.66
1.6929,-0.5,-0.866025,0.974928,-0.222521,5,6,12,5,0.5455,1,223.31,1,car,Medium,Sandstorm,21.83
0.8285,0.0,-1.0,0.781831,0.62349,7,5,24,18,0.2174,1,88.62,35,car,Normal,Sunny,7.45
0.0746,0.258819,-0.965926,0.974928,-0.222521,4,5,37,31,0.1389,1,353.08,35,car,Normal,Sunny,2.1
1.0913,-0.965926,0.258819,0.433884,-0.900969,1,10,14,3,0.7692,1,183.17,0,van,Jam,Sunny,29.87
1.0405,-0.5,-0.866025,-0.781831,0.62349,1,15,19,3,0.8333,1,278.97,6,car,High,Sunny,13.51
0.8535,-0.258819,-0.965926,0.433884,-0.900969,4,3,8,4,0.4286,1,200.86,15,van,Medium,Foggy,17.69
0.6688,-0.5,-0.866025,0.433884,-0.900969,2,9,11,1,0.9,1,126.38,1,car,Normal,Sunny,4.4
1.5327,-0.258819,-0.965926,0.974928,-0.222521,3,7,24,16,0.3043,1,47.55,6,van,Medium,Windy,27.22
3.4184,-0.707107,-0.707107,0.974928,-0.222521,8,3,7,3,0.5,0,186.82,-1,car,Medium,Sunny,52.69
2.1661,-0.258819,-0.965926,-0.974928,-0.222521,4,1,25,23,0.0417,1,40.08,0,van,High,Sunny,46.83
1.5878,0.258819,-0.965926,0.0,1.0,10,2,9,6,0.25,0,237.25,-1,car,Jam,Sunny,29.81
3.2197,-0.965926,0.258819,0.781831,0.62349,5,9,11,1,0.9,1,57.29,1,van,Medium,Sunny,42.85
0.9803,-0.965926,0.258819,0.0,1.0,3,1,12,10,0.0909,1,61.63,0,car,High,Windy,13.6
0.5283,-0.707107,0.707107,0.781831,0.62349,4,11,25,13,0.4583,1,182.62,0,car,High,Sandstorm,6.83
1.7035,-0.258819,-0.965926,-0.781831,0.62349,1,3,5,1,0.75,1,41.33,6,car,Normal,Sandstorm,20.58
0.539,-0.258819,-0.965926,0.781831,0.62349,12,3,13,9,0.25,1,302.31,1,car,High,Sunny,8.48
0.5599,-0.866025,0.5,0.974928,-0.222521,11,3,8,4,0.4286,1,225.17,15,car,Normal,Sunny,4.3
1.0189,-0.258819,-0.965926,-0.781831,0.62349,2,5,14,8,0.3846,1,234.61,1,car,Normal,Sunny,10.35
0.9264,0.258819,0.965926,0.433884,-0.900969,3,0,2,1,0.0,1,349.31,1,car,Medium,Sunny,6.51
0.3874,-0.5,-0.866025,0.974928,-0.222521,10,11,25,13,0.4583,1,57.68,0,car,Jam,Sunny,6.86
1.3842,0.0,-1.0,0.433884,-0.900969,4,9,14,4,0.6923,1,177.82,1,van,Medium,Sunny,21.61
0.552,-0.707107,-0.707107,0.781831,0.62349,2,6,19,12,0.3333,1,56.33,8,van,Normal,Sunny,9.2
1.6364,-1.0,-0.0,-0.781831,0.62349,3,14,29,14,0.5,1,281.41,1,van,Normal,Sandstorm,36.3
0.5152,-0.258819,-0.965926,0.433884,-0.900969,1,10,15,4,0.7143,1,84.1,15,van,Normal,Sunny,6.17
0.7234,-0.258819,-0.965926,0.974928,-0.222521,9,19,21,1,0.95,1,119.08,0,car,Medium,Rainy,9.67
0.1817,-0.258819,-0.965926,0.433884,-0.900969,4,4,25,20,0.1667,1,282.37,0,car,Jam,Sunny,4.97
4.5479,-0.258819,0.965926,-0.974928,-0.222521,4,4,9,4,0.5,0,34.99,-1,van,Normal,Sunny,34.88
1.783,-0.707107,-0.707107,-0.781831,0.62349,12,4,14,9,0.3077,1,194.26,1,van,Medium,Sunny,38.86
0.4107,-0.707107,-0.707107,0.0,1.0,9,6,13,6,0.5,1,48.22,0,car,Normal,Sunny,5.37
0.1225,-0.866025,-0.5,-0.781831,0.62349,6,11,24,12,0.4783,1,30.67,15,van,Jam,Sunny,4.81
0.4667,-0.258819,-0.965926,0.974928,-0.222521,4,22,29,6,0.7857,1,144.73,1,car,High,Windy,7.53
2.1153,0.0,-1.0,-0.974928,-0.222521,10,2,14,11,0.1538,1,221.87,1,van,Medium,Windy,36.45
1.5972,-0.5,-0.866025,0.781831,0.62349,1,3,11,7,0.3,1,244.83,1,car,Low,Sunny,8.5
1.5498,-0.258819,-0.965926,0.781831,0.62349,6,12,25,12,0.5,1,44.0,0,van,Low,Sunny,14.17
1.3849,-0.707107,-0.707107,-0.974928,-0.222521,10,6,12,5,0.5455,1,257.67,1,car,Medium,Sunny,21.27
0.5236,-0.5,-0.866025,-0.781831,0.62349,9,8,15,6,0.5714,1,53.49,15,van,High,Sunny,9.21
3.3469,-0.707107,-0.707107,0.0,1.0,4,0,9,8,0.0,0,299.88,-1,car,Medium,Sunny,52.59
0.3077,0.0,-1.0,0.781831,0.62349,11,8,15,6,0.5714,1,79.61,0,car,Normal,Sunny,2.83
0.5106,-0.258819,-0.965926,-0.781831,0.62349,4,2,15,12,0.1429,1,105.9,0,car,Jam,Foggy,14.91
0.8483,-0.258819,-0.965926,0.781831,0.62349,4,5,8,2,0.7143,1,287.99,16,car,High,Sunny,13.45
2.3969,-0.965926,-0.258819,0.0,1.0,4,7,13,5,0.5833,0,198.91,-1,van,Normal,Sunny,39.48
0.3928,-0.5,-0.866025,0.0,1.0,4,2,6,3,0.4,1,40.21,1,car,Normal,Windy,3.88
3.2805,-0.707107,-0.707107,-0.974928,-0.222521,1,13,27,13,0.5,0,327.68,-1,car,Medium,Sunny,51.61
2.3604,0.0,-1.0,0.781831,0.62349,2,27,29,1,0.9643,0,34.3,5,car,High,Sunny,37.3
2.0997,-0.866025,-0.5,0.974928,-0.222521,5,7,14,6,0.5385,0,79.39,15,car,Normal,Sunny,25.26
0.4247,0.0,-1.0,0.0,1.0,6,6,21,14,0.3,1,231.89,0,car,High,Sunny,7.27
0.7029,0.0,-1.0,-0.974928,-0.222521,4,0,21,20,0.0,1,2.93,0,car,Medium,Sunny,7.7
0.3115,0.258819,-0.965926,-0.974928,-0.222521,1,5,8,2,0.7143,0,137.75,-1,van,Medium,Sandstorm,5.3
0.9653,-0.707107,-0.707107,-0.781831,0.62349,3,9,21,11,0.45,1,189.12,0,van,Normal,Foggy,20.58
1.0607,-0.258819,-0.965926,0.781831,0.62349,3,6,9,2,0.75,0,286.57,-1,car,High,Sunny,17.06
0.3159,-0.965926,-0.258819,-0.433884,-0.900969,1,4,13,8,0.3333,1,21.06,0,car,High,Sunny,6.36
0.8967,-0.965926,-0.258819,0.974928,-0.222521,1,3,9,5,0.375,0,130.87,-1,van,Medium,Sunny,18.77
0.3402,-0.258819,-0.965926,0.781831,0.62349,6,10,13,2,0.8333,1,333.85,0,van,Medium,Foggy,6.38
1.8585,-0.707107,-0.707107,0.433884,-0.900969,2,5,12,6,0.4545,1,224.71,1,van,Medium,Sunny,39.62
2.4649,-0.258819,-0.965926,0.781831,0.62349,3,17,24,6,0.7391,0,36.97,18,van,Low,Foggy,27.81
0.4562,-0.707107,-0.707107,-0.781831,0.62349,2,0,12,11,0.0,1,273.89,1,car,Jam,Sunny,13.53
0.9858,0.258819,-0.965926,0.433884,-0.900969,8,3,12,8,0.2727,1,340.87,1,car,High,Sunny,12.64
5.2034,0.0,-1.0,0.0,1.0,3,8,27,18,0.3077,0,176.47,13,van,Normal,Sunny,65.17
6.1679,-0.5,-0.866025,-0.974928,-0.222521,1,8,14,5,0.6154,0,251.36,1,car,High,Sunny,79.35
5.7428,-0.5,-0.866025,0.433884,-0.900969,2,4,8,3,0.5714,0,253.89,-1,van,Medium,Rainy,89.39
1.1392,-0.5,-0.866025,-0.433884,-0.900969,11,7,24,16,0.3043,1,45.46,6,van,Normal,Sunny,11.48
1.9824,0.258819,-0.965926,0.781831,0.62349,2,5,15,9,0.3571,0,109.16,-1,car,High,Sunny,25.72
1.0508,0.5,0.866025,0.433884,-0.900969,2,25,27,1,0.9615,0,231.85,-1,car,Normal,Sunny,6.15
0.4852,-0.258819,-0.965926,0.0,1.0,4,5,7,1,0.8333,1,84.52,28,car,High,Sunny,8.44
0.05,-0.707107,0.707107,0.974928,-0.222521,6,9,14,4,0.6923,1,193.05,0,car,Medium,Sunny,1.0
0.908,-0.707107,-0.707107,-0.974928,-0.222521,12,6,9,2,0.75,0,293.45,-1,car,Medium,Sunny,13.96
0.6018,-0.965926,-0.258819,-0.974928,-0.222521,4,1,13,11,0.0833,1,36.78,2,car,Jam,Windy,19.25
2.0418,-0.965926,-0.258819,-0.974928,-0.222521,4,8,13,4,0.6667,1,72.44,1,car,Medium,Windy,33.86
1.334,-0.965926,0.258819,0.974928,-0.222521,2,8,18,9,0.4706,1,79.28,0,car,Medium,Sunny,12.94
3.4815,-0.258819,-0.965926,0.974928,-0.222521,4,3,9,5,0.375,0,83.08,6,van,Normal,Windy,47.36
0.2111,0.0,-1.0,0.433884,-0.900969,4,2,37,34,0.0556,1,120.82,35,van,High,Sunny,4.19
0.3985,-0.5,-0.866025,0.974928,-0.222521,10,5,13,7,0.4167,1,72.89,0,car,Medium,Sunny,3.9
0.4025,-0.258819,-0.965926,-0.974928,-0.222521,2,11,24,12,0.4783,1,39.81,15,car,Medium,Sunny,5.06
7.0712,-0.707107,-0.707107,0.433884,-0.900969,6,9,14,4,0.6923,0,45.81,18,car,Jam,Sunny,90.0
2.2704,-0.258819,-0.965926,-0.974928,-0.222521,1,7,14,6,0.5385,0,89.58,15,van,Normal,Windy,30.88
0.5656,-0.965926,-0.258819,-0.974928,-0.222521,9,2,15,12,0.1429,1,106.81,0,van,Normal,Sunny,9.47
1.0622,-0.707107,-0.707107,0.0,1.0,9,2,16,13,0.1333,1,31.14,0,car,High,Sunny,21.95
2.6147,-0.5,-0.866025,-0.781831,0.62349,4,4,9,4,0.5,0,91.9,-1,car,High,Sunny,34.46
1.6876,0.0,-1.0,-0.781831,0.62349,4,14,29,14,0.5,1,272.6,1,car,High,Rainy,31.51
1.5229,-0.258819,-0.965926,0.433884,-0.900969,3,2,14,11,0.1538,1,232.76,0,car,Normal,Sunny,14.49
0.5688,-1.0,-0.0,-0.781831,0.62349,11,8,29,20,0.2857,1,223.83,1,car,Normal,Sandstorm,9.25
0.1096,-0.707107,-0.707107,0.433884,-0.900969,4,1,13,11,0.0833,1,72.79,2,car,Jam,Sunny,2.95
0.3058,-0.965926,-0.258819,0.0,1.0,12,5,11,5,0.5,1,283.61,1,van,Low,Sunny,3.32
1.2244,-0.258819,0.965926,0.433884,-0.900969,4,8,14,5,0.6154,1,121.38,1,car,Normal,Windy,8.61
0.1982,-0.866025,-0.5,0.974928,-0.222521,10,5,12,6,0.4545,1,145.28,1,car,Medium,Rainy,3.56
2.8944,-0.866025,-0.5,-0.974928,-0.222521,1,0,13,12,0.0,0,47.25,2,van,Medium,Rainy,73.09
0.3203,0.0,-1.0,0.974928,-0.222521,8,7,12,4,0.6364,1,293.06,1,car,Jam,Sunny,7.33
1.3502,-0.707107,-0.707107,0.781831,0.62349,9,6,12,5,0.5455,1,228.45,1,van,Normal,Sunny,22.31
1.2968,-0.707107,0.707107,-0.781831,0.62349,5,7,18,10,0.4118,1,49.5,0,car,High,Windy,12.97
2.9092,-0.707107,-0.707107,0.0,1.0,5,2,25,22,0.0833,1,39.3,0,car,Normal,Sunny,35.41
0.9323,-0.707107,-0.707107,0.433884,-0.900969,3,1,12,10,0.0909,1,270.56,1,car,High,Rainy,22.65
0.8051,-0.866025,-0.5,-0.781831,0.62349,9,11,16,4,0.7333,1,249.28,0,car,Normal,Sunny,10.56
0.2429,-0.258819,-0.965926,0.433884,-0.900969,8,9,14,4,0.6923,1,186.23,1,van,High,Sunny,5.44
0.2964,-1.0,-0.0,0.781831,0.62349,10,1,4,2,0.3333,1,7.0,0,car,Medium,Sandstorm,6.79
1.7137,-0.965926,0.258819,0.974928,-0.222521,1,19,24,4,0.8261,1,12.77,18,car,High,Foggy,27.47
0.3437,0.0,-1.0,0.0,1.0,2,8,12,3,0.7273,1,256.91,14,car,High,Sunny,4.89
2.1571,-0.707107,-0.707107,-0.974928,-0.222521,7,3,9,5,0.375,1,16.65,1,car,Medium,Sunny,33.55
0.3739,-0.5,-0.866025,0.0,1.0,4,6,12,5,0.5455,1,126.38,14,car,High,Sunny,4.79
0.2585,-0.707107,-0.707107,0.0,1.0,4,8,14,5,0.6154,1,255.67,0,van,Normal,Rainy,4.95
0.3569,-0.965926,-0.258819,0.781831,0.62349,9,7,12,4,0.6364,1,77.83,6,car,Normal,Windy,5.37
1.6647,0.258819,-0.965926,-0.974928,-0.222521,1,10,13,2,0.8333,0,244.67,-1,van,Normal,Sunny,17.08
0.5132,-0.258819,-0.965926,0.433884,-0.900969,11,6,11,4,0.6,1,57.29,1,car,High,Foggy,11.31
0.811,-0.707107,0.707107,0.781831,0.62349,9,2,17,14,0.125,1,268.96,1,car,Normal,Windy,4.55
0.1851,-0.707107,-0.707107,-0.974928,-0.222521,3,4,29,24,0.1429,1,4.7,1,car,Jam,Sunny,5.76
0.8761,-0.965926,0.258819,0.974928,-0.222521,5,17,19,1,0.9444,1,10.03,6,van,High,Sunny,16.25
0.2017,-0.965926,-0.258819,0.781831,0.62349,5,5,21,15,0.25,1,200.19,0,car,Normal,Sunny,2.31
3.1452,-0.965926,-0.258819,0.433884,-0.900969,4,3,9,5,0.375,0,83.18,6,van,Normal,Sunny,52.91
2.2603,-1.0,-0.0,-0.974928,-0.222521,2,6,21,14,0.3,0,53.91,6,car,Jam,Sunny,68.53
1.1404,-0.707107,0.707107,0.0,1.0,3,5,13,7,0.4167,1,22.51,14,van,Medium,Sunny,11.29
1.079,-0.707107,-0.707107,0.0,1.0,4,0,17,16,0.0,1,326.64,1,car,High,Foggy,27.99
0.3621,-0.258819,-0.965926,-0.781831,0.62349,3,2,12,9,0.1818,1,359.14,14,van,Normal,Sunny,4.28
2.5454,0.258819,-0.965926,0.0,1.0,10,22,25,2,0.9167,1,237.53,0,car,Normal,Windy,20.04
7.2747,0.5,-0.866025,-0.781831,0.62349,11,0,11,10,0.0,0,226.84,-1,car,Medium,Sunny,90.0
3.0746,-0.707107,-0.707107,0.433884,-0.900969,10,2,25,22,0.0833,1,30.44,0,van,Medium,Sunny,65.93
0.6225,-0.707107,-0.707107,0.433884,-0.900969,2,5,18,12,0.2941,1,96.04,0,van,Medium,Sunny,14.32
0.0765,0.258819,-0.965926,0.974928,-0.222521,4,2,12,9,0.1818,1,118.8,14,van,Medium,Sunny,1.09
4.1826,-0.866025,0.5,0.433884,-0.900969,5,4,7,2,0.6667,1,243.36,0,car,Jam,Sunny,78.34
6.8524,0.0,-1.0,-0.974928,-0.222521,4,23,25,1,0.9583,1,245.01,0,van,Low,Windy,66.0
8.901,-0.965926,-0.258819,0.974928,-0.222521,4,0,5,4,0.0,0,236.34,9,van,Normal,Sunny,90.0
0.1957,0.258819,-0.965926,0.0,1.0,2,5,37,31,0.1389,1,296.13,35,car,High,Sunny,2.35
0.4501,-0.258819,-0.965926,0.974928,-0.222521,1,1,7,5,0.1667,1,235.84,0,van,Jam,Rainy,16.8
0.5724,-0.866025,-0.5,0.0,1.0,12,16,37,20,0.4444,1,163.96,35,car,Medium,Sunny,9.0
1.0733,-0.965926,-0.258819,-0.781831,0.62349,11,25,37,11,0.6944,1,185.47,35,van,Medium,Sunny,22.67
0.4479,-0.5,-0.866025,-0.781831,0.62349,4,4,19,14,0.2222,1,208.56,8,car,Medium,Windy,4.12
0.261,-0.258819,-0.965926,0.0,1.0,7,0,21,20,0.0,1,348.66,9,car,Medium,Rainy,3.3
0.5812,-0.707107,-0.707107,0.0,1.0,3,8,11,2,0.8,1,33.93,1,van,High,Rainy,19.62
0.2085,-0.258819,-0.965926,0.0,1.0,1,15,37,21,0.4167,1,14.48,35,van,Low,Sunny,1.2
0.3712,-0.5,-0.866025,0.974928,-0.222521,11,29,37,7,0.8056,1,109.24,35,car,Medium,Sunny,4.24
0.9044,0.258819,-0.965926,-0.974928,-0.222521,2,5,13,7,0.4167,1,62.99,0,van,Normal,Windy,9.4
0.76,-0.258819,-0.965926,0.433884,-0.900969,7,8,29,20,0.2857,1,232.23,1,van,High,Sandstorm,21.71
0.3037,-0.258819,-0.965926,0.781831,0.62349,5,5,16,10,0.3333,1,148.13,0,car,Medium,Windy,3.58
0.1264,0.0,-1.0,0.781831,0.62349,11,3,10,6,0.3333,1,42.4,17,car,Low,Sunny,1.08
3.246,0.258819,-0.965926,0.974928,-0.222521,9,3,7,3,0.5,0,178.1,-1,van,High,Sunny,57.9
15.7043,0.258819,-0.965926,-0.974928,-0.222521,7,8,10,1,0.8889,0,231.65,-1,van,High,Sunny,90.0
0.859,0.258819,-0.965926,-0.781831,0.62349,4,5,18,12,0.2941,1,84.01,0,van,Medium,Windy,12.2
0.2183,-0.707107,0.707107,0.433884,-0.900969,5,22,37,14,0.6111,1,328.82,35,car,Medium,Windy,1.47
1.2442,0.0,-1.0,-0.974928,-0.222521,12,6,17,10,0.375,1,247.17,1,van,Jam,Rainy,46.77
0.1677,-0.258819,-0.965926,-0.781831,0.62349,5,13,29,15,0.4643,1,178.81,6,car,Jam,Foggy,4.68
0.6732,0.258819,-0.965926,0.433884,-0.900969,4,11,24,12,0.4783,1,240.24,35,car,Low,Sunny,3.28
0.1559,-0.707107,-0.707107,0.0,1.0,10,1,15,13,0.0714,1,285.18,9,car,Normal,Sunny,1.47
0.1611,-0.707107,-0.707107,0.0,1.0,3,2,4,1,0.6667,1,264.62,0,van,Jam,Sunny,6.01
1.8561,0.258819,-0.965926,0.0,1.0,3,7,11,3,0.7,1,65.36,1,van,Normal,Sunny,19.01
1.2541,-0.707107,-0.707107,0.974928,-0.222521,11,13,21,7,0.65,1,71.45,6,van,High,Rainy,42.36
1.253,-0.707107,-0.707107,-0.974928,-0.222521,11,9,24,14,0.3913,0,87.45,15,car,Jam,Rainy,44.07
0.1327,0.5,-0.866025,0.781831,0.62349,4,3,25,21,0.125,1,322.17,0,car,High,Sunny,2.06
0.6492,-0.5,-0.866025,-0.781831,0.62349,8,9,11,1,0.9,1,99.27,1,van,Normal,Sandstorm,9.1
1.957,-0.965926,-0.258819,-0.974928,-0.222521,2,5,15,9,0.3571,0,97.79,-1,van,High,Sunny,55.85
0.3187,-0.707107,-0.707107,0.0,1.0,11,12,16,3,0.8,1,258.21,0,car,High,Rainy,7.99
1.6963,0.258819,-0.965926,0.0,1.0,12,8,13,4,0.6667,1,75.8,1,car,Normal,Sunny,12.62
0.4523,-0.5,-0.866025,0.0,1.0,10,6,22,15,0.2857,1,35.51,1,car,Normal,Sunny,3.82
0.6238,-0.5,-0.866025,-0.974928,-0.222521,2,0,21,20,0.0,1,26.88,0,van,High,Sandstorm,15.84
2.3662,-0.5,-0.866025,-0.974928,-0.222521,11,7,13,5,0.5833,0,205.01,-1,van,Low,Windy,18.58
0.7296,-0.258819,-0.965926,0.433884,-0.900969,12,11,14,2,0.8462,1,136.54,0,van,Medium,Sunny,12.3
0.9269,-0.707107,-0.707107,0.781831,0.62349,5,3,13,9,0.25,1,10.54,14,van,Normal,Windy,16.39
0.7603,-0.965926,-0.258819,0.781831,0.62349,8,5,12,6,0.4545,1,39.78,8,van,Normal,Windy,13.9
0.662,0.0,-1.0,0.0,1.0,8,29,37,7,0.8056,1,125.02,35,van,Normal,Windy,8.94
0.7618,-0.866025,-0.5,0.433884,-0.900969,11,2,4,1,0.6667,0,324.45,20,van,Normal,Sunny,12.34
8.7329,-0.965926,-0.258819,-0.781831,0.62349,9,12,15,2,0.8571,0,66.36,-1,car,High,Sunny,90.0
0.5321,-0.866025,-0.5,0.0,1.0,4,0,11,10,0.0,1,209.78,1,car,Normal,Sunny,6.19
1.7966,-0.866025,-0.5,0.781831,0.62349,11,15,24,8,0.6522,0,90.77,16,car,Medium,Windy,29.45
1.3135,-1.0,-0.0,0.974928,-0.222521,5,2,18,15,0.1176,1,66.1,0,van,High,Rainy,45.18
3.1275,-0.866025,-0.5,0.433884,-0.900969,1,9,11,1,0.9,1,60.07,1,van,Normal,Sunny,53.76
2.7823,0.5,-0.866025,-0.781831,0.62349,3,0,6,5,0.0,1,232.71,1,van,Low,Sunny,29.74
0.1779,0.258819,-0.965926,0.433884,-0.900969,4,18,21,2,0.9,1,148.04,0,van,Medium,Sandstorm,4.79
1.5375,-0.5,-0.866025,-0.781831,0.62349,3,7,11,3,0.7,1,68.15,1,van,Normal,Sunny,16.86
0.3982,-0.258819,-0.965926,0.433884,-0.900969,1,12,17,4,0.75,1,198.35,1,car,Normal,Sunny,4.94
7.0324,-0.258819,-0.965926,-0.974928,-0.222521,5,1,13,11,0.0833,1,53.66,0,van,Normal,Sunny,88.86
0.7186,0.0,-1.0,0.0,1.0,4,6,9,2,0.75,1,332.78,6,car,Medium,Sunny,8.16
0.2775,-0.707107,-0.707107,-0.781831,0.62349,4,0,12,11,0.0,1,290.06,1,car,High,Sunny,5.74
0.3309,-0.5,-0.866025,-0.974928,-0.222521,10,4,16,11,0.2667,1,9.1,0,car,Jam,Sunny,5.92
0.9333,0.258819,-0.965926,0.433884,-0.900969,10,9,24,14,0.3913,1,76.13,35,car,Low,Sunny,5.49
0.4585,-0.5,-0.866025,0.781831,0.62349,4,11,22,10,0.5238,1,355.24,1,van,Medium,Sunny,7.63
1.6512,-0.258819,-0.965926,-0.974928,-0.222521,4,1,14,12,0.0769,1,239.12,0,car,Normal,Windy,15.88
1.4859,0.0,-1.0,-0.974928,-0.222521,1,14,17,2,0.875,1,250.16,1,van,Low,Sunny,13.2
0.969,-0.707107,-0.707107,0.781831,0.62349,9,5,12,6,0.4545,1,297.5,14,car,Low,Sunny,10.03
10.175,-0.258819,-0.965926,-0.974928,-0.222521,4,2,14,11,0.1538,0,46.05,15,car,Normal,Rainy,90.0
1.0486,-0.5,-0.866025,-0.974928,-0.222521,9,11,15,3,0.7857,1,281.09,0,car,High,Foggy,16.53
2.4679,-0.707107,-0.707107,0.974928,-0.222521,5,1,8,6,0.1429,1,261.63,1,van,Medium,Sunny,52.43
1.8585,-0.965926,-0.258819,0.974928,-0.222521,4,12,15,2,0.8571,1,148.63,0,van,Jam,Sunny,77.76
0.1691,-0.965926,-0.258819,0.974928,-0.222521,1,11,24,12,0.4783,1,73.22,15,car,High,Sunny,3.13
2.4097,0.0,-1.0,0.781831,0.62349,10,1,3,1,0.5,0,199.74,-1,van,Medium,Rainy,45.79
3.634,-1.0,-0.0,-0.974928,-0.222521,6,3,9,5,0.375,0,92.34,6,van,High,Sunny,90.0
0.5565,0.0,-1.0,0.781831,0.62349,10,5,10,4,0.5556,1,0.99,6,car,High,Sunny,8.85
0.7057,-0.5,-0.866025,0.433884,-0.900969,11,5,12,6,0.4545,1,45.21,8,car,Normal,Windy,6.48
1.8075,-0.965926,-0.258819,-0.781831,0.62349,9,3,29,25,0.1071,1,9.41,1,van,High,Sunny,52.48
0.1337,-0.707107,-0.707107,-0.974928,-0.222521,10,1,8,6,0.1429,1,86.68,0,car,Medium,Sunny,2.15
0.3279,-0.5,-0.866025,0.0,1.0,4,5,7,1,0.8333,1,96.57,28,car,Normal,Sandstorm,3.82
0.3795,-0.5,-0.866025,0.781831,0.62349,5,2,11,8,0.2,1,193.61,1,car,High,Sunny,7.24
0.5627,-0.5,-0.866025,0.974928,-0.222521,8,7,10,2,0.7778,1,325.94,6,car,Medium,Windy,5.38
0.371,-0.258819,-0.965926,-0.781831,0.62349,11,7,12,4,0.6364,1,286.65,1,car,Medium,Sunny,3.98
0.4786,0.0,-1.0,-0.974928,-0.222521,4,17,21,3,0.85,1,149.05,0,car,High,Sunny,7.2
0.5521,-0.5,-0.866025,0.433884,-0.900969,5,3,13,9,0.25,1,13.21,14,car,Normal,Sandstorm,5.34
0.8845,-0.258819,-0.965926,0.0,1.0,11,11,15,3,0.7857,1,276.58,15,van,Normal,Rainy,13.75
2.505,-0.866025,-0.5,0.781831,0.62349,4,1,21,19,0.05,0,331.72,8,van,Normal,Sunny,41.1
0.8158,0.258819,-0.965926,0.433884,-0.900969,4,6,13,6,0.5,1,119.68,0,van,Normal,Sandstorm,11.71
1.4873,0.0,-1.0,0.974928,-0.222521,9,1,16,14,0.0667,1,146.53,0,van,Medium,Foggy,30.84
0.2018,0.258819,-0.965926,0.781831,0.62349,4,31,37,5,0.8611,1,69.74,35,car,Medium,Sandstorm,2.11
3.8742,-0.258819,-0.965926,0.433884,-0.900969,9,0,3,2,0.0,0,319.37,6,car,Medium,Windy,48.48
0.7392,-0.5,-0.866025,0.433884,-0.900969,3,13,17,3,0.8125,1,249.2,1,car,Medium,Sandstorm,9.48
0.235,-0.5,-0.866025,0.433884,-0.900969,4,5,37,31,0.1389,1,238.89,35,car,High,Sunny,2.96
0.5767,0.258819,-0.965926,-0.781831,0.62349,6,20,24,3,0.8696,1,190.31,18,van,High,Sunny,9.67
0.4455,-0.707107,0.707107,-0.974928,-0.222521,4,11,14,2,0.8462,1,303.8,18,car,Normal,Sandstorm,3.13
0.3076,0.0,-1.0,0.781831,0.62349,4,3,14,10,0.2308,1,152.25,15,van,Medium,Sunny,4.77
1.1982,0.258819,-0.965926,0.781831,0.62349,8,2,9,6,0.25,1,344.64,8,car,Medium,Windy,12.34
1.4968,-0.866025,-0.5,0.0,1.0,11,3,15,11,0.2143,1,34.86,0,van,Normal,Sunny,25.15
0.0889,0.258819,-0.965926,-0.974928,-0.222521,4,11,13,1,0.9167,1,3.15,0,van,Normal,Sunny,2.1
0.6956,0.0,-1.0,0.781831,0.62349,6,4,10,5,0.4444,1,284.18,0,car,High,Windy,11.69
0.1087,-0.258819,-0.965926,0.433884,-0.900969,8,0,25,24,0.0,1,195.27,0,car,Medium,Sunny,1.0
0.6456,-0.258819,-0.965926,0.781831,0.62349,1,18,29,10,0.6429,1,85.91,6,car,Normal,Sandstorm,7.44
1.4985,-0.5,-0.866025,0.781831,0.62349,11,1,9,7,0.125,0,95.58,8,car,Normal,Foggy,13.85
0.5671,-0.258819,-0.965926,0.974928,-0.222521,3,8,37,28,0.2222,1,247.76,35,car,Medium,Rainy,7.29
0.7958,-0.707107,-0.707107,0.781831,0.62349,10,4,14,9,0.3077,1,221.75,4,car,Medium,Rainy,15.21
0.4883,-0.258819,-0.965926,-0.781831,0.62349,1,7,16,8,0.4667,1,84.23,0,van,Normal,Windy,7.24
0.6293,-1.0,-0.0,-0.974928,-0.222521,1,6,12,5,0.5455,1,227.38,0,car,Normal,Sunny,8.9
0.3659,-0.5,-0.866025,0.781831,0.62349,11,0,13,12,0.0,1,332.01,0,van,Normal,Foggy,4.63
0.7354,-0.5,-0.866025,-0.781831,0.62349,3,8,12,3,0.7273,1,292.55,0,car,Normal,Sunny,6.34
0.4921,0.0,-1.0,0.974928,-0.222521,10,5,10,4,0.5556,1,349.44,17,car,Low,Windy,4.19
1.1218,-0.965926,-0.258819,-0.974928,-0.222521,1,2,4,1,0.6667,0,331.18,20,van,High,Windy,35.37
2.6752,-0.5,-0.866025,-0.781831,0.62349,5,0,13,12,0.0,0,51.35,2,car,Jam,Windy,53.81
0.4444,-1.0,-0.0,0.781831,0.62349,4,2,10,7,0.2222,1,236.72,1,van,High,Sunny,13.93
8.8764,-0.258819,-0.965926,0.433884,-0.900969,5,0,5,4,0.0,0,238.48,9,van,Low,Sandstorm,90.0
0.7963,0.0,-1.0,0.974928,-0.222521,6,11,24,12,0.4783,1,231.47,35,van,Medium,Sunny,13.04
0.2715,0.0,-1.0,0.433884,-0.900969,2,33,37,3,0.9167,1,326.36,35,car,High,Sunny,3.56
2.6929,-1.0,-0.0,0.974928,-0.222521,4,22,25,2,0.9167,1,235.39,0,van,High,Sunny,76.91
0.2314,-0.258819,0.965926,0.781831,0.62349,9,14,16,1,0.9333,1,225.2,0,van,Medium,Sunny,3.01
0.4373,-0.258819,-0.965926,0.433884,-0.900969,5,5,7,1,0.8333,1,29.04,28,car,High,Sunny,7.82
2.7442,-0.258819,-0.965926,-0.974928,-0.222521,4,1,21,19,0.05,0,327.59,8,car,Jam,Rainy,73.48
1.4072,0.258819,-0.965926,0.433884,-0.900969,11,9,21,11,0.45,0,308.75,7,car,Medium,Sunny,13.3
2.5612,-0.707107,-0.707107,0.433884,-0.900969,7,10,14,3,0.7692,1,202.65,1,car,Medium,Windy,42.46
1.9076,-0.707107,0.707107,0.0,1.0,11,3,29,25,0.1071,1,12.61,1,van,Jam,Sunny,37.79
0.6224,0.0,-1.0,-0.781831,0.62349,3,5,12,6,0.4545,1,166.67,1,van,Medium,Sunny,10.43
0.459,0.0,-1.0,0.433884,-0.900969,1,23,27,3,0.8846,1,214.86,12,van,Medium,Sunny,7.66
0.1058,-0.5,-0.866025,0.974928,-0.222521,6,7,22,14,0.3333,1,19.09,1,car,Low,Sunny,1.0
3.8876,0.258819,-0.965926,0.433884,-0.900969,4,6,12,5,0.5455,1,58.72,1,car,Medium,Sunny,37.04
0.2296,-0.5,-0.866025,-0.974928,-0.222521,11,5,11,5,0.5,1,69.04,2,car,Normal,Sunny,1.61
1.9953,-0.5,-0.866025,0.974928,-0.222521,5,5,12,6,0.4545,1,218.14,1,van,Normal,Windy,22.33
0.9989,-0.707107,-0.707107,0.781831,0.62349,4,17,37,19,0.4722,1,152.98,35,car,Low,Sunny,8.08
1.0682,-0.866025,-0.5,0.433884,-0.900969,2,3,10,6,0.3333,1,199.13,1,van,High,Rainy,35.71
3.1783,-0.707107,-0.707107,-0.974928,-0.222521,12,1,4,2,0.3333,1,104.83,0,car,Jam,Windy,90.0
1.6826,-0.258819,-0.965926,-0.974928,-0.222521,1,6,17,10,0.375,1,249.04,1,van,Medium,Sunny,27.5
1.6672,-0.707107,-0.707107,0.974928,-0.222521,1,3,14,10,0.2308,1,229.96,1,van,Normal,Sunny,27.44
1.1357,0.0,-1.0,0.974928,-0.222521,9,13,19,5,0.7222,1,352.87,6,van,High,Foggy,30.91
0.4579,-0.258819,-0.965926,-0.974928,-0.222521,5,7,16,8,0.4667,1,53.0,0,car,Medium,Foggy,6.26
2.6691,-0.707107,-0.707107,0.433884,-0.900969,4,1,7,5,0.1667,0,38.0,6,car,High,Sunny,55.25
1.4842,-0.965926,0.258819,0.781831,0.62349,4,2,21,18,0.1,1,341.84,8,van,Jam,Foggy,48.27
6.842,-0.866025,-0.5,0.974928,-0.222521,12,3,16,12,0.2,1,50.08,0,car,Medium,Sunny,90.0
1.2559,-0.5,-0.866025,0.433884,-0.900969,4,12,14,1,0.9231,0,290.24,-1,car,Low,Sandstorm,9.42
0.161,-0.258819,-0.965926,0.781831,0.62349,12,9,12,2,0.8182,1,264.95,14,car,Medium,Sunny,2.07
5.4807,-0.866025,0.5,0.0,1.0,6,8,11,2,0.8,1,221.06,1,car,Medium,Sandstorm,70.64
1.8493,-0.5,-0.866025,0.974928,-0.222521,3,1,6,4,0.2,1,231.31,1,car,Low,Foggy,13.09
0.2555,-0.965926,0.258819,0.781831,0.62349,4,8,21,12,0.4,1,98.85,6,van,Low,Windy,2.04
1.8971,-0.5,0.866025,-0.974928,-0.222521,10,1,25,23,0.0417,1,38.62,0,van,Low,Sunny,10.07
0.9444,0.258819,-0.965926,-0.974928,-0.222521,4,5,13,7,0.4167,1,26.06,14,car,Low,Windy,5.36
1.5274,-0.5,-0.866025,0.974928,-0.222521,11,19,24,4,0.8261,1,0.39,18,van,Normal,Sandstorm,22.16
0.8962,0.0,-1.0,-0.781831,0.62349,11,19,29,9,0.6786,1,20.85,6,van,Medium,Windy,15.84
0.5635,0.0,-1.0,-0.781831,0.62349,11,10,13,2,0.8333,1,349.58,0,car,Normal,Sandstorm,6.76
2.4926,-0.707107,-0.707107,-0.781831,0.62349,4,0,13,12,0.0,0,51.17,2,van,Medium,Foggy,66.73
0.4866,-1.0,-0.0,0.781831,0.62349,11,0,21,20,0.0,1,353.99,0,car,Medium,Foggy,9.27
2.3291,0.258819,-0.965926,0.974928,-0.222521,3,6,21,14,0.3,0,61.9,6,van,Medium,Windy,33.45
6.8032,-0.5,-0.866025,0.974928,-0.222521,7,23,25,1,0.9583,1,245.56,0,van,High,Sunny,90.0
0.1517,-0.965926,-0.258819,-0.781831,0.62349,10,8,16,7,0.5333,1,103.8,0,car,Medium,Sunny,2.35
1.0313,-0.5,-0.866025,-0.781831,0.62349,1,24,29,4,0.8571,1,212.45,1,van,Normal,Sunny,10.85
1.1075,-0.5,-0.866025,-0.781831,0.62349,10,1,13,11,0.0833,1,15.33,14,van,Normal,Sunny,11.4
1.4169,0.258819,0.965926,-0.781831,0.62349,5,4,21,16,0.2,1,64.95,8,van,Normal,Sunny,11.0
0.4218,0.5,-0.866025,0.781831,0.62349,3,9,12,2,0.8182,1,219.45,14,van,Medium,Sunny,7.96
2.2059,-0.707107,-0.707107,0.781831,0.62349,2,1,12,10,0.0909,1,8.98,14,van,Medium,Windy,51.64
1.9683,0.258819,-0.965926,0.433884,-0.900969,4,1,8,6,0.1429,0,148.7,-1,van,High,Sunny,34.79
0.275,-0.707107,0.707107,0.0,1.0,3,15,24,8,0.6522,1,180.1,35,van,Low,Sunny,1.35
1.6994,0.0,-1.0,-0.781831,0.62349,1,4,27,22,0.1538,0,154.0,11,van,Medium,Sunny,27.08
2.1931,0.258819,-0.965926,0.0,1.0,12,1,6,4,0.2,0,70.5,-1,van,Normal,Sunny,23.36
1.1189,-0.5,-0.866025,0.781831,0.62349,1,1,9,7,0.125,1,343.45,8,van,High,Foggy,24.5
0.3461,-0.258819,0.965926,-0.974928,-0.222521,12,5,9,3,0.625,1,176.48,1,van,Medium,Rainy,3.71
0.607,0.0,-1.0,0.781831,0.62349,4,4,14,9,0.3077,1,233.12,4,car,Jam,Sunny,14.46
0.3576,-0.258819,-0.965926,-0.781831,0.62349,9,5,13,7,0.4167,1,244.98,0,van,Medium,Foggy,8.5
0.3563,-0.866025,-0.5,0.974928,-0.222521,4,1,10,8,0.1111,1,123.55,0,car,Medium,Sunny,5.13
1.3784,0.258819,-0.965926,0.0,1.0,4,8,24,15,0.3478,1,351.15,35,car,Normal,Windy,10.72
0.1126,0.0,-1.0,0.433884,-0.900969,7,7,16,8,0.4667,1,117.25,0,van,High,Sunny,2.31
1.1667,-0.707107,0.707107,0.781831,0.62349,1,7,18,10,0.4118,1,42.48,0,van,Normal,Sunny,9.18
0.8379,-0.258819,-0.965926,0.974928,-0.222521,5,6,12,5,0.5455,1,228.27,0,car,Normal,Windy,9.13
0.3073,-0.965926,0.258819,0.0,1.0,4,13,25,11,0.5417,1,170.0,0,car,Jam,Rainy,6.65
0.3614,-0.5,-0.866025,-0.974928,-0.222521,11,17,24,6,0.7391,1,105.41,35,car,Normal,Sunny,2.48
1.1325,-0.707107,-0.707107,-0.781831,0.62349,3,1,12,10,0.0909,1,9.29,1,car,Jam,Sunny,34.76
1.1815,0.258819,-0.965926,0.781831,0.62349,3,7,9,1,0.875,1,346.35,6,car,Normal,Sunny,8.86
0.3256,-0.965926,-0.258819,-0.781831,0.62349,12,2,6,3,0.4,1,98.97,1,car,Normal,Windy,4.08
0.9152,-0.258819,-0.965926,-0.781831,0.62349,9,11,15,3,0.7857,1,260.95,15,car,Medium,Sunny,11.47
0.8573,-0.965926,0.258819,-0.781831,0.62349,8,12,24,11,0.5217,1,341.95,15,car,Low,Sunny,4.71
1.6953,-0.258819,-0.965926,0.0,1.0,12,0,18,17,0.0,1,227.49,0,van,Medium,Sunny,28.09
0.3605,-0.5,-0.866025,0.781831,0.62349,8,18,21,2,0.9,1,135.49,0,car,Medium,Foggy,3.86
0.8131,0.0,-1.0,0.0,1.0,7,7,13,5,0.5833,1,194.0,1,van,Medium,Sunny,13.19
0.2117,-0.866025,-0.5,0.974928,-0.222521,4,9,29,19,0.3214,1,189.73,1,van,High,Sunny,6.38
0.7221,-0.5,0.866025,0.0,1.0,10,7,24,16,0.3043,1,70.48,35,car,Normal,Foggy,5.4
2.4147,-0.258819,-0.965926,0.433884,-0.900969,1,10,24,13,0.4348,1,79.41,15,car,High,Sunny,37.63
0.2388,-0.5,-0.866025,0.0,1.0,10,4,13,8,0.3333,1,22.57,0,van,Low,Rainy,1.61
20.0,0.0,-1.0,-0.974928,-0.222521,10,1,7,5,0.1667,0,37.4,-1,van,Jam,Sunny,90.0
0.4414,-0.707107,-0.707107,0.0,1.0,12,5,11,5,0.5,1,319.0,1,van,Normal,Sunny,9.05
0.4071,-0.5,-0.866025,0.974928,-0.222521,3,6,12,5,0.5455,1,104.14,14,car,Medium,Sunny,4.29
0.7666,0.0,-1.0,0.433884,-0.900969,4,5,14,8,0.3846,0,235.84,3,car,High,Sandstorm,16.0
1.4597,-0.866025,-0.5,-0.781831,0.62349,12,2,8,5,0.2857,1,103.02,1,car,Jam,Windy,48.69
0.3603,0.0,-1.0,0.433884,-0.900969,2,0,10,9,0.0,1,292.66,6,car,Medium,Windy,4.46
1.0235,-0.866025,-0.5,-0.974928,-0.222521,4,3,11,7,0.3,1,241.99,1,car,High,Sunny,20.64
0.4374,-0.5,-0.866025,0.0,1.0,4,0,9,8,0.0,1,342.89,1,van,Jam,Sunny,11.47
2.3418,-0.258819,-0.965926,-0.974928,-0.222521,4,12,19,6,0.6667,1,23.86,6,car,Jam,Sunny,53.13
6.8839,-0.258819,-0.965926,0.974928,-0.222521,4,9,14,4,0.6923,0,46.69,18,car,Normal,Windy,67.65
0.7061,-0.258819,-0.965926,0.0,1.0,4,3,10,6,0.3333,1,61.25,6,van,Normal,Rainy,9.81
0.1712,-0.707107,-0.707107,0.974928,-0.222521,10,2,11,8,0.2,1,59.58,2,van,Medium,Foggy,5.58
0.3454,-1.0,-0.0,0.781831,0.62349,10,7,12,4,0.6364,1,290.86,1,car,Medium,Sunny,5.73
0.1665,-0.866025,-0.5,0.433884,-0.900969,11,13,29,15,0.4643,1,292.91,6,car,Medium,Sunny,3.32
0.5917,-0.5,-0.866025,0.974928,-0.222521,7,11,13,1,0.9167,0,38.1,-1,car,Normal,Sunny,4.43
3.3249,-1.0,-0.0,0.781831,0.62349,7,1,10,8,0.1111,0,269.13,1,car,Jam,Sunny,90.0
0.6555,0.0,-1.0,0.433884,-0.900969,4,7,13,5,0.5833,1,69.49,0,car,Normal,Sunny,6.14
3.0937,-0.707107,-0.707107,-0.974928,-0.222521,11,8,12,3,0.7273,0,67.49,15,van,Normal,Sunny,51.91
2.8105,-0.707107,-0.707107,-0.781831,0.62349,4,1,9,7,0.125,1,233.58,1,car,Normal,Sandstorm,44.74
5.0217,-0.5,-0.866025,-0.974928,-0.222521,4,7,11,3,0.7,0,173.67,-1,van,High,Sunny,90.0
2.5787,-0.5,-0.866025,0.974928,-0.222521,4,4,8,3,0.5714,0,81.28,16,car,Medium,Windy,27.09
0.414,-0.258819,-0.965926,-0.974928,-0.222521,2,3,19,15,0.1667,1,283.01,8,car,High,Sunny,7.03
0.3606,-0.258819,-0.965926,0.781831,0.62349,4,26,37,10,0.7222,1,251.86,35,van,Normal,Windy,5.76
2.0807,0.0,-1.0,-0.974928,-0.222521,1,0,7,6,0.0,1,269.84,0,car,Medium,Sunny,23.9
2.1614,-0.866025,-0.5,-0.781831,0.62349,4,7,13,5,0.5833,0,199.04,-1,car,Medium,Rainy,39.24
0.4574,-0.965926,0.258819,0.974928,-0.222521,4,0,17,16,0.0,1,330.17,1,car,Normal,Sunny,4.7
2.5865,-0.5,-0.866025,0.781831,0.62349,1,0,11,10,0.0,1,232.23,1,van,Normal,Sunny,26.67
0.1126,-1.0,-0.0,0.0,1.0,5,6,15,8,0.4286,1,287.85,6,van,High,Sunny,3.53
1.4087,0.258819,-0.965926,-0.974928,-0.222521,10,6,12,5,0.5455,1,253.07,1,car,High,Foggy,22.61
0.7276,-0.965926,-0.258819,0.433884,-0.900969,4,1,29,27,0.0357,1,48.89,1,car,Medium,Sunny,11.04
0.3033,0.0,-1.0,0.0,1.0,2,7,12,4,0.6364,1,47.88,6,van,Normal,Foggy,4.58
0.669,0.0,-1.0,0.433884,-0.900969,4,8,12,3,0.7273,1,242.57,1,van,Medium,Rainy,12.26
2.1767,-0.707107,-0.707107,0.0,1.0,7,10,24,13,0.4348,1,80.18,15,car,Medium,Sunny,33.56
3.734,-0.5,-0.866025,0.974928,-0.222521,12,3,8,4,0.4286,0,58.81,-1,van,Normal,Sunny,39.37
1.8238,-0.258819,-0.965926,0.433884,-0.900969,3,3,8,4,0.4286,0,307.58,-1,van,Jam,Sunny,57.64
0.2472,-0.258819,-0.965926,0.781831,0.62349,5,2,10,7,0.2222,1,301.41,6,car,Low,Foggy,2.89
1.6787,-0.707107,-0.707107,0.974928,-0.222521,4,5,15,9,0.3571,0,105.98,-1,van,Jam,Sunny,69.3
0.102,-0.965926,-0.258819,0.974928,-0.222521,3,10,13,2,0.8333,1,94.02,0,van,Normal,Windy,2.07
0.4781,-0.707107,-0.707107,0.781831,0.62349,9,8,11,2,0.8,1,42.06,1,car,Normal,Rainy,6.52
0.8844,-0.258819,-0.965926,0.0,1.0,1,0,17,16,0.0,1,338.67,1,van,Normal,Sunny,10.75
3.6189,-0.5,-0.866025,0.974928,-0.222521,5,3,8,4,0.4286,0,58.08,-1,car,Normal,Sunny,27.05
0.1939,-0.258819,-0.965926,0.781831,0.62349,10,10,17,6,0.625,1,196.69,1,car,Jam,Sunny,4.44
1.3947,-0.5,-0.866025,0.974928,-0.222521,11,9,14,4,0.6923,1,182.52,1,van,Jam,Sandstorm,47.78
0.5776,0.258819,-0.965926,0.433884,-0.900969,1,13,16,2,0.8667,1,162.17,0,van,Medium,Sunny,7.22
0.8771,-0.5,-0.866025,0.781831,0.62349,4,5,24,18,0.2174,1,114.59,35,car,High,Rainy,13.32
0.607,0.0,-1.0,0.433884,-0.900969,4,3,21,17,0.15,1,167.86,0,car,Jam,Rainy,16.81
3.3202,-0.258819,-0.965926,0.433884,-0.900969,1,4,13,8,0.3333,1,70.19,0,van,High,Sunny,72.01
0.4266,-0.707107,-0.707107,0.781831,0.62349,6,5,37,31,0.1389,1,210.88,35,car,Medium,Sunny,6.46
1.9801,-0.5,-0.866025,0.974928,-0.222521,4,7,13,5,0.5833,0,196.7,-1,car,High,Sunny,26.0
1.25,-0.965926,0.258819,-0.974928,-0.222521,5,3,11,7,0.3,1,13.19,1,van,Medium,Rainy,19.92
2.962,0.5,-0.866025,0.433884,-0.900969,7,8,12,3,0.7273,0,70.75,15,car,High,Windy,60.62
1.0756,-0.5,-0.866025,0.974928,-0.222521,4,4,10,5,0.4444,1,340.33,17,car,High,Sunny,13.73
0.1612,-0.258819,-0.965926,0.0,1.0,2,9,19,9,0.5,1,92.06,6,car,High,Sunny,3.03
0.4986,-0.866025,-0.5,0.0,1.0,10,3,10,6,0.3333,1,54.5,6,van,High,Sunny,14.05
0.1453,0.258819,-0.965926,0.433884,-0.900969,11,18,21,2,0.9,1,168.73,5,van,Medium,Foggy,3.08
3.6432,-0.5,-0.866025,0.781831,0.62349,1,0,14,13,0.0,0,252.5,9,van,Normal,Sunny,37.78
2.731,0.0,-1.0,0.974928,-0.222521,4,12,18,5,0.7059,1,230.47,0,car,Low,Sandstorm,23.92
12.4995,0.5,-0.866025,0.433884,-0.900969,10,0,5,4,0.0,0,31.02,16,car,Normal,Sunny,90.0
0.7014,-0.258819,-0.965926,-0.974928,-0.222521,8,13,16,2,0.8667,1,96.22,0,car,Normal,Sunny,6.43
1.3199,-0.707107,-0.707107,-0.974928,-0.222521,12,7,24,16,0.3043,1,40.06,6,van,Normal,Sunny,22.25
0.4049,-0.5,-0.866025,0.433884,-0.900969,9,26,37,10,0.7222,1,212.52,35,car,High,Sunny,4.74
4.0542,-0.965926,-0.258819,-0.781831,0.62349,4,6,12,5,0.5455,1,57.82,1,car,Normal,Rainy,57.34
1.3591,0.0,-1.0,0.974928,-0.222521,9,6,12,5,0.5455,1,245.7,1,car,Jam,Windy,33.04
0.4051,-0.258819,-0.965926,0.0,1.0,5,34,37,2,0.9444,1,259.7,35,van,Jam,Rainy,14.81
0.6066,-0.866025,-0.5,0.781831,0.62349,2,11,14,2,0.8462,1,176.84,0,car,Medium,Sunny,9.09
0.9466,-0.258819,-0.965926,0.433884,-0.900969,7,2,29,26,0.0714,1,243.03,1,car,Low,Rainy,7.26
1.6435,0.0,-1.0,-0.781831,0.62349,4,3,14,10,0.2308,1,244.24,1,car,High,Sunny,25.82
0.8765,-0.5,-0.866025,-0.974928,-0.222521,1,3,11,7,0.3,1,234.95,1,van,Medium,Windy,11.82
0.169,0.0,-1.0,0.0,1.0,11,17,25,7,0.7083,1,291.18,0,car,Medium,Sandstorm,2.93
0.739,-0.707107,0.707107,0.0,1.0,2,5,9,3,0.625,1,254.4,6,van,Medium,Sandstorm,9.65
0.94,-0.965926,-0.258819,0.974928,-0.222521,1,9,15,5,0.6429,1,343.2,15,car,Normal,Windy,11.96
0.2405,-0.258819,-0.965926,0.974928,-0.222521,12,9,11,1,0.9,1,324.97,1,car,High,Sunny,3.78
0.08,0.0,-1.0,-0.781831,0.62349,3,11,16,4,0.7333,1,338.48,0,car,Normal,Sunny,1.0
0.2113,-0.866025,-0.5,0.974928,-0.222521,4,2,37,34,0.0556,1,101.93,35,van,High,Sunny,7.5
0.3007,-1.0,-0.0,-0.974928,-0.222521,1,15,37,21,0.4167,1,356.91,35,van,High,Sunny,8.76
0.1921,-0.965926,-0.258819,-0.781831,0.62349,1,3,25,21,0.125,1,324.38,0,car,High,Sunny,3.81
0.2443,-0.866025,-0.5,0.781831,0.62349,10,2,12,9,0.1818,1,333.74,8,car,Low,Foggy,3.03
1.3927,-0.258819,-0.965926,-0.781831,0.62349,4,10,37,26,0.2778,1,322.22,35,van,Normal,Sunny,17.26
0.6215,-1.0,-0.0,0.433884,-0.900969,2,2,4,1,0.6667,1,271.86,0,van,Normal,Rainy,12.86
3.5367,-0.965926,-0.258819,0.974928,-0.222521,3,4,8,3,0.5714,0,214.32,30,car,High,Sunny,73.74
2.7332,-1.0,-0.0,-0.781831,0.62349,5,1,7,5,0.1667,0,35.49,6,van,Medium,Sunny,59.18
0.5491,-0.707107,-0.707107,0.0,1.0,7,11,22,10,0.5238,1,18.4,1,van,Normal,Sunny,8.61
0.2329,-0.258819,-0.965926,-0.974928,-0.222521,1,2,11,8,0.2,1,8.35,2,car,Medium,Sunny,2.92
1.5582,-0.258819,-0.965926,0.781831,0.62349,2,2,8,5,0.2857,1,117.89,1,van,Medium,Sunny,25.31
6.2848,0.0,-1.0,0.781831,0.62349,10,1,5,3,0.25,0,59.5,2,van,Low,Rainy,66.1
0.4836,0.0,-1.0,0.974928,-0.222521,4,1,11,9,0.1,1,348.36,1,van,Low,Sunny,4.25
0.1785,-0.258819,-0.965926,0.974928,-0.222521,5,7,24,16,0.3043,1,65.92,35,van,High,Sunny,3.85
1.5109,-0.707107,-0.707107,0.433884,-0.900969,4,2,19,16,0.1111,1,259.19,8,car,Normal,Windy,20.79
1.4698,0.0,-1.0,0.974928,-0.222521,10,4,17,12,0.25,1,129.44,1,van,High,Foggy,39.41
1.6555,-0.258819,-0.965926,0.433884,-0.900969,5,4,17,12,0.25,1,122.6,1,car,Normal,Sunny,16.35
0.1458,-0.707107,-0.707107,0.0,1.0,4,10,13,2,0.8333,1,152.36,0,car,Medium,Sunny,1.95
0.4186,0.258819,-0.965926,-0.781831,0.62349,12,2,11,8,0.2,1,195.68,1,car,Jam,Sunny,7.43
1.1892,0.0,-1.0,-0.781831,0.62349,3,22,25,2,0.9167,1,346.31,0,car,Jam,Sunny,27.45
0.9558,-0.5,-0.866025,0.974928,-0.222521,11,10,37,26,0.2778,1,322.28,35,van,Normal,Foggy,12.11
0.4947,-1.0,-0.0,0.974928,-0.222521,11,18,29,10,0.6429,1,68.42,6,van,Normal,Sunny,10.07
1.446,-0.258819,-0.965926,0.433884,-0.900969,10,8,16,7,0.5333,1,153.22,0,car,Low,Sunny,9.45
6.0005,-0.965926,-0.258819,-0.781831,0.62349,5,0,8,7,0.0,0,197.47,-1,van,Normal,Sunny,90.0
0.0978,-0.707107,-0.707107,0.974928,-0.222521,2,0,9,8,0.0,1,324.84,1,car,Normal,Sunny,1.41
0.6945,-0.965926,-0.258819,-0.781831,0.62349,1,7,16,8,0.4667,1,90.82,0,car,Normal,Sandstorm,11.08
1.2715,-0.258819,-0.965926,0.974928,-0.222521,8,14,21,6,0.7,1,124.91,6,car,Medium,Windy,16.35
0.3026,-0.5,-0.866025,-0.781831,0.62349,9,8,15,6,0.5714,1,82.42,15,car,Low,Windy,2.06
1.0323,-0.5,-0.866025,0.0,1.0,5,5,24,18,0.2174,1,94.91,35,van,Low,Sandstorm,9.8
1.4641,0.0,-1.0,0.781831,0.62349,5,1,12,10,0.0909,1,253.75,8,car,Normal,Rainy,15.48
0.3013,-0.707107,-0.707107,0.974928,-0.222521,2,11,13,1,0.9167,0,92.31,-1,van,Low,Sunny,4.04
0.3735,-0.965926,0.258819,0.974928,-0.222521,1,16,25,8,0.6667,1,61.16,0,car,Normal,Sunny,3.1
1.3697,-0.5,-0.866025,0.974928,-0.222521,2,12,22,9,0.5714,1,331.47,1,van,Low,Sunny,11.15
0.5717,-0.258819,-0.965926,0.433884,-0.900969,4,9,12,2,0.8182,1,225.38,14,car,Low,Rainy,4.06
2.3587,-0.707107,-0.707107,0.0,1.0,10,21,24,2,0.913,1,343.22,35,car,Jam,Sunny,71.33
4.9731,0.0,-1.0,-0.781831,0.62349,4,1,11,9,0.1,0,47.53,2,van,Medium,Sunny,80.63
5.2394,-0.258819,-0.965926,0.0,1.0,2,8,27,18,0.3077,0,170.16,13,van,Jam,Sunny,90.0
1.5705,0.258819,-0.965926,0.433884,-0.900969,3,3,11,7,0.3,1,239.29,1,van,High,Sunny,28.76
3.071,-0.258819,-0.965926,0.433884,-0.900969,6,9,29,19,0.3214,0,159.73,8,car,High,Sunny,48.14
0.9186,-0.258819,-0.965926,0.433884,-0.900969,1,3,12,8,0.2727,1,329.14,1,car,High,Sunny,15.24
0.4756,-0.965926,-0.258819,0.974928,-0.222521,4,9,22,12,0.4286,1,301.11,1,van,High,Sunny,14.84
0.4838,-0.5,-0.866025,-0.974928,-0.222521,11,11,25,13,0.4583,1,59.69,0,car,Normal,Sunny,3.33
0.0663,0.0,-1.0,0.974928,-0.222521,4,11,16,4,0.7333,1,137.94,0,car,Low,Rainy,1.0
1.0608,-0.965926,-0.258819,0.433884,-0.900969,5,9,24,14,0.3913,0,90.48,15,car,Normal,Sunny,12.92
1.3727,-0.866025,-0.5,0.433884,-0.900969,4,9,21,11,0.45,0,306.03,7,van,Low,Windy,17.37
0.9766,0.0,-1.0,-0.781831,0.62349,10,5,12,6,0.4545,1,287.37,14,car,Medium,Sunny,12.27
5.1043,-0.258819,-0.965926,0.0,1.0,11,14,16,1,0.9333,1,229.41,0,car,Medium,Sunny,59.26
0.6706,-0.965926,-0.258819,0.0,1.0,7,4,11,6,0.4,1,218.19,1,car,Low,Sunny,5.76
1.5992,0.0,-1.0,-0.781831,0.62349,3,9,21,11,0.45,0,315.21,7,car,Normal,Sandstorm,19.79
0.3584,-0.866025,0.5,-0.974928,-0.222521,5,13,29,15,0.4643,1,242.87,6,van,Normal,Rainy,5.7
0.5377,-0.5,-0.866025,-0.781831,0.62349,2,5,13,7,0.4167,1,77.82,0,car,Medium,Sunny,4.85
0.5857,-0.965926,-0.258819,0.781831,0.62349,8,9,11,1,0.9,1,130.3,1,van,Normal,Sunny,10.54
4.4012,0.0,-1.0,0.781831,0.62349,4,2,13,10,0.1667,0,243.37,1,car,Medium,Windy,55.24
0.6708,-0.258819,-0.965926,-0.974928,-0.222521,5,11,15,3,0.7857,1,267.61,15,van,Medium,Rainy,12.64
4.1909,-0.258819,-0.965926,0.781831,0.62349,9,3,27,23,0.1154,0,293.19,-1,car,Low,Sunny,28.18
2.4,-0.258819,-0.965926,-0.974928,-0.222521,12,0,7,6,0.0,1,270.9,0,car,Low,Sandstorm,20.81
4.2099,-0.866025,0.5,0.974928,-0.222521,12,2,13,10,0.1667,1,40.22,0,car,Medium,Windy,45.67
2.5949,0.258819,-0.965926,0.433884,-0.900969,4,10,14,3,0.7692,1,50.97,1,car,Medium,Sunny,24.61
0.111,-0.866025,-0.5,0.781831,0.62349,11,0,29,28,0.0,1,177.93,8,van,Normal,Windy,2.75
0.2281,-0.965926,-0.258819,0.974928,-0.222521,5,3,19,15,0.1667,1,335.47,8,van,High,Sunny,6.72
0.3491,-0.258819,-0.965926,-0.974928,-0.222521,4,3,12,8,0.2727,1,312.73,0,van,Normal,Sunny,4.43
0.8329,-0.258819,-0.965926,0.974928,-0.222521,5,13,22,8,0.619,1,202.23,1,car,Medium,Rainy,12.0
0.4357,-0.5,-0.866025,0.781831,0.62349,1,34,37,2,0.9444,1,320.39,35,car,Normal,Rainy,3.78
0.5459,0.0,-1.0,-0.974928,-0.222521,2,11,22,10,0.5238,1,19.17,1,van,Low,Sunny,4.85
0.8619,0.258819,-0.965926,-0.974928,-0.222521,5,10,16,5,0.6667,1,137.86,0,van,Medium,Windy,11.94
8.498,-0.965926,-0.258819,0.974928,-0.222521,4,12,15,2,0.8571,0,65.86,-1,van,Medium,Windy,90.0
3.3213,-0.258819,-0.965926,-0.974928,-0.222521,5,6,8,1,0.8571,1,73.25,1,van,Normal,Sunny,41.9
1.8041,0.0,-1.0,0.433884,-0.900969,10,15,24,8,0.6522,0,95.85,16,car,Medium,Sunny,22.78
0.3806,-0.707107,-0.707107,0.974928,-0.222521,11,6,11,4,0.6,1,81.72,1,car,Low,Sunny,2.64
1.641,-0.258819,-0.965926,-0.974928,-0.222521,6,10,12,1,0.9091,0,257.96,-1,car,High,Rainy,30.0
0.8489,-0.258819,-0.965926,0.781831,0.62349,7,4,9,4,0.5,1,129.66,23,van,Jam,Rainy,31.91
2.9601,-0.965926,0.258819,0.781831,0.62349,4,10,14,3,0.7692,1,210.1,1,car,Normal,Sunny,22.22
4.3995,-0.965926,-0.258819,0.974928,-0.222521,2,2,13,10,0.1667,1,46.66,0,car,Jam,Sunny,90.0
0.2724,-0.258819,-0.965926,0.974928,-0.222521,4,2,11,8,0.2,1,12.16,1,van,Normal,Sandstorm,4.55
0.6297,-0.866025,-0.5,-0.974928,-0.222521,3,23,27,3,0.8846,1,194.09,12,van,Medium,Sunny,13.49
0.3585,-0.965926,0.258819,-0.781831,0.62349,4,2,5,2,0.5,1,128.36,31,van,Medium,Sunny,5.06
0.3774,-0.707107,0.707107,0.781831,0.62349,4,10,21,10,0.5,1,158.84,0,car,Medium,Sunny,2.6
0.6264,-0.707107,-0.707107,-0.974928,-0.222521,4,0,21,20,0.0,1,38.04,0,car,Normal,Rainy,8.69
0.5342,0.0,-1.0,0.433884,-0.900969,11,20,29,8,0.7143,1,119.56,1,van,Medium,Sunny,8.89
0.6894,-1.0,-0.0,0.433884,-0.900969,4,3,12,8,0.2727,1,327.25,0,car,High,Windy,15.44
2.3265,-0.707107,0.707107,-0.781831,0.62349,1,1,6,4,0.2,0,73.18,-1,van,Medium,Rainy,26.93
1.6616,-0.707107,-0.707107,-0.781831,0.62349,1,12,21,8,0.6,0,63.09,6,car,Medium,Sunny,25.82
0.8048,-0.258819,-0.965926,0.0,1.0,9,4,11,6,0.4,1,316.53,1,van,Normal,Rainy,12.04
0.9122,-0.866025,-0.5,-0.781831,0.62349,4,1,17,15,0.0625,1,344.34,1,car,Low,Sunny,7.55
6.1697,-0.965926,-0.258819,0.781831,0.62349,6,5,13,7,0.4167,1,222.1,1,van,Jam,Sunny,90.0
0.4699,0.0,-1.0,-0.781831,0.62349,4,18,37,18,0.5,1,67.75,35,car,Medium,Windy,5.27
0.6838,-0.258819,-0.965926,-0.781831,0.62349,2,6,13,6,0.5,1,119.75,0,car,Medium,Windy,8.47
7.643,0.0,-1.0,0.781831,0.62349,1,1,5,3,0.25,0,90.72,22,car,High,Sandstorm,90.0
0.2661,-0.707107,-0.707107,0.781831,0.62349,4,0,9,8,0.0,1,286.29,8,van,Normal,Windy,5.0
0.9082,-0.258819,-0.965926,0.974928,-0.222521,3,10,14,3,0.7692,1,176.33,0,van,High,Windy,21.61
0.6655,-0.965926,-0.258819,0.974928,-0.222521,4,0,13,12,0.0,1,143.45,14,van,Medium,Sunny,14.13
1.0409,-0.866025,-0.5,0.974928,-0.222521,4,11,16,4,0.7333,1,238.04,0,van,Normal,Sunny,17.99
0.9647,-0.965926,-0.258819,-0.974928,-0.222521,11,9,21,11,0.45,1,193.51,0,van,Normal,Sunny,15.78
5.7839,-0.707107,-0.707107,0.781831,0.62349,4,0,8,7,0.0,0,198.49,-1,car,Medium,Sunny,90.0
0.5204,0.5,-0.866025,0.781831,0.62349,4,11,14,2,0.8462,1,147.46,0,van,Normal,Sunny,8.37
0.3348,-0.866025,0.5,0.0,1.0,9,32,37,4,0.8889,1,356.12,35,car,High,Sandstorm,7.57
0.4423,-0.258819,-0.965926,0.974928,-0.222521,4,22,37,14,0.6111,1,353.36,35,van,High,Foggy,12.52
1.5304,-0.258819,-0.965926,0.0,1.0,12,2,14,11,0.1538,1,239.13,0,van,High,Sandstorm,44.2
1.4497,0.258819,-0.965926,0.0,1.0,4,2,8,5,0.2857,1,142.08,0,van,High,Sunny,26.04
1.0424,-0.258819,-0.965926,0.433884,-0.900969,5,2,29,26,0.0714,1,244.67,1,van,Jam,Sunny,32.46
0.1843,0.258819,-0.965926,-0.974928,-0.222521,1,13,24,10,0.5652,1,300.87,35,van,Normal,Sunny,2.21
0.5475,0.258819,-0.965926,0.0,1.0,2,8,13,4,0.6667,1,326.97,0,van,Normal,Sunny,5.7
0.4564,-0.866025,-0.5,0.0,1.0,11,0,8,7,0.0,1,28.42,6,car,High,Sunny,8.87
2.9219,-0.866025,-0.5,-0.974928,-0.222521,6,8,12,3,0.7273,0,70.86,15,van,Medium,Windy,66.78
6.5651,-0.258819,-0.965926,0.781831,0.62349,9,8,14,5,0.6154,0,249.15,1,van,Medium,Rainy,90.0
1.085,-0.965926,-0.258819,0.781831,0.62349,4,13,19,5,0.7222,1,334.23,6,car,Normal,Windy,14.41
1.1875,-0.707107,-0.707107,0.974928,-0.222521,4,11,16,4,0.7333,1,246.26,0,car,Medium,Sunny,18.07
8.5293,-0.258819,-0.965926,-0.974928,-0.222521,2,12,15,2,0.8571,0,64.81,-1,car,Normal,Sunny,77.6
0.9319,-0.866025,-0.5,0.0,1.0,10,13,24,10,0.5652,1,293.2,15,car,Normal,Rainy,14.23
0.2581,-0.866025,-0.5,0.781831,0.62349,8,0,29,28,0.0,1,114.93,8,car,Normal,Sunny,4.12
0.7238,0.0,-1.0,0.781831,0.62349,4,5,12,6,0.4545,1,38.04,8,van,Normal,Sunny,9.75
0.4825,-0.965926,-0.258819,0.433884,-0.900969,10,7,12,4,0.6364,1,89.37,6,car,Normal,Windy,6.55
1.445,-0.866025,-0.5,0.974928,-0.222521,12,11,17,5,0.6875,1,253.79,1,car,Medium,Sunny,22.8
0.8043,0.0,-1.0,0.433884,-0.900969,8,3,13,9,0.25,1,0.91,14,car,Medium,Windy,10.38
1.9702,0.5,0.866025,0.0,1.0,3,4,14,9,0.3077,1,192.17,1,car,Normal,Windy,11.33
1.677,-0.5,0.866025,0.433884,-0.900969,1,3,5,1,0.75,1,47.8,6,car,Medium,Sunny,12.51
0.4453,-0.258819,-0.965926,-0.781831,0.62349,11,7,13,5,0.5833,1,74.76,0,car,Low,Sunny,2.5
0.3798,-0.866025,-0.5,-0.974928,-0.222521,1,13,16,2,0.8667,1,181.96,0,car,Normal,Rainy,5.95
0.6219,-0.258819,-0.965926,-0.974928,-0.222521,4,10,29,18,0.3571,0,34.4,6,car,Low,Sunny,5.9
1.7681,-0.5,-0.866025,-0.781831,0.62349,1,0,13,12,0.0,1,238.62,0,car,Medium,Sunny,17.46
1.2702,-0.707107,-0.707107,0.974928,-0.222521,6,8,16,7,0.5333,1,144.12,0,car,Jam,Rainy,45.3
0.2817,-0.5,-0.866025,-0.974928,-0.222521,5,5,29,23,0.1786,1,303.98,1,car,Jam,Sunny,5.4
2.5719,-0.965926,-0.258819,0.0,1.0,4,12,18,5,0.7059,1,230.44,0,car,Medium,Sunny,39.85
1.2827,-0.965926,0.258819,-0.974928,-0.222521,4,3,29,25,0.1071,1,28.31,8,van,Medium,Sunny,17.06
0.6803,-0.258819,-0.965926,0.0,1.0,10,19,29,9,0.6786,1,5.9,6,car,Medium,Sandstorm,11.33
0.1744,-0.5,-0.866025,-0.974928,-0.222521,2,11,13,1,0.9167,1,47.48,0,van,Normal,Sunny,2.89
0.5176,-0.5,-0.866025,0.781831,0.62349,3,8,12,3,0.7273,1,254.05,14,van,Low,Rainy,4.59
0.1693,-0.5,-0.866025,0.974928,-0.222521,9,2,10,7,0.2222,1,262.22,6,van,Normal,Windy,2.01
0.8655,-0.5,-0.866025,0.433884,-0.900969,12,5,17,11,0.3125,1,226.4,1,car,Normal,Sandstorm,9.01
1.4982,0.258819,-0.965926,-0.781831,0.62349,2,8,14,5,0.6154,1,101.2,0,car,Medium,Sunny,14.89
4.0504,0.258819,-0.965926,-0.781831,0.62349,4,2,13,10,0.1667,0,245.13,1,car,Normal,Sandstorm,40.86
0.3668,-0.5,-0.866025,-0.974928,-0.222521,6,10,12,1,0.9091,1,67.17,1,car,High,Sunny,5.18
1.006,-0.965926,-0.258819,-0.974928,-0.222521,5,8,12,3,0.7273,1,239.37,1,car,Normal,Sandstorm,15.95
0.4672,-0.5,-0.866025,0.433884,-0.900969,3,17,24,6,0.7391,1,125.26,35,van,Medium,Sandstorm,10.18
0.4255,-0.707107,-0.707107,0.0,1.0,11,5,13,7,0.4167,1,59.14,0,car,Normal,Sandstorm,6.46
1.4549,0.258819,-0.965926,0.0,1.0,1,12,21,8,0.6,0,62.93,6,car,Normal,Sunny,10.23
0.4355,0.0,-1.0,0.974928,-0.222521,11,13,16,2,0.8667,1,30.94,0,car,Normal,Windy,6.88
0.4447,-0.965926,0.258819,0.433884,-0.900969,7,5,13,7,0.4167,1,51.69,0,car,High,Sunny,5.42
0.1654,0.0,-1.0,-0.974928,-0.222521,1,11,18,6,0.6471,1,51.52,0,van,Normal,Sunny,1.94
0.2896,-0.707107,-0.707107,-0.433884,-0.900969,1,1,10,8,0.1111,1,152.74,0,van,High,Sandstorm,10.73
2.5742,-0.707107,-0.707107,0.781831,0.62349,5,6,15,8,0.4286,0,354.98,0,car,Normal,Rainy,36.58
0.304,0.0,-1.0,-0.781831,0.62349,5,13,16,2,0.8667,1,193.74,0,van,Low,Sunny,2.58
2.0123,-0.258819,-0.965926,0.974928,-0.222521,4,8,19,10,0.4444,0,82.43,6,van,Medium,Sunny,33.08
1.6145,0.258819,-0.965926,0.433884,-0.900969,2,3,24,20,0.1304,1,182.33,35,van,Medium,Rainy,24.9
0.4305,0.258819,-0.965926,-0.974928,-0.222521,4,7,13,5,0.5833,1,47.58,0,car,Normal,Sunny,3.05
0.5772,-0.707107,-0.707107,0.974928,-0.222521,4,18,37,18,0.5,1,34.4,35,car,Medium,Rainy,10.71
0.4652,-1.0,-0.0,-0.974928,-0.222521,4,6,29,22,0.2143,1,82.79,1,car,Low,Sunny,4.96
0.0956,0.0,-1.0,-0.781831,0.62349,9,5,25,19,0.2083,1,172.6,0,van,High,Sunny,1.62
0.5577,-1.0,-0.0,-0.781831,0.62349,11,5,12,6,0.4545,1,229.27,1,car,Normal,Windy,6.91
1.5752,-0.866025,0.5,0.974928,-0.222521,11,26,29,2,0.9286,1,297.5,1,car,Normal,Sunny,11.36
1.2653,0.258819,-0.965926,0.433884,-0.900969,4,0,2,1,0.0,1,347.75,1,car,Normal,Sunny,9.34
6.1132,-0.5,-0.866025,0.781831,0.62349,11,8,14,5,0.6154,0,249.24,1,van,High,Sunny,90.0
7.9349,0.0,-1.0,0.781831,0.62349,1,5,15,9,0.3571,0,29.28,6,car,Medium,Foggy,90.0
0.2217,0.5,-0.866025,-0.781831,0.62349,10,18,21,2,0.9,1,76.75,5,car,Jam,Windy,7.3
0.5053,-0.965926,0.258819,0.974928,-0.222521,3,8,14,5,0.6154,1,324.23,15,car,Normal,Sunny,3.87
3.6006,-0.5,-0.866025,-0.974928,-0.222521,8,0,12,11,0.0,0,355.45,8,van,Low,Sunny,26.27
2.5246,-0.258819,-0.965926,0.433884,-0.900969,10,1,4,2,0.3333,0,256.66,-1,car,Normal,Sunny,23.81
0.4937,-0.866025,-0.5,-0.974928,-0.222521,4,1,13,11,0.0833,1,54.91,2,car,High,Sunny,10.19
0.4489,-0.258819,-0.965926,0.0,1.0,4,11,22,10,0.5238,1,11.47,1,car,High,Rainy,9.15
0.4787,-0.707107,-0.707107,-0.974928,-0.222521,4,11,25,13,0.4583,1,82.79,0,car,Jam,Sunny,15.03
0.7953,-0.866025,-0.5,0.0,1.0,2,4,11,6,0.4,1,226.81,1,van,Normal,Sunny,13.51
0.4873,-0.5,-0.866025,0.0,1.0,1,9,22,12,0.4286,1,331.73,1,car,Medium,Sunny,6.57
0.1381,-0.5,-0.866025,0.781831,0.62349,7,13,29,15,0.4643,1,320.55,6,van,Low,Windy,1.19
0.7717,-1.0,-0.0,-0.781831,0.62349,5,18,25,6,0.75,1,40.68,0,van,Normal,Sunny,13.83
0.8575,0.0,-1.0,0.433884,-0.900969,1,1,12,10,0.0909,1,250.28,1,car,Jam,Sandstorm,26.27
0.1308,-0.258819,-0.965926,-0.781831,0.62349,1,4,14,9,0.3077,1,42.75,15,van,Normal,Sunny,2.08
0.6816,-0.965926,-0.258819,0.433884,-0.900969,5,2,12,9,0.1818,1,278.71,0,van,High,Windy,20.52
3.9359,0.0,-1.0,0.781831,0.62349,5,2,7,4,0.3333,0,46.46,-1,car,High,Windy,67.32
0.4337,-0.965926,0.258819,0.0,1.0,6,6,29,22,0.2143,1,54.49,1,van,Medium,Sunny,5.39
0.4769,0.0,-1.0,0.974928,-0.222521,12,9,18,8,0.5294,1,251.83,0,van,Medium,Sunny,8.29
5.6356,-0.5,-0.866025,0.781831,0.62349,2,0,8,7,0.0,0,199.09,-1,van,Normal,Windy,62.82
2.3108,-0.258819,-0.965926,0.0,1.0,4,17,24,6,0.7391,0,33.02,18,car,Normal,Sunny,21.4
0.8157,-0.258819,-0.965926,0.974928,-0.222521,6,8,12,3,0.7273,1,246.08,1,van,Low,Foggy,10.15
0.4035,-0.5,-0.866025,0.0,1.0,7,9,18,8,0.5294,1,272.04,0,car,Medium,Sunny,3.78
0.8586,0.0,-1.0,0.781831,0.62349,10,3,12,8,0.2727,1,316.28,8,car,Medium,Sunny,9.65
0.8345,-0.965926,-0.258819,0.433884,-0.900969,8,4,11,6,0.4,1,226.46,1,van,High,Foggy,30.14
1.6195,-0.707107,-0.707107,0.974928,-0.222521,3,10,13,2,0.8333,0,247.65,-1,van,Medium,Sunny,34.22
0.833,-0.707107,-0.707107,0.0,1.0,5,3,7,3,0.5,1,35.06,6,car,Normal,Sunny,9.81
0.3362,-0.258819,-0.965926,0.433884,-0.900969,5,20,24,3,0.8696,1,191.96,18,van,High,Sunny,6.99
0.2848,0.5,0.866025,0.974928,-0.222521,8,14,21,6,0.7,1,173.92,0,car,Normal,Sunny,1.07
0.1978,-0.5,-0.866025,0.433884,-0.900969,4,2,37,34,0.0556,1,76.33,35,car,High,Sunny,2.3
2.1106,-0.5,-0.866025,0.0,1.0,3,5,7,1,0.8333,0,12.59,-1,car,Medium,Windy,21.59
3.9358,-0.965926,-0.258819,0.781831,0.62349,2,6,12,5,0.5455,0,51.95,6,car,Medium,Sunny,60.74
1.5233,-0.258819,-0.965926,0.781831,0.62349,3,4,17,12,0.25,1,128.7,1,van,Low,Sunny,13.3
5.8937,-0.258819,-0.965926,-0.974928,-0.222521,8,0,8,7,0.0,0,196.54,-1,car,Normal,Sandstorm,73.55
1.8257,-0.965926,0.258819,0.781831,0.62349,9,1,13,11,0.0833,1,232.89,0,van,High,Windy,34.63
0.1928,0.0,-1.0,0.433884,-0.900969,12,5,37,31,0.1389,1,229.07,35,van,Medium,Sandstorm,3.55
1.9955,0.258819,-0.965926,0.433884,-0.900969,4,12,37,24,0.3333,1,11.88,35,van,Medium,Sandstorm,35.38
3.0232,-1.0,-0.0,0.781831,0.62349,7,2,25,22,0.0833,1,33.2,0,car,High,Sunny,64.42
1.9237,-0.707107,-0.707107,-0.781831,0.62349,9,14,29,14,0.5,1,265.24,1,van,Medium,Rainy,48.16
1.1294,0.0,-1.0,0.433884,-0.900969,8,21,37,15,0.5833,1,50.97,35,car,High,Sunny,18.33
0.05,-0.866025,-0.5,0.781831,0.62349,12,2,10,7,0.2222,1,79.94,6,van,Normal,Foggy,1.0
2.1502,-0.258819,-0.965926,0.781831,0.62349,1,1,8,6,0.1429,1,36.78,6,car,Medium,Sunny,25.81
0.568,-0.707107,-0.707107,-0.974928,-0.222521,5,16,25,8,0.6667,1,72.69,0,van,Jam,Sunny,23.31
1.0729,-0.965926,-0.258819,0.433884,-0.900969,9,0,12,11,0.0,0,91.82,14,van,Normal,Sunny,17.69
0.582,-0.5,-0.866025,0.974928,-0.222521,3,4,12,7,0.3636,1,175.09,1,car,Normal,Sunny,4.78
0.1364,-0.258819,-0.965926,0.0,1.0,11,3,18,14,0.1765,1,161.83,0,van,Medium,Sunny,2.01
1.0807,0.0,-1.0,0.0,1.0,1,10,37,26,0.2778,1,327.48,35,car,Medium,Sunny,12.42
1.4852,-0.965926,-0.258819,0.433884,-0.900969,4,12,37,24,0.3333,1,10.24,35,car,Normal,Sunny,19.99
0.3884,-0.258819,-0.965926,0.433884,-0.900969,4,8,21,12,0.4,1,17.55,6,van,High,Rainy,10.37
0.8015,0.0,-1.0,0.433884,-0.900969,7,5,8,2,0.7143,1,300.29,30,car,High,Sandstorm,16.83
6.4509,-0.5,-0.866025,0.781831,0.62349,3,8,14,5,0.6154,0,249.16,1,car,Medium,Sunny,62.93
7.0571,-0.258819,0.965926,-0.974928,-0.222521,6,23,25,1,0.9583,1,244.84,0,van,Medium,Sandstorm,90.0
1.4291,-0.707107,-0.707107,0.433884,-0.900969,4,3,11,7,0.3,1,24.17,1,van,Medium,Sunny,31.0
0.5737,0.258819,-0.965926,-0.433884,-0.900969,3,18,37,18,0.5,1,57.63,35,van,Low,Sunny,4.36
1.072,-0.5,-0.866025,0.781831,0.62349,1,10,29,18,0.3571,0,32.99,6,van,Normal,Rainy,13.06
1.588,-0.707107,-0.707107,0.974928,-0.222521,4,2,11,8,0.2,1,238.47,1,car,Jam,Windy,51.98
8.3392,0.258819,-0.965926,-0.781831,0.62349,6,12,15,2,0.8571,0,64.43,-1,car,Normal,Sunny,62.73
7.238,-0.707107,-0.707107,0.974928,-0.222521,1,5,8,2,0.7143,1,235.11,0,van,Medium,Windy,90.0
12.212,-0.866025,-0.5,0.781831,0.62349,5,0,5,4,0.0,0,31.79,16,van,High,Sunny,90.0
0.8288,-0.258819,-0.965926,0.974928,-0.222521,10,8,13,4,0.6667,1,316.48,0,van,High,Rainy,21.47
0.1396,-0.258819,-0.965926,-0.781831,0.62349,4,5,10,4,0.5556,1,244.15,17,van,Medium,Sunny,2.44
0.5643,0.0,-1.0,0.0,1.0,2,10,13,2,0.8333,1,159.92,0,car,Medium,Sunny,6.32
0.5267,-0.866025,-0.5,0.0,1.0,8,6,16,9,0.4,1,154.14,0,car,Medium,Rainy,9.56
2.5303,-0.866025,-0.5,0.974928,-0.222521,1,10,24,13,0.4348,1,76.89,15,car,Jam,Sunny,77.79
0.9157,-0.258819,-0.965926,0.0,1.0,3,4,15,10,0.2857,1,196.14,0,van,Medium,Sunny,18.54
1.9254,-0.965926,-0.258819,0.781831,0.62349,11,3,24,20,0.1304,1,191.45,35,van,Medium,Sunny,41.07
0.777,-0.707107,0.707107,0.974928,-0.222521,1,11,13,1,0.9167,1,236.8,0,van,Normal,Rainy,7.23
0.501,-0.5,-0.866025,0.433884,-0.900969,5,6,8,1,0.8571,1,318.59,30,car,Medium,Sunny,4.43
1.2714,0.5,-0.866025,0.781831,0.62349,12,9,24,14,0.3913,0,97.79,15,car,Normal,Foggy,17.64
3.0669,-0.707107,-0.707107,0.433884,-0.900969,6,1,19,17,0.0556,0,343.09,8,car,High,Sunny,65.11
1.4566,0.258819,-0.965926,0.433884,-0.900969,1,10,15,4,0.7143,1,150.05,0,van,High,Sunny,26.24
1.6712,0.258819,-0.965926,-0.974928,-0.222521,1,3,24,20,0.1304,1,187.13,35,car,Normal,Sunny,12.11
0.5649,0.258819,-0.965926,-0.974928,-0.222521,1,5,8,2,0.7143,1,282.91,30,car,Normal,Sunny,3.93
2.5479,-0.5,-0.866025,-0.781831,0.62349,2,7,13,5,0.5833,0,197.7,-1,van,Medium,Sunny,33.68
4.4045,-0.258819,-0.965926,0.433884,-0.900969,2,2,13,10,0.1667,1,42.26,0,car,Normal,Sunny,40.15
0.5656,-0.965926,-0.258819,0.974928,-0.222521,3,4,10,5,0.4444,1,344.48,17,car,Medium,Sunny,8.3
2.1459,-0.866025,0.5,-0.781831,0.62349,3,21,24,2,0.913,1,336.17,35,car,Normal,Sandstorm,22.48
0.1872,-0.258819,-0.965926,0.781831,0.62349,7,4,16,11,0.2667,1,341.35,0,van,High,Sandstorm,4.92
1.2452,-0.258819,-0.965926,-0.974928,-0.222521,8,25,27,1,0.9615,0,229.91,-1,van,Medium,Sunny,20.27
1.5957,-0.707107,-0.707107,0.781831,0.62349,4,19,24,4,0.8261,1,349.92,18,car,Normal,Sunny,19.0
0.683,-0.258819,-0.965926,0.781831,0.62349,5,11,14,2,0.8462,1,77.43,1,van,Medium,Windy,11.45
1.6272,-0.965926,-0.258819,0.974928,-0.222521,4,5,11,5,0.5,1,233.98,1,car,Normal,Rainy,22.98
10.2986,-1.0,-0.0,0.781831,0.62349,8,2,14,11,0.1538,0,43.72,15,car,Medium,Sunny,90.0
0.419,0.0,-1.0,0.974928,-0.222521,1,0,21,20,0.0,1,333.21,9,car,Medium,Sunny,4.73
0.2177,-0.866025,-0.5,0.781831,0.62349,6,8,12,3,0.7273,1,312.19,14,car,Low,Windy,1.59
0.7325,-0.5,-0.866025,-0.433884,-0.900969,10,14,25,10,0.5833,1,21.0,0,car,High,Sunny,9.4
0.7765,-0.965926,-0.258819,-0.781831,0.62349,12,5,16,10,0.3333,1,330.86,0,car,Medium,Sandstorm,15.7
0.3552,-0.258819,-0.965926,0.0,1.0,8,11,18,6,0.6471,1,26.81,0,van,Normal,Sunny,4.73
1.5336,-0.258819,-0.965926,0.781831,0.62349,4,6,13,6,0.5,1,288.22,1,van,Normal,Sunny,18.81
0.2141,-0.866025,-0.5,0.0,1.0,8,14,16,1,0.9333,1,33.6,0,car,Jam,Sunny,6.58
2.6191,-0.866025,-0.5,0.433884,-0.900969,5,27,29,1,0.9643,0,34.07,5,van,Medium,Rainy,65.23
0.7487,0.258819,-0.965926,0.433884,-0.900969,5,11,14,2,0.8462,1,298.54,18,car,Normal,Sunny,5.94
3.315,-0.258819,-0.965926,0.781831,0.62349,1,1,19,17,0.0556,0,347.02,8,car,Normal,Rainy,36.33
3.9357,0.258819,-0.965926,-0.974928,-0.222521,2,19,22,2,0.9048,1,236.27,1,van,Normal,Windy,44.51
0.4188,0.258819,-0.965926,0.433884,-0.900969,2,4,16,11,0.2667,1,27.09,0,van,Normal,Sunny,4.46
0.9663,0.0,-1.0,0.781831,0.62349,4,3,16,12,0.2,1,159.11,0,van,Jam,Rainy,35.52
1.5962,-0.707107,0.707107,0.781831,0.62349,4,6,17,10,0.375,1,247.27,1,van,Medium,Rainy,18.49
7.0714,-0.258819,-0.965926,0.974928,-0.222521,4,3,16,12,0.2,1,50.55,0,car,Jam,Foggy,90.0
3.0711,-0.707107,-0.707107,-0.974928,-0.222521,5,2,25,22,0.0833,1,30.48,0,van,Normal,Sandstorm,68.8
3.3332,-0.258819,-0.965926,0.0,1.0,4,0,7,6,0.0,0,334.17,8,van,Jam,Rainy,90.0
1.1178,-0.258819,-0.965926,0.433884,-0.900969,9,12,14,1,0.9231,0,309.2,-1,car,Normal,Windy,10.83
1.0619,-0.258819,-0.965926,0.0,1.0,4,10,37,26,0.2778,1,316.86,35,car,Low,Sunny,7.21
8.7236,-0.965926,-0.258819,0.974928,-0.222521,7,0,5,4,0.0,0,238.33,9,van,Medium,Sunny,90.0
2.3752,0.0,-1.0,0.433884,-0.900969,12,4,8,3,0.5714,0,75.09,16,van,Normal,Foggy,38.82
2.8724,0.0,-1.0,-0.974928,-0.222521,1,1,19,17,0.0556,0,346.51,8,van,Low,Rainy,29.91
2.4192,-0.5,-0.866025,0.433884,-0.900969,5,1,8,6,0.1429,1,265.64,1,van,Jam,Foggy,78.08
1.3313,-0.258819,-0.965926,0.0,1.0,4,5,12,6,0.4545,1,69.11,0,car,Jam,Windy,33.21
1.4066,0.258819,-0.965926,0.974928,-0.222521,11,3,15,11,0.2143,1,40.78,0,van,Medium,Sunny,18.15
0.3364,0.258819,-0.965926,-0.781831,0.62349,7,11,13,1,0.9167,1,40.61,1,car,Jam,Foggy,8.7
0.2521,0.0,-1.0,-0.781831,0.62349,10,9,37,27,0.25,1,24.5,35,van,High,Sunny,5.99
0.3485,0.0,-1.0,0.433884,-0.900969,7,9,18,8,0.5294,1,310.93,0,car,Medium,Sunny,4.26
0.4838,0.258819,-0.965926,0.433884,-0.900969,3,11,21,9,0.55,1,112.62,0,van,High,Sunny,8.16
0.4609,0.0,-1.0,0.433884,-0.900969,4,15,24,8,0.6522,1,190.95,35,van,Medium,Sandstorm,10.57
1.4235,0.258819,-0.965926,0.781831,0.62349,4,2,9,6,0.25,1,334.12,8,car,High,Windy,19.76
6.6632,-0.258819,-0.965926,0.974928,-0.222521,2,0,9,8,0.0,0,78.44,-1,van,Normal,Sunny,84.04
1.1207,-0.258819,-0.965926,0.974928,-0.222521,2,8,24,15,0.3478,1,345.85,35,car,High,Sunny,17.35
2.0731,0.0,-1.0,0.0,1.0,5,2,7,4,0.3333,1,4.31,6,car,Medium,Sandstorm,31.98
0.8794,-0.707107,-0.707107,-0.781831,0.62349,10,4,12,7,0.3636,1,174.81,0,car,Low,Sunny,8.59
1.1339,0.0,-1.0,-0.781831,0.62349,4,5,11,5,0.5,1,62.76,1,car,Normal,Foggy,12.38
0.6887,-0.5,-0.866025,0.433884,-0.900969,3,22,24,1,0.9565,1,180.58,35,van,Medium,Foggy,11.56
1.9298,-0.5,-0.866025,0.0,1.0,2,5,15,9,0.3571,0,110.34,-1,car,High,Sunny,24.35
0.6759,-0.965926,0.258819,0.433884,-0.900969,5,5,8,2,0.7143,1,289.96,30,car,Medium,Windy,7.02
1.79,-0.707107,-0.707107,0.974928,-0.222521,4,7,11,3,0.7,1,71.84,1,car,Medium,Sunny,28.67
0.1513,-0.866025,0.5,0.781831,0.62349,5,10,12,1,0.9091,1,338.49,1,car,Normal,Sunny,1.25
0.1065,0.5,-0.866025,0.0,1.0,5,8,14,5,0.6154,1,279.25,15,car,Normal,Sunny,1.3
0.6957,-0.5,-0.866025,0.0,1.0,11,13,16,2,0.8667,1,40.68,0,car,Normal,Rainy,7.9
6.4955,-0.258819,-0.965926,-0.781831,0.62349,4,0,9,8,0.0,0,75.06,-1,car,Medium,Sandstorm,90.0
0.2396,-0.258819,-0.965926,0.433884,-0.900969,12,10,29,18,0.3571,1,97.14,1,van,Medium,Sunny,4.12
0.939,0.0,-1.0,-0.974928,-0.222521,11,6,16,9,0.4,1,146.18,0,van,Normal,Sandstorm,15.33
4.1927,-0.707107,-0.707107,0.433884,-0.900969,5,2,13,10,0.1667,0,244.87,1,car,High,Sunny,88.18
2.5224,-1.0,-0.0,-0.781831,0.62349,5,0,6,5,0.0,1,236.4,1,van,Jam,Sunny,90.0
2.2105,-1.0,-0.0,-0.974928,-0.222521,4,6,21,14,0.3,0,54.44,6,van,High,Sandstorm,84.48
8.6824,-0.965926,-0.258819,-0.974928,-0.222521,9,0,5,4,0.0,0,236.67,9,van,Normal,Sunny,90.0
0.8918,-0.5,-0.866025,0.974928,-0.222521,12,5,24,18,0.2174,1,107.76,35,van,Medium,Sandstorm,15.5
0.8723,0.0,-1.0,0.433884,-0.900969,1,5,13,7,0.4167,1,63.38,0,car,Medium,Rainy,12.86
1.605,-0.258819,-0.965926,0.781831,0.62349,11,9,21,11,0.45,0,317.46,7,van,Normal,Sunny,20.67
1.5685,0.258819,-0.965926,0.974928,-0.222521,8,10,12,1,0.9091,0,262.47,-1,van,Low,Sunny,11.4
0.087,-0.965926,-0.258819,0.0,1.0,5,10,12,1,0.9091,1,11.24,1,van,Low,Windy,1.93
1.0771,-0.866025,-0.5,0.433884,-0.900969,4,3,8,4,0.4286,1,210.11,15,car,Low,Sunny,10.37
1.1863,-0.866025,0.5,-0.433884,-0.900969,5,11,15,3,0.7857,1,283.03,0,car,Normal,Rainy,9.81
0.7517,-0.965926,0.258819,0.974928,-0.222521,11,10,29,18,0.3571,0,47.21,6,van,Medium,Sunny,9.87
0.7919,-0.866025,-0.5,0.0,1.0,5,1,11,9,0.1,1,346.18,1,van,High,Sunny,22.21
1.1184,-0.5,-0.866025,0.781831,0.62349,5,2,4,1,0.6667,0,333.09,20,car,Normal,Sandstorm,11.08
1.5433,-0.707107,0.707107,0.781831,0.62349,1,12,21,8,0.6,0,68.0,6,van,Medium,Sunny,16.24
0.8533,-0.258819,-0.965926,-0.974928,-0.222521,1,11,13,1,0.9167,1,250.46,0,car,Jam,Sunny,19.82
0.639,-0.258819,-0.965926,0.433884,-0.900969,2,11,25,13,0.4583,1,72.17,0,car,Medium,Windy,8.29
0.0809,-0.5,-0.866025,-0.974928,-0.222521,2,4,25,20,0.1667,1,65.86,0,van,Medium,Rainy,1.82
1.0905,-0.866025,-0.5,0.0,1.0,5,2,9,6,0.25,1,330.81,8,van,Jam,Sunny,45.82
1.7388,-0.258819,-0.965926,-0.781831,0.62349,5,3,29,25,0.1071,1,0.34,1,van,Medium,Sunny,28.18
2.1791,-0.965926,-0.258819,-0.781831,0.62349,4,1,8,6,0.1429,1,47.62,6,van,Medium,Sunny,46.5
4.2845,-0.965926,-0.258819,0.433884,-0.900969,1,2,8,5,0.2857,0,113.83,-1,car,High,Windy,90.0
0.4655,-0.258819,-0.965926,0.0,1.0,11,11,13,1,0.9167,1,103.7,1,van,Medium,Sunny,8.54
0.7266,-0.258819,-0.965926,-0.974928,-0.222521,4,19,29,9,0.6786,1,349.02,6,car,Normal,Sunny,6.84
0.1402,-0.866025,-0.5,0.433884,-0.900969,7,2,10,7,0.2222,1,254.91,6,car,Low,Windy,1.93
0.066,-0.707107,0.707107,0.781831,0.62349,11,30,37,6,0.8333,1,59.66,35,van,High,Foggy,1.43
0.317,-0.866025,-0.5,-0.781831,0.62349,12,9,14,4,0.6923,1,31.72,0,car,Medium,Sunny,5.22
0.777,-0.965926,-0.258819,-0.781831,0.62349,8,1,17,15,0.0625,1,346.89,1,car,Normal,Foggy,11.33
0.4601,0.0,-1.0,0.974928,-0.222521,10,2,11,8,0.2,1,96.59,1,car,Normal,Sunny,5.01
0.4627,-0.866025,0.5,-0.781831,0.62349,7,2,15,12,0.1429,1,111.3,0,van,Normal,Sunny,5.75
1.7852,-0.258819,-0.965926,-0.781831,0.62349,5,8,18,9,0.4706,1,73.6,0,car,Normal,Sunny,17.08
0.0984,0.258819,-0.965926,0.0,1.0,4,9,14,4,0.6923,1,214.94,1,van,High,Sunny,2.84
7.2706,0.258819,-0.965926,0.433884,-0.900969,4,0,11,10,0.0,0,229.66,-1,car,Normal,Windy,58.42
0.3281,-0.965926,-0.258819,0.433884,-0.900969,12,6,8,1,0.8571,1,252.59,30,van,Normal,Sunny,5.17
1.9213,-0.5,-0.866025,-0.974928,-0.222521,4,8,13,4,0.6667,1,88.16,1,car,Normal,Windy,15.92
4.279,0.258819,-0.965926,0.433884,-0.900969,2,2,13,10,0.1667,1,45.81,0,car,Medium,Sunny,40.8
1.5462,-0.258819,-0.965926,0.433884,-0.900969,11,8,14,5,0.6154,1,115.53,0,car,High,Sunny,24.29
1.1185,-0.5,-0.866025,0.974928,-0.222521,3,0,12,11,0.0,0,107.19,14,car,Jam,Windy,21.86
0.9835,-0.5,-0.866025,-0.781831,0.62349,11,9,24,14,0.3913,0,96.82,15,car,Normal,Windy,7.49
1.1707,-0.707107,0.707107,-0.974928,-0.222521,11,9,14,4,0.6923,1,174.04,1,car,Medium,Sunny,8.02
1.7629,-0.5,-0.866025,-0.974928,-0.222521,12,8,18,9,0.4706,1,86.99,0,van,Medium,Sandstorm,30.59
0.2221,0.0,-1.0,0.974928,-0.222521,11,9,11,1,0.9,1,175.73,1,van,Medium,Sunny,3.44
0.3791,-0.258819,-0.965926,0.974928,-0.222521,3,30,37,6,0.8333,1,287.88,35,van,High,Foggy,10.83
0.3661,-0.258819,0.965926,0.0,1.0,4,0,19,18,0.0,1,332.58,9,van,Jam,Windy,6.99
2.1369,-0.258819,-0.965926,-0.781831,0.62349,4,21,24,2,0.913,1,343.48,35,van,Medium,Rainy,40.59
0.4513,-0.258819,-0.965926,0.974928,-0.222521,11,2,17,14,0.125,1,233.56,1,van,Jam,Foggy,17.66
0.3373,0.0,-1.0,-0.781831,0.62349,6,13,16,2,0.8667,1,173.48,0,van,Medium,Sunny,5.66
7.0036,-0.5,0.866025,0.0,1.0,3,23,25,1,0.9583,1,243.76,0,car,Normal,Sunny,38.76
1.231,-0.258819,-0.965926,-0.974928,-0.222521,3,14,24,9,0.6087,1,123.28,35,van,High,Sunny,26.86
0.2524,-0.5,-0.866025,-0.781831,0.62349,2,5,11,5,0.5,1,305.12,1,car,Normal,Foggy,2.24
1.8075,0.258819,-0.965926,0.433884,-0.900969,5,12,15,2,0.8571,1,149.84,0,car,High,Sunny,22.79
5.0525,-1.0,-0.0,0.0,1.0,12,2,5,2,0.5,0,52.95,4,van,Normal,Sunny,84.66
0.8588,-0.866025,-0.5,-0.781831,0.62349,5,3,10,6,0.3333,1,205.06,1,van,Normal,Sandstorm,18.74
1.7621,-0.5,-0.866025,0.781831,0.62349,4,2,21,18,0.1,1,344.14,8,van,Normal,Windy,19.91
0.7323,-0.707107,-0.707107,0.781831,0.62349,4,8,11,2,0.8,1,69.75,1,car,Low,Foggy,7.62
0.5911,-0.707107,0.707107,0.0,1.0,2,6,13,6,0.5,1,6.83,0,van,Jam,Sunny,11.16
0.2832,-0.5,-0.866025,0.0,1.0,7,3,17,13,0.1875,1,159.14,1,van,Medium,Sunny,3.51
5.4368,0.258819,-0.965926,0.781831,0.62349,4,1,4,2,0.3333,1,46.68,0,car,High,Sandstorm,90.0
1.7832,0.0,-1.0,0.433884,-0.900969,4,8,18,9,0.4706,1,84.53,0,van,Medium,Windy,31.31
0.4112,-0.707107,-0.707107,0.433884,-0.900969,4,3,21,17,0.15,1,176.24,0,car,Normal,Sunny,4.43
1.4864,0.0,-1.0,0.781831,0.62349,3,3,29,25,0.1071,1,17.75,8,car,Normal,Foggy,16.5
0.727,-0.258819,-0.965926,-0.781831,0.62349,11,2,15,12,0.1429,1,77.18,0,van,Normal,Sunny,9.78
0.5199,-0.5,-0.866025,0.781831,0.62349,4,4,13,8,0.3333,1,59.19,1,van,Medium,Sunny,7.34
1.5871,-0.5,-0.866025,0.433884,-0.900969,1,10,16,5,0.6667,1,54.22,0,car,Medium,Sunny,14.95
1.7504,0.0,-1.0,0.433884,-0.900969,1,4,21,16,0.2,1,27.26,0,van,Medium,Sandstorm,37.67
1.6272,-0.258819,-0.965926,0.433884,-0.900969,1,3,11,7,0.3,1,17.39,1,car,Normal,Windy,15.85
0.4515,-0.866025,-0.5,-0.781831,0.62349,10,18,21,2,0.9,1,123.64,0,van,Medium,Windy,10.17
0.0977,-0.5,-0.866025,-0.781831,0.62349,9,7,22,14,0.3333,1,149.05,1,van,Medium,Sunny,1.25
4.5227,-0.866025,0.5,0.0,1.0,3,3,6,2,0.6,1,54.25,1,van,Low,Sunny,34.39
0.4923,0.258819,-0.965926,-0.974928,-0.222521,5,18,37,18,0.5,1,58.75,35,van,Medium,Sunny,6.37
3.2364,-0.5,0.866025,-0.974928,-0.222521,1,3,7,3,0.5,0,179.61,-1,van,Medium,Sandstorm,42.77
4.364,-0.5,-0.866025,-0.974928,-0.222521,3,6,12,5,0.5455,1,57.5,1,car,Normal,Sunny,32.69
2.5079,-1.0,-0.0,-0.974928,-0.222521,10,7,13,5,0.5833,0,198.52,-1,car,Normal,Windy,32.45
0.8372,-0.965926,0.258819,0.433884,-0.900969,8,1,21,19,0.05,1,40.07,0,van,Jam,Rainy,25.51
0.7545,-0.258819,-0.965926,0.781831,0.62349,6,8,10,1,0.8889,1,237.41,6,van,Normal,Windy,10.43
0.5124,-0.866025,-0.5,0.0,1.0,9,17,25,7,0.7083,1,209.53,0,van,Low,Windy,6.56
1.174,-0.965926,-0.258819,0.781831,0.62349,9,5,24,18,0.2174,1,110.06,35,van,Medium,Sunny,25.16
0.8893,-0.5,-0.866025,0.0,1.0,4,5,9,3,0.625,1,278.23,6,van,Normal,Windy,9.46
0.6129,-0.258819,-0.965926,-0.974928,-0.222521,1,12,24,11,0.5217,1,355.23,35,car,Normal,Windy,6.0
0.9906,0.0,-1.0,0.974928,-0.222521,2,1,29,27,0.0357,1,57.18,1,van,Medium,Sunny,15.87
0.3718,-0.5,-0.866025,0.781831,0.62349,12,8,10,1,0.8889,1,236.87,6,car,High,Foggy,6.06
0.5686,-0.258819,-0.965926,-0.781831,0.62349,6,21,29,7,0.75,1,180.48,1,car,Medium,Sunny,7.08
0.4764,-0.5,-0.866025,0.781831,0.62349,1,25,29,3,0.8929,1,206.68,1,van,Normal,Windy,5.81
0.6977,-0.866025,-0.5,0.0,1.0,3,3,13,9,0.25,1,161.03,0,car,Medium,Rainy,13.66
1.8969,-0.866025,-0.5,0.974928,-0.222521,4,4,21,16,0.2,1,28.58,0,van,High,Sunny,54.31
1.5152,-0.965926,0.258819,-0.781831,0.62349,4,14,29,14,0.5,1,280.74,1,van,Low,Sunny,13.07
0.8394,-0.965926,-0.258819,0.781831,0.62349,4,10,29,18,0.3571,0,42.86,6,car,Normal,Rainy,11.35
1.2155,0.258819,-0.965926,0.0,1.0,4,1,9,7,0.125,0,163.06,-1,car,High,Sandstorm,20.78
1.243,0.258819,-0.965926,-0.781831,0.62349,2,13,19,5,0.7222,1,351.48,6,van,Low,Sandstorm,11.85
1.106,-0.258819,-0.965926,-0.974928,-0.222521,10,9,24,14,0.3913,0,92.55,15,car,High,Rainy,21.31
1.4583,0.0,-1.0,-0.974928,-0.222521,5,0,14,13,0.0,1,359.63,1,van,Normal,Sunny,18.34
1.9325,-0.707107,-0.707107,0.433884,-0.900969,1,12,15,2,0.8571,1,148.1,0,van,Normal,Sunny,32.31
0.1738,-0.866025,-0.5,0.974928,-0.222521,1,0,9,8,0.0,1,63.7,1,car,Normal,Foggy,3.06
0.3321,-0.258819,-0.965926,0.0,1.0,3,7,10,2,0.7778,1,178.32,0,car,Medium,Sunny,3.97
1.5478,0.258819,-0.965926,0.433884,-0.900969,3,1,13,11,0.0833,1,225.68,0,car,Medium,Sandstorm,20.05
3.2696,-0.5,-0.866025,-0.974928,-0.222521,4,1,10,8,0.1111,0,268.72,1,car,Normal,Sunny,23.83
2.0547,0.0,-1.0,0.974928,-0.222521,4,11,37,25,0.3056,1,146.42,35,van,Normal,Rainy,30.88
0.1907,-0.258819,-0.965926,-0.974928,-0.222521,1,10,15,4,0.7143,1,159.89,15,car,Medium,Sandstorm,3.66
0.4773,0.0,-1.0,-0.974928,-0.222521,5,4,13,8,0.3333,1,22.12,1,car,Medium,Rainy,6.04
1.5889,-0.258819,-0.965926,0.781831,0.62349,8,7,21,13,0.35,1,45.1,0,car,Low,Sunny,10.13
1.4373,-0.258819,-0.965926,-0.781831,0.62349,4,1,13,11,0.0833,1,232.7,0,van,High,Rainy,36.64
1.2175,-0.5,-0.866025,-0.781831,0.62349,9,11,16,4,0.7333,1,249.44,0,car,Medium,Sunny,11.43
0.1095,-0.258819,-0.965926,-0.974928,-0.222521,1,3,22,18,0.1429,1,295.79,1,van,Jam,Rainy,4.04
12.207,-0.965926,-0.258819,0.781831,0.62349,11,0,5,4,0.0,0,32.14,16,car,High,Sunny,90.0
2.5366,-0.5,-0.866025,0.433884,-0.900969,5,1,3,1,0.5,0,198.85,-1,car,Low,Rainy,16.61
0.6932,-0.707107,-0.707107,0.433884,-0.900969,6,4,12,7,0.3636,1,154.98,0,van,Normal,Sunny,11.71
0.2951,0.0,-1.0,0.974928,-0.222521,6,13,24,10,0.5652,1,302.13,35,van,Normal,Sunny,3.52
1.6466,-0.258819,-0.965926,0.781831,0.62349,10,12,37,24,0.3333,1,9.17,35,van,High,Sunny,35.97
6.286,0.0,-1.0,0.0,1.0,4,5,13,7,0.4167,1,222.31,1,van,Low,Sunny,57.49
0.8182,-0.5,-0.866025,-0.781831,0.62349,4,7,15,7,0.5,1,349.35,0,car,Jam,Sandstorm,20.26
0.5498,-0.866025,-0.5,0.974928,-0.222521,11,6,16,9,0.4,1,142.72,0,van,Medium,Sunny,11.92
1.1467,-0.866025,0.5,0.0,1.0,8,3,21,17,0.15,1,205.35,8,van,Normal,Sunny,12.01
2.4273,-0.258819,-0.965926,0.0,1.0,5,8,19,10,0.4444,0,81.11,6,car,High,Windy,43.08
0.3575,0.0,-1.0,0.0,1.0,5,5,7,1,0.8333,1,73.13,28,car,Jam,Sandstorm,10.67
0.3324,-0.866025,-0.5,0.974928,-0.222521,11,10,25,14,0.4167,1,84.62,0,car,Normal,Sandstorm,4.65
0.3175,-1.0,-0.0,0.781831,0.62349,5,10,12,1,0.9091,1,338.05,1,car,High,Sunny,6.96
1.0018,-0.5,-0.866025,-0.974928,-0.222521,5,3,12,8,0.2727,1,323.16,1,car,Jam,Sunny,19.05
0.6545,-0.5,-0.866025,0.974928,-0.222521,8,2,12,9,0.1818,1,298.91,0,car,Normal,Sunny,4.63
1.1744,-0.5,-0.866025,-0.974928,-0.222521,11,1,29,27,0.0357,1,75.97,1,van,Medium,Rainy,18.23
1.0223,-0.258819,-0.965926,-0.781831,0.62349,11,5,12,6,0.4545,1,298.06,14,van,Medium,Foggy,20.99
0.9761,-0.5,-0.866025,-0.781831,0.62349,3,2,27,24,0.0769,0,338.51,-1,van,Normal,Sunny,9.82
1.3727,-0.707107,-0.707107,0.781831,0.62349,1,11,17,5,0.6875,1,249.87,1,car,Normal,Sunny,17.78
1.3495,-0.707107,-0.707107,-0.781831,0.62349,2,12,22,9,0.5714,1,333.65,1,car,Medium,Sunny,20.93
1.2015,-0.258819,-0.965926,-0.974928,-0.222521,5,10,12,1,0.9091,0,258.32,-1,van,Medium,Windy,21.97
0.4466,-0.866025,-0.5,0.781831,0.62349,4,4,10,5,0.4444,1,337.0,1,van,Medium,Sunny,10.71
0.3266,-0.258819,-0.965926,0.974928,-0.222521,1,5,11,5,0.5,1,22.02,2,van,Medium,Sunny,5.14
0.35,-0.707107,-0.707107,0.974928,-0.222521,5,9,29,19,0.3214,1,165.4,1,van,Normal,Sunny,6.78
0.5672,-0.965926,0.258819,0.974928,-0.222521,4,18,25,6,0.75,1,29.5,0,car,Normal,Sunny,3.91
0.5035,-0.707107,-0.707107,0.974928,-0.222521,9,15,17,1,0.9375,1,334.13,1,car,Low,Rainy,5.48
2.9801,0.0,-1.0,0.0,1.0,2,6,8,1,0.8571,1,73.81,1,van,Medium,Sunny,48.03
0.1288,-0.866025,-0.5,0.781831,0.62349,5,2,10,7,0.2222,1,98.94,6,car,Low,Sunny,1.64
1.2943,-0.5,-0.866025,0.781831,0.62349,10,3,15,11,0.2143,1,57.12,0,car,Normal,Sunny,9.94
0.2989,-0.5,-0.866025,0.433884,-0.900969,2,12,24,11,0.5217,1,11.02,15,car,Medium,Windy,2.72
0.9344,0.0,-1.0,0.781831,0.62349,11,5,9,3,0.625,1,273.96,6,van,Normal,Sunny,13.03
0.05,0.258819,-0.965926,-0.781831,0.62349,9,11,13,1,0.9167,0,183.17,-1,van,Jam,Sunny,1.41
1.8338,-0.707107,-0.707107,0.781831,0.62349,3,2,9,6,0.25,0,21.4,10,car,Medium,Sunny,28.42
0.452,-0.707107,-0.707107,-0.974928,-0.222521,2,10,24,13,0.4348,1,123.9,35,van,High,Sandstorm,17.89
1.3184,-0.258819,-0.965926,0.974928,-0.222521,4,1,37,35,0.0278,1,106.44,35,van,Medium,Sunny,21.88
1.8165,-0.707107,-0.707107,0.974928,-0.222521,5,7,12,4,0.6364,1,359.02,1,van,High,Sunny,53.68
0.2368,-0.866025,0.5,0.974928,-0.222521,8,7,14,6,0.5385,1,63.66,0,car,High,Sunny,2.86
0.0799,-0.866025,0.5,0.974928,-0.222521,11,2,12,9,0.1818,1,313.36,14,car,Medium,Rainy,1.0
1.8819,-0.965926,0.258819,0.781831,0.62349,1,17,24,6,0.7391,0,31.41,18,van,Medium,Sunny,24.73
1.0287,-0.258819,-0.965926,0.781831,0.62349,4,23,27,3,0.8846,1,197.56,12,car,Low,Sunny,6.41
3.2703,-0.866025,-0.5,-0.974928,-0.222521,10,0,9,8,0.0,0,307.71,-1,car,Medium,Sandstorm,67.85
0.8879,-0.258819,-0.965926,0.781831,0.62349,10,3,9,5,0.375,0,115.21,-1,van,Normal,Sunny,11.68
1.0672,-0.707107,-0.707107,0.0,1.0,4,0,11,10,0.0,1,213.49,1,car,Normal,Sandstorm,17.15
0.3713,0.0,-1.0,-0.974928,-0.222521,2,2,29,26,0.0714,1,86.71,8,van,Low,Sunny,3.58
6.478,0.5,-0.866025,-0.974928,-0.222521,4,1,5,3,0.25,0,57.03,2,car,Jam,Windy,90.0
1.0885,-0.5,-0.866025,-0.781831,0.62349,8,2,27,24,0.0769,0,337.31,-1,van,Medium,Windy,14.92
1.0963,-0.258819,-0.965926,-0.781831,0.62349,8,9,15,5,0.6429,1,52.43,0,car,Medium,Sunny,14.21
2.1099,-0.707107,-0.707107,-0.781831,0.62349,4,18,22,3,0.8571,1,203.65,1,car,Medium,Sunny,32.04
0.3148,-0.965926,0.258819,0.974928,-0.222521,9,3,14,10,0.2308,1,46.58,15,car,Jam,Windy,6.19
0.9533,-0.707107,-0.707107,-0.974928,-0.222521,4,3,15,11,0.2143,1,48.68,0,car,High,Windy,21.23
0.4297,0.258819,-0.965926,-0.781831,0.62349,9,8,14,5,0.6154,1,78.42,0,car,Jam,Rainy,9.14
0.5098,0.0,-1.0,0.974928,-0.222521,2,7,12,4,0.6364,1,69.29,6,car,Medium,Sunny,6.08
0.3187,0.258819,-0.965926,0.974928,-0.222521,5,17,25,7,0.7083,1,242.01,0,car,Jam,Sunny,5.91
1.6449,-0.258819,-0.965926,0.781831,0.62349,4,3,10,6,0.3333,1,84.26,0,van,Normal,Sunny,20.92
2.2954,0.0,-1.0,0.0,1.0,5,18,22,3,0.8571,1,202.45,1,van,Medium,Sunny,36.99
8.4387,-0.258819,-0.965926,-0.974928,-0.222521,2,2,4,1,0.6667,1,230.36,0,car,Jam,Sunny,90.0
0.8824,-0.707107,-0.707107,0.781831,0.62349,11,2,9,6,0.25,1,320.94,8,car,Low,Sunny,7.4
1.2782,-0.258819,-0.965926,0.0,1.0,4,14,21,6,0.7,1,123.2,6,car,High,Windy,21.38
0.2442,-0.258819,-0.965926,-0.781831,0.62349,9,2,10,7,0.2222,1,143.23,6,car,Normal,Sunny,2.2
1.2659,-0.707107,-0.707107,0.0,1.0,12,24,29,4,0.8571,1,265.69,6,car,Normal,Sunny,15.25
0.2795,0.258819,-0.965926,0.433884,-0.900969,5,14,16,1,0.9333,1,118.69,0,van,Jam,Sunny,7.2
0.754,0.0,-1.0,0.433884,-0.900969,1,4,14,9,0.3077,1,79.23,0,car,High,Sunny,11.77
0.9202,0.0,-1.0,0.974928,-0.222521,4,11,16,4,0.7333,1,246.48,0,van,Medium,Sandstorm,19.45
0.1633,-0.5,-0.866025,-0.781831,0.62349,4,4,14,9,0.3077,1,179.98,15,van,Normal,Sunny,1.48
1.1484,0.0,-1.0,-0.974928,-0.222521,11,13,19,5,0.7222,1,358.51,6,van,Normal,Sunny,13.78
1.0464,-0.707107,-0.707107,-0.974928,-0.222521,4,0,17,16,0.0,1,322.38,1,car,Normal,Sunny,14.25
1.5919,0.0,-1.0,0.974928,-0.222521,2,3,12,8,0.2727,1,334.24,1,van,High,Windy,36.9
2.3664,-0.707107,-0.707107,0.0,1.0,10,12,19,6,0.6667,1,22.34,6,car,Medium,Sunny,37.32
1.0274,-0.965926,0.258819,-0.974928,-0.222521,4,4,12,7,0.3636,1,147.43,1,van,Medium,Sunny,13.37
0.475,-0.965926,0.258819,0.433884,-0.900969,2,12,25,12,0.5,1,98.72,0,van,Medium,Sunny,6.18
0.494,-0.258819,-0.965926,0.433884,-0.900969,3,8,24,15,0.3478,1,350.21,6,car,Jam,Sandstorm,15.52
2.1556,-0.258819,-0.965926,0.781831,0.62349,1,1,12,10,0.0909,1,4.8,14,car,Medium,Sandstorm,33.52
6.7585,0.258819,-0.965926,-0.781831,0.62349,2,0,9,8,0.0,0,76.38,-1,van,Normal,Sunny,70.99
1.1296,-0.866025,-0.5,0.0,1.0,5,5,17,11,0.3125,1,227.71,1,van,High,Sandstorm,42.98
0.7647,0.0,-1.0,0.0,1.0,6,8,12,3,0.7273,1,253.81,1,car,Medium,Sunny,9.38
15.6571,-0.5,0.866025,0.974928,-0.222521,11,8,10,1,0.8889,0,231.05,-1,van,Jam,Sunny,90.0
0.1097,-0.5,-0.866025,-0.781831,0.62349,5,2,5,2,0.5,1,355.82,31,van,Normal,Rainy,2.28
5.2997,-0.707107,-0.707107,0.781831,0.62349,1,7,11,3,0.7,0,174.29,-1,car,Low,Rainy,54.95
3.7473,-0.965926,0.258819,0.781831,0.62349,4,0,12,11,0.0,0,358.24,8,car,High,Sunny,48.24
1.3797,0.0,-1.0,-0.974928,-0.222521,2,13,29,15,0.4643,1,196.14,1,van,High,Sunny,29.58
1.0445,0.258819,-0.965926,0.781831,0.62349,3,9,15,5,0.6429,1,345.16,15,car,High,Sunny,14.11
1.9139,-0.5,-0.866025,0.781831,0.62349,6,1,8,6,0.1429,0,153.98,-1,car,Medium,Sunny,18.82
0.9258,-0.258819,-0.965926,0.0,1.0,4,4,11,6,0.4,1,220.13,1,van,Medium,Sunny,16.2
0.2957,-0.5,-0.866025,0.781831,0.62349,1,14,29,14,0.5,1,352.55,6,car,Medium,Foggy,3.49
1.6505,-0.258819,-0.965926,0.974928,-0.222521,4,3,11,7,0.3,1,239.49,1,car,Normal,Sunny,15.78
1.5895,0.258819,-0.965926,-0.781831,0.62349,9,2,19,16,0.1111,1,261.67,8,van,Medium,Windy,23.39
0.1281,-0.965926,-0.258819,0.0,1.0,8,0,19,18,0.0,1,302.57,9,car,Normal,Sunny,1.0
1.0493,-0.965926,-0.258819,0.0,1.0,2,9,12,2,0.8182,1,8.88,1,car,High,Sunny,22.42
0.7658,-0.866025,-0.5,0.974928,-0.222521,3,3,13,9,0.25,1,358.6,14,van,Medium,Sunny,15.69
1.3048,-0.5,-0.866025,-0.781831,0.62349,10,6,9,2,0.75,0,251.46,-1,van,Medium,Sunny,17.84
0.6336,-0.258819,-0.965926,0.974928,-0.222521,4,4,24,19,0.1739,1,74.89,35,car,Medium,Sunny,7.61
0.3184,-1.0,-0.0,-0.781831,0.62349,7,3,8,4,0.4286,1,11.73,0,car,Medium,Sunny,5.02
1.7024,-0.707107,-0.707107,0.433884,-0.900969,4,19,24,4,0.8261,1,11.18,18,van,Normal,Sandstorm,37.54
1.3591,-0.965926,-0.258819,0.0,1.0,2,6,17,10,0.375,1,248.99,1,car,Normal,Sunny,16.39
2.1554,-0.258819,-0.965926,0.781831,0.62349,4,1,8,6,0.1429,1,40.31,6,van,Jam,Sunny,67.8
2.9492,-0.965926,-0.258819,0.433884,-0.900969,2,16,24,7,0.6957,1,271.36,35,van,Normal,Windy,52.63
7.3252,-0.707107,-0.707107,0.433884,-0.900969,4,2,14,11,0.1538,1,46.52,0,van,High,Windy,90.0
3.2144,-0.965926,-0.258819,0.781831,0.62349,8,2,5,2,0.5,1,222.24,6,van,Normal,Sunny,53.5
0.3684,-0.866025,-0.5,-0.974928,-0.222521,8,4,10,5,0.4444,1,136.08,6,van,Medium,Sandstorm,10.23
0.5973,-0.258819,-0.965926,0.781831,0.62349,2,11,25,13,0.4583,1,178.79,0,car,Medium,Sunny,6.95
0.9428,-0.258819,-0.965926,-0.974928,-0.222521,2,4,11,6,0.4,1,63.56,1,van,Normal,Sunny,11.88
4.7748,0.0,-1.0,0.0,1.0,12,0,10,9,0.0,0,48.16,2,van,Medium,Sunny,79.66
2.7585,0.0,-1.0,0.433884,-0.900969,1,1,7,5,0.1667,0,38.02,6,car,Medium,Sunny,32.71
0.4701,-0.5,-0.866025,-0.781831,0.62349,4,0,29,28,0.0,1,30.55,8,van,High,Windy,9.57
0.2398,-0.707107,-0.707107,0.0,1.0,9,4,9,4,0.5,1,138.23,1,van,Jam,Sandstorm,13.91
0.4332,0.0,-1.0,0.0,1.0,8,10,13,2,0.8333,1,149.2,0,car,High,Sunny,6.43
2.2426,-0.258819,-0.965926,-0.974928,-0.222521,4,3,9,5,0.375,1,20.83,1,car,Medium,Sunny,26.26
0.5197,0.0,-1.0,-0.974928,-0.222521,5,9,18,8,0.5294,1,252.66,0,van,Medium,Sunny,9.07
5.2169,-0.866025,-0.5,0.974928,-0.222521,7,14,16,1,0.9333,1,231.06,0,car,High,Foggy,90.0
0.4268,-0.707107,-0.707107,0.781831,0.62349,1,2,12,9,0.1818,1,309.69,1,van,Medium,Sandstorm,13.55
1.8247,-0.5,-0.866025,-0.781831,0.62349,4,14,29,14,0.5,1,274.33,1,van,High,Sunny,32.82
2.3899,0.0,-1.0,-0.781831,0.62349,4,23,29,5,0.8214,1,244.08,1,car,Normal,Sunny,21.55
6.9691,0.5,0.866025,-0.974928,-0.222521,1,23,25,1,0.9583,1,244.47,0,van,Jam,Sandstorm,90.0
1.1868,-0.258819,-0.965926,0.0,1.0,4,25,27,1,0.9615,0,241.48,-1,car,Medium,Sunny,14.35
1.1204,-0.866025,-0.5,0.433884,-0.900969,4,9,24,14,0.3913,1,89.62,35,van,Normal,Sunny,19.43
0.8617,0.258819,-0.965926,0.974928,-0.222521,10,10,13,2,0.8333,1,51.25,1,van,High,Sunny,16.0
0.2589,0.0,-1.0,0.0,1.0,3,20,29,8,0.7143,1,152.21,1,car,Medium,Sunny,2.58
0.7674,-0.258819,-0.965926,0.433884,-0.900969,3,3,7,3,0.5,1,38.36,6,car,Medium,Sunny,8.59
1.1513,-0.5,-0.866025,-0.781831,0.62349,9,5,13,7,0.4167,1,16.5,14,car,Normal,Sunny,8.9
10.355,-0.707107,-0.707107,0.0,1.0,4,2,14,11,0.1538,0,43.81,15,car,High,Windy,90.0
0.6306,-0.5,-0.866025,-0.974928,-0.222521,4,22,37,14,0.6111,1,318.7,35,van,Normal,Sunny,6.37
0.2803,-0.258819,-0.965926,0.433884,-0.900969,7,1,4,2,0.3333,1,325.18,0,van,Medium,Sunny,4.61
0.2334,0.0,-1.0,-0.974928,-0.222521,7,7,16,8,0.4667,1,87.54,0,van,Medium,Sunny,3.04
0.5545,-0.258819,-0.965926,0.781831,0.62349,5,11,25,13,0.4583,1,194.09,0,van,Jam,Sunny,17.29
0.2722,0.258819,-0.965926,0.974928,-0.222521,6,9,14,4,0.6923,1,44.25,0,car,Medium,Sunny,2.75
0.2021,-0.5,-0.866025,-0.781831,0.62349,4,10,13,2,0.8333,1,22.44,0,car,Jam,Sunny,3.79
5.215,-0.707107,0.707107,0.433884,-0.900969,3,8,11,2,0.8,1,220.32,1,car,Low,Sunny,20.53
1.6195,-0.5,-0.866025,0.974928,-0.222521,3,7,21,13,0.35,1,46.91,0,van,Medium,Sunny,21.21
0.4792,-0.5,-0.866025,0.974928,-0.222521,8,4,16,11,0.2667,1,16.43,0,van,High,Sunny,7.9
0.9403,-0.707107,-0.707107,0.781831,0.62349,1,11,15,3,0.7857,1,278.15,0,car,Low,Sunny,9.38
1.8998,0.0,-1.0,0.0,1.0,12,0,18,17,0.0,1,240.48,0,car,Normal,Windy,20.32
3.7833,-0.965926,-0.258819,0.0,1.0,4,19,22,2,0.9048,1,234.54,1,car,Low,Foggy,40.5
0.1037,-0.258819,-0.965926,-0.781831,0.62349,3,9,37,27,0.25,1,88.97,35,car,Jam,Rainy,2.62
0.1623,-0.707107,-0.707107,-0.781831,0.62349,4,8,16,7,0.5333,1,170.99,0,car,Medium,Windy,4.06
3.1089,-0.258819,-0.965926,-0.974928,-0.222521,5,16,24,7,0.6957,1,265.74,35,car,Medium,Sunny,36.66
0.856,-1.0,-0.0,0.781831,0.62349,1,3,12,8,0.2727,1,296.38,8,car,Normal,Rainy,11.85
0.2523,-0.707107,-0.707107,-0.974928,-0.222521,5,5,10,4,0.5556,1,78.23,1,car,Medium,Sunny,3.41
0.1748,-0.866025,-0.5,0.974928,-0.222521,11,14,16,1,0.9333,1,46.28,0,van,High,Sunny,4.73
0.6089,-0.866025,-0.5,-0.781831,0.62349,5,1,4,2,0.3333,1,315.83,0,van,High,Sunny,18.16
1.328,-0.258819,-0.965926,-0.781831,0.62349,4,6,9,2,0.75,0,246.03,-1,car,Low,Sunny,9.11
1.3457,0.258819,-0.965926,0.974928,-0.222521,5,5,14,8,0.3846,0,233.41,6,car,Normal,Sunny,9.62
0.4865,0.0,-1.0,-0.974928,-0.222521,4,12,17,4,0.75,1,174.94,1,car,Medium,Sunny,6.27
0.3418,-1.0,-0.0,-0.974928,-0.222521,1,25,29,3,0.8929,1,239.57,1,van,Normal,Sunny,5.83
1.1693,-0.5,-0.866025,0.974928,-0.222521,1,13,19,5,0.7222,1,342.86,6,van,Normal,Sunny,12.95
1.0155,-0.258819,-0.965926,0.974928,-0.222521,1,11,16,4,0.7333,1,253.91,0,van,Low,Sunny,8.96
0.4306,-0.258819,-0.965926,0.433884,-0.900969,5,4,13,8,0.3333,1,41.19,0,van,High,Sandstorm,13.6
0.1562,0.0,-1.0,0.974928,-0.222521,11,10,14,3,0.7692,1,153.47,18,car,Low,Sunny,1.39
1.6477,0.5,-0.866025,0.974928,-0.222521,1,2,8,5,0.2857,1,143.67,0,car,Medium,Sunny,23.59
10.1347,0.258819,-0.965926,-0.781831,0.62349,6,6,8,1,0.8571,0,298.14,22,van,Medium,Rainy,90.0
0.9915,-0.5,-0.866025,0.781831,0.62349,9,2,12,9,0.1818,1,282.16,0,car,High,Sunny,12.79
0.2226,0.258819,-0.965926,0.781831,0.62349,2,10,14,3,0.7692,1,72.79,18,car,Jam,Sandstorm,5.06
1.3026,-0.866025,-0.5,-0.974928,-0.222521,2,3,12,8,0.2727,1,347.73,14,car,Normal,Windy,16.75
0.4265,-0.5,-0.866025,0.974928,-0.222521,4,16,37,20,0.4444,1,148.85,35,car,High,Windy,6.04
0.2261,-0.5,-0.866025,0.0,1.0,12,3,14,10,0.2308,1,21.07,15,van,Low,Sunny,2.72
2.0737,-1.0,-0.0,0.781831,0.62349,4,1,8,6,0.1429,1,39.14,6,van,Normal,Sunny,37.1
0.7141,-0.258819,-0.965926,0.974928,-0.222521,2,14,25,10,0.5833,1,54.25,0,van,Normal,Sunny,9.77
0.251,-0.5,-0.866025,-0.974928,-0.222521,11,5,21,15,0.25,1,145.12,0,car,Normal,Sunny,3.94
0.7097,-0.5,-0.866025,0.974928,-0.222521,4,8,37,28,0.2222,1,294.38,35,car,Low,Sunny,3.65
1.1558,-0.258819,-0.965926,0.0,1.0,4,8,24,15,0.3478,1,352.31,35,car,High,Sandstorm,24.43
1.1971,-0.866025,-0.5,-0.974928,-0.222521,2,12,14,1,0.9231,0,299.61,-1,car,Low,Sunny,10.08
1.6147,-0.258819,-0.965926,0.0,1.0,11,1,9,7,0.125,0,167.08,-1,van,Normal,Sunny,20.59
3.8896,-0.707107,-0.707107,0.781831,0.62349,4,6,12,5,0.5455,0,57.81,6,car,Normal,Sunny,48.0
0.4814,-0.258819,-0.965926,-0.974928,-0.222521,2,0,25,24,0.0,1,25.76,0,car,Normal,Windy,6.08
0.4614,-0.258819,-0.965926,-0.974928,-0.222521,6,7,12,4,0.6364,1,277.71,1,car,Normal,Rainy,5.07
0.2044,-0.258819,-0.965926,0.781831,0.62349,3,10,22,11,0.4762,1,293.84,1,car,Normal,Sunny,1.92
7.7028,0.258819,0.965926,-0.974928,-0.222521,4,1,5,3,0.25,0,89.12,22,car,High,Sunny,73.67
0.7963,-0.965926,-0.258819,0.433884,-0.900969,3,15,19,3,0.8333,1,295.94,6,car,High,Windy,18.11
0.4865,-0.258819,-0.965926,0.974928,-0.222521,4,5,8,2,0.7143,1,289.37,30,car,Normal,Sunny,4.8
1.1645,-0.5,-0.866025,-0.974928,-0.222521,5,8,16,7,0.5333,1,136.59,0,car,High,Rainy,17.14
0.081,-0.258819,-0.965926,-0.974928,-0.222521,4,8,25,16,0.3333,1,93.64,0,van,Jam,Sunny,1.78
1.1735,0.0,-1.0,0.781831,0.62349,4,9,21,11,0.45,1,187.68,0,van,Normal,Sunny,14.41
1.594,-0.866025,-0.5,-0.974928,-0.222521,11,1,13,11,0.0833,1,240.37,0,van,Jam,Sunny,65.89
0.0689,-0.965926,-0.258819,0.974928,-0.222521,10,3,18,14,0.1765,1,309.18,0,car,Jam,Sunny,1.67
4.1717,-0.965926,-0.258819,0.974928,-0.222521,10,6,11,4,0.6,0,244.81,1,van,Medium,Sunny,88.96
0.463,-0.866025,0.5,0.0,1.0,10,6,13,6,0.5,1,55.09,0,van,High,Sunny,7.86
1.2533,-0.5,-0.866025,0.974928,-0.222521,6,11,19,7,0.6111,1,53.77,6,van,Normal,Sunny,13.26
0.8604,-0.707107,-0.707107,-0.974928,-0.222521,4,0,11,10,0.0,1,206.41,1,car,High,Sunny,17.95
0.3769,-0.258819,-0.965926,0.0,1.0,2,12,29,16,0.4286,1,359.8,6,van,Medium,Sunny,5.8
0.4447,-0.5,-0.866025,-0.974928,-0.222521,4,2,8,5,0.2857,0,38.16,-1,car,Medium,Sunny,4.04
0.1879,-0.258819,-0.965926,0.974928,-0.222521,12,2,10,7,0.2222,1,315.46,6,car,Normal,Rainy,2.03
1.7498,-0.258819,-0.965926,-0.974928,-0.222521,1,5,12,6,0.4545,1,224.24,1,van,High,Windy,40.61
0.291,0.0,-1.0,-0.781831,0.62349,1,0,10,9,0.0,1,255.04,6,car,Medium,Sunny,3.95
5.5681,-0.5,-0.866025,0.433884,-0.900969,4,5,14,8,0.3846,1,46.88,0,car,Jam,Sandstorm,90.0
0.2751,-1.0,-0.0,0.0,1.0,1,2,12,9,0.1818,1,347.91,8,car,Medium,Sunny,4.41
0.4601,-0.707107,-0.707107,0.433884,-0.900969,10,1,13,11,0.0833,1,71.75,2,car,Low,Rainy,4.84
1.0903,-0.258819,-0.965926,0.0,1.0,8,25,37,11,0.6944,1,177.99,35,car,Normal,Sunny,9.75
0.991,-0.965926,-0.258819,0.0,1.0,11,25,27,1,0.9615,0,233.41,-1,car,Normal,Windy,12.82
0.6584,-0.707107,-0.707107,0.974928,-0.222521,9,11,21,9,0.55,1,158.77,0,car,Low,Sunny,5.31
1.6173,-0.5,-0.866025,-0.781831,0.62349,3,1,9,7,0.125,0,96.69,8,car,Low,Sunny,8.02
0.3497,-0.707107,-0.707107,0.0,1.0,1,10,13,2,0.8333,1,320.77,0,car,Medium,Sunny,5.85
1.5023,-0.258819,-0.965926,0.781831,0.62349,4,0,16,15,0.0,1,237.97,0,van,Medium,Windy,25.96
0.7738,-0.258819,-0.965926,-0.433884,-0.900969,2,1,29,27,0.0357,1,60.22,1,van,Normal,Foggy,12.47
1.7738,-0.965926,-0.258819,-0.974928,-0.222521,5,15,24,8,0.6522,0,95.88,16,car,Normal,Foggy,26.62
1.5619,-0.258819,-0.965926,-0.974928,-0.222521,1,5,9,3,0.625,0,322.51,22,van,Jam,Sunny,49.76
0.9676,0.258819,-0.965926,-0.781831,0.62349,4,5,11,5,0.5,1,73.62,1,car,Jam,Sunny,18.3
0.848,-0.258819,-0.965926,0.433884,-0.900969,1,3,21,17,0.15,1,201.88,8,car,Jam,Sandstorm,25.6
1.5707,-0.707107,-0.707107,0.974928,-0.222521,1,6,17,10,0.375,1,252.86,1,car,Low,Sunny,13.65
1.5602,0.0,-1.0,0.433884,-0.900969,12,6,12,5,0.5455,1,234.94,1,car,High,Sunny,27.26
0.1883,-0.866025,-0.5,-0.781831,0.62349,9,9,27,17,0.3462,1,338.04,13,car,Low,Rainy,1.43
2.1732,-0.965926,-0.258819,0.433884,-0.900969,2,4,14,9,0.3077,1,194.62,1,van,Medium,Sunny,47.06
1.3068,-0.707107,0.707107,0.433884,-0.900969,4,3,12,8,0.2727,1,338.57,14,car,Normal,Sunny,7.53
1.9186,0.258819,0.965926,0.974928,-0.222521,1,12,15,2,0.8571,1,144.56,0,car,Jam,Sandstorm,35.59
0.2049,0.258819,-0.965926,0.781831,0.62349,4,32,37,4,0.8889,1,50.73,35,car,Normal,Sunny,2.37
0.22,0.0,-1.0,0.974928,-0.222521,5,10,25,14,0.4167,1,66.59,0,van,Low,Sunny,2.42
1.9202,-0.258819,-0.965926,-0.781831,0.62349,6,1,8,6,0.1429,1,44.16,6,car,Normal,Sunny,17.53
1.238,-0.965926,0.258819,0.781831,0.62349,11,9,15,5,0.6429,1,68.56,0,van,High,Windy,23.88
0.4377,0.0,-1.0,0.781831,0.62349,4,2,8,5,0.2857,0,27.75,-1,car,High,Sunny,7.52
0.05,-0.258819,0.965926,0.781831,0.62349,3,8,21,12,0.4,1,88.51,6,van,Normal,Windy,1.0
1.5696,0.258819,-0.965926,0.974928,-0.222521,4,5,25,19,0.2083,1,104.98,0,car,Jam,Sunny,29.47
0.6052,-0.707107,-0.707107,0.974928,-0.222521,4,25,29,3,0.8929,1,239.0,1,car,Jam,Windy,20.23
0.9235,-0.707107,-0.707107,0.433884,-0.900969,4,5,12,6,0.4545,1,287.64,14,car,Low,Windy,8.92
1.0008,0.0,-1.0,0.781831,0.62349,11,1,17,15,0.0625,1,340.7,1,car,Medium,Sunny,11.94
1.6684,-0.5,-0.866025,0.974928,-0.222521,8,4,17,12,0.25,1,122.29,1,car,Normal,Windy,14.75
4.467,-0.258819,-0.965926,0.781831,0.62349,5,2,13,10,0.1667,1,48.35,0,car,Normal,Sandstorm,53.98
1.4512,-0.258819,-0.965926,0.433884,-0.900969,11,4,21,16,0.2,1,52.73,8,car,Low,Sunny,9.56
0.2249,-0.258819,-0.965926,0.433884,-0.900969,12,3,25,21,0.125,1,317.39,0,car,Medium,Sunny,2.57
3.6036,-0.258819,-0.965926,0.974928,-0.222521,7,0,3,2,0.0,0,321.14,6,van,Normal,Sunny,44.98
2.9927,-0.5,-0.866025,0.433884,-0.900969,4,13,27,13,0.5,0,321.8,-1,car,Normal,Windy,23.83
0.5862,-0.965926,-0.258819,0.433884,-0.900969,1,5,8,2,0.7143,1,294.41,30,car,High,Sunny,12.6
4.9778,-0.258819,-0.965926,0.781831,0.62349,4,1,11,9,0.1,0,49.54,2,van,Normal,Sunny,62.14
2.2078,-0.5,-0.866025,0.781831,0.62349,4,21,24,2,0.913,1,339.82,35,van,Low,Sunny,17.2
0.8102,0.0,-1.0,0.0,1.0,10,0,11,10,0.0,1,189.42,1,car,Medium,Sunny,9.27
0.05,-0.258819,-0.965926,-0.433884,-0.900969,1,7,37,29,0.1944,1,308.01,35,van,Medium,Sunny,1.12
7.6042,0.0,-1.0,-0.974928,-0.222521,1,5,8,2,0.7143,1,236.38,0,car,Medium,Sunny,88.61
0.9805,-0.258819,-0.965926,0.974928,-0.222521,1,10,13,2,0.8333,1,32.19,1,van,Medium,Windy,17.46
1.4762,0.0,-1.0,0.0,1.0,5,1,9,7,0.125,0,101.09,8,car,Medium,Sandstorm,22.79
1.2183,-1.0,-0.0,0.0,1.0,5,25,27,1,0.9615,0,234.51,-1,car,Low,Sunny,10.85
0.9164,0.5,-0.866025,0.974928,-0.222521,4,1,21,19,0.05,1,55.35,0,car,High,Foggy,21.96
0.7705,-0.707107,-0.707107,-0.974928,-0.222521,1,7,16,8,0.4667,1,95.6,0,car,Medium,Sunny,11.98
3.1089,-0.965926,-0.258819,-0.974928,-0.222521,5,9,29,19,0.3214,0,160.46,8,van,Normal,Sunny,51.92
0.6279,-0.258819,-0.965926,-0.433884,-0.900969,2,4,10,5,0.4444,1,310.91,1,car,Normal,Sunny,5.99
4.1917,-0.258819,-0.965926,0.0,1.0,1,7,9,1,0.875,0,41.11,-1,car,Normal,Rainy,44.88
1.5032,-0.965926,-0.258819,-0.781831,0.62349,12,0,13,12,0.0,1,245.17,0,van,Normal,Sunny,25.62
0.2415,0.258819,-0.965926,-0.974928,-0.222521,4,17,25,7,0.7083,1,137.91,0,car,Normal,Sunny,1.89
0.5124,-0.5,-0.866025,0.433884,-0.900969,6,1,10,8,0.1111,1,113.67,0,car,Medium,Windy,5.12
0.8027,0.258819,-0.965926,0.781831,0.62349,5,3,21,17,0.15,1,220.81,8,car,Normal,Windy,6.57
2.9374,-0.707107,0.707107,0.433884,-0.900969,4,7,12,4,0.6364,1,218.27,1,car,Medium,Windy,22.4
1.8848,-0.5,-0.866025,0.433884,-0.900969,4,3,10,6,0.3333,1,93.45,0,car,Medium,Sunny,17.85
1.2397,0.0,-1.0,-0.781831,0.62349,2,6,12,5,0.5455,1,266.62,1,car,High,Sunny,19.1
1.1279,-0.866025,-0.5,0.781831,0.62349,5,9,24,14,0.3913,0,92.16,15,van,High,Windy,34.36
0.8129,-0.258819,-0.965926,-0.974928,-0.222521,5,19,37,17,0.5278,1,112.16,35,car,Normal,Sunny,7.75
8.3862,-0.707107,0.707107,0.974928,-0.222521,12,12,15,2,0.8571,0,65.44,-1,car,Medium,Foggy,74.38
0.8331,0.0,-1.0,0.433884,-0.900969,4,2,12,9,0.1818,1,266.37,0,car,Medium,Sunny,11.09
0.2305,-0.866025,-0.5,0.974928,-0.222521,4,0,25,24,0.0,1,4.11,0,car,Low,Sandstorm,3.16
2.436,0.0,-1.0,-0.781831,0.62349,1,12,19,6,0.6667,1,21.8,6,van,Low,Sunny,21.95
2.2657,-0.707107,0.707107,0.781831,0.62349,1,1,8,6,0.1429,1,262.16,1,car,Medium,Rainy,18.94
1.1732,-0.707107,-0.707107,0.433884,-0.900969,3,9,21,11,0.45,1,196.65,0,car,High,Sunny,24.71
0.2869,-0.707107,-0.707107,0.781831,0.62349,4,8,21,12,0.4,1,38.25,6,car,Medium,Rainy,5.65
0.2086,-0.866025,-0.5,0.781831,0.62349,2,19,29,9,0.6786,1,127.29,1,car,High,Windy,4.78
2.2789,-0.866025,-0.5,-0.781831,0.62349,4,8,19,10,0.4444,0,84.26,6,car,Medium,Sunny,35.43
0.1121,0.258819,-0.965926,0.974928,-0.222521,1,8,17,8,0.5,1,293.51,1,van,Normal,Sunny,1.33
0.3549,0.0,-1.0,0.0,1.0,3,8,16,7,0.5333,1,195.32,0,van,High,Sunny,8.36
0.2613,0.5,-0.866025,-0.781831,0.62349,1,2,5,2,0.5,1,275.35,31,van,Medium,Sunny,4.86
0.2234,-0.965926,-0.258819,0.781831,0.62349,4,9,12,2,0.8182,1,206.63,14,van,Normal,Sunny,5.65
4.7849,-0.965926,-0.258819,0.781831,0.62349,2,0,10,9,0.0,0,47.25,2,van,Normal,Windy,85.78
0.1744,-0.5,-0.866025,0.781831,0.62349,11,4,25,20,0.1667,1,20.71,0,van,Normal,Sunny,1.93
0.456,0.0,-1.0,0.781831,0.62349,6,4,16,11,0.2667,1,2.48,0,van,Medium,Foggy,8.99
0.4847,-0.866025,0.5,0.433884,-0.900969,11,0,25,24,0.0,1,309.5,0,car,High,Sunny,5.85
4.3456,-0.965926,-0.258819,0.0,1.0,2,2,13,10,0.1667,1,44.18,0,van,Medium,Sunny,90.0
1.1237,0.0,-1.0,0.781831,0.62349,5,10,15,4,0.7143,1,155.48,0,van,Normal,Sunny,13.9
0.3237,-0.5,-0.866025,0.0,1.0,8,2,37,34,0.0556,1,117.07,35,van,High,Windy,7.55
3.166,0.258819,-0.965926,0.974928,-0.222521,4,0,9,8,0.0,0,305.51,-1,van,Normal,Sunny,32.21
0.2666,0.258819,-0.965926,0.781831,0.62349,1,26,37,10,0.7222,1,201.41,35,car,Medium,Sunny,2.95
0.4575,-0.5,-0.866025,0.974928,-0.222521,4,0,29,28,0.0,1,41.61,8,car,Normal,Rainy,3.44
0.2999,-0.258819,-0.965926,-0.781831,0.62349,4,4,24,19,0.1739,1,118.63,35,car,Medium,Sunny,3.04
1.5092,-0.5,-0.866025,-0.433884,-0.900969,11,3,11,7,0.3,1,21.59,1,van,Jam,Sunny,39.85
1.5356,-0.258819,-0.965926,0.781831,0.62349,6,1,16,14,0.0667,1,141.68,0,van,Normal,Sunny,19.06
1.9229,-0.5,-0.866025,-0.974928,-0.222521,2,1,12,10,0.0909,1,14.02,14,van,Medium,Sunny,26.89
0.4595,-1.0,-0.0,-0.781831,0.62349,5,6,13,6,0.5,1,232.84,0,van,Jam,Sunny,19.21
0.214,-0.707107,-0.707107,0.781831,0.62349,3,5,10,4,0.5556,1,309.3,17,car,Medium,Sunny,3.11
1.7872,-0.5,-0.866025,0.0,1.0,11,13,15,1,0.9286,0,309.69,18,van,Normal,Windy,19.72
0.4064,-0.965926,0.258819,0.0,1.0,11,8,12,3,0.7273,1,221.58,14,van,Normal,Sunny,6.43
0.1154,-0.258819,-0.965926,0.433884,-0.900969,5,10,13,2,0.8333,1,79.77,0,van,Normal,Rainy,1.3
1.5524,-0.866025,-0.5,0.0,1.0,4,0,14,13,0.0,1,2.89,1,car,Normal,Windy,20.51
5.3308,-0.965926,-0.258819,0.781831,0.62349,2,1,4,2,0.3333,1,50.51,0,van,Normal,Sunny,89.02
2.8193,0.0,-1.0,0.974928,-0.222521,6,21,24,2,0.913,0,168.59,-1,car,Normal,Sunny,30.07
0.4318,-0.258819,-0.965926,0.0,1.0,8,9,14,4,0.6923,1,20.55,0,van,Jam,Sunny,13.49
1.7011,0.258819,-0.965926,-0.974928,-0.222521,11,7,21,13,0.35,1,34.14,0,van,Normal,Sandstorm,23.43
0.2449,-0.5,-0.866025,-0.974928,-0.222521,11,8,14,5,0.6154,1,52.1,0,van,Normal,Windy,3.04
1.8126,-0.866025,-0.5,0.974928,-0.222521,2,4,21,16,0.2,1,24.44,0,car,Normal,Sunny,22.05
0.1597,-0.258819,-0.965926,0.781831,0.62349,2,7,10,2,0.7778,1,185.5,0,car,High,Sunny,2.11
1.442,-0.965926,-0.258819,0.781831,0.62349,2,1,12,10,0.0909,1,265.02,8,van,High,Sandstorm,55.42
6.4673,-0.258819,-0.965926,0.0,1.0,1,0,9,8,0.0,0,74.24,-1,car,Low,Rainy,50.02
1.1444,-0.5,-0.866025,0.433884,-0.900969,5,12,14,1,0.9231,0,297.23,-1,car,High,Sandstorm,20.14
3.8787,-0.258819,-0.965926,0.781831,0.62349,10,0,3,2,0.0,0,316.75,6,car,Jam,Sunny,88.38
0.3938,-0.707107,-0.707107,0.781831,0.62349,3,2,12,9,0.1818,1,27.28,8,car,Normal,Windy,5.33
0.6422,-0.866025,-0.5,0.0,1.0,10,1,15,13,0.0714,1,52.6,0,car,High,Windy,14.27
0.9564,-0.707107,-0.707107,-0.974928,-0.222521,10,11,15,3,0.7857,1,278.44,0,car,Normal,Sandstorm,15.59
0.2464,-0.258819,-0.965926,-0.781831,0.62349,5,3,25,21,0.125,1,290.85,0,car,Medium,Rainy,2.98
1.0579,-0.707107,-0.707107,0.781831,0.62349,4,2,29,26,0.0714,1,244.96,1,car,Medium,Sunny,16.64
3.9838,0.258819,-0.965926,0.0,1.0,11,6,12,5,0.5455,0,50.89,6,car,Jam,Sandstorm,90.0
7.4296,0.0,-1.0,0.433884,-0.900969,10,5,8,2,0.7143,1,235.79,0,van,Low,Sunny,66.75
0.9711,-0.866025,0.5,0.974928,-0.222521,3,11,15,3,0.7857,1,281.65,0,car,Normal,Sunny,6.98
0.1361,-0.707107,-0.707107,0.433884,-0.900969,12,10,25,14,0.4167,1,74.12,0,car,Low,Sunny,1.0
2.1198,-0.866025,-0.5,0.433884,-0.900969,6,8,19,10,0.4444,0,82.1,6,van,Medium,Sunny,45.63
2.083,-0.258819,-0.965926,-0.974928,-0.222521,3,21,24,2,0.913,1,347.18,35,car,Normal,Sunny,19.01
0.5891,-0.5,-0.866025,0.433884,-0.900969,3,21,25,3,0.875,1,135.94,0,car,Medium,Sunny,4.98
0.7491,-0.258819,-0.965926,0.433884,-0.900969,1,0,21,20,0.0,1,349.07,0,van,High,Sunny,17.05
0.7502,-0.965926,-0.258819,0.974928,-0.222521,4,7,15,7,0.5,1,353.53,0,van,Normal,Windy,14.33
0.6043,-0.707107,0.707107,-0.781831,0.62349,9,0,9,8,0.0,1,246.77,8,car,Medium,Rainy,5.13
1.5784,-0.258819,-0.965926,0.433884,-0.900969,4,3,24,20,0.1304,1,187.28,35,car,High,Sunny,24.64
0.7459,-0.965926,-0.258819,0.433884,-0.900969,11,10,18,7,0.5882,1,9.44,0,car,Normal,Sunny,8.71
0.6137,-0.258819,-0.965926,-0.974928,-0.222521,4,0,9,8,0.0,1,306.12,8,car,High,Sunny,9.73
1.3248,0.258819,-0.965926,0.433884,-0.900969,2,1,12,10,0.0909,1,1.69,1,van,Jam,Sunny,37.24
1.1306,-1.0,-0.0,0.0,1.0,3,25,37,11,0.6944,1,180.43,35,car,Medium,Sunny,17.27
3.9017,-0.5,-0.866025,-0.974928,-0.222521,4,0,14,13,0.0,0,246.4,9,car,Normal,Windy,31.69
3.5184,0.0,-1.0,-0.974928,-0.222521,5,3,8,4,0.4286,0,59.08,-1,car,High,Sandstorm,73.51
5.1154,0.5,-0.866025,0.433884,-0.900969,4,8,27,18,0.3077,0,177.67,13,car,Normal,Sandstorm,75.04
0.8692,-0.5,-0.866025,0.0,1.0,3,7,12,4,0.6364,1,172.98,14,car,High,Windy,12.57
0.2507,-0.707107,-0.707107,0.0,1.0,11,9,12,2,0.8182,1,289.12,14,car,High,Sunny,5.45
3.0119,-0.965926,0.258819,0.0,1.0,1,3,5,1,0.75,0,47.31,-1,car,High,Sunny,38.73
0.6083,0.0,-1.0,0.974928,-0.222521,4,3,12,8,0.2727,1,329.14,0,van,High,Sunny,13.44
0.3195,-0.707107,0.707107,-0.974928,-0.222521,12,5,7,1,0.8333,1,59.81,28,van,Normal,Windy,2.41
0.9043,-0.258819,-0.965926,0.0,1.0,11,5,10,4,0.5556,1,23.26,6,van,Normal,Sunny,10.97
0.4956,-0.866025,-0.5,0.0,1.0,4,18,21,2,0.9,1,129.91,0,car,Normal,Foggy,8.91
2.7359,-0.258819,-0.965926,0.781831,0.62349,3,6,11,4,0.6,1,26.47,1,car,Jam,Sunny,62.48
1.0927,0.5,-0.866025,-0.974928,-0.222521,5,5,11,5,0.5,1,60.4,1,car,Medium,Sunny,15.65
0.9541,0.258819,-0.965926,-0.781831,0.62349,2,5,17,11,0.3125,1,235.28,1,van,Medium,Sunny,13.43
2.313,-0.5,-0.866025,0.781831,0.62349,6,1,25,23,0.0417,1,32.97,0,car,High,Windy,32.14
0.0874,-0.258819,-0.965926,0.781831,0.62349,6,3,14,10,0.2308,1,57.69,15,van,Medium,Foggy,1.83
0.4856,-0.258819,-0.965926,-0.781831,0.62349,9,5,7,1,0.8333,1,93.84,28,van,High,Sunny,10.34
1.8879,-0.707107,-0.707107,0.433884,-0.900969,11,5,15,9,0.3571,0,109.61,-1,car,Medium,Sunny,28.87
0.0951,0.258819,-0.965926,-0.974928,-0.222521,2,2,4,1,0.6667,1,251.65,0,van,Normal,Sunny,1.0
3.3428,-0.5,-0.866025,0.781831,0.62349,5,3,9,5,0.375,0,84.34,6,van,Low,Sunny,25.26
2.087,-0.965926,-0.258819,-0.974928,-0.222521,1,18,22,3,0.8571,1,206.34,1,car,Low,Sunny,17.41
0.8419,-0.5,-0.866025,0.433884,-0.900969,9,10,16,5,0.6667,1,122.34,0,van,Medium,Sandstorm,15.06
0.1849,0.258819,-0.965926,0.974928,-0.222521,11,4,29,24,0.1429,1,232.43,1,car,Normal,Sandstorm,1.61
2.1159,-0.258819,-0.965926,0.433884,-0.900969,1,11,37,25,0.3056,1,154.71,35,car,Normal,Windy,20.72
2.6632,-0.866025,-0.5,0.781831,0.62349,4,1,7,5,0.1667,0,38.84,6,car,Jam,Sunny,80.73
1.0827,-0.866025,-0.5,0.974928,-0.222521,4,11,16,4,0.7333,1,255.71,0,van,Medium,Foggy,28.89
0.4941,-0.707107,0.707107,-0.974928,-0.222521,4,16,37,20,0.4444,1,170.39,35,car,Normal,Sunny,2.86
4.0582,-0.5,0.866025,-0.974928,-0.222521,4,6,12,5,0.5455,1,55.13,1,car,Medium,Sunny,28.54
6.6005,-0.965926,-0.258819,0.781831,0.62349,1,1,5,3,0.25,0,55.53,2,van,High,Sunny,90.0
2.6458,-0.258819,-0.965926,0.433884,-0.900969,5,1,9,7,0.125,1,233.81,1,van,High,Sunny,57.66
1.2413,0.258819,-0.965926,0.433884,-0.900969,4,13,37,23,0.3611,1,175.17,35,van,Normal,Sunny,12.87
0.601,-0.707107,0.707107,0.0,1.0,4,10,17,6,0.625,1,152.58,1,van,Medium,Sunny,5.32
2.939,-0.258819,-0.965926,-0.974928,-0.222521,1,10,14,3,0.7692,1,210.2,1,car,High,Foggy,58.41
3.9375,0.0,-1.0,-0.781831,0.62349,2,6,12,5,0.5455,1,55.45,1,car,Normal,Sunny,35.92
0.3227,-0.965926,-0.258819,0.433884,-0.900969,4,2,4,1,0.6667,1,205.28,0,car,Medium,Sandstorm,6.9
0.394,-0.258819,-0.965926,0.433884,-0.900969,1,4,14,9,0.3077,1,52.25,0,car,Normal,Windy,3.84
6.917,-0.5,-0.866025,0.974928,-0.222521,2,2,14,11,0.1538,1,49.78,0,car,Normal,Windy,55.94
0.8643,-0.258819,-0.965926,0.433884,-0.900969,6,5,9,3,0.625,1,245.13,6,car,Normal,Sunny,7.28
0.2262,-0.965926,-0.258819,-0.781831,0.62349,10,9,12,2,0.8182,1,210.89,14,car,Low,Sunny,2.16
7.9469,-0.5,-0.866025,-0.781831,0.62349,4,5,15,9,0.3571,0,27.73,6,van,High,Sandstorm,90.0
0.9339,-0.258819,-0.965926,0.781831,0.62349,4,9,13,3,0.75,1,194.85,0,van,Normal,Sunny,11.88
0.2327,0.0,-1.0,0.0,1.0,1,11,14,2,0.8462,1,22.15,1,van,Jam,Sandstorm,9.42
0.3156,-0.5,-0.866025,0.974928,-0.222521,3,12,17,4,0.75,1,243.17,1,car,Medium,Sunny,2.63
0.3715,-0.258819,-0.965926,0.974928,-0.222521,4,4,24,19,0.1739,1,112.19,35,car,Low,Sunny,1.94
0.9819,0.0,-1.0,0.0,1.0,1,1,29,27,0.0357,1,57.19,1,car,High,Sandstorm,20.46
2.6293,0.258819,-0.965926,-0.974928,-0.222521,7,1,4,2,0.3333,0,252.96,-1,van,High,Sunny,46.94
0.9629,-0.707107,0.707107,0.974928,-0.222521,4,5,13,7,0.4167,1,75.62,0,car,Low,Windy,3.46
0.8231,-0.258819,-0.965926,0.781831,0.62349,10,5,13,7,0.4167,1,64.51,0,van,Normal,Windy,13.19
2.6922,-0.5,-0.866025,0.781831,0.62349,9,12,19,6,0.6667,1,24.32,6,van,Low,Sunny,19.44
0.9811,0.0,-1.0,-0.974928,-0.222521,9,19,37,17,0.5278,1,115.09,35,van,Low,Foggy,10.58
4.2127,0.0,-1.0,0.0,1.0,1,3,27,23,0.1154,0,291.39,-1,van,Normal,Sunny,52.73
1.0191,-0.707107,0.707107,0.433884,-0.900969,8,3,8,4,0.4286,1,220.09,15,van,Jam,Sunny,19.68
1.4894,-0.965926,-0.258819,-0.781831,0.62349,8,9,12,2,0.8182,1,4.66,1,car,Jam,Sunny,45.52
0.6507,0.258819,-0.965926,-0.974928,-0.222521,5,6,21,14,0.3,1,232.99,0,van,Normal,Windy,7.31
2.5115,-0.5,-0.866025,0.433884,-0.900969,5,21,24,2,0.913,0,168.54,-1,van,Low,Sunny,18.7
1.1093,-0.965926,0.258819,0.433884,-0.900969,4,4,15,10,0.2857,1,197.15,0,car,Medium,Sunny,10.51
1.1493,-1.0,-0.0,0.433884,-0.900969,1,1,12,10,0.0909,1,250.56,1,van,Medium,Sunny,24.55
0.8083,-0.866025,0.5,0.974928,-0.222521,10,5,14,8,0.3846,0,226.91,3,van,Low,Rainy,6.86
1.0958,0.0,-1.0,0.974928,-0.222521,1,0,13,12,0.0,1,158.01,14,car,Jam,Sunny,25.59
0.6372,-0.258819,-0.965926,-0.781831,0.62349,4,6,13,6,0.5,1,102.82,0,car,Medium,Sunny,7.96
1.9828,-0.5,-0.866025,-0.781831,0.62349,9,5,15,9,0.3571,0,115.03,-1,car,Jam,Sandstorm,49.32
3.4271,-0.258819,-0.965926,-0.781831,0.62349,4,3,9,5,0.375,0,84.99,6,car,Jam,Sunny,78.13
0.7417,-0.965926,-0.258819,0.433884,-0.900969,10,5,12,6,0.4545,1,179.34,1,van,Medium,Sunny,17.03
0.241,-0.258819,-0.965926,0.433884,-0.900969,4,9,18,8,0.5294,1,290.69,0,van,Normal,Windy,2.64
1.0673,-0.866025,0.5,0.974928,-0.222521,11,9,24,14,0.3913,0,89.42,15,van,High,Sandstorm,24.89
0.4194,-0.258819,-0.965926,-0.974928,-0.222521,4,4,10,5,0.4444,1,319.04,1,car,Normal,Sunny,3.92
4.6027,0.0,-1.0,0.781831,0.62349,7,0,10,9,0.0,0,46.93,2,van,Jam,Sunny,90.0
0.6373,-0.5,-0.866025,0.974928,-0.222521,5,5,8,2,0.7143,1,323.36,16,van,High,Sunny,11.32
0.6242,0.0,-1.0,0.0,1.0,6,8,13,4,0.6667,1,310.62,0,van,Normal,Sunny,7.27
2.9579,0.258819,0.965926,0.781831,0.62349,12,3,5,1,0.75,0,43.59,-1,van,Normal,Sandstorm,30.47
5.1154,0.0,-1.0,0.781831,0.62349,2,2,5,2,0.5,0,49.72,4,car,Medium,Sunny,60.06
0.6815,-0.707107,-0.707107,0.0,1.0,4,7,13,5,0.5833,1,202.18,1,car,High,Windy,17.17
0.8847,-0.707107,0.707107,0.433884,-0.900969,9,25,37,11,0.6944,1,175.33,35,van,High,Sunny,11.69
1.614,-0.866025,-0.5,0.974928,-0.222521,10,5,14,8,0.3846,0,245.12,6,car,Medium,Sunny,26.19
1.777,0.0,-1.0,0.0,1.0,8,5,12,6,0.4545,1,226.29,1,car,Medium,Sunny,20.48
3.7055,0.0,-1.0,0.0,1.0,1,0,12,11,0.0,0,357.6,8,van,Normal,Sunny,46.95
0.482,-0.866025,-0.5,0.781831,0.62349,2,6,12,5,0.5455,1,158.06,14,car,Medium,Sunny,7.56
0.8525,-0.5,-0.866025,0.0,1.0,4,11,16,4,0.7333,1,244.85,0,car,High,Windy,11.99
0.9368,-0.258819,-0.965926,0.974928,-0.222521,4,2,29,26,0.0714,1,240.84,1,car,Normal,Sunny,9.37
0.3766,-0.258819,-0.965926,0.781831,0.62349,8,1,10,8,0.1111,1,130.56,0,van,Jam,Rainy,13.47
1.2542,-1.0,-0.0,0.0,1.0,11,1,9,7,0.125,0,183.18,-1,car,Normal,Rainy,18.46
0.8279,-0.965926,-0.258819,0.433884,-0.900969,10,13,22,8,0.619,1,187.94,1,van,Low,Sandstorm,13.27
0.6393,-0.5,0.866025,0.974928,-0.222521,9,3,10,6,0.3333,1,51.76,6,car,High,Windy,7.43
0.9004,0.0,-1.0,0.0,1.0,7,3,21,17,0.15,1,209.67,8,car,Normal,Sunny,8.43
0.4591,0.0,-1.0,-0.781831,0.62349,4,25,29,3,0.8929,1,236.19,1,van,High,Rainy,11.64
0.3838,-0.5,-0.866025,0.0,1.0,5,4,37,32,0.1111,1,208.65,35,car,Medium,Windy,3.55
0.2808,-0.258819,-0.965926,0.781831,0.62349,6,4,10,5,0.4444,1,119.92,6,van,Low,Sunny,2.46
8.4458,-0.965926,-0.258819,-0.781831,0.62349,4,12,15,2,0.8571,0,65.25,-1,van,High,Sandstorm,90.0
0.0577,-0.258819,-0.965926,0.974928,-0.222521,11,10,13,2,0.8333,1,181.77,0,van,Medium,Sunny,1.26
0.884,-0.258819,-0.965926,-0.781831,0.62349,10,4,29,24,0.1429,1,1.17,8,car,Jam,Sunny,21.28
0.2352,-0.707107,-0.707107,-0.974928,-0.222521,8,8,17,8,0.5,1,157.81,1,van,Low,Sandstorm,4.32
0.512,-0.965926,-0.258819,-0.781831,0.62349,2,10,17,6,0.625,1,173.6,1,car,High,Windy,11.02
3.3249,-0.258819,-0.965926,-0.974928,-0.222521,7,3,13,9,0.25,1,54.73,0,van,High,Sunny,72.29
0.3587,-0.866025,-0.5,0.781831,0.62349,1,8,10,1,0.8889,1,269.07,6,car,Jam,Sunny,10.25
0.4309,0.0,-1.0,0.974928,-0.222521,3,0,8,7,0.0,1,95.97,6,van,High,Rainy,11.31
0.3491,-0.258819,-0.965926,0.433884,-0.900969,10,9,12,2,0.8182,1,284.43,14,car,Jam,Sunny,8.26
1.3249,-0.866025,-0.5,0.781831,0.62349,10,11,17,5,0.6875,1,244.05,1,car,Jam,Sunny,39.63
2.7253,-0.707107,-0.707107,-0.974928,-0.222521,3,3,5,1,0.75,0,42.68,-1,van,Jam,Sandstorm,90.0
3.894,0.258819,-0.965926,-0.974928,-0.222521,6,2,7,4,0.3333,0,46.3,-1,van,High,Sunny,69.11
0.7634,-0.707107,0.707107,0.433884,-0.900969,11,8,13,4,0.6667,1,349.29,0,van,Medium,Sunny,7.33
0.3181,0.258819,-0.965926,0.433884,-0.900969,9,9,14,4,0.6923,1,41.8,0,car,Normal,Sunny,2.48
0.8432,-0.5,-0.866025,-0.781831,0.62349,3,6,9,2,0.75,0,303.48,-1,car,Low,Windy,4.69
0.9237,-0.258819,-0.965926,0.433884,-0.900969,6,3,8,4,0.4286,1,18.15,1,car,Medium,Sunny,10.28
3.2097,-0.965926,-0.258819,0.781831,0.62349,4,1,4,2,0.3333,1,97.27,0,van,Jam,Rainy,90.0
0.8153,0.5,-0.866025,0.974928,-0.222521,1,1,17,15,0.0625,1,337.46,1,car,Medium,Sunny,11.09
0.467,-0.5,-0.866025,-0.781831,0.62349,4,3,17,13,0.1875,1,178.24,1,van,Jam,Sunny,12.0
0.1419,0.258819,-0.965926,0.433884,-0.900969,9,10,13,2,0.8333,1,235.14,0,van,Medium,Sunny,4.66
0.3046,0.0,-1.0,-0.974928,-0.222521,11,9,27,17,0.3462,1,148.48,13,car,Jam,Sandstorm,8.65
1.3949,-0.5,-0.866025,0.433884,-0.900969,2,6,29,22,0.2143,0,356.75,10,van,Medium,Sunny,18.65
0.2668,-0.866025,-0.5,0.433884,-0.900969,6,6,29,22,0.2143,1,29.65,1,van,Normal,Sunny,4.97
1.3814,-0.707107,-0.707107,-0.781831,0.62349,4,3,15,11,0.2143,1,35.49,0,car,Medium,Sunny,21.93
4.5407,-0.258819,-0.965926,-0.781831,0.62349,3,0,10,9,0.0,0,45.07,2,car,High,Sandstorm,90.0
0.5161,-0.707107,-0.707107,0.781831,0.62349,4,1,13,11,0.0833,1,41.45,2,car,Normal,Sunny,6.75
0.9388,-0.5,0.866025,0.433884,-0.900969,7,8,13,4,0.6667,0,224.97,-1,car,Normal,Sunny,5.64
1.1267,-0.965926,-0.258819,0.974928,-0.222521,3,3,10,6,0.3333,1,201.98,1,van,Normal,Sunny,18.41
0.5456,-0.5,-0.866025,-0.781831,0.62349,11,18,29,10,0.6429,1,105.39,6,van,Medium,Rainy,9.04
2.466,-0.258819,-0.965926,0.974928,-0.222521,9,2,16,13,0.1333,1,270.79,0,van,Medium,Rainy,47.04
0.8002,0.0,-1.0,0.781831,0.62349,12,12,24,11,0.5217,1,335.71,15,car,High,Windy,14.02
0.817,-0.866025,-0.5,0.781831,0.62349,10,4,12,7,0.3636,1,154.93,0,van,Medium,Windy,20.83
0.9808,0.0,-1.0,0.0,1.0,4,4,12,7,0.3636,1,157.7,1,car,Medium,Sunny,11.59
0.4211,-0.707107,-0.707107,0.433884,-0.900969,4,9,27,17,0.3462,1,1.07,13,car,Normal,Sunny,5.68
1.0726,-0.965926,0.258819,0.974928,-0.222521,5,10,16,5,0.6667,1,127.88,0,car,High,Sunny,15.44
14.7835,-0.5,-0.866025,0.0,1.0,9,1,11,9,0.1,0,225.17,1,car,Jam,Sunny,90.0
0.3683,0.0,-1.0,0.974928,-0.222521,10,23,27,3,0.8846,1,194.4,12,car,High,Rainy,7.33
3.8186,-0.258819,-0.965926,0.781831,0.62349,4,6,8,1,0.8571,0,28.23,18,car,Normal,Windy,38.4
0.2468,0.0,-1.0,0.781831,0.62349,4,6,15,8,0.4286,1,233.25,6,car,High,Rainy,4.95
0.1609,-0.5,-0.866025,0.0,1.0,1,13,25,11,0.5417,1,169.96,0,van,Normal,Sunny,1.19
2.0696,0.0,-1.0,0.781831,0.62349,6,4,21,16,0.2,1,30.24,0,van,High,Sunny,45.68
0.1818,-0.965926,-0.258819,0.974928,-0.222521,11,2,4,1,0.6667,1,160.62,0,car,High,Sunny,4.05
1.5429,-0.866025,0.5,-0.974928,-0.222521,8,2,9,6,0.25,0,235.94,-1,car,Normal,Sunny,12.25
2.6986,0.0,-1.0,0.974928,-0.222521,1,12,18,5,0.7059,1,228.09,0,car,Normal,Sunny,24.33
0.3401,-0.5,-0.866025,0.433884,-0.900969,5,5,22,16,0.2381,1,91.55,1,van,Low,Sunny,2.55
1.6003,-0.965926,0.258819,-0.781831,0.62349,4,7,21,13,0.35,1,37.9,0,van,High,Sunny,28.82
1.2066,-0.965926,-0.258819,0.974928,-0.222521,5,0,5,4,0.0,1,270.91,1,van,Medium,Sunny,26.5
0.9562,0.0,-1.0,0.974928,-0.222521,11,0,17,16,0.0,1,315.95,1,car,High,Sunny,15.43
0.0979,-0.866025,-0.5,0.974928,-0.222521,10,3,22,18,0.1429,1,241.61,1,car,Medium,Sunny,1.83
0.5288,-0.866025,-0.5,0.433884,-0.900969,2,10,13,2,0.8333,1,325.67,0,van,Medium,Sunny,10.88
0.9343,-0.707107,-0.707107,0.0,1.0,4,14,24,9,0.6087,1,120.74,35,car,Medium,Sunny,15.35
0.3243,0.258819,-0.965926,0.433884,-0.900969,12,0,29,28,0.0,1,119.86,8,car,Medium,Sunny,2.93
0.3352,-0.707107,-0.707107,0.433884,-0.900969,4,0,16,15,0.0,1,8.73,0,car,Normal,Sunny,4.95
0.8395,-0.5,-0.866025,-0.974928,-0.222521,3,4,11,6,0.4,1,53.26,1,van,Low,Foggy,7.84
0.2915,-0.258819,-0.965926,-0.781831,0.62349,10,1,4,2,0.3333,1,321.5,0,car,High,Sunny,4.48
1.011,-1.0,-0.0,0.433884,-0.900969,4,10,15,4,0.7143,1,159.67,0,van,Normal,Rainy,19.77
0.8202,-0.258819,-0.965926,0.781831,0.62349,10,4,11,6,0.4,1,241.01,1,car,Medium,Sunny,9.59
3.2622,-0.258819,-0.965926,0.781831,0.62349,1,0,9,8,0.0,0,307.2,-1,car,Low,Sunny,22.23
0.0718,-0.258819,-0.965926,0.433884,-0.900969,4,18,21,2,0.9,1,143.05,5,car,Normal,Sunny,3.59
1.5432,0.0,-1.0,-0.781831,0.62349,4,11,17,5,0.6875,1,231.68,1,car,Low,Sandstorm,13.81
2.8705,-0.707107,0.707107,-0.781831,0.62349,4,2,25,22,0.0833,1,29.87,0,van,High,Sunny,38.09
1.4475,-1.0,-0.0,0.781831,0.62349,6,24,29,4,0.8571,1,261.1,6,van,High,Sunny,42.02
0.5672,0.258819,-0.965926,-0.781831,0.62349,4,6,22,15,0.2857,1,26.44,1,car,High,Sunny,8.24
3.677,-0.258819,-0.965926,0.433884,-0.900969,4,2,7,4,0.3333,0,46.74,-1,car,Medium,Sunny,43.07
0.4893,-0.866025,-0.5,0.781831,0.62349,4,6,21,14,0.3,1,218.1,0,van,Medium,Foggy,14.42
0.9452,-0.707107,-0.707107,-0.781831,0.62349,4,5,19,13,0.2778,1,1.27,8,van,High,Sandstorm,36.97
4.3786,-0.866025,-0.5,-0.974928,-0.222521,4,2,13,10,0.1667,1,47.36,0,van,High,Windy,90.0
4.2311,-0.707107,-0.707107,0.433884,-0.900969,4,6,11,4,0.6,0,239.1,1,car,High,Rainy,90.0
0.1883,0.258819,-0.965926,0.0,1.0,11,11,21,9,0.55,1,153.56,0,car,Normal,Sunny,1.0
0.7353,-0.5,-0.866025,-0.781831,0.62349,4,5,13,7,0.4167,1,77.16,0,van,Jam,Sunny,19.24
0.6666,-0.707107,-0.707107,-0.974928,-0.222521,1,7,13,5,0.5833,1,62.28,0,car,Normal,Foggy,10.21
1.0671,0.0,-1.0,0.0,1.0,4,5,13,7,0.4167,1,76.36,0,car,High,Sunny,17.24
0.3039,-0.258819,0.965926,0.433884,-0.900969,10,11,22,10,0.5238,1,20.46,1,van,Medium,Sunny,3.26
2.3613,-0.5,-0.866025,0.433884,-0.900969,9,27,29,1,0.9643,0,30.0,5,van,Jam,Sunny,60.85
1.0839,-0.707107,-0.707107,0.433884,-0.900969,3,20,29,8,0.7143,1,23.2,6,car,Low,Sunny,9.02
0.9816,-0.5,0.866025,-0.974928,-0.222521,5,5,17,11,0.3125,1,226.62,1,van,Medium,Sunny,9.74
1.5513,-0.5,-0.866025,-0.974928,-0.222521,9,2,8,5,0.2857,1,141.8,0,car,Normal,Sunny,11.57
4.2045,-0.258819,-0.965926,-0.974928,-0.222521,8,6,12,5,0.5455,0,50.7,6,van,High,Sunny,90.0
1.8734,-0.866025,-0.5,0.781831,0.62349,4,4,14,9,0.3077,1,193.1,1,car,High,Sunny,38.95
1.3173,-0.965926,-0.258819,0.974928,-0.222521,4,8,14,5,0.6154,1,113.96,1,car,Medium,Sunny,21.17
0.9132,-0.866025,0.5,0.974928,-0.222521,2,4,11,6,0.4,1,326.16,1,car,Medium,Sandstorm,12.68
5.5847,-0.258819,-0.965926,0.433884,-0.900969,3,8,11,2,0.8,1,223.04,1,car,Jam,Sunny,90.0
0.4303,-0.258819,-0.965926,-0.974928,-0.222521,4,2,12,9,0.1818,1,359.13,8,van,High,Sandstorm,12.71
1.1572,-0.965926,-0.258819,0.433884,-0.900969,2,24,29,4,0.8571,1,210.23,1,car,High,Sunny,23.98
0.3761,-0.707107,-0.707107,0.974928,-0.222521,12,2,12,9,0.1818,1,291.84,1,van,Medium,Windy,8.38
1.3475,-0.707107,-0.707107,0.974928,-0.222521,4,7,17,9,0.4375,1,296.55,1,car,High,Sunny,27.9
0.6529,-0.707107,-0.707107,0.433884,-0.900969,4,11,25,13,0.4583,1,75.09,0,van,High,Sandstorm,26.24
1.6023,-1.0,-0.0,0.781831,0.62349,3,0,18,17,0.0,1,243.79,0,van,Jam,Sunny,66.95
2.1607,-0.707107,-0.707107,-0.974928,-0.222521,2,3,9,5,0.375,1,26.52,1,car,High,Windy,48.28
0.8349,-0.258819,-0.965926,-0.781831,0.62349,2,20,37,16,0.5556,1,280.17,35,van,Medium,Rainy,17.03
1.0171,-0.258819,-0.965926,0.433884,-0.900969,4,10,18,7,0.5882,1,353.48,0,car,Low,Sandstorm,9.82
3.1777,-0.707107,-0.707107,-0.974928,-0.222521,4,6,8,1,0.8571,1,74.17,1,car,High,Sunny,65.92
10.0582,-0.258819,-0.965926,0.974928,-0.222521,6,6,8,1,0.8571,0,297.04,22,van,Normal,Windy,90.0
0.2148,-0.965926,0.258819,0.0,1.0,5,2,12,9,0.1818,1,74.6,14,car,High,Sunny,2.53
1.5936,-0.258819,-0.965926,0.433884,-0.900969,12,4,27,22,0.1538,0,157.67,11,van,Normal,Sandstorm,26.92
0.0743,0.258819,0.965926,-0.781831,0.62349,10,6,15,8,0.4286,1,102.37,6,van,Low,Sunny,1.0
1.4854,-0.258819,-0.965926,0.974928,-0.222521,7,20,22,1,0.9524,1,60.36,1,car,High,Windy,24.83
1.5746,-0.5,-0.866025,-0.974928,-0.222521,1,7,14,6,0.5385,1,312.54,1,car,Medium,Sunny,15.31
3.2148,-0.866025,-0.5,0.433884,-0.900969,4,16,24,7,0.6957,1,270.59,35,car,High,Sunny,67.48
1.512,-0.965926,-0.258819,0.433884,-0.900969,2,3,14,10,0.2308,1,234.0,1,van,Medium,Sunny,32.23
5.1731,-0.258819,-0.965926,0.974928,-0.222521,3,8,27,18,0.3077,0,175.48,13,car,Normal,Sunny,47.94
0.7339,-0.5,-0.866025,0.433884,-0.900969,1,4,11,6,0.4,1,334.55,1,car,Low,Sunny,3.17
0.05,-0.866025,0.5,0.781831,0.62349,1,9,19,9,0.5,1,142.92,6,car,Jam,Rainy,1.35
0.455,-0.258819,-0.965926,0.974928,-0.222521,4,7,12,4,0.6364,1,55.01,6,van,High,Sunny,9.96
0.9894,0.258819,-0.965926,0.781831,0.62349,4,3,12,8,0.2727,1,329.6,1,car,Medium,Sunny,9.68
0.2771,0.0,-1.0,0.433884,-0.900969,5,9,14,4,0.6923,1,47.28,0,van,Low,Sunny,2.16
0.5867,-0.258819,-0.965926,0.781831,0.62349,4,8,15,6,0.5714,1,48.61,15,van,High,Sunny,12.96
0.2287,-0.258819,-0.965926,0.0,1.0,4,1,10,8,0.1111,1,134.06,0,van,Low,Sunny,2.6
2.1468,-0.965926,-0.258819,0.433884,-0.900969,5,4,7,2,0.6667,1,49.2,6,car,Medium,Windy,37.73
0.7141,-0.5,-0.866025,0.433884,-0.900969,4,3,21,17,0.15,1,190.71,8,van,High,Sunny,12.35
1.4631,-0.866025,-0.5,0.781831,0.62349,11,9,21,11,0.45,0,317.03,7,car,High,Sunny,31.88
1.4224,-1.0,-0.0,0.433884,-0.900969,9,1,16,14,0.0667,1,140.46,0,car,High,Sandstorm,39.65
0.3385,-0.707107,-0.707107,-0.974928,-0.222521,2,11,18,6,0.6471,1,24.57,0,van,High,Sunny,9.33
1.3535,0.0,-1.0,0.781831,0.62349,7,13,21,7,0.65,1,67.15,6,van,Medium,Sunny,21.58
1.3972,0.258819,0.965926,-0.781831,0.62349,12,7,14,6,0.5385,1,297.93,1,car,High,Sandstorm,17.47
0.3106,-0.5,-0.866025,-0.974928,-0.222521,2,6,11,4,0.6,1,342.93,1,car,Normal,Sunny,2.3
0.7923,-0.258819,-0.965926,-0.781831,0.62349,3,4,10,5,0.4444,1,344.96,17,van,Low,Sunny,6.87
0.3328,-0.5,-0.866025,0.974928,-0.222521,4,8,15,6,0.5714,1,81.4,15,van,Medium,Sunny,4.64
0.9742,-0.866025,-0.5,-0.781831,0.62349,6,4,14,9,0.3077,1,227.39,4,car,Medium,Sandstorm,20.19
0.1215,0.0,-1.0,0.974928,-0.222521,11,2,11,8,0.2,1,209.04,1,car,Low,Sandstorm,1.79
0.1539,-0.965926,-0.258819,0.781831,0.62349,11,5,16,10,0.3333,1,218.51,0,van,High,Sunny,4.18
2.8575,0.0,-1.0,0.0,1.0,3,0,11,10,0.0,1,235.69,1,car,Medium,Windy,37.13
0.1285,-0.258819,-0.965926,-0.781831,0.62349,9,0,25,24,0.0,1,32.84,0,van,Medium,Sunny,2.41
0.05,-0.707107,-0.707107,0.781831,0.62349,5,9,27,17,0.3462,1,253.84,13,van,High,Sunny,1.4
1.5889,-0.258819,-0.965926,0.781831,0.62349,5,24,29,4,0.8571,1,253.11,6,van,Normal,Sunny,22.1
0.7135,-0.258819,-0.965926,0.433884,-0.900969,9,3,12,8,0.2727,1,284.73,8,car,High,Sunny,10.73
0.8127,-0.866025,-0.5,-0.974928,-0.222521,4,5,9,3,0.625,1,259.87,6,van,High,Sunny,23.12
1.3608,-0.707107,-0.707107,-0.974928,-0.222521,11,7,18,10,0.4118,1,42.29,0,car,Jam,Sunny,44.15
2.7791,0.258819,-0.965926,0.781831,0.62349,6,1,21,19,0.05,0,325.07,8,van,Low,Sunny,19.98
2.0592,-0.5,-0.866025,-0.781831,0.62349,5,4,7,2,0.6667,1,47.98,6,car,Jam,Sunny,38.35
3.5047,-0.258819,-0.965926,0.433884,-0.900969,2,2,5,2,0.5,1,219.71,6,van,Medium,Rainy,66.64
0.0823,-0.258819,-0.965926,-0.974928,-0.222521,6,15,24,8,0.6522,1,172.31,35,van,Normal,Windy,2.1
0.9986,0.0,-1.0,-0.781831,0.62349,3,7,17,9,0.4375,1,306.87,1,van,Normal,Windy,14.3
2.0115,0.258819,-0.965926,0.433884,-0.900969,9,1,6,4,0.2,0,71.49,-1,car,High,Sunny,27.15
4.1722,-0.5,-0.866025,0.974928,-0.222521,9,6,11,4,0.6,0,247.45,1,car,Normal,Sunny,31.96
0.5922,0.258819,-0.965926,0.0,1.0,1,7,16,8,0.4667,1,47.06,0,van,Normal,Sunny,6.1
0.2095,0.0,-1.0,0.0,1.0,4,2,11,8,0.2,1,53.54,2,car,Normal,Windy,2.17
0.4512,0.0,-1.0,-0.974928,-0.222521,7,2,8,5,0.2857,0,67.29,-1,car,Normal,Sunny,3.82
0.9403,-1.0,-0.0,0.974928,-0.222521,5,11,14,2,0.8462,1,317.87,18,van,Normal,Windy,16.72
2.1725,0.0,-1.0,0.974928,-0.222521,9,3,9,5,0.375,1,21.23,1,car,Normal,Sunny,19.6
5.2956,-0.707107,-0.707107,-0.974928,-0.222521,5,2,8,5,0.2857,0,56.23,15,car,Medium,Windy,87.85
1.6506,0.0,-1.0,0.781831,0.62349,1,3,11,7,0.3,1,233.2,1,car,Jam,Sunny,37.15
0.5892,-0.258819,-0.965926,0.433884,-0.900969,2,12,16,3,0.8,1,263.88,0,car,Normal,Sunny,5.01
0.4056,-0.5,-0.866025,-0.974928,-0.222521,5,0,12,11,0.0,1,69.39,1,van,Normal,Windy,5.12
1.39,-0.258819,-0.965926,0.433884,-0.900969,3,3,12,8,0.2727,1,326.8,1,van,Medium,Sunny,22.65
0.9596,-0.5,-0.866025,0.781831,0.62349,8,5,14,8,0.3846,0,234.88,3,car,Normal,Sunny,6.92
0.3379,0.0,-1.0,0.781831,0.62349,4,10,13,2,0.8333,1,12.93,0,car,Medium,Sandstorm,5.71
0.0917,-0.5,-0.866025,0.433884,-0.900969,6,11,13,1,0.9167,1,79.09,0,car,Medium,Sandstorm,1.0
0.293,-0.5,-0.866025,0.433884,-0.900969,1,13,25,11,0.5417,1,117.33,0,car,Low,Sunny,1.48
1.0576,-0.5,-0.866025,-0.781831,0.62349,7,5,8,2,0.7143,1,326.46,16,car,High,Sunny,14.8
1.8303,-0.5,-0.866025,0.433884,-0.900969,5,26,29,2,0.9286,1,298.95,1,car,Medium,Sunny,17.36
0.4195,-0.5,-0.866025,0.0,1.0,7,9,14,4,0.6923,1,25.68,0,van,Medium,Rainy,7.44
1.4331,-0.965926,0.258819,0.433884,-0.900969,2,25,27,1,0.9615,0,231.42,-1,car,Medium,Windy,14.83
0.2465,-0.707107,-0.707107,0.781831,0.62349,11,8,13,4,0.6667,1,153.94,0,van,Medium,Sunny,4.66
1.1242,0.258819,-0.965926,0.433884,-0.900969,9,10,14,3,0.7692,1,183.28,0,van,Normal,Sunny,13.49
6.5887,-0.707107,-0.707107,-0.781831,0.62349,10,1,5,3,0.25,0,56.14,2,car,Jam,Sunny,90.0
1.146,-0.258819,0.965926,0.781831,0.62349,1,5,11,5,0.5,1,54.85,1,van,Medium,Sunny,11.06
0.7419,0.0,-1.0,0.433884,-0.900969,4,11,13,1,0.9167,1,228.61,0,car,Normal,Rainy,8.44
0.1519,-0.965926,-0.258819,0.974928,-0.222521,4,18,21,2,0.9,1,243.29,5,car,Normal,Sunny,1.37
1.002,-0.258819,-0.965926,-0.974928,-0.222521,7,13,29,15,0.4643,1,205.49,1,car,Medium,Sunny,11.79
1.7902,-0.5,-0.866025,0.0,1.0,5,13,15,1,0.9286,0,102.23,-1,car,Normal,Foggy,16.4
0.5569,-0.707107,-0.707107,-0.974928,-0.222521,6,11,14,2,0.8462,1,140.56,0,car,Normal,Sandstorm,10.08
0.3342,-0.5,-0.866025,0.0,1.0,2,7,24,16,0.3043,1,67.79,35,van,Jam,Sunny,8.27
0.309,0.258819,-0.965926,-0.974928,-0.222521,2,4,37,32,0.1111,1,155.99,35,car,High,Sunny,4.26
0.9454,0.258819,-0.965926,0.0,1.0,4,6,16,9,0.4,1,49.47,0,van,High,Windy,18.05
2.4961,-0.258819,-0.965926,0.433884,-0.900969,4,1,8,6,0.1429,1,38.17,6,car,Medium,Windy,33.01
1.3545,-0.5,-0.866025,-0.781831,0.62349,8,9,12,2,0.8182,1,9.58,1,van,Medium,Sunny,17.79
1.0252,0.0,-1.0,0.974928,-0.222521,5,9,21,11,0.45,1,188.46,0,van,High,Sunny,21.91
0.5028,-0.5,-0.866025,-0.974928,-0.222521,1,5,7,1,0.8333,1,106.66,28,van,Medium,Sunny,6.25
1.5149,-0.5,-0.866025,0.974928,-0.222521,1,8,16,7,0.5333,1,150.5,0,van,Normal,Windy,18.46
0.4613,-0.258819,-0.965926,0.433884,-0.900969,1,11,21,9,0.55,1,126.51,0,car,Medium,Windy,6.46
1.7675,-0.258819,-0.965926,0.781831,0.62349,4,3,11,7,0.3,1,240.41,1,van,Medium,Sunny,28.53
0.6067,-0.965926,-0.258819,0.781831,0.62349,4,1,11,9,0.1,1,311.04,1,car,Medium,Sandstorm,12.46
0.7557,-0.5,-0.866025,0.974928,-0.222521,2,11,13,1,0.9167,1,89.33,1,van,Medium,Sunny,10.54
0.577,0.0,-1.0,-0.781831,0.62349,11,1,7,5,0.1667,1,240.73,0,car,Medium,Rainy,7.74
0.7918,-0.258819,-0.965926,-0.974928,-0.222521,1,1,7,5,0.1667,1,189.99,0,car,Normal,Sunny,7.37
0.376,-0.965926,-0.258819,0.0,1.0,8,5,13,7,0.4167,1,219.03,0,car,Low,Sunny,3.29
8.4934,-0.866025,-0.5,0.781831,0.62349,9,12,15,2,0.8571,0,64.55,-1,van,Normal,Sunny,90.0
0.9539,0.0,-1.0,0.0,1.0,4,4,9,4,0.5,1,137.57,23,van,Medium,Sandstorm,21.11
0.9885,-0.5,-0.866025,-0.781831,0.62349,5,9,13,3,0.75,1,199.58,0,car,High,Windy,13.56
0.7175,-0.965926,-0.258819,0.433884,-0.900969,10,6,12,5,0.5455,1,223.95,0,car,Jam,Sunny,21.38
4.6871,0.0,-1.0,0.974928,-0.222521,10,4,9,4,0.5,0,37.67,-1,car,High,Sunny,73.97
1.8539,0.258819,-0.965926,0.0,1.0,10,5,15,9,0.3571,0,104.17,-1,car,Normal,Sandstorm,18.86
0.2992,-1.0,-0.0,0.781831,0.62349,12,18,24,5,0.7826,1,347.92,35,van,Jam,Sunny,12.62
0.1221,-0.5,-0.866025,0.974928,-0.222521,4,14,24,9,0.6087,1,34.09,15,car,High,Sunny,3.44
5.1777,-0.965926,-0.258819,0.781831,0.62349,7,8,27,18,0.3077,0,174.22,13,van,High,Sunny,90.0
0.1851,-0.866025,-0.5,0.974928,-0.222521,12,10,12,1,0.9091,1,27.02,1,car,High,Sunny,3.45
1.4514,-0.866025,-0.5,0.433884,-0.900969,4,11,19,7,0.6111,1,46.2,6,van,High,Sunny,47.06
2.5663,0.0,-1.0,-0.781831,0.62349,8,2,7,4,0.3333,1,13.88,6,car,Normal,Sunny,22.98
0.2027,-0.866025,-0.5,0.0,1.0,4,10,13,2,0.8333,1,273.83,0,van,High,Windy,6.86
1.8184,-0.5,-0.866025,0.0,1.0,3,3,5,1,0.75,1,45.14,6,car,Normal,Rainy,16.48
1.0267,-0.707107,-0.707107,0.0,1.0,6,5,14,8,0.3846,0,240.82,3,car,High,Sunny,21.75
0.772,0.0,-1.0,0.433884,-0.900969,3,24,37,12,0.6667,1,136.96,35,van,High,Sunny,17.4
2.0057,-0.5,-0.866025,0.433884,-0.900969,5,5,7,1,0.8333,0,6.23,-1,van,Medium,Windy,28.78
0.1307,-0.258819,-0.965926,0.0,1.0,4,11,21,9,0.55,1,127.31,0,car,Normal,Sunny,1.27
0.5886,0.258819,-0.965926,0.781831,0.62349,4,1,13,11,0.0833,1,81.89,2,car,High,Rainy,8.47
0.6311,-0.866025,0.5,0.433884,-0.900969,4,4,12,7,0.3636,1,174.89,1,car,High,Sandstorm,11.26
0.632,-0.965926,-0.258819,0.781831,0.62349,10,5,25,19,0.2083,1,190.75,0,car,Low,Windy,5.76
5.9256,-0.5,-0.866025,0.433884,-0.900969,3,23,25,1,0.9583,1,231.01,0,car,Normal,Rainy,52.94
0.7415,-0.5,-0.866025,0.974928,-0.222521,6,8,14,5,0.6154,1,318.7,15,car,High,Sunny,9.26
0.6632,-0.707107,-0.707107,0.433884,-0.900969,5,17,19,1,0.9444,1,355.8,6,car,Normal,Sunny,7.66
1.5781,-0.5,-0.866025,0.433884,-0.900969,3,0,16,15,0.0,1,244.05,0,van,Normal,Windy,17.9
0.1042,-1.0,-0.0,0.974928,-0.222521,4,3,22,18,0.1429,1,203.89,1,car,Medium,Sunny,2.68
0.3177,0.258819,-0.965926,0.433884,-0.900969,1,0,8,7,0.0,1,55.14,6,car,High,Sandstorm,5.51
0.4847,-0.258819,-0.965926,0.433884,-0.900969,6,5,8,2,0.7143,1,275.09,30,car,Normal,Sunny,4.49
2.4417,-0.258819,-0.965926,-0.974928,-0.222521,4,1,8,6,0.1429,1,257.12,1,car,Normal,Sunny,22.21
2.2724,-0.258819,-0.965926,0.781831,0.62349,10,3,5,1,0.75,1,278.25,0,van,Normal,Sandstorm,39.68
0.6073,-1.0,-0.0,0.781831,0.62349,4,20,29,8,0.7143,1,116.19,1,car,Low,Sunny,5.18
0.4765,-0.965926,0.258819,0.0,1.0,7,1,10,8,0.1111,1,141.39,0,van,Medium,Windy,6.74
2.9115,-1.0,-0.0,0.974928,-0.222521,12,6,15,8,0.4286,0,352.98,0,van,Medium,Sandstorm,84.08
0.3418,-0.866025,-0.5,0.433884,-0.900969,1,14,24,9,0.6087,1,131.41,15,car,Normal,Sunny,4.83
1.0114,-0.965926,-0.258819,0.433884,-0.900969,4,6,13,6,0.5,1,284.86,14,van,Medium,Sunny,23.85
0.6717,-0.5,-0.866025,0.0,1.0,1,11,14,2,0.8462,1,62.2,1,van,High,Sunny,11.89
0.288,0.258819,-0.965926,0.974928,-0.222521,11,14,16,1,0.9333,1,84.34,0,car,Normal,Sunny,1.98
0.4783,-1.0,-0.0,-0.433884,-0.900969,2,2,13,10,0.1667,1,165.06,14,van,Medium,Sunny,10.2
4.3456,-0.965926,0.258819,0.974928,-0.222521,1,2,13,10,0.1667,1,45.25,0,car,Medium,Windy,44.37
1.3232,-0.258819,-0.965926,0.433884,-0.900969,1,20,22,1,0.9524,1,67.94,1,car,Jam,Rainy,36.37
1.713,-0.5,-0.866025,0.974928,-0.222521,2,7,12,4,0.6364,1,353.22,1,car,Normal,Windy,15.24
0.7576,-0.866025,-0.5,0.433884,-0.900969,11,8,12,3,0.7273,1,228.91,1,car,Normal,Sunny,8.41
1.4755,-0.258819,-0.965926,0.974928,-0.222521,4,3,24,20,0.1304,1,195.08,35,car,Normal,Sandstorm,17.76
0.3222,0.0,-1.0,0.0,1.0,4,8,10,1,0.8889,1,217.95,6,car,Medium,Sunny,3.33
0.4101,0.258819,-0.965926,0.0,1.0,7,17,24,6,0.7391,1,94.64,35,car,Medium,Sandstorm,9.59
0.7096,-0.258819,-0.965926,-0.433884,-0.900969,5,4,9,4,0.5,1,141.83,23,car,High,Sunny,11.13
0.7015,-0.866025,-0.5,0.0,1.0,4,22,24,1,0.9565,1,192.38,35,van,Low,Sunny,8.26
0.9511,-0.5,-0.866025,0.974928,-0.222521,12,0,12,11,0.0,0,95.51,14,car,Medium,Rainy,10.61
0.3535,-0.258819,-0.965926,-0.781831,0.62349,11,2,8,5,0.2857,0,60.33,-1,car,Normal,Sunny,4.0
2.7755,-0.707107,-0.707107,0.974928,-0.222521,1,4,9,4,0.5,0,103.15,-1,car,Medium,Windy,46.42
3.8749,-0.707107,0.707107,0.974928,-0.222521,3,19,22,2,0.9048,1,241.04,1,car,Normal,Sandstorm,28.52
0.3285,-0.965926,-0.258819,0.0,1.0,3,5,10,4,0.5556,1,81.96,1,van,Jam,Sunny,14.62
2.2933,-0.258819,-0.965926,-0.781831,0.62349,12,4,7,2,0.6667,1,46.9,0,van,High,Sunny,50.19
12.4238,-1.0,-0.0,0.974928,-0.222521,4,0,5,4,0.0,0,32.46,16,van,Medium,Sunny,90.0
1.0243,0.0,-1.0,0.974928,-0.222521,3,10,18,7,0.5882,1,14.29,0,car,Jam,Sunny,23.29
1.5169,-0.866025,0.5,0.433884,-0.900969,2,8,18,9,0.4706,1,82.96,0,car,Normal,Windy,12.2
3.549,0.258819,-0.965926,0.781831,0.62349,10,4,13,8,0.3333,1,67.42,0,car,Normal,Foggy,33.05
1.0049,0.0,-1.0,-0.781831,0.62349,2,5,8,2,0.7143,1,321.27,16,van,Low,Sunny,9.73
0.2274,-0.707107,-0.707107,0.781831,0.62349,8,1,10,8,0.1111,1,140.16,0,van,Medium,Windy,4.83
1.4847,0.0,-1.0,0.781831,0.62349,4,15,24,8,0.6522,0,87.56,16,car,Medium,Sunny,17.22
1.4967,-0.5,-0.866025,0.974928,-0.222521,10,1,14,12,0.0769,1,244.66,0,car,Medium,Rainy,16.45
1.8641,-0.5,-0.866025,0.433884,-0.900969,11,12,37,24,0.3333,1,16.84,35,van,Low,Sandstorm,18.67
0.7197,0.258819,-0.965926,0.433884,-0.900969,5,2,4,1,0.6667,1,263.67,0,car,Normal,Windy,5.54
0.4468,-0.707107,0.707107,-0.781831,0.62349,12,9,22,12,0.4286,1,320.64,1,car,Normal,Sunny,2.23
0.05,-0.707107,-0.707107,0.0,1.0,4,5,11,5,0.5,1,9.69,2,van,High,Sunny,2.37
0.2475,-0.258819,-0.965926,0.974928,-0.222521,4,3,14,10,0.2308,1,275.18,0,car,Medium,Sandstorm,3.75
2.4716,-0.965926,-0.258819,0.781831,0.62349,4,12,18,5,0.7059,1,225.21,0,car,Normal,Rainy,36.27
1.0581,-0.707107,-0.707107,-0.974928,-0.222521,4,1,12,10,0.0909,1,245.62,1,van,Medium,Sunny,22.4
0.6156,-0.965926,-0.258819,0.433884,-0.900969,8,17,22,4,0.8095,1,96.01,1,car,Medium,Sunny,9.17
5.0059,-0.707107,-0.707107,0.974928,-0.222521,8,2,5,2,0.5,1,230.34,0,car,Normal,Rainy,71.1
1.5569,-0.258819,-0.965926,-0.974928,-0.222521,3,16,29,12,0.5714,1,26.97,6,van,Jam,Foggy,61.53
0.4429,-0.5,-0.866025,0.0,1.0,7,8,11,2,0.8,1,66.7,1,car,Medium,Sunny,4.26
2.4651,0.0,-1.0,0.433884,-0.900969,11,4,7,2,0.6667,1,42.49,6,van,Normal,Sunny,31.28
2.4387,-0.5,0.866025,0.0,1.0,12,10,24,13,0.4348,1,73.93,15,car,High,Sunny,23.68
0.171,-0.258819,-0.965926,0.433884,-0.900969,5,10,13,2,0.8333,1,38.22,0,car,Normal,Sunny,1.09
0.7182,-1.0,-0.0,0.781831,0.62349,4,10,18,7,0.5882,1,357.0,0,car,Low,Windy,6.25
1.3029,0.258819,-0.965926,0.781831,0.62349,5,8,16,7,0.5333,1,149.41,0,van,Normal,Sunny,12.87
0.754,-0.258819,-0.965926,-0.974928,-0.222521,5,9,17,7,0.5625,1,140.78,1,car,Normal,Sunny,7.32
0.7042,-0.258819,-0.965926,0.0,1.0,9,3,8,4,0.4286,1,28.34,1,car,Normal,Windy,6.88
0.1732,-0.707107,-0.707107,-0.974928,-0.222521,1,2,11,8,0.2,1,238.35,1,car,Normal,Sunny,1.59
1.5324,-0.5,-0.866025,0.974928,-0.222521,6,13,15,1,0.9286,0,99.79,-1,van,High,Foggy,34.96
0.2844,0.0,-1.0,-0.974928,-0.222521,1,5,10,4,0.5556,1,319.93,17,car,Normal,Sunny,2.61
0.5667,-0.258819,-0.965926,0.781831,0.62349,12,11,14,2,0.8462,1,178.15,0,car,Normal,Sunny,5.85
1.0002,-0.965926,-0.258819,0.433884,-0.900969,6,4,29,24,0.1429,1,354.97,8,van,Normal,Sunny,16.67
0.6242,-0.5,-0.866025,-0.781831,0.62349,10,18,25,6,0.75,1,29.57,0,car,Medium,Windy,6.24
0.3482,0.258819,-0.965926,-0.974928,-0.222521,5,18,21,2,0.9,1,143.65,0,car,Normal,Rainy,3.7
1.3029,-0.5,-0.866025,-0.781831,0.62349,4,13,29,15,0.4643,1,193.65,1,car,Medium,Windy,13.05
2.3809,-0.5,-0.866025,0.433884,-0.900969,6,12,19,6,0.6667,1,20.48,6,van,Normal,Windy,26.22
0.7068,-0.707107,-0.707107,0.433884,-0.900969,2,0,9,8,0.0,1,277.28,8,car,Medium,Sunny,10.78
2.6708,-0.258819,-0.965926,0.781831,0.62349,11,4,9,4,0.5,0,98.53,-1,van,Normal,Sunny,33.03
0.3651,0.258819,-0.965926,0.433884,-0.900969,2,0,16,15,0.0,1,8.2,0,car,Jam,Sunny,6.9
1.9103,-0.866025,-0.5,-0.781831,0.62349,11,5,15,9,0.3571,0,105.7,-1,car,Normal,Sunny,24.34
1.6026,-0.258819,-0.965926,0.433884,-0.900969,4,0,18,17,0.0,1,241.02,0,car,Normal,Rainy,16.93
1.3629,-0.965926,-0.258819,0.433884,-0.900969,11,10,12,1,0.9091,0,260.11,-1,van,High,Windy,42.59
0.8362,-0.5,-0.866025,0.781831,0.62349,4,5,13,7,0.4167,1,81.04,0,car,Medium,Sunny,8.54
0.4973,-0.5,-0.866025,0.781831,0.62349,10,22,37,14,0.6111,1,346.71,35,car,Low,Sunny,2.43
0.9244,-0.707107,-0.707107,0.781831,0.62349,2,8,13,4,0.6667,0,223.72,-1,car,Jam,Windy,30.05
1.1042,-0.866025,-0.5,0.974928,-0.222521,6,13,37,23,0.3611,1,173.28,35,car,High,Sandstorm,30.49
1.0751,-0.5,-0.866025,0.433884,-0.900969,9,2,16,13,0.1333,1,29.22,0,car,Normal,Windy,8.0
1.889,-0.707107,0.707107,0.0,1.0,5,3,24,20,0.1304,1,178.01,35,car,Normal,Sandstorm,13.69
0.5606,-0.866025,-0.5,0.781831,0.62349,4,35,37,1,0.9722,1,37.37,35,car,High,Sunny,12.23
0.4296,0.258819,-0.965926,-0.781831,0.62349,4,1,15,13,0.0714,1,44.47,9,van,Normal,Sunny,5.96
2.1939,-0.965926,-0.258819,0.0,1.0,5,6,21,14,0.3,0,60.55,6,van,Medium,Sunny,46.29
0.4857,0.0,-1.0,0.433884,-0.900969,4,2,11,8,0.2,1,24.19,1,car,Jam,Rainy,13.58
1.2423,0.5,-0.866025,-0.974928,-0.222521,4,6,9,2,0.75,0,244.9,-1,car,Medium,Sunny,17.38
1.2774,0.258819,-0.965926,-0.974928,-0.222521,10,1,37,35,0.0278,1,109.46,35,car,High,Sunny,16.43
0.0748,-0.258819,-0.965926,0.781831,0.62349,2,7,16,8,0.4667,1,132.11,0,van,Low,Rainy,1.28
0.2731,0.0,-1.0,0.433884,-0.900969,5,7,12,4,0.6364,1,281.5,1,car,Medium,Sandstorm,5.06
0.1766,-0.5,-0.866025,-0.781831,0.62349,4,8,17,8,0.5,1,116.89,1,car,Jam,Sandstorm,4.69
0.3079,0.0,-1.0,0.781831,0.62349,8,9,11,1,0.9,1,135.97,1,van,Medium,Sunny,4.37
0.6638,-0.965926,-0.258819,0.974928,-0.222521,1,10,16,5,0.6667,1,126.16,0,van,Low,Rainy,9.77
1.27,-0.5,-0.866025,0.781831,0.62349,4,2,4,1,0.6667,0,293.54,-1,car,Jam,Rainy,29.26
0.2889,-0.965926,-0.258819,0.974928,-0.222521,10,18,24,5,0.7826,1,348.64,35,car,Low,Sunny,3.01
0.458,-0.707107,-0.707107,0.781831,0.62349,10,1,15,13,0.0714,1,27.14,0,car,Medium,Sunny,8.57
1.1211,0.258819,-0.965926,0.781831,0.62349,7,21,37,15,0.5833,1,55.03,35,car,Medium,Sunny,10.52
0.0657,-0.258819,-0.965926,0.433884,-0.900969,9,18,21,2,0.9,1,251.69,5,car,High,Sunny,1.41
2.5165,0.258819,-0.965926,0.0,1.0,1,22,25,2,0.9167,1,240.55,0,car,High,Sunny,32.2
0.4367,-0.707107,-0.707107,0.974928,-0.222521,1,9,11,1,0.9,1,76.57,1,car,High,Windy,10.21
0.8773,0.0,-1.0,0.433884,-0.900969,4,1,29,27,0.0357,1,59.38,1,car,Low,Sunny,5.13
1.7821,-0.866025,-0.5,0.433884,-0.900969,4,2,14,11,0.1538,1,227.22,1,car,Normal,Sunny,21.66
2.3882,-0.258819,-0.965926,0.974928,-0.222521,6,1,8,6,0.1429,1,39.47,6,van,High,Rainy,60.84
1.3392,0.0,-1.0,0.781831,0.62349,7,7,11,3,0.7,1,43.38,1,van,Low,Sunny,11.72
0.05,-0.5,-0.866025,0.433884,-0.900969,7,7,37,29,0.1944,1,337.15,35,car,Low,Sandstorm,2.29
1.4946,-0.965926,-0.258819,0.433884,-0.900969,10,2,9,6,0.25,0,240.68,-1,van,High,Sunny,43.08
0.2817,-0.5,-0.866025,0.433884,-0.900969,9,14,24,9,0.6087,1,190.15,15,car,High,Sandstorm,4.53
0.1761,-0.258819,-0.965926,0.433884,-0.900969,10,10,13,2,0.8333,1,141.24,0,van,Medium,Sunny,2.57
1.1591,-0.258819,-0.965926,0.974928,-0.222521,9,7,14,6,0.5385,1,304.2,1,car,Medium,Sunny,16.36
0.5287,-0.707107,-0.707107,0.433884,-0.900969,4,3,17,13,0.1875,1,172.22,1,car,Jam,Sunny,17.02
2.5556,0.258819,-0.965926,-0.781831,0.62349,10,0,13,12,0.0,0,52.53,2,car,High,Sunny,33.48
1.6121,0.0,-1.0,0.974928,-0.222521,4,12,25,12,0.5,1,43.74,0,car,High,Foggy,32.25
1.8062,-0.965926,-0.258819,0.433884,-0.900969,1,1,16,14,0.0667,1,139.2,0,van,Normal,Sandstorm,40.19
1.3953,-0.965926,-0.258819,0.433884,-0.900969,1,11,17,5,0.6875,1,242.37,1,car,Jam,Rainy,49.53
0.3726,0.258819,-0.965926,0.974928,-0.222521,12,1,8,6,0.1429,1,144.61,0,car,High,Sunny,4.36
1.0647,-0.258819,-0.965926,0.0,1.0,3,5,13,7,0.4167,1,18.63,14,van,Medium,Rainy,20.41
2.1705,-0.965926,-0.258819,-0.781831,0.62349,3,2,14,11,0.1538,1,234.89,1,van,High,Sunny,62.37
0.3129,0.0,-1.0,0.433884,-0.900969,5,10,17,6,0.625,1,233.88,1,car,High,Windy,5.11
0.7313,-0.707107,0.707107,-0.974928,-0.222521,7,3,8,4,0.4286,1,39.82,1,car,Medium,Windy,5.86
4.0839,-0.707107,-0.707107,0.0,1.0,4,0,14,13,0.0,0,250.8,9,car,Medium,Sunny,63.58
4.1351,-0.707107,-0.707107,0.433884,-0.900969,1,1,18,16,0.0588,1,41.42,0,car,Normal,Rainy,58.57
1.0389,-0.258819,-0.965926,0.781831,0.62349,4,2,4,1,0.6667,1,241.12,0,van,Medium,Sunny,16.14
1.3527,-0.258819,-0.965926,0.0,1.0,3,7,24,16,0.3043,1,50.25,6,van,Normal,Sunny,16.72
0.6056,-0.258819,-0.965926,0.433884,-0.900969,9,10,14,3,0.7692,1,182.56,0,car,Jam,Windy,14.68
0.8545,-0.707107,-0.707107,0.433884,-0.900969,1,2,9,6,0.25,1,313.62,1,van,Normal,Sunny,14.68
7.5375,-1.0,-0.0,0.0,1.0,12,5,8,2,0.7143,1,235.05,0,car,High,Sunny,90.0
0.375,-0.5,-0.866025,0.433884,-0.900969,7,5,12,6,0.4545,1,207.05,1,car,Normal,Sunny,3.2
1.4806,-0.965926,-0.258819,0.0,1.0,1,11,17,5,0.6875,1,255.35,1,van,Normal,Sandstorm,32.3
0.4204,0.0,-1.0,0.433884,-0.900969,2,7,12,4,0.6364,1,54.67,6,van,Jam,Sunny,14.7
0.6211,-0.866025,-0.5,0.781831,0.62349,12,0,21,20,0.0,1,28.58,0,van,High,Rainy,20.72
4.8219,-0.258819,-0.965926,0.781831,0.62349,4,1,11,9,0.1,0,46.71,2,car,Normal,Sunny,43.52
0.2637,-0.707107,-0.707107,0.781831,0.62349,4,34,37,2,0.9444,1,330.31,35,car,Low,Rainy,3.73
0.9882,-1.0,-0.0,-0.974928,-0.222521,1,6,16,9,0.4,1,53.19,0,car,Medium,Sunny,15.21
0.1674,0.0,-1.0,-0.974928,-0.222521,1,1,10,8,0.1111,1,143.32,0,car,Normal,Foggy,2.6
1.4153,-0.965926,-0.258819,-0.781831,0.62349,3,10,15,4,0.7143,1,145.29,0,car,Jam,Sunny,43.26
7.4016,-0.5,-0.866025,0.974928,-0.222521,8,0,10,9,0.0,1,47.4,0,car,High,Sunny,90.0
0.2757,-0.258819,-0.965926,0.781831,0.62349,6,7,37,29,0.1944,1,252.12,35,van,Medium,Sunny,4.15
0.1495,-1.0,-0.0,0.781831,0.62349,3,9,11,1,0.9,1,298.33,1,van,Medium,Windy,3.35
0.6914,-0.707107,-0.707107,0.0,1.0,5,19,37,17,0.5278,1,116.27,35,car,Medium,Sunny,10.73
1.6935,-0.258819,-0.965926,0.974928,-0.222521,5,4,27,22,0.1538,0,157.1,11,van,Normal,Sunny,21.16
1.4912,-0.258819,-0.965926,0.781831,0.62349,4,3,11,7,0.3,1,235.91,1,car,Medium,Foggy,22.61
0.9509,-0.965926,-0.258819,-0.781831,0.62349,3,7,10,2,0.7778,1,334.2,6,car,Low,Windy,8.47
1.5994,-0.258819,-0.965926,0.433884,-0.900969,1,9,21,11,0.45,0,319.37,7,van,Medium,Sunny,25.76
0.398,-0.866025,-0.5,0.781831,0.62349,4,10,21,10,0.5,1,124.63,0,car,High,Rainy,9.93
0.2292,0.0,-1.0,0.974928,-0.222521,11,4,10,5,0.4444,1,58.73,6,car,Medium,Foggy,2.87
0.7549,-0.5,-0.866025,0.781831,0.62349,2,8,12,3,0.7273,1,220.91,1,car,Medium,Sandstorm,9.83
1.494,0.5,-0.866025,0.974928,-0.222521,3,3,10,6,0.3333,1,95.39,0,car,Jam,Sunny,41.02
0.8082,-0.5,-0.866025,0.974928,-0.222521,5,11,15,3,0.7857,1,295.42,15,van,High,Sunny,13.83
0.9918,-0.5,-0.866025,0.781831,0.62349,1,1,9,7,0.125,1,8.93,8,car,High,Sunny,14.26
0.4872,-0.258819,-0.965926,-0.781831,0.62349,4,6,13,6,0.5,1,101.97,0,car,Medium,Sunny,6.06
1.1831,-0.258819,-0.965926,0.0,1.0,5,1,12,10,0.0909,1,31.23,0,van,Medium,Windy,20.28
0.2033,-0.707107,-0.707107,0.974928,-0.222521,2,9,19,9,0.5,1,160.11,6,car,Normal,Windy,2.39
0.1915,-0.965926,0.258819,0.433884,-0.900969,9,2,12,9,0.1818,1,314.85,8,van,Normal,Sunny,1.8
10.1807,-0.965926,-0.258819,0.0,1.0,4,6,8,1,0.8571,0,299.37,22,car,Jam,Sunny,90.0
1.0382,0.0,-1.0,-0.974928,-0.222521,9,3,12,8,0.2727,1,289.16,8,van,Medium,Windy,17.59
0.6795,0.0,-1.0,0.433884,-0.900969,10,6,19,12,0.3333,1,69.34,8,car,High,Sunny,10.53
2.3012,-0.258819,-0.965926,0.0,1.0,12,1,8,6,0.1429,1,41.98,6,car,Jam,Rainy,63.04
0.912,-0.866025,-0.5,-0.781831,0.62349,12,6,12,5,0.5455,1,230.99,0,van,Low,Sunny,10.58
3.1652,-0.258819,-0.965926,0.974928,-0.222521,3,7,12,4,0.6364,1,217.66,1,car,Normal,Sandstorm,37.96
0.6588,-0.965926,-0.258819,-0.781831,0.62349,2,11,14,2,0.8462,1,146.69,0,van,Medium,Sunny,13.92
2.2909,0.258819,0.965926,-0.974928,-0.222521,2,7,14,6,0.5385,0,83.26,15,car,Normal,Sunny,12.4
6.3322,-0.965926,-0.258819,0.781831,0.62349,3,1,5,3,0.25,0,58.96,2,car,High,Windy,90.0
4.7516,-0.965926,-0.258819,0.781831,0.62349,4,4,9,4,0.5,0,32.65,-1,van,Medium,Sunny,90.0
0.2986,-0.258819,-0.965926,0.974928,-0.222521,4,10,13,2,0.8333,1,58.37,0,car,Medium,Foggy,5.27
0.2843,-0.965926,-0.258819,-0.781831,0.62349,3,8,25,16,0.3333,1,276.29,0,van,Medium,Windy,6.18
0.9783,0.258819,-0.965926,0.781831,0.62349,8,1,17,15,0.0625,1,348.64,1,van,High,Windy,18.47
0.4085,-0.866025,-0.5,-0.974928,-0.222521,5,6,24,17,0.2609,1,290.37,35,car,Medium,Windy,6.97
0.05,-0.258819,-0.965926,0.0,1.0,2,9,29,19,0.3214,1,147.27,1,van,Medium,Sandstorm,1.13
0.2525,-0.5,-0.866025,0.0,1.0,9,8,17,8,0.5,1,173.36,1,car,Normal,Sandstorm,2.5
0.6845,-0.965926,0.258819,0.974928,-0.222521,4,11,14,2,0.8462,1,65.24,1,van,Medium,Foggy,10.99
6.8748,-0.258819,-0.965926,0.781831,0.62349,6,23,25,1,0.9583,1,244.86,0,van,Jam,Sunny,90.0
0.2769,-0.707107,-0.707107,0.781831,0.62349,6,2,4,1,0.6667,1,288.2,0,car,Normal,Rainy,4.06
2.2546,-0.707107,-0.707107,0.433884,-0.900969,5,1,25,23,0.0417,1,40.87,0,van,Normal,Sunny,37.2
2.2678,0.258819,-0.965926,0.433884,-0.900969,10,1,8,6,0.1429,1,263.53,1,car,Medium,Sunny,21.77
3.7791,-0.5,-0.866025,0.0,1.0,5,6,8,1,0.8571,0,28.25,18,van,Medium,Sandstorm,67.95
0.2998,-0.5,-0.866025,0.781831,0.62349,4,18,24,5,0.7826,1,331.57,35,van,Normal,Sunny,3.04
0.2703,-0.866025,-0.5,-0.974928,-0.222521,9,9,12,2,0.8182,1,234.17,14,van,Normal,Sunny,4.56
2.1377,-0.707107,0.707107,-0.433884,-0.900969,4,11,37,25,0.3056,1,155.01,35,car,Medium,Sunny,14.67
2.76,0.0,-1.0,0.974928,-0.222521,3,1,7,5,0.1667,0,37.11,6,van,Medium,Sunny,45.72
2.0316,-0.5,-0.866025,0.781831,0.62349,10,8,13,4,0.6667,1,83.13,1,car,Medium,Sandstorm,26.65
0.2156,-0.707107,-0.707107,-0.974928,-0.222521,1,3,25,21,0.125,1,5.61,0,van,Normal,Sunny,3.86
1.2465,0.0,-1.0,0.0,1.0,5,2,10,7,0.2222,0,11.38,17,van,Jam,Sunny,40.01
0.1365,0.0,-1.0,0.781831,0.62349,3,10,12,1,0.9091,1,315.58,1,van,Normal,Sandstorm,3.17
0.7083,-0.707107,-0.707107,0.433884,-0.900969,4,14,25,10,0.5833,1,34.94,0,van,High,Sunny,20.04
0.2728,-0.5,-0.866025,0.781831,0.62349,11,10,13,2,0.8333,1,319.26,0,van,Medium,Windy,3.76
0.398,0.0,-1.0,0.974928,-0.222521,11,12,24,11,0.5217,1,342.27,15,car,Normal,Sandstorm,4.18
0.3366,-0.258819,-0.965926,0.781831,0.62349,4,13,25,11,0.5417,1,160.42,0,van,Medium,Sandstorm,7.24
0.3459,0.5,-0.866025,-0.781831,0.62349,3,15,17,1,0.9375,1,307.86,1,car,Medium,Sunny,4.52
2.0937,-0.5,-0.866025,0.781831,0.62349,5,1,8,6,0.1429,0,152.51,-1,car,Low,Windy,12.34
5.2561,-0.707107,-0.707107,0.433884,-0.900969,10,1,4,2,0.3333,1,49.01,0,car,Low,Sandstorm,61.31
5.1398,-1.0,-0.0,0.781831,0.62349,1,14,16,1,0.9333,1,228.02,0,car,Jam,Sunny,90.0
0.4108,-0.5,0.866025,0.433884,-0.900969,1,6,29,22,0.2143,1,36.4,1,car,High,Rainy,4.53
0.509,-0.258819,-0.965926,0.781831,0.62349,4,8,15,6,0.5714,1,106.55,0,car,Normal,Windy,7.31
1.4344,-0.5,-0.866025,0.781831,0.62349,10,0,13,12,0.0,1,237.47,0,car,Low,Sunny,7.57
0.6944,0.0,-1.0,0.433884,-0.900969,6,13,17,3,0.8125,1,262.55,1,car,Normal,Sunny,7.02
5.8073,-0.258819,-0.965926,-0.781831,0.62349,8,23,25,1,0.9583,1,230.01,0,car,Medium,Foggy,84.93
0.9568,0.258819,-0.965926,0.974928,-0.222521,2,8,21,12,0.4,1,32.46,0,van,Normal,Sandstorm,14.54
1.1182,-0.5,-0.866025,0.781831,0.62349,1,3,12,8,0.2727,1,1.71,14,car,Medium,Windy,12.34
1.4958,-0.258819,-0.965926,-0.781831,0.62349,11,10,15,4,0.7143,1,151.19,0,van,High,Sunny,32.3
0.6279,-0.866025,-0.5,-0.974928,-0.222521,5,5,18,12,0.2941,1,39.76,0,car,Normal,Sunny,8.43
8.3981,-0.5,-0.866025,-0.974928,-0.222521,5,12,15,2,0.8571,0,66.2,-1,van,High,Sunny,90.0
0.387,-0.965926,-0.258819,-0.974928,-0.222521,4,7,29,21,0.25,1,257.71,1,van,Low,Sunny,5.1
0.137,0.0,-1.0,0.0,1.0,4,11,14,2,0.8462,1,35.47,1,van,Low,Rainy,1.11
1.2919,-0.707107,-0.707107,0.781831,0.62349,1,12,22,9,0.5714,1,340.61,1,car,Medium,Sunny,19.72
1.7803,-0.258819,-0.965926,-0.974928,-0.222521,4,2,21,18,0.1,1,346.73,8,car,Normal,Windy,21.73
1.1291,-0.258819,-0.965926,0.781831,0.62349,11,21,37,15,0.5833,1,50.59,35,van,Jam,Sunny,36.48
0.2544,0.0,-1.0,0.781831,0.62349,1,9,14,4,0.6923,1,41.05,0,van,Jam,Rainy,8.91
1.4941,-0.965926,-0.258819,0.974928,-0.222521,8,3,24,20,0.1304,1,190.18,35,car,Normal,Sunny,18.69
1.6687,-0.258819,-0.965926,0.433884,-0.900969,4,8,24,15,0.3478,1,349.95,35,van,Medium,Foggy,34.43
0.5338,-0.5,-0.866025,0.781831,0.62349,3,4,14,9,0.3077,1,71.77,0,car,High,Sunny,6.72
1.5118,-1.0,-0.0,0.0,1.0,4,6,13,6,0.5,1,291.38,1,car,Normal,Sunny,18.51
1.2659,-0.707107,-0.707107,0.974928,-0.222521,4,6,29,22,0.2143,0,7.06,10,car,High,Sunny,26.45
0.4429,-0.707107,0.707107,0.781831,0.62349,4,1,11,9,0.1,1,352.33,1,car,Normal,Windy,4.07
1.0218,0.0,-1.0,-0.781831,0.62349,7,4,12,7,0.3636,1,172.56,1,van,Medium,Sunny,16.79
0.537,-0.707107,-0.707107,0.433884,-0.900969,4,4,11,6,0.4,1,203.23,1,van,High,Sunny,15.1
3.9324,-0.5,-0.866025,0.0,1.0,2,2,7,4,0.3333,0,48.21,-1,car,Medium,Sandstorm,50.81
0.299,-0.258819,-0.965926,-0.781831,0.62349,5,5,7,1,0.8333,1,131.84,28,car,Medium,Foggy,3.68
1.5129,0.5,-0.866025,0.0,1.0,4,3,29,25,0.1071,1,13.22,8,van,Jam,Sunny,58.5
2.6497,-0.258819,-0.965926,0.0,1.0,6,4,9,4,0.5,0,99.75,-1,car,Jam,Rainy,70.52
0.1322,-0.707107,0.707107,0.781831,0.62349,4,4,14,9,0.3077,1,160.91,15,car,Normal,Rainy,1.56
3.2289,-0.5,-0.866025,0.781831,0.62349,4,1,5,3,0.25,1,71.35,0,car,Normal,Sunny,24.03
0.6521,0.258819,-0.965926,0.781831,0.62349,2,8,14,5,0.6154,1,313.04,15,car,Normal,Sunny,4.69
0.2027,0.0,-1.0,0.433884,-0.900969,3,5,7,1,0.8333,1,80.71,28,van,Normal,Foggy,2.7
0.6064,-1.0,-0.0,-0.974928,-0.222521,2,3,7,3,0.5,1,42.0,6,car,Normal,Sandstorm,9.79
0.5574,-0.258819,-0.965926,-0.781831,0.62349,8,8,14,5,0.6154,1,309.87,15,car,High,Sunny,9.08
0.4094,-0.258819,-0.965926,-0.974928,-0.222521,4,18,37,18,0.5,1,65.47,35,car,Normal,Sandstorm,4.38
0.3614,-0.5,-0.866025,-0.781831,0.62349,5,8,16,7,0.5333,1,168.48,0,car,Normal,Sandstorm,3.25
0.5866,0.0,-1.0,0.974928,-0.222521,6,6,14,7,0.4615,1,47.79,0,car,Medium,Sunny,6.69
2.0649,0.5,-0.866025,0.974928,-0.222521,7,7,14,6,0.5385,0,82.88,15,van,Medium,Sunny,39.7
1.8121,-0.258819,-0.965926,-0.781831,0.62349,2,26,29,2,0.9286,1,292.87,1,car,Medium,Rainy,25.54
4.1359,-0.866025,-0.5,-0.781831,0.62349,12,6,8,1,0.8571,0,24.96,18,van,Medium,Sunny,88.02
0.9795,0.0,-1.0,0.0,1.0,3,9,12,2,0.8182,1,295.05,0,car,Normal,Sunny,8.73
0.5439,0.0,-1.0,0.0,1.0,10,6,13,6,0.5,1,48.89,0,van,Normal,Windy,7.69
0.731,-0.5,-0.866025,0.0,1.0,1,13,22,8,0.619,1,192.01,1,car,Medium,Sandstorm,9.26
0.2297,-0.5,-0.866025,-0.974928,-0.222521,4,18,24,5,0.7826,1,16.18,35,van,Medium,Windy,4.25
0.5217,-0.707107,-0.707107,-0.781831,0.62349,5,6,14,7,0.4615,1,51.4,0,car,Normal,Sandstorm,8.29
0.8455,-0.5,-0.866025,0.781831,0.62349,3,4,29,24,0.1429,1,322.79,8,van,Medium,Foggy,13.95
1.2924,-0.866025,-0.5,-0.974928,-0.222521,1,6,9,2,0.75,0,246.02,-1,car,Medium,Windy,21.73
1.0279,-0.965926,0.258819,0.433884,-0.900969,3,9,24,14,0.3913,0,79.87,15,van,Medium,Sunny,13.7
7.5257,-0.258819,-0.965926,0.433884,-0.900969,4,5,8,2,0.7143,1,236.13,0,car,Normal,Foggy,86.64
1.6681,-0.5,0.866025,0.974928,-0.222521,4,1,8,6,0.1429,0,140.3,-1,car,High,Windy,16.57
0.191,-0.258819,-0.965926,0.0,1.0,3,14,24,9,0.6087,1,160.27,15,car,High,Windy,2.96
1.2155,-0.707107,-0.707107,-0.974928,-0.222521,8,3,12,8,0.2727,1,342.76,14,car,Medium,Sunny,18.57
7.3362,-0.707107,-0.707107,-0.781831,0.62349,10,0,10,9,0.0,1,47.19,0,car,Jam,Foggy,90.0
0.5854,0.258819,-0.965926,0.974928,-0.222521,12,29,37,7,0.8056,1,49.38,35,van,Medium,Sandstorm,10.03
1.1468,-0.866025,-0.5,0.974928,-0.222521,4,9,21,11,0.45,1,191.36,0,car,Jam,Sunny,33.99
0.1165,0.0,-1.0,0.781831,0.62349,7,7,12,4,0.6364,1,285.9,1,van,Medium,Sunny,1.98
0.0659,-1.0,-0.0,-0.974928,-0.222521,2,18,21,2,0.9,1,266.67,5,car,Normal,Windy,1.0
0.641,-0.5,-0.866025,0.781831,0.62349,5,4,10,5,0.4444,1,249.9,0,van,Normal,Sunny,6.63
0.9935,-0.258819,-0.965926,0.0,1.0,5,10,18,7,0.5882,1,356.11,0,car,Medium,Sunny,11.51
1.0859,0.0,-1.0,-0.781831,0.62349,5,11,16,4,0.7333,1,257.59,0,car,Medium,Sunny,12.81
0.3833,-0.258819,-0.965926,0.0,1.0,11,8,14,5,0.6154,1,90.97,0,car,Jam,Sunny,8.87
0.2237,-0.5,-0.866025,0.0,1.0,5,0,25,24,0.0,1,120.17,0,car,Medium,Sandstorm,2.27
0.4834,-0.258819,-0.965926,0.0,1.0,3,15,37,21,0.4167,1,5.43,35,van,Jam,Sunny,16.24
0.81,-0.5,-0.866025,-0.974928,-0.222521,4,5,12,6,0.4545,1,287.43,14,car,High,Sunny,10.17
0.5084,-0.258819,-0.965926,0.0,1.0,5,6,14,7,0.4615,1,137.61,0,car,Jam,Windy,12.72
0.8233,-0.5,-0.866025,-0.781831,0.62349,3,10,16,5,0.6667,1,142.86,0,van,Low,Sunny,6.29
0.1906,0.258819,-0.965926,0.781831,0.62349,11,17,25,7,0.7083,1,238.12,0,car,Normal,Sunny,1.0
3.1817,-0.866025,-0.5,0.0,1.0,2,0,7,6,0.0,0,341.07,8,car,Normal,Foggy,48.64
1.1816,0.258819,-0.965926,0.974928,-0.222521,1,3,12,8,0.2727,1,330.91,1,van,Medium,Windy,16.48
0.7659,-0.5,-0.866025,0.0,1.0,1,12,24,11,0.5217,1,337.41,15,van,High,Sunny,13.52
1.3556,-0.707107,-0.707107,0.974928,-0.222521,3,4,8,3,0.5714,1,275.57,0,car,Normal,Sunny,17.41
0.2279,-0.5,-0.866025,0.974928,-0.222521,6,2,11,8,0.2,1,168.79,1,car,Normal,Sunny,2.66
0.4349,-0.258819,-0.965926,-0.781831,0.62349,12,2,29,26,0.0714,1,75.13,8,car,Normal,Sunny,4.52
0.3914,-0.258819,-0.965926,0.433884,-0.900969,11,0,37,36,0.0,1,96.92,35,car,High,Sunny,6.28
3.4858,0.258819,-0.965926,0.781831,0.62349,3,0,7,6,0.0,0,334.06,8,van,Low,Sandstorm,34.2
1.5504,0.258819,-0.965926,0.781831,0.62349,4,3,11,7,0.3,1,241.63,1,car,High,Sunny,20.27
1.1703,-0.707107,0.707107,0.974928,-0.222521,7,6,9,2,0.75,0,244.9,-1,car,Normal,Sunny,6.49
0.4803,-0.866025,-0.5,0.0,1.0,4,12,17,4,0.75,1,193.62,1,car,High,Sunny,9.57
1.6287,-0.5,-0.866025,0.974928,-0.222521,12,3,8,4,0.4286,0,312.52,-1,van,High,Sunny,28.41
1.887,-0.707107,-0.707107,0.0,1.0,8,12,37,24,0.3333,1,22.32,35,car,High,Sunny,39.58
0.3005,-0.866025,-0.5,0.433884,-0.900969,5,1,7,5,0.1667,1,239.12,0,car,High,Foggy,7.69
2.5208,0.258819,-0.965926,0.0,1.0,2,4,8,3,0.5714,0,77.12,16,van,Medium,Windy,37.05
0.122,-0.5,-0.866025,0.433884,-0.900969,4,10,12,1,0.9091,1,18.92,1,van,Low,Sunny,1.0
0.3616,-0.5,-0.866025,0.781831,0.62349,7,23,27,3,0.8846,1,240.5,12,car,Medium,Sunny,3.47
0.7488,-0.258819,-0.965926,0.781831,0.62349,4,1,21,19,0.05,1,68.06,0,van,Normal,Sunny,9.9
8.2309,-0.707107,-0.707107,-0.974928,-0.222521,4,2,4,1,0.6667,1,232.53,0,car,Low,Sandstorm,90.0
0.1673,-0.258819,-0.965926,-0.974928,-0.222521,11,8,21,12,0.4,1,53.75,6,van,Medium,Sunny,2.88
0.5662,-0.258819,-0.965926,-0.974928,-0.222521,1,7,12,4,0.6364,1,44.58,6,van,High,Sunny,12.18
0.5768,-0.5,0.866025,0.433884,-0.900969,7,13,17,3,0.8125,1,256.85,1,car,High,Sunny,6.3
1.7517,-0.5,-0.866025,-0.781831,0.62349,5,1,8,6,0.1429,0,157.76,-1,car,Normal,Sunny,12.81
1.5765,-0.5,-0.866025,0.0,1.0,5,7,11,3,0.7,1,33.56,1,car,Jam,Sunny,29.64
4.4724,-0.707107,-0.707107,0.433884,-0.900969,5,3,6,2,0.6,1,55.69,1,van,Normal,Sunny,74.56
0.4324,0.258819,-0.965926,0.974928,-0.222521,4,6,12,5,0.5455,1,121.16,14,van,Medium,Rainy,6.76
0.2021,-0.5,-0.866025,0.974928,-0.222521,1,18,21,2,0.9,1,86.34,0,van,Medium,Sunny,3.3
2.3514,-0.707107,-0.707107,0.974928,-0.222521,3,1,6,4,0.2,0,68.67,-1,car,Normal,Sunny,29.26
0.6448,-0.965926,-0.258819,0.433884,-0.900969,11,8,15,6,0.5714,1,78.36,15,car,High,Sandstorm,17.62
0.4351,-0.258819,-0.965926,0.0,1.0,2,8,37,28,0.2222,1,268.97,35,car,Low,Sunny,5.29
1.6227,-0.866025,-0.5,0.433884,-0.900969,3,1,14,12,0.0769,1,250.59,0,van,High,Sunny,46.6
5.0635,-0.707107,0.707107,-0.433884,-0.900969,2,8,27,18,0.3077,0,176.84,13,car,Normal,Sunny,27.75
0.7996,-0.965926,0.258819,0.781831,0.62349,1,19,37,17,0.5278,1,103.43,35,car,High,Windy,10.93
2.6235,-0.5,-0.866025,0.781831,0.62349,11,12,18,5,0.7059,1,229.25,0,car,High,Windy,37.06
0.0903,-1.0,-0.0,-0.781831,0.62349,3,3,14,10,0.2308,1,79.39,15,car,Jam,Windy,2.59
0.7795,-0.707107,-0.707107,0.433884,-0.900969,4,6,9,2,0.75,0,303.13,-1,van,Medium,Sandstorm,21.79
0.2134,-0.258819,-0.965926,0.433884,-0.900969,7,34,37,2,0.9444,1,315.85,35,van,High,Rainy,5.76
0.6325,-0.5,0.866025,0.781831,0.62349,3,21,29,7,0.75,1,164.15,1,car,Jam,Sunny,8.59
0.7021,0.258819,-0.965926,-0.781831,0.62349,6,0,9,8,0.0,1,279.43,8,van,Medium,Sunny,9.18
2.9047,0.5,0.866025,0.781831,0.62349,5,5,11,5,0.5,1,59.39,1,car,Normal,Foggy,19.88
0.8934,-0.866025,-0.5,0.433884,-0.900969,4,5,9,3,0.625,1,259.4,6,car,Jam,Sunny,26.77
20.0,-0.5,-0.866025,0.974928,-0.222521,9,1,7,5,0.1667,0,37.49,-1,car,Medium,Sunny,90.0
0.0943,0.258819,-0.965926,0.974928,-0.222521,4,2,11,8,0.2,1,192.37,1,car,Normal,Sunny,1.0
3.2638,-0.258819,-0.965926,0.781831,0.62349,11,2,5,2,0.5,1,224.22,6,car,Medium,Sunny,38.24
0.3745,-0.965926,0.258819,-0.781831,0.62349,2,0,16,15,0.0,1,20.71,0,car,Medium,Sandstorm,5.23
1.0392,-0.5,-0.866025,0.433884,-0.900969,5,1,13,11,0.0833,1,359.78,14,car,Medium,Foggy,12.2
0.2122,-0.5,-0.866025,-0.974928,-0.222521,2,9,12,2,0.8182,1,246.69,14,van,High,Sunny,3.84
8.6893,-0.866025,0.5,0.433884,-0.900969,10,0,5,4,0.0,0,238.17,9,car,Medium,Rainy,90.0
0.222,-0.965926,-0.258819,0.974928,-0.222521,3,10,13,2,0.8333,1,103.13,0,car,Medium,Sunny,3.73
3.7712,-0.5,-0.866025,-0.781831,0.62349,4,3,8,4,0.4286,0,57.88,-1,car,Medium,Sunny,36.92
0.9085,-0.258819,-0.965926,0.781831,0.62349,12,4,12,7,0.3636,1,28.51,8,car,Normal,Windy,9.13
0.9322,-0.866025,-0.5,0.781831,0.62349,5,21,25,3,0.875,1,160.26,0,van,Normal,Sunny,14.96
3.2518,-0.707107,-0.707107,0.974928,-0.222521,11,5,11,5,0.5,1,61.46,1,car,Medium,Windy,54.53
4.3965,-0.5,-0.866025,-0.974928,-0.222521,9,3,27,23,0.1154,0,293.71,-1,car,High,Windy,60.71
4.0293,-0.258819,-0.965926,-0.433884,-0.900969,11,6,12,5,0.5455,1,57.9,1,car,High,Sunny,63.48
2.0065,0.0,-1.0,0.781831,0.62349,1,26,29,2,0.9286,1,295.82,1,car,Normal,Sunny,18.56
0.0704,-1.0,-0.0,0.433884,-0.900969,10,4,14,9,0.3077,1,222.34,15,car,Medium,Sunny,1.47
0.2256,-0.5,-0.866025,-0.974928,-0.222521,4,5,21,15,0.25,1,221.77,0,van,Normal,Rainy,2.22
1.5137,-0.965926,-0.258819,0.433884,-0.900969,7,0,5,4,0.0,1,272.31,1,car,Normal,Sunny,18.71
0.9347,0.0,-1.0,0.0,1.0,2,10,18,7,0.5882,1,353.02,0,van,High,Rainy,23.43
1.4977,-0.5,0.866025,0.974928,-0.222521,5,8,14,5,0.6154,1,109.7,0,car,Normal,Sunny,8.48
0.8331,-0.965926,-0.258819,0.781831,0.62349,2,6,12,5,0.5455,1,225.41,0,car,Normal,Sunny,10.21
0.6784,-0.965926,0.258819,0.433884,-0.900969,5,0,10,9,0.0,1,281.17,6,van,Normal,Rainy,7.88
5.6183,-0.707107,-0.707107,0.974928,-0.222521,5,0,8,7,0.0,0,196.42,-1,van,High,Sunny,90.0
7.2185,-0.707107,-0.707107,0.974928,-0.222521,10,0,11,10,0.0,0,228.48,-1,car,Medium,Sunny,90.0
0.3596,-0.258819,-0.965926,0.433884,-0.900969,2,3,19,15,0.1667,1,233.64,8,car,Normal,Sunny,3.3
0.9005,-0.258819,-0.965926,-0.974928,-0.222521,8,22,24,1,0.9565,1,187.91,35,van,High,Sunny,19.2
0.2062,-0.5,-0.866025,-0.781831,0.62349,1,1,13,11,0.0833,1,100.97,2,car,Medium,Sunny,1.61
0.3969,0.258819,-0.965926,0.781831,0.62349,1,21,29,7,0.75,1,137.58,1,car,Medium,Sunny,4.07
0.096,-0.5,0.866025,-0.433884,-0.900969,11,7,14,6,0.5385,1,67.28,0,van,High,Sunny,1.13
0.6217,-0.5,-0.866025,-0.974928,-0.222521,4,5,22,16,0.2381,1,61.32,1,van,High,Sandstorm,15.08
1.0925,0.0,-1.0,0.781831,0.62349,8,25,27,1,0.9615,0,248.06,-1,van,Medium,Windy,19.4
0.2583,-0.258819,-0.965926,0.974928,-0.222521,6,6,15,8,0.4286,1,350.3,6,van,Medium,Rainy,6.07
1.764,-0.866025,-0.5,0.781831,0.62349,7,19,24,4,0.8261,1,4.3,18,car,High,Sunny,36.19
0.244,-0.965926,-0.258819,0.974928,-0.222521,3,2,11,8,0.2,1,198.9,1,car,Medium,Sunny,4.78
0.8426,-0.5,-0.866025,0.433884,-0.900969,4,5,14,8,0.3846,0,230.2,3,van,Medium,Sandstorm,14.55
0.5882,-0.5,-0.866025,0.0,1.0,4,12,25,12,0.5,1,72.23,0,van,Low,Sunny,4.57
0.7102,-0.5,-0.866025,0.433884,-0.900969,12,6,9,2,0.75,1,302.82,6,car,Normal,Sunny,5.56
0.9702,-1.0,-0.0,-0.781831,0.62349,4,3,11,7,0.3,1,255.17,1,van,High,Sunny,27.69
2.4661,-0.258819,-0.965926,0.433884,-0.900969,12,2,7,4,0.3333,1,1.95,6,car,Normal,Sunny,22.28
1.3963,0.258819,-0.965926,-0.781831,0.62349,7,6,10,3,0.6667,1,128.59,1,car,Jam,Sunny,26.18
0.2048,0.0,-1.0,-0.781831,0.62349,4,5,13,7,0.4167,1,229.09,0,car,Normal,Sandstorm,1.9
0.5429,-0.5,-0.866025,-0.974928,-0.222521,1,1,11,9,0.1,1,350.09,1,van,Normal,Sunny,5.54
2.5275,0.0,-1.0,0.974928,-0.222521,4,2,16,13,0.1333,1,267.61,0,car,High,Sunny,39.93
5.8515,0.0,-1.0,-0.433884,-0.900969,1,23,25,1,0.9583,1,229.48,0,car,Normal,Sunny,53.98
1.5558,-0.965926,-0.258819,-0.974928,-0.222521,1,13,15,1,0.9286,0,290.22,18,car,Medium,Sunny,23.57
4.3601,0.0,-1.0,0.433884,-0.900969,10,2,8,5,0.2857,0,110.29,-1,car,Medium,Sunny,50.65
0.324,-0.965926,-0.258819,0.433884,-0.900969,1,10,29,18,0.3571,1,138.8,1,van,Low,Sunny,3.57
6.8057,0.258819,-0.965926,0.974928,-0.222521,3,23,25,1,0.9583,1,243.91,0,car,Normal,Rainy,60.0
0.7863,-0.5,-0.866025,0.974928,-0.222521,6,5,8,2,0.7143,1,314.02,16,car,High,Sunny,9.67
0.5538,-0.258819,-0.965926,0.433884,-0.900969,12,11,13,1,0.9167,1,275.31,0,van,High,Windy,13.23
4.8773,-0.5,-0.866025,0.781831,0.62349,8,2,5,2,0.5,0,49.44,4,car,Normal,Sunny,37.22
6.0241,-0.5,-0.866025,0.974928,-0.222521,1,0,14,13,0.0,1,51.69,0,car,Normal,Sunny,46.37
1.0328,-0.258819,-0.965926,0.433884,-0.900969,7,2,29,26,0.0714,1,231.53,1,car,Medium,Foggy,15.21
2.1463,0.5,0.866025,0.781831,0.62349,5,1,25,23,0.0417,1,38.67,0,van,Low,Windy,12.62
1.0302,-0.258819,0.965926,0.781831,0.62349,7,10,18,7,0.5882,1,352.9,0,van,High,Sunny,13.49
3.7631,0.0,-1.0,0.433884,-0.900969,2,3,8,4,0.4286,0,60.25,-1,van,Normal,Sunny,47.19
2.0748,-0.707107,-0.707107,-0.781831,0.62349,5,12,16,3,0.8,1,266.5,0,van,Normal,Sunny,34.33
0.4353,0.0,-1.0,-0.781831,0.62349,3,24,37,12,0.6667,1,106.53,35,van,High,Sandstorm,12.08
0.1145,-0.258819,-0.965926,0.433884,-0.900969,2,12,25,12,0.5,1,32.91,0,car,Normal,Windy,1.14
0.3979,0.5,-0.866025,0.781831,0.62349,7,9,12,2,0.8182,1,235.41,14,car,Normal,Windy,4.3
0.8728,-0.866025,-0.5,0.974928,-0.222521,12,3,9,5,0.375,0,120.88,-1,car,High,Sandstorm,23.97
0.1975,-0.965926,-0.258819,0.974928,-0.222521,5,11,13,1,0.9167,1,158.52,0,car,Medium,Sunny,3.32
1.9098,-0.5,-0.866025,0.433884,-0.900969,11,12,15,2,0.8571,1,151.34,0,car,Medium,Sunny,18.6
0.0992,-0.965926,-0.258819,0.0,1.0,6,2,13,10,0.1667,1,239.32,14,van,Normal,Sunny,1.5
0.3828,0.0,-1.0,0.433884,-0.900969,7,2,10,7,0.2222,1,156.16,1,car,Normal,Sunny,4.14
4.4358,-0.258819,-0.965926,0.974928,-0.222521,1,2,8,5,0.2857,0,112.87,-1,car,Normal,Windy,43.72
0.5647,0.5,-0.866025,0.0,1.0,3,3,13,9,0.25,1,157.81,0,van,Jam,Sandstorm,29.49
3.0928,-0.707107,0.707107,-0.974928,-0.222521,3,1,19,17,0.0556,0,351.6,8,car,High,Rainy,34.88
0.5204,0.258819,-0.965926,0.974928,-0.222521,4,6,14,7,0.4615,1,37.59,0,van,Medium,Sunny,6.61
1.5399,0.5,-0.866025,-0.781831,0.62349,3,5,11,5,0.5,1,236.05,1,car,Normal,Sunny,17.52
0.3631,-0.707107,0.707107,0.974928,-0.222521,10,6,29,22,0.2143,1,81.13,1,van,Normal,Foggy,3.04
0.4219,-0.258819,-0.965926,-0.781831,0.62349,2,15,17,1,0.9375,1,296.31,1,car,Low,Windy,4.28
0.8462,-0.965926,-0.258819,0.781831,0.62349,8,13,17,3,0.8125,1,250.83,1,car,Normal,Sunny,10.7
1.3074,0.0,-1.0,0.974928,-0.222521,1,10,12,1,0.9091,0,262.15,-1,car,Jam,Sunny,30.59
1.6671,-0.707107,-0.707107,0.974928,-0.222521,7,12,25,12,0.5,1,38.66,0,van,Normal,Windy,29.5
0.5806,-0.707107,-0.707107,0.781831,0.62349,2,6,12,5,0.5455,1,155.29,14,van,Medium,Foggy,16.64
5.5783,-0.707107,-0.707107,0.781831,0.62349,3,1,4,2,0.3333,1,47.29,0,car,Normal,Windy,72.5
3.4988,-0.866025,0.5,-0.781831,0.62349,4,3,8,4,0.4286,0,59.96,-1,car,Normal,Sunny,25.73
1.1017,-0.707107,-0.707107,0.0,1.0,9,7,9,1,0.875,1,333.26,6,car,Medium,Sunny,17.39
0.4698,-0.707107,0.707107,-0.781831,0.62349,9,7,10,2,0.7778,1,208.63,0,van,Jam,Sandstorm,11.65
1.5775,-0.258819,-0.965926,0.0,1.0,5,6,13,6,0.5,1,281.04,1,car,Normal,Windy,15.37
1.8524,0.258819,-0.965926,-0.974928,-0.222521,10,1,8,6,0.1429,0,158.72,-1,van,High,Sunny,32.66
0.4038,0.0,-1.0,0.433884,-0.900969,12,6,22,15,0.2857,1,51.16,1,car,Low,Sunny,2.11
0.4041,-0.707107,-0.707107,0.781831,0.62349,4,8,10,1,0.8889,1,288.54,6,car,High,Windy,8.85
1.158,0.0,-1.0,0.974928,-0.222521,3,13,37,23,0.3611,1,179.84,35,van,Low,Sunny,10.04
6.484,-0.866025,-0.5,0.974928,-0.222521,2,1,5,3,0.25,0,57.73,2,car,Medium,Sunny,90.0
2.3717,0.0,-1.0,0.781831,0.62349,2,3,9,5,0.375,0,97.56,6,car,Medium,Sunny,27.76
0.8387,0.0,-1.0,0.433884,-0.900969,5,3,21,17,0.15,1,198.19,8,car,Normal,Rainy,8.57
0.6417,-0.866025,0.5,-0.974928,-0.222521,8,6,13,6,0.5,1,120.59,0,car,Normal,Sandstorm,5.88
1.6324,-0.5,-0.866025,0.974928,-0.222521,2,1,8,6,0.1429,0,152.74,-1,car,Low,Sunny,8.51
0.7031,-0.258819,-0.965926,0.974928,-0.222521,4,5,9,3,0.625,1,266.54,6,car,Medium,Sandstorm,11.04
3.3464,-0.5,-0.866025,0.433884,-0.900969,2,3,9,5,0.375,0,83.58,6,van,Medium,Sunny,43.97
0.2839,-0.5,-0.866025,0.974928,-0.222521,4,22,29,6,0.7857,1,160.18,1,car,High,Sunny,4.19
3.0621,-0.866025,-0.5,-0.781831,0.62349,1,2,5,2,0.5,1,217.95,6,car,Jam,Sunny,90.0
1.21,-0.5,-0.866025,0.433884,-0.900969,3,5,24,18,0.2174,1,115.34,35,car,High,Rainy,18.29
1.7332,-0.5,-0.866025,-0.974928,-0.222521,11,6,12,5,0.5455,1,227.65,1,car,Normal,Windy,13.6
0.2547,-0.707107,0.707107,-0.974928,-0.222521,5,3,37,33,0.0833,1,270.35,35,car,Medium,Sunny,1.59
2.31,-0.866025,-0.5,0.974928,-0.222521,12,4,7,2,0.6667,1,46.93,6,car,Low,Sandstorm,27.66
0.5568,-0.258819,-0.965926,0.0,1.0,4,17,22,4,0.8095,1,109.77,1,van,High,Rainy,15.14
1.4617,0.5,0.866025,0.433884,-0.900969,11,24,29,4,0.8571,1,264.06,6,car,Low,Sandstorm,7.83
0.1579,-0.707107,-0.707107,0.781831,0.62349,3,6,29,22,0.2143,1,55.51,1,van,Medium,Rainy,4.03
0.3881,-0.258819,-0.965926,0.433884,-0.900969,1,33,37,3,0.9167,1,336.71,35,car,Low,Rainy,2.66
0.116,-0.5,-0.866025,-0.974928,-0.222521,11,18,24,5,0.7826,1,353.42,35,van,Medium,Sandstorm,2.43
0.1221,-0.707107,-0.707107,0.781831,0.62349,11,5,16,10,0.3333,1,50.87,0,car,Low,Sunny,1.0
1.5573,-0.5,-0.866025,0.0,1.0,1,6,17,10,0.375,1,239.17,1,car,Normal,Sandstorm,15.09
0.629,-0.965926,-0.258819,0.0,1.0,5,4,15,10,0.2857,1,177.61,0,car,Medium,Sunny,9.74
0.0957,-0.5,-0.866025,0.0,1.0,2,8,21,12,0.4,1,98.55,6,van,Low,Sunny,1.0
0.3894,-0.258819,-0.965926,-0.974928,-0.222521,10,12,16,3,0.8,1,234.63,0,van,Medium,Sandstorm,8.51
7.7035,-0.258819,-0.965926,0.781831,0.62349,5,1,5,3,0.25,0,89.32,22,van,Normal,Sandstorm,90.0
1.6451,0.0,-1.0,0.974928,-0.222521,3,2,8,5,0.2857,1,137.66,0,car,Jam,Sandstorm,50.97
4.1006,0.5,-0.866025,-0.974928,-0.222521,1,0,14,13,0.0,0,253.59,9,car,Normal,Sunny,48.67
1.6742,0.0,-1.0,0.0,1.0,3,13,15,1,0.9286,0,295.39,18,car,Medium,Sunny,19.12
0.4637,0.258819,-0.965926,0.974928,-0.222521,5,6,24,17,0.2609,1,295.51,35,van,Normal,Rainy,5.35
0.2421,-0.258819,-0.965926,0.433884,-0.900969,12,10,29,18,0.3571,1,105.53,1,car,Normal,Foggy,3.09
1.0688,0.258819,-0.965926,-0.974928,-0.222521,5,1,12,10,0.0909,1,256.43,1,van,Medium,Sunny,14.04
2.0426,-0.866025,-0.5,0.433884,-0.900969,1,4,7,2,0.6667,1,44.3,6,car,Low,Sunny,17.42
6.7443,-0.258819,-0.965926,-0.974928,-0.222521,11,3,16,12,0.2,1,49.27,0,car,Jam,Sunny,90.0
1.013,0.258819,-0.965926,0.0,1.0,1,13,19,5,0.7222,1,350.37,6,car,Medium,Sunny,9.63
2.6079,-0.5,-0.866025,0.974928,-0.222521,8,12,19,6,0.6667,1,25.3,6,car,Medium,Sandstorm,33.18
0.7666,-0.707107,-0.707107,0.0,1.0,1,5,10,4,0.5556,1,18.05,6,car,High,Sunny,15.37
0.9299,-0.258819,-0.965926,0.0,1.0,4,4,25,20,0.1667,1,112.28,0,car,High,Sandstorm,19.34
0.134,0.0,-1.0,0.781831,0.62349,10,8,21,12,0.4,1,194.6,6,car,High,Sunny,1.9
1.026,-0.965926,-0.258819,-0.974928,-0.222521,11,8,29,20,0.2857,1,213.22,1,van,High,Sunny,29.11
0.8506,-0.866025,-0.5,-0.781831,0.62349,3,17,37,19,0.4722,1,136.82,35,van,Normal,Sunny,14.0
5.4517,-0.965926,-0.258819,-0.781831,0.62349,4,23,25,1,0.9583,1,229.85,0,car,Normal,Sunny,65.51
0.3538,-0.258819,-0.965926,0.781831,0.62349,1,9,22,12,0.4286,1,314.71,1,van,High,Windy,7.94
1.2612,-0.5,-0.866025,0.433884,-0.900969,10,9,15,5,0.6429,1,55.02,0,car,Jam,Sunny,23.53
2.542,-0.258819,-0.965926,-0.781831,0.62349,4,21,24,2,0.913,0,170.83,-1,car,Normal,Windy,24.74
0.7601,0.258819,-0.965926,0.433884,-0.900969,6,2,11,8,0.2,1,42.81,1,car,Medium,Sunny,7.29
1.1792,0.0,-1.0,0.0,1.0,2,3,15,11,0.2143,1,36.76,0,van,High,Sunny,25.19
7.9189,-0.258819,-0.965926,0.0,1.0,1,1,5,3,0.25,0,87.56,22,car,Medium,Windy,90.0
0.5739,0.0,-1.0,-0.781831,0.62349,5,6,14,7,0.4615,1,37.21,0,car,High,Sunny,8.4
1.611,-0.258819,-0.965926,0.433884,-0.900969,6,0,14,13,0.0,1,347.17,1,car,Normal,Sunny,14.23
0.5107,-0.258819,-0.965926,0.781831,0.62349,4,13,16,2,0.8667,1,53.17,0,car,Jam,Sunny,11.07
2.8037,-0.5,-0.866025,0.781831,0.62349,6,9,12,2,0.8182,0,260.07,6,car,Normal,Rainy,25.02
0.3462,-0.866025,-0.5,0.0,1.0,1,29,37,7,0.8056,1,67.58,35,van,Low,Foggy,4.99
2.9817,-0.5,-0.866025,0.974928,-0.222521,1,8,12,3,0.7273,0,72.21,15,van,Medium,Windy,43.41
0.8602,-1.0,-0.0,-0.974928,-0.222521,8,5,12,6,0.4545,1,236.58,1,car,Low,Sunny,7.21
1.8098,-0.258819,-0.965926,0.974928,-0.222521,2,12,21,8,0.6,0,60.47,6,car,Normal,Sunny,16.37
0.2248,0.0,-1.0,-0.974928,-0.222521,8,8,21,12,0.4,1,18.76,6,van,Low,Sandstorm,2.57
0.6011,-0.707107,-0.707107,-0.974928,-0.222521,4,3,12,8,0.2727,1,328.13,0,car,Medium,Sunny,8.8
2.8695,-1.0,-0.0,0.781831,0.62349,2,1,7,5,0.1667,0,39.7,6,van,Normal,Sunny,48.29
0.4904,-0.866025,0.5,0.781831,0.62349,3,4,13,8,0.3333,1,38.34,1,van,Medium,Sunny,7.97
0.5074,-0.965926,-0.258819,0.433884,-0.900969,4,7,12,4,0.6364,1,108.32,6,car,Medium,Windy,8.2
2.285,-1.0,-0.0,0.781831,0.62349,11,12,19,6,0.6667,1,24.72,6,van,Medium,Sunny,49.1
0.4481,-0.258819,-0.965926,0.974928,-0.222521,3,22,29,6,0.7857,1,148.47,1,van,Medium,Sunny,7.61
0.9008,0.258819,-0.965926,0.974928,-0.222521,9,4,25,20,0.1667,1,95.24,0,car,High,Foggy,13.94
2.1005,-0.5,-0.866025,-0.974928,-0.222521,9,4,7,2,0.6667,1,44.7,0,car,High,Rainy,31.92
4.1974,-0.707107,-0.707107,0.974928,-0.222521,4,7,9,1,0.875,0,42.26,-1,van,High,Sunny,90.0
0.9008,-0.866025,-0.5,0.433884,-0.900969,7,3,13,9,0.25,1,171.84,0,car,High,Sunny,18.17
0.4514,-0.707107,-0.707107,0.781831,0.62349,8,1,11,9,0.1,1,252.0,1,car,Medium,Sunny,6.45
1.1235,0.0,-1.0,0.781831,0.62349,5,6,13,6,0.5,1,292.19,14,car,Medium,Sunny,13.13
1.1784,-0.258819,-0.965926,0.433884,-0.900969,12,12,14,1,0.9231,0,298.62,-1,car,Medium,Sunny,14.59
0.3401,-0.707107,-0.707107,-0.974928,-0.222521,8,0,25,24,0.0,1,81.66,0,car,Normal,Rainy,4.45
0.4249,-0.707107,-0.707107,0.433884,-0.900969,1,7,29,21,0.25,1,186.78,1,car,High,Sandstorm,12.66
2.6718,-0.707107,-0.707107,0.781831,0.62349,6,10,14,3,0.7692,1,206.76,1,van,Medium,Sunny,57.31
0.2922,0.0,-1.0,0.781831,0.62349,3,0,10,9,0.0,1,279.87,6,van,High,Sandstorm,8.52
1.4127,-0.5,-0.866025,0.0,1.0,4,6,10,3,0.6667,1,125.98,1,car,Low,Foggy,9.17
0.9656,0.0,-1.0,0.781831,0.62349,4,1,12,10,0.0909,1,2.14,1,van,Normal,Sunny,11.86
0.9168,0.0,-1.0,0.433884,-0.900969,3,19,29,9,0.6786,1,0.93,6,van,Medium,Sunny,15.47
1.71,0.0,-1.0,-0.974928,-0.222521,7,15,24,8,0.6522,0,101.51,16,car,High,Windy,29.76
0.7726,-0.5,-0.866025,0.781831,0.62349,7,3,7,3,0.5,1,36.21,6,van,Normal,Rainy,8.84
2.2389,-0.866025,-0.5,-0.781831,0.62349,11,1,25,23,0.0417,1,38.16,0,car,Medium,Windy,37.38
0.2005,0.0,-1.0,0.974928,-0.222521,6,5,21,15,0.25,1,126.92,0,van,High,Sunny,4.26
0.4655,0.258819,-0.965926,0.974928,-0.222521,10,11,24,12,0.4783,1,14.48,15,car,Low,Sunny,2.48
0.1289,0.258819,-0.965926,0.433884,-0.900969,3,5,21,15,0.25,1,271.0,0,car,High,Sunny,1.67
2.5044,-0.866025,-0.5,0.0,1.0,4,4,7,2,0.6667,1,45.46,0,van,Medium,Sandstorm,70.85
1.0367,-0.258819,-0.965926,0.974928,-0.222521,4,13,19,5,0.7222,1,338.4,6,car,Low,Foggy,8.76
4.3895,0.258819,-0.965926,-0.781831,0.62349,2,6,12,5,0.5455,1,54.66,1,car,Medium,Rainy,49.84
0.5878,-1.0,-0.0,0.433884,-0.900969,4,11,14,2,0.8462,1,175.51,0,van,Medium,Sunny,12.66
4.2906,-0.866025,-0.5,-0.781831,0.62349,12,4,7,2,0.6667,1,243.49,0,car,Medium,Sandstorm,88.29
0.9609,-0.258819,-0.965926,0.974928,-0.222521,4,23,37,13,0.6389,1,45.28,35,car,Low,Sandstorm,7.92
0.5365,-0.707107,-0.707107,0.781831,0.62349,5,7,13,5,0.5833,1,44.02,0,car,Low,Windy,4.95
1.4377,0.0,-1.0,-0.974928,-0.222521,4,7,11,3,0.7,1,67.56,1,car,High,Sunny,22.27
0.2779,0.0,-1.0,0.433884,-0.900969,12,10,13,2,0.8333,1,314.25,0,van,High,Sandstorm,7.41
1.4651,-0.965926,-0.258819,0.974928,-0.222521,3,6,10,3,0.6667,1,127.98,1,van,Normal,Foggy,30.22
2.4045,-0.965926,-0.258819,0.0,1.0,3,8,19,10,0.4444,0,80.83,6,car,Medium,Windy,39.64
1.0814,0.0,-1.0,-0.974928,-0.222521,1,21,37,15,0.5833,1,69.48,35,car,Medium,Sunny,14.01
0.5449,-0.5,-0.866025,0.781831,0.62349,5,17,24,6,0.7391,1,73.21,35,car,High,Sunny,7.04
3.2656,-0.258819,0.965926,0.974928,-0.222521,1,0,9,8,0.0,0,305.8,-1,car,Normal,Rainy,21.98
1.1973,-0.5,-0.866025,0.433884,-0.900969,4,3,12,8,0.2727,1,344.79,14,car,High,Sunny,16.91
1.0549,0.0,-1.0,0.781831,0.62349,4,6,13,6,0.5,1,272.02,14,van,Normal,Windy,15.58
3.7649,0.258819,-0.965926,0.433884,-0.900969,4,6,8,1,0.8571,0,25.57,18,car,Normal,Sunny,28.15
0.6185,-0.965926,-0.258819,0.0,1.0,3,20,24,3,0.8696,1,179.79,18,van,Normal,Sunny,10.89
0.525,0.0,-1.0,0.0,1.0,5,2,6,3,0.4,1,41.04,1,car,Low,Sunny,4.77
2.5041,0.0,-1.0,0.0,1.0,12,23,29,5,0.8214,1,242.75,1,van,Medium,Rainy,48.6
1.1401,-0.866025,-0.5,0.0,1.0,2,11,15,3,0.7857,1,287.38,0,car,Low,Foggy,13.57
1.9519,-0.5,-0.866025,0.433884,-0.900969,3,3,9,5,0.375,1,20.34,1,van,Medium,Sandstorm,34.6
0.3924,-0.258819,-0.965926,-0.781831,0.62349,10,6,22,15,0.2857,1,64.9,1,van,Low,Sunny,3.23
2.5315,0.258819,-0.965926,0.433884,-0.900969,12,0,7,6,0.0,1,267.91,0,car,High,Sunny,32.38
0.4987,-0.965926,0.258819,0.0,1.0,12,11,25,13,0.4583,1,189.62,0,car,Normal,Sunny,4.8
0.6769,-0.965926,-0.258819,-0.974928,-0.222521,3,4,12,7,0.3636,1,181.38,1,car,Normal,Sunny,7.79
0.1936,0.5,-0.866025,0.433884,-0.900969,7,10,12,1,0.9091,1,58.51,1,car,Jam,Sandstorm,7.23
0.5536,-0.965926,-0.258819,0.974928,-0.222521,3,10,21,10,0.5,1,140.67,0,van,Medium,Sunny,12.39
0.076,-0.707107,-0.707107,0.0,1.0,3,4,37,32,0.1111,1,282.15,35,van,Normal,Foggy,1.94
2.8026,0.258819,-0.965926,0.433884,-0.900969,12,23,29,5,0.8214,1,247.8,1,van,Medium,Sandstorm,49.07
0.61,-0.965926,-0.258819,0.433884,-0.900969,4,5,8,2,0.7143,1,324.53,16,van,Low,Sunny,6.52
0.4161,-0.866025,-0.5,-0.974928,-0.222521,4,7,12,4,0.6364,1,62.6,6,van,Medium,Windy,9.03
0.6263,-0.707107,0.707107,-0.781831,0.62349,1,4,12,7,0.3636,1,338.55,14,car,High,Sandstorm,7.46
2.6869,0.0,-1.0,-0.974928,-0.222521,1,1,7,5,0.1667,0,41.31,6,van,Medium,Foggy,55.64
0.7172,-0.258819,-0.965926,0.0,1.0,1,6,14,7,0.4615,1,40.73,0,car,Normal,Sunny,6.22
0.05,-1.0,-0.0,0.974928,-0.222521,4,10,15,4,0.7143,1,195.57,15,van,Medium,Sunny,1.21
0.2565,0.0,-1.0,0.433884,-0.900969,5,14,21,6,0.7,1,227.74,0,car,Jam,Windy,6.03
0.203,0.258819,-0.965926,0.781831,0.62349,11,19,29,9,0.6786,1,137.47,1,van,Normal,Sunny,3.25
0.6665,-0.707107,-0.707107,-0.781831,0.62349,1,4,12,7,0.3636,1,171.68,0,van,Jam,Sunny,27.64
0.9597,-0.866025,-0.5,0.433884,-0.900969,3,7,10,2,0.7778,0,9.95,-1,car,High,Sunny,19.48
2.1792,-0.866025,-0.5,0.433884,-0.900969,2,12,16,3,0.8,1,261.47,0,car,Normal,Windy,27.76
0.7598,-0.5,-0.866025,-0.781831,0.62349,5,2,12,9,0.1818,1,273.1,0,van,High,Sunny,13.84
1.7127,0.258819,-0.965926,0.974928,-0.222521,2,5,9,3,0.625,0,322.45,22,car,Medium,Sunny,16.66
1.4503,0.258819,-0.965926,0.781831,0.62349,1,10,13,2,0.8333,0,248.0,-1,van,Medium,Sunny,20.75
4.7592,-0.5,-0.866025,0.781831,0.62349,4,4,9,4,0.5,0,34.39,-1,car,Normal,Sunny,35.32
8.3125,0.0,-1.0,0.781831,0.62349,2,2,4,1,0.6667,1,230.91,0,car,Normal,Windy,82.59
3.1211,0.0,-1.0,0.0,1.0,8,13,27,13,0.5,0,328.22,-1,van,Medium,Sunny,50.0
7.0388,-0.707107,-0.707107,0.974928,-0.222521,8,1,16,14,0.0667,1,48.83,0,van,High,Sunny,90.0
2.9516,-0.5,-0.866025,0.433884,-0.900969,5,0,11,10,0.0,1,236.01,1,car,Normal,Sunny,22.04
0.9725,-0.965926,0.258819,-0.781831,0.62349,1,9,24,14,0.3913,0,101.71,15,car,Low,Sandstorm,8.53
0.3868,-0.866025,0.5,0.781831,0.62349,2,5,8,2,0.7143,0,176.84,-1,van,Medium,Rainy,6.23
0.3438,-0.5,-0.866025,-0.974928,-0.222521,1,0,25,24,0.0,1,61.87,0,van,Medium,Sandstorm,6.83
0.0926,-0.707107,-0.707107,0.433884,-0.900969,10,31,37,5,0.8611,1,34.06,35,van,Normal,Sunny,1.31
0.5283,-0.5,-0.866025,0.974928,-0.222521,12,24,29,4,0.8571,1,198.45,1,car,Medium,Sunny,4.46
0.3222,-0.258819,-0.965926,0.781831,0.62349,11,7,12,4,0.6364,1,215.84,1,car,High,Sunny,4.79
0.7295,-0.866025,-0.5,-0.781831,0.62349,3,7,10,2,0.7778,1,330.72,6,van,Medium,Sandstorm,21.41
0.7864,-0.965926,-0.258819,0.433884,-0.900969,11,6,19,12,0.3333,1,62.87,8,car,High,Sunny,16.92
0.7224,0.0,-1.0,0.433884,-0.900969,4,15,19,3,0.8333,1,255.44,6,car,High,Windy,11.64
6.3174,-0.258819,-0.965926,0.0,1.0,10,8,14,5,0.6154,0,249.86,1,car,Medium,Sunny,73.84
0.3086,-0.258819,-0.965926,0.433884,-0.900969,9,8,14,5,0.6154,1,41.98,0,car,Medium,Rainy,3.86
0.5747,-0.707107,0.707107,0.0,1.0,1,18,24,5,0.7826,1,346.02,18,car,Normal,Sunny,3.37
0.9656,-0.5,-0.866025,0.781831,0.62349,1,8,21,12,0.4,1,35.92,0,van,Normal,Windy,11.09
1.4658,-0.965926,0.258819,0.0,1.0,4,19,24,4,0.8261,1,14.37,18,van,Normal,Sandstorm,19.96
0.6632,0.5,-0.866025,0.433884,-0.900969,8,11,14,2,0.8462,1,146.61,0,van,High,Sandstorm,22.66
0.3653,-0.258819,-0.965926,0.781831,0.62349,9,2,37,34,0.0556,1,72.95,35,car,Medium,Windy,4.27
0.3368,-0.258819,-0.965926,0.974928,-0.222521,2,3,8,4,0.4286,1,350.63,0,car,Normal,Sandstorm,3.5
0.2425,-1.0,-0.0,-0.781831,0.62349,4,2,5,2,0.5,1,186.04,31,car,Normal,Rainy,3.07
0.8565,-0.965926,-0.258819,-0.781831,0.62349,2,2,4,1,0.6667,1,271.49,0,van,Normal,Sunny,14.42
2.2831,-0.258819,-0.965926,0.0,1.0,1,1,4,2,0.3333,0,262.86,-1,car,Jam,Sunny,52.61
0.304,-0.5,-0.866025,0.0,1.0,9,10,14,3,0.7692,1,262.32,18,van,High,Sandstorm,7.26
0.7868,-0.965926,-0.258819,0.974928,-0.222521,6,5,12,6,0.4545,1,3.96,8,van,High,Sunny,21.95
3.0769,-0.707107,0.707107,0.433884,-0.900969,9,3,5,1,0.75,0,44.28,-1,car,Normal,Windy,18.25
0.2262,-0.866025,-0.5,0.781831,0.62349,4,4,37,32,0.1111,1,232.86,35,car,Low,Sunny,2.61
0.4921,-0.258819,-0.965926,0.433884,-0.900969,5,3,8,4,0.4286,1,334.45,0,van,Low,Rainy,4.86
1.5549,0.0,-1.0,0.781831,0.62349,5,7,11,3,0.7,1,69.0,1,car,Low,Sunny,10.73
1.3562,-1.0,-0.0,0.433884,-0.900969,4,7,14,6,0.5385,1,297.96,1,van,Medium,Rainy,34.0
0.778,-0.707107,-0.707107,0.433884,-0.900969,1,8,13,4,0.6667,1,303.92,0,van,Normal,Sunny,13.21
0.5436,0.5,-0.866025,0.781831,0.62349,12,4,12,7,0.3636,1,351.94,14,car,Low,Sunny,5.6
0.2161,0.0,-1.0,-0.781831,0.62349,4,13,29,15,0.4643,1,259.69,6,car,Normal,Windy,1.46
0.3322,0.258819,-0.965926,0.974928,-0.222521,1,3,13,9,0.25,1,185.03,0,van,Medium,Sunny,5.0
0.4108,-0.5,-0.866025,0.781831,0.62349,1,8,37,28,0.2222,1,305.47,35,car,High,Sunny,5.18
0.91,-0.5,-0.866025,0.974928,-0.222521,4,2,18,15,0.1176,1,71.44,0,van,High,Sunny,16.01
2.031,-0.965926,0.258819,0.433884,-0.900969,7,4,7,2,0.6667,1,45.96,6,car,Jam,Sunny,37.69
0.4454,0.258819,-0.965926,0.433884,-0.900969,8,2,11,8,0.2,1,91.55,2,car,Medium,Sunny,4.2
4.2862,-0.707107,-0.707107,0.974928,-0.222521,7,4,7,2,0.6667,1,241.19,0,van,Medium,Sunny,90.0
1.1987,-0.5,-0.866025,0.433884,-0.900969,4,20,29,8,0.7143,1,9.71,6,car,High,Sunny,15.11
2.4438,-0.5,-0.866025,0.974928,-0.222521,12,4,7,2,0.6667,1,49.31,0,car,Medium,Windy,25.46
0.5179,0.0,-1.0,-0.781831,0.62349,1,6,13,6,0.5,1,243.63,0,car,Jam,Sandstorm,15.2
0.5502,-0.5,-0.866025,0.0,1.0,3,18,37,18,0.5,1,33.48,35,car,High,Sunny,8.04
0.9176,-0.5,-0.866025,0.974928,-0.222521,1,5,24,18,0.2174,1,96.89,35,van,Jam,Sandstorm,31.11
3.6968,-0.258819,-0.965926,-0.781831,0.62349,10,0,3,2,0.0,0,319.63,6,van,Normal,Sandstorm,61.71
2.2043,-0.5,-0.866025,-0.433884,-0.900969,2,4,7,2,0.6667,1,36.08,6,car,Medium,Rainy,25.0
2.6288,-0.5,-0.866025,0.974928,-0.222521,6,6,15,8,0.4286,0,2.09,0,car,Normal,Sunny,19.43
0.4928,-0.258819,-0.965926,0.781831,0.62349,12,2,10,7,0.2222,1,199.76,1,car,Medium,Sunny,5.53
0.2025,-0.258819,-0.965926,0.781831,0.62349,4,2,5,2,0.5,1,293.91,31,van,Medium,Sunny,2.98
0.3325,-0.5,-0.866025,0.781831,0.62349,4,23,37,13,0.6389,1,44.58,35,car,Low,Rainy,3.08
0.5691,-0.5,-0.866025,0.781831,0.62349,1,0,9,8,0.0,1,314.92,8,van,High,Sunny,10.25
0.5287,-0.707107,-0.707107,0.0,1.0,11,6,19,12,0.3333,1,87.42,8,car,Jam,Sunny,15.73
0.05,-0.965926,-0.258819,0.433884,-0.900969,4,9,29,19,0.3214,1,246.4,1,car,Medium,Rainy,2.2
0.4434,0.258819,-0.965926,-0.974928,-0.222521,2,8,11,2,0.8,1,46.0,1,car,Low,Sunny,2.43
4.1886,-0.707107,-0.707107,0.433884,-0.900969,4,3,27,23,0.1154,0,297.77,-1,car,Low,Sunny,35.95
0.6561,-0.965926,0.258819,0.0,1.0,4,5,12,6,0.4545,1,219.02,1,van,Low,Sunny,4.32
0.8576,-1.0,-0.0,0.781831,0.62349,3,9,15,5,0.6429,1,342.98,15,car,Low,Sunny,6.87
0.513,-0.258819,-0.965926,-0.974928,-0.222521,5,5,10,4,0.5556,1,17.68,6,car,Medium,Sunny,6.72
0.8546,-0.707107,-0.707107,0.0,1.0,4,20,37,16,0.5556,1,264.75,35,car,Normal,Sunny,9.91
3.728,-1.0,-0.0,0.0,1.0,8,2,7,4,0.3333,0,48.82,-1,car,Normal,Foggy,56.75
3.9968,-0.5,-0.866025,0.974928,-0.222521,4,2,8,5,0.2857,0,112.97,-1,van,Normal,Sunny,40.85
0.3398,-0.5,-0.866025,0.974928,-0.222521,9,10,13,2,0.8333,1,352.33,0,car,Low,Rainy,2.94
1.0478,-0.5,-0.866025,0.781831,0.62349,12,2,18,15,0.1176,1,72.32,0,van,Medium,Windy,14.59
0.655,-0.866025,-0.5,0.974928,-0.222521,10,4,12,7,0.3636,1,190.28,1,car,Jam,Sunny,19.95
0.8244,-0.258819,-0.965926,-0.974928,-0.222521,2,4,12,7,0.3636,1,167.88,0,car,Normal,Sunny,7.59
1.5285,-0.258819,-0.965926,0.974928,-0.222521,3,10,13,2,0.8333,0,248.78,-1,van,Normal,Rainy,22.44
0.2941,-0.965926,0.258819,0.781831,0.62349,8,8,13,4,0.6667,1,161.17,0,car,Medium,Windy,2.57
0.3587,-0.258819,-0.965926,-0.974928,-0.222521,3,1,4,2,0.3333,1,4.62,0,van,Normal,Rainy,4.84
3.0742,-0.258819,-0.965926,0.974928,-0.222521,4,8,12,3,0.7273,0,76.18,15,car,Normal,Sunny,29.77
8.05,0.258819,-0.965926,-0.974928,-0.222521,5,2,4,1,0.6667,1,230.9,0,van,Jam,Sunny,90.0
1.0593,0.258819,-0.965926,-0.781831,0.62349,4,3,9,5,0.375,0,122.17,-1,van,Jam,Rainy,32.84
0.1149,-0.707107,-0.707107,-0.781831,0.62349,4,10,22,11,0.4762,1,225.83,1,car,Medium,Sunny,1.95
0.4616,-0.258819,-0.965926,0.0,1.0,5,3,19,15,0.1667,1,291.47,8,car,Jam,Sunny,10.06
0.1415,-0.5,0.866025,-0.781831,0.62349,4,5,21,15,0.25,1,211.37,0,van,High,Sunny,3.03
0.44,-0.5,-0.866025,0.781831,0.62349,3,8,11,2,0.8,1,37.75,1,car,Jam,Sunny,8.53
2.0261,-0.5,-0.866025,0.433884,-0.900969,10,4,14,9,0.3077,1,193.61,1,van,Normal,Sandstorm,28.15
3.0976,-0.258819,-0.965926,-0.781831,0.62349,11,1,5,3,0.25,1,65.67,0,car,Medium,Sunny,36.31
1.8893,-0.5,-0.866025,0.433884,-0.900969,9,4,21,16,0.2,1,34.26,0,car,Normal,Windy,15.7
10.2281,0.0,-1.0,-0.781831,0.62349,10,6,8,1,0.8571,0,296.15,22,car,High,Sunny,90.0
0.2683,0.0,-1.0,0.433884,-0.900969,9,10,12,1,0.9091,1,357.54,1,car,Normal,Sunny,1.97
0.397,0.258819,-0.965926,0.781831,0.62349,1,0,21,20,0.0,1,340.85,9,van,Normal,Sunny,3.87
0.4161,-0.5,-0.866025,0.433884,-0.900969,1,9,14,4,0.6923,1,87.37,0,van,Medium,Sandstorm,7.92
2.1388,0.258819,-0.965926,0.781831,0.62349,2,2,9,6,0.25,0,31.54,10,van,High,Windy,40.91
1.9147,-0.5,-0.866025,-0.974928,-0.222521,10,3,9,5,0.375,1,16.59,1,van,High,Sunny,34.34
1.8106,-0.5,-0.866025,-0.974928,-0.222521,3,4,21,16,0.2,1,27.88,0,van,Normal,Sunny,19.43
2.3782,-1.0,-0.0,-0.974928,-0.222521,4,4,9,4,0.5,1,28.07,6,car,Medium,Sunny,36.96
1.7778,-0.5,-0.866025,0.433884,-0.900969,10,7,12,4,0.6364,1,2.98,1,car,Medium,Sunny,16.88
0.4787,0.0,-1.0,0.974928,-0.222521,1,6,13,6,0.5,1,28.31,0,car,Medium,Windy,6.38
1.3243,0.0,-1.0,-0.781831,0.62349,12,7,14,6,0.5385,1,298.03,1,car,Medium,Sunny,15.79
6.6178,-0.866025,-0.5,-0.974928,-0.222521,3,1,13,11,0.0833,1,52.42,0,car,Medium,Sunny,90.0
0.8889,-0.258819,-0.965926,0.781831,0.62349,3,5,14,8,0.3846,1,237.42,1,car,Medium,Sunny,9.84
2.9378,0.258819,-0.965926,0.433884,-0.900969,11,9,12,2,0.8182,0,264.13,6,car,Normal,Rainy,25.99
1.3396,-0.707107,0.707107,0.433884,-0.900969,3,11,29,17,0.3929,1,40.86,6,van,Normal,Sunny,9.88
1.5071,-0.965926,0.258819,0.781831,0.62349,11,8,14,5,0.6154,1,107.05,0,van,Normal,Rainy,18.08
5.83,0.0,-1.0,-0.781831,0.62349,12,4,8,3,0.5714,0,254.73,-1,car,Medium,Rainy,80.19
7.8985,-0.258819,-0.965926,0.974928,-0.222521,9,5,15,9,0.3571,0,28.03,6,van,Jam,Sandstorm,90.0
0.642,-0.258819,-0.965926,0.0,1.0,11,6,11,4,0.6,1,337.98,1,car,Normal,Foggy,7.07
0.1006,-0.866025,-0.5,-0.781831,0.62349,4,5,11,5,0.5,1,58.92,2,car,Normal,Sunny,1.58
1.3208,-0.258819,-0.965926,0.781831,0.62349,3,12,14,1,0.9231,0,298.44,-1,van,Normal,Rainy,19.45
5.4841,0.0,-1.0,0.974928,-0.222521,2,2,8,5,0.2857,0,54.07,15,car,Jam,Sunny,90.0
5.598,0.0,-1.0,0.781831,0.62349,3,2,8,5,0.2857,0,54.3,15,van,Normal,Sunny,70.53
0.0713,0.0,-1.0,-0.974928,-0.222521,4,0,19,18,0.0,1,5.64,9,van,Normal,Sunny,1.0
1.5641,-0.5,-0.866025,0.433884,-0.900969,4,0,13,12,0.0,1,234.86,0,car,Normal,Sunny,11.16
1.0975,0.0,-1.0,-0.781831,0.62349,10,5,13,7,0.4167,1,64.29,0,car,High,Sunny,17.45
0.572,0.258819,-0.965926,-0.974928,-0.222521,11,9,14,4,0.6923,1,56.91,0,van,Medium,Sunny,7.76
0.8795,0.0,-1.0,0.433884,-0.900969,2,8,12,3,0.7273,1,314.71,0,car,Jam,Sunny,19.42
0.2177,-0.258819,-0.965926,0.974928,-0.222521,2,5,13,7,0.4167,1,273.51,0,car,Normal,Sunny,2.45
2.2812,-0.707107,-0.707107,-0.781831,0.62349,4,0,7,6,0.0,1,271.84,0,car,Medium,Sunny,34.92
6.4565,-0.258819,-0.965926,0.781831,0.62349,6,0,9,8,0.0,0,74.95,-1,van,High,Sunny,90.0
0.7742,-0.965926,-0.258819,0.0,1.0,12,3,10,6,0.3333,1,215.1,1,van,Low,Sunny,9.09
0.5424,-0.965926,-0.258819,-0.974928,-0.222521,11,29,37,7,0.8056,1,31.33,35,car,High,Sunny,11.16
0.1796,0.0,-1.0,0.433884,-0.900969,4,10,29,18,0.3571,1,134.11,1,car,High,Sunny,3.05
1.6633,-0.5,-0.866025,0.974928,-0.222521,4,5,11,5,0.5,1,227.88,1,van,Medium,Windy,23.6
0.9951,-0.5,-0.866025,0.433884,-0.900969,10,3,10,6,0.3333,1,204.31,1,car,Medium,Sunny,9.81
0.1444,-0.258819,-0.965926,-0.781831,0.62349,3,10,15,4,0.7143,1,99.2,15,car,Normal,Sunny,1.0
0.6762,-0.258819,-0.965926,0.433884,-0.900969,4,8,12,3,0.7273,1,304.91,0,van,High,Windy,15.75
2.5428,-0.258819,0.965926,0.433884,-0.900969,7,1,7,5,0.1667,0,44.73,6,car,Low,Windy,11.09
3.8839,-0.5,-0.866025,0.433884,-0.900969,2,0,3,2,0.0,0,322.1,6,car,Normal,Windy,32.09
0.623,-0.707107,-0.707107,0.0,1.0,4,4,12,7,0.3636,1,189.52,1,van,Low,Windy,8.02
0.3423,-0.258819,-0.965926,0.0,1.0,1,35,37,1,0.9722,1,1.72,35,van,Normal,Sunny,4.54
1.4543,-0.5,-0.866025,0.0,1.0,9,1,37,35,0.0278,1,120.27,35,van,Medium,Sunny,20.92
0.4586,0.0,-1.0,0.781831,0.62349,2,5,18,12,0.2941,1,58.86,0,car,High,Sunny,10.62
1.0027,-0.866025,-0.5,0.433884,-0.900969,4,7,15,7,0.5,1,359.39,0,van,High,Rainy,34.38
0.089,-0.5,-0.866025,0.781831,0.62349,10,18,21,2,0.9,1,249.92,5,van,Low,Sunny,1.39
1.1314,0.0,-1.0,0.974928,-0.222521,1,4,8,3,0.5714,1,277.53,0,van,High,Sunny,24.34
0.4107,-0.5,-0.866025,0.781831,0.62349,4,6,13,6,0.5,1,218.75,0,van,Medium,Windy,5.43
10.2638,-0.866025,-0.5,0.0,1.0,11,6,8,1,0.8571,0,298.47,22,van,Medium,Sunny,90.0
2.7148,-0.5,-0.866025,0.974928,-0.222521,4,6,11,4,0.6,1,23.96,1,car,Medium,Sunny,25.5
0.8042,-0.866025,-0.5,0.974928,-0.222521,2,10,14,3,0.7692,1,179.85,0,car,Normal,Sunny,9.35
6.915,-0.5,-0.866025,0.0,1.0,1,23,25,1,0.9583,1,244.22,0,van,Medium,Sunny,90.0
0.7764,-0.258819,-0.965926,0.974928,-0.222521,9,0,12,11,0.0,0,111.93,14,car,Medium,Sunny,9.4
0.3547,-0.5,-0.866025,0.781831,0.62349,5,3,22,18,0.1429,1,340.27,1,van,Jam,Windy,11.04
2.1702,-0.965926,-0.258819,0.974928,-0.222521,2,4,7,2,0.6667,1,47.15,6,car,Medium,Sunny,33.43
1.3195,-0.965926,-0.258819,0.781831,0.62349,8,5,19,13,0.2778,1,359.75,8,car,Jam,Windy,42.62
12.2255,-0.5,-0.866025,0.433884,-0.900969,9,0,5,4,0.0,0,31.35,16,car,Normal,Sunny,90.0
0.4574,-1.0,-0.0,-0.433884,-0.900969,5,4,37,32,0.1111,1,148.16,35,car,Medium,Foggy,8.72
1.6092,-0.5,-0.866025,-0.974928,-0.222521,4,10,16,5,0.6667,1,53.73,0,car,Normal,Sunny,11.95
0.3055,-0.866025,0.5,0.0,1.0,7,7,29,21,0.25,1,260.74,1,car,Low,Sunny,1.17
1.2134,-0.866025,-0.5,-0.974928,-0.222521,11,10,37,26,0.2778,1,310.25,35,van,Normal,Sunny,22.19
5.5865,0.0,-1.0,0.0,1.0,2,5,14,8,0.3846,1,45.75,0,van,Medium,Sandstorm,90.0
1.8174,-0.5,-0.866025,0.974928,-0.222521,5,5,15,9,0.3571,0,114.43,-1,van,Normal,Sunny,19.69
2.023,0.258819,-0.965926,0.0,1.0,1,2,7,4,0.3333,1,10.46,6,car,Normal,Sunny,15.14
0.7949,-0.258819,-0.965926,0.0,1.0,11,20,37,16,0.5556,1,282.8,35,van,Medium,Windy,14.42
0.6188,-0.707107,-0.707107,0.433884,-0.900969,3,2,15,12,0.1429,1,104.39,0,car,Normal,Sunny,7.6
1.2939,-0.707107,-0.707107,0.433884,-0.900969,10,9,12,2,0.8182,1,312.82,0,van,High,Sunny,37.72
0.9719,-0.5,-0.866025,-0.974928,-0.222521,3,2,15,12,0.1429,1,96.14,0,van,High,Sunny,17.77
0.2519,-0.5,-0.866025,-0.974928,-0.222521,5,10,29,18,0.3571,1,118.95,1,car,Medium,Sunny,1.92
0.4545,-0.866025,-0.5,0.0,1.0,4,10,14,3,0.7692,1,154.3,0,van,High,Sunny,13.07
1.5668,-0.866025,-0.5,0.974928,-0.222521,9,24,29,4,0.8571,1,269.36,6,car,Medium,Sunny,24.45
0.2781,-1.0,-0.0,0.974928,-0.222521,4,14,25,10,0.5833,1,64.04,0,van,Low,Windy,3.12
1.5513,-0.5,-0.866025,0.781831,0.62349,7,0,14,13,0.0,1,3.0,1,car,Low,Windy,8.53
2.8842,-0.707107,-0.707107,0.974928,-0.222521,9,3,5,1,0.75,0,49.57,-1,van,Low,Sunny,35.36
2.0826,-0.5,-0.866025,0.0,1.0,8,3,9,5,0.375,1,19.41,1,car,Low,Sunny,10.95
1.4738,0.0,-1.0,0.781831,0.62349,4,7,12,4,0.6364,1,356.98,1,van,Medium,Sunny,24.4
1.516,-0.258819,0.965926,-0.974928,-0.222521,4,2,8,5,0.2857,1,142.79,0,van,High,Sandstorm,26.65
2.3746,-0.258819,-0.965926,-0.974928,-0.222521,6,7,13,5,0.5833,0,201.69,-1,car,Low,Sunny,15.4
0.4431,-0.5,-0.866025,0.433884,-0.900969,12,2,11,8,0.2,1,200.29,1,car,Low,Sandstorm,3.42
3.0594,-0.866025,0.5,0.781831,0.62349,1,1,19,17,0.0556,0,347.22,8,car,Low,Sunny,16.89
3.3477,-0.258819,-0.965926,0.781831,0.62349,4,7,12,4,0.6364,1,217.12,1,car,Normal,Rainy,35.4
0.3403,0.0,-1.0,0.0,1.0,5,7,12,4,0.6364,1,318.17,1,van,Normal,Sunny,4.6
3.2008,-0.707107,-0.707107,-0.974928,-0.222521,1,1,19,17,0.0556,0,348.2,8,van,Medium,Sunny,68.28
0.6282,-0.258819,-0.965926,0.0,1.0,3,2,9,6,0.25,1,327.75,1,car,Medium,Sunny,6.94
0.5962,0.258819,-0.965926,-0.781831,0.62349,2,6,9,2,0.75,0,305.8,-1,car,Medium,Sandstorm,7.43
0.2714,-0.258819,-0.965926,-0.781831,0.62349,11,5,21,15,0.25,1,125.31,0,van,Medium,Sunny,3.91
5.4378,0.0,-1.0,-0.974928,-0.222521,4,14,16,1,0.9333,1,230.32,0,car,Normal,Sunny,49.65
0.05,0.0,-1.0,0.974928,-0.222521,11,6,8,1,0.8571,1,185.11,30,van,Medium,Sunny,1.0
1.2989,0.0,-1.0,-0.781831,0.62349,1,1,9,7,0.125,0,173.55,-1,van,Medium,Foggy,26.27
1.6523,0.0,-1.0,-0.433884,-0.900969,10,5,14,8,0.3846,0,234.22,6,car,Medium,Rainy,22.78
0.9802,-0.5,-0.866025,-0.781831,0.62349,4,2,16,13,0.1333,1,35.65,0,car,Normal,Rainy,8.01
0.6509,-0.5,-0.866025,0.433884,-0.900969,1,23,27,3,0.8846,1,192.08,12,car,High,Sunny,7.8
8.1472,0.258819,-0.965926,0.433884,-0.900969,12,5,15,9,0.3571,0,29.53,6,car,Normal,Sunny,60.85
0.2925,-0.258819,-0.965926,0.974928,-0.222521,4,0,9,8,0.0,1,292.76,1,car,Medium,Sunny,3.33
2.5595,-0.965926,-0.258819,0.974928,-0.222521,1,3,9,5,0.375,0,94.89,6,car,Medium,Sunny,39.87
2.3016,-0.965926,0.258819,0.433884,-0.900969,11,6,21,14,0.3,0,59.09,6,van,Low,Windy,18.23
0.4349,-0.5,0.866025,-0.781831,0.62349,7,12,25,12,0.5,1,89.72,0,car,Normal,Sunny,3.1
0.4157,-1.0,-0.0,0.781831,0.62349,4,0,16,15,0.0,1,354.0,0,car,Normal,Sunny,5.05
3.03,-0.965926,-0.258819,0.781831,0.62349,11,9,11,1,0.9,1,61.08,1,van,Medium,Sunny,64.84
1.5472,-0.866025,-0.5,0.974928,-0.222521,11,2,21,18,0.1,1,64.85,0,car,High,Sunny,33.67
1.8782,0.0,-1.0,0.433884,-0.900969,3,3,14,10,0.2308,1,231.19,1,car,High,Sunny,30.12
0.2734,-0.258819,-0.965926,0.974928,-0.222521,4,14,24,9,0.6087,1,174.16,15,car,Normal,Windy,2.7
0.2497,-0.5,-0.866025,0.781831,0.62349,4,7,10,2,0.7778,1,221.8,0,van,Normal,Sunny,2.06
1.3509,0.0,-1.0,0.781831,0.62349,8,6,12,5,0.5455,1,218.21,1,car,Medium,Sandstorm,24.06
0.9349,-0.258819,-0.965926,0.974928,-0.222521,11,10,18,7,0.5882,1,3.6,0,car,Medium,Sunny,10.87
0.5925,0.258819,-0.965926,-0.781831,0.62349,1,2,12,9,0.1818,1,264.41,0,car,Medium,Rainy,7.19
0.5727,-0.965926,-0.258819,0.433884,-0.900969,11,8,12,3,0.7273,1,216.58,1,car,High,Sunny,12.06
3.52,-0.707107,-0.707107,-0.974928,-0.222521,5,3,7,3,0.5,0,180.33,-1,van,Medium,Windy,81.28
0.435,-0.258819,-0.965926,-0.974928,-0.222521,11,9,22,12,0.4286,1,322.67,1,car,Jam,Sunny,10.45
1.1909,-0.258819,-0.965926,-0.974928,-0.222521,2,10,15,4,0.7143,1,154.29,0,car,Normal,Windy,12.43
2.491,-1.0,-0.0,0.781831,0.62349,8,21,24,2,0.913,0,169.45,-1,car,Normal,Sunny,30.37
0.6549,-0.707107,-0.707107,0.781831,0.62349,11,6,11,4,0.6,1,50.56,1,car,Medium,Foggy,12.48
1.017,-0.258819,-0.965926,0.0,1.0,9,3,16,12,0.2,1,148.17,0,van,High,Sandstorm,29.42
0.719,-1.0,-0.0,0.974928,-0.222521,3,7,11,3,0.7,1,284.19,1,car,High,Sunny,15.03
3.6748,-0.866025,-0.5,0.781831,0.62349,2,1,10,8,0.1111,0,272.57,1,car,Normal,Foggy,55.04
0.1506,0.258819,-0.965926,-0.974928,-0.222521,10,13,29,15,0.4643,1,8.95,6,van,Jam,Sunny,3.97
1.3828,0.258819,-0.965926,0.0,1.0,11,2,4,1,0.6667,0,306.25,-1,van,Jam,Sunny,35.52
0.5879,-0.965926,-0.258819,0.0,1.0,4,3,8,4,0.4286,1,51.73,1,van,Medium,Rainy,14.64
2.1686,-1.0,-0.0,-0.974928,-0.222521,8,4,7,2,0.6667,1,45.79,6,car,Medium,Sunny,33.21
0.3004,-0.5,-0.866025,0.0,1.0,11,5,11,5,0.5,1,69.55,2,car,Medium,Windy,2.73
0.7432,0.0,-1.0,0.433884,-0.900969,5,3,12,8,0.2727,1,320.81,0,car,Medium,Sunny,8.84
0.122,-0.258819,-0.965926,-0.781831,0.62349,1,9,11,1,0.9,1,256.26,1,car,High,Sunny,1.54
1.6073,0.258819,-0.965926,-0.974928,-0.222521,2,3,8,4,0.4286,0,309.15,-1,car,Normal,Rainy,14.51
0.6289,-1.0,-0.0,0.433884,-0.900969,4,1,13,11,0.0833,1,37.04,2,car,Low,Sunny,5.81
0.7375,-0.258819,-0.965926,-0.974928,-0.222521,8,0,13,12,0.0,1,142.07,14,car,High,Sunny,11.03
0.0786,-1.0,-0.0,0.433884,-0.900969,5,9,12,2,0.8182,1,242.45,14,car,Medium,Windy,1.65
0.1905,-0.5,-0.866025,0.433884,-0.900969,4,2,12,9,0.1818,1,73.15,14,van,Jam,Sandstorm,6.09
0.8458,-0.5,-0.866025,-0.974928,-0.222521,4,22,24,1,0.9565,1,185.53,35,car,Normal,Sunny,6.37
1.9726,0.258819,-0.965926,-0.781831,0.62349,2,7,13,5,0.5833,0,199.31,-1,van,High,Rainy,41.47
2.3039,-0.258819,-0.965926,-0.781831,0.62349,11,4,7,2,0.6667,1,42.88,6,van,Jam,Sunny,72.31
0.05,-0.5,-0.866025,0.781831,0.62349,8,1,15,13,0.0714,1,165.55,9,van,Normal,Sandstorm,1.0
3.4035,-0.866025,0.5,0.781831,0.62349,4,3,13,9,0.25,1,56.59,0,car,Low,Sunny,19.37
2.5485,-0.258819,-0.965926,-0.781831,0.62349,9,1,4,2,0.3333,0,256.21,-1,car,Medium,Sandstorm,39.38
1.3375,-0.707107,-0.707107,0.974928,-0.222521,4,6,9,2,0.75,0,236.42,-1,van,Normal,Sandstorm,30.4
1.2373,-0.965926,0.258819,0.0,1.0,5,2,10,7,0.2222,0,4.19,17,car,High,Sunny,17.18
1.6984,-1.0,-0.0,0.433884,-0.900969,7,10,13,2,0.8333,0,238.65,-1,van,High,Sunny,48.68
6.9612,-0.258819,-0.965926,0.974928,-0.222521,4,9,14,4,0.6923,0,45.3,18,van,Normal,Sunny,87.81
3.4458,-0.707107,-0.707107,0.781831,0.62349,2,3,9,5,0.375,0,83.91,6,van,Medium,Sunny,74.2
0.4569,-0.258819,-0.965926,-0.781831,0.62349,6,13,24,10,0.5652,1,281.69,15,car,High,Sunny,8.72
0.4385,-0.965926,-0.258819,0.781831,0.62349,1,5,8,2,0.7143,0,139.39,-1,van,High,Sunny,13.5
0.1028,-0.5,-0.866025,0.974928,-0.222521,10,22,37,14,0.6111,1,297.05,35,van,High,Sunny,1.1
1.0076,0.0,-1.0,-0.974928,-0.222521,1,1,17,15,0.0625,1,342.69,1,car,High,Sunny,15.56
0.4624,-0.707107,-0.707107,0.974928,-0.222521,11,3,13,9,0.25,1,338.89,1,van,Medium,Rainy,11.6
0.48,0.0,-1.0,-0.974928,-0.222521,5,12,16,3,0.8,1,265.28,0,van,High,Sunny,10.19
0.9509,-0.5,-0.866025,0.781831,0.62349,7,3,16,12,0.2,1,159.52,0,van,High,Sunny,16.27
4.8607,0.258819,-0.965926,0.781831,0.62349,1,0,10,9,0.0,0,49.49,2,van,Low,Sunny,35.68
2.8757,-0.965926,-0.258819,-0.974928,-0.222521,3,10,14,3,0.7692,1,210.03,1,car,Medium,Rainy,52.16
0.9982,-0.965926,-0.258819,0.433884,-0.900969,11,3,12,8,0.2727,1,322.86,1,car,Medium,Sunny,16.59
1.9096,0.0,-1.0,0.0,1.0,4,11,37,25,0.3056,1,154.31,35,car,Low,Foggy,15.06
1.3132,-0.258819,-0.965926,-0.974928,-0.222521,11,6,13,6,0.5,1,286.12,1,car,Normal,Windy,12.83
0.6119,-0.5,-0.866025,0.0,1.0,5,0,10,9,0.0,1,244.4,6,car,Medium,Sunny,8.41
0.519,-0.5,-0.866025,0.974928,-0.222521,4,13,24,10,0.5652,1,2.35,35,car,Normal,Sunny,4.43
0.1881,-0.5,-0.866025,0.974928,-0.222521,7,3,14,10,0.2308,1,59.02,15,car,Jam,Sunny,3.19
8.5594,-0.5,-0.866025,0.974928,-0.222521,4,0,5,4,0.0,0,237.67,9,car,Medium,Windy,88.54
0.9792,-0.707107,0.707107,-0.781831,0.62349,4,10,29,18,0.3571,0,27.69,6,car,Medium,Sunny,6.74
0.5576,-0.965926,-0.258819,-0.974928,-0.222521,3,6,13,6,0.5,1,221.29,0,van,High,Windy,17.38
0.5889,-0.707107,-0.707107,0.433884,-0.900969,1,8,14,5,0.6154,1,320.06,15,car,Medium,Sunny,10.2
3.1919,-0.258819,-0.965926,0.781831,0.62349,3,6,8,1,0.8571,1,71.77,1,car,Medium,Rainy,44.13
0.5464,-0.258819,-0.965926,0.781831,0.62349,4,18,37,18,0.5,1,43.45,35,car,High,Sunny,8.75
0.2623,-0.707107,-0.707107,0.0,1.0,4,2,11,8,0.2,1,271.3,1,van,Medium,Sandstorm,8.23
0.1962,-0.707107,-0.707107,-0.974928,-0.222521,4,9,11,1,0.9,1,145.02,1,car,Medium,Windy,3.04
4.4683,-0.965926,-0.258819,0.0,1.0,4,0,10,9,0.0,0,44.46,2,van,Medium,Sandstorm,90.0
0.4342,0.0,-1.0,0.0,1.0,10,5,12,6,0.4545,1,155.15,1,car,Normal,Sunny,3.96
0.8525,-0.965926,-0.258819,-0.781831,0.62349,11,9,17,7,0.5625,1,146.65,1,van,Jam,Sunny,35.57
4.906,-0.866025,-0.5,-0.781831,0.62349,2,7,11,3,0.7,0,175.35,-1,van,High,Sunny,90.0
0.4088,0.258819,-0.965926,0.974928,-0.222521,5,14,29,14,0.5,1,355.21,6,van,Jam,Sunny,11.01
2.1973,-0.707107,-0.707107,0.781831,0.62349,3,17,24,6,0.7391,0,36.88,18,van,Jam,Sunny,90.0
5.307,-0.866025,-0.5,0.0,1.0,9,2,8,5,0.2857,0,57.8,15,car,Medium,Sandstorm,90.0
2.8938,0.0,-1.0,0.433884,-0.900969,4,10,14,3,0.7692,1,205.11,1,car,Medium,Sunny,34.26
0.7598,0.258819,-0.965926,-0.974928,-0.222521,4,6,12,5,0.5455,1,228.49,0,car,High,Rainy,11.53
1.5368,-0.5,-0.866025,0.781831,0.62349,4,13,21,7,0.65,1,69.22,6,car,High,Sunny,21.49
3.2901,-0.965926,-0.258819,-0.974928,-0.222521,12,9,11,1,0.9,1,57.93,1,car,Normal,Sunny,39.73
0.6298,0.0,-1.0,-0.974928,-0.222521,3,4,14,9,0.3077,1,230.41,4,car,Normal,Sunny,5.2
0.3672,-0.965926,-0.258819,0.433884,-0.900969,11,6,13,6,0.5,1,26.47,0,car,Medium,Rainy,7.78
5.2733,-0.707107,-0.707107,0.0,1.0,1,14,16,1,0.9333,1,231.04,0,car,Normal,Sunny,63.37
2.6586,-0.707107,0.707107,0.974928,-0.222521,3,21,24,2,0.913,0,169.84,-1,van,Medium,Sunny,27.19
0.3213,-0.707107,-0.707107,0.0,1.0,1,1,22,20,0.0476,1,24.8,1,van,Jam,Sunny,13.41
0.7885,0.0,-1.0,-0.974928,-0.222521,10,4,11,6,0.4,1,239.69,1,car,Medium,Sunny,8.92
0.2881,-0.258819,-0.965926,0.433884,-0.900969,1,9,22,12,0.4286,1,309.9,1,van,Normal,Windy,4.67
3.6472,0.0,-1.0,-0.781831,0.62349,3,0,7,6,0.0,0,338.2,8,van,Normal,Windy,49.32
3.8474,-0.866025,-0.5,-0.781831,0.62349,9,6,12,5,0.5455,0,52.74,6,van,Medium,Sunny,82.01
0.6418,-0.707107,-0.707107,0.974928,-0.222521,8,6,11,4,0.6,1,345.22,1,van,Jam,Sandstorm,35.48
2.366,-0.5,-0.866025,0.974928,-0.222521,10,1,25,23,0.0417,1,46.39,0,van,Normal,Sunny,27.71
0.8904,-0.258819,-0.965926,0.0,1.0,4,7,13,5,0.5833,1,212.61,1,car,High,Windy,14.82
1.6661,-0.5,-0.866025,0.433884,-0.900969,4,15,24,8,0.6522,0,91.54,16,car,Medium,Sunny,16.62
0.3812,0.258819,-0.965926,0.974928,-0.222521,4,5,9,3,0.625,1,108.61,1,car,High,Sunny,5.65
0.1461,-0.258819,-0.965926,0.974928,-0.222521,5,2,11,8,0.2,1,351.25,1,van,Medium,Rainy,3.39
0.7455,-0.258819,-0.965926,0.781831,0.62349,4,2,4,1,0.6667,1,249.25,0,car,High,Sunny,12.39
1.3414,0.258819,-0.965926,0.781831,0.62349,2,6,13,6,0.5,1,291.92,14,car,Normal,Windy,10.94
0.338,0.0,-1.0,-0.974928,-0.222521,4,8,37,28,0.2222,1,235.77,35,van,Medium,Windy,6.1
0.4773,-0.866025,-0.5,0.0,1.0,11,2,17,14,0.125,1,251.62,1,van,Normal,Sunny,8.66
0.4229,0.0,-1.0,-0.781831,0.62349,2,5,10,4,0.5556,1,261.49,17,car,Normal,Rainy,4.56
2.8071,0.258819,-0.965926,-0.974928,-0.222521,4,4,8,3,0.5714,0,75.58,16,car,Low,Rainy,17.24
1.4279,-0.5,-0.866025,0.781831,0.62349,4,10,12,1,0.9091,0,256.07,-1,van,Medium,Sunny,19.17
1.451,-0.5,-0.866025,0.0,1.0,4,8,14,5,0.6154,1,102.16,0,car,Jam,Sunny,27.7
1.4372,-0.5,-0.866025,0.781831,0.62349,5,6,13,6,0.5,1,284.6,1,van,Medium,Windy,20.83
1.4126,-0.5,-0.866025,0.433884,-0.900969,4,7,17,9,0.4375,1,303.42,1,van,Normal,Sunny,14.17
5.8751,-0.707107,-0.707107,0.781831,0.62349,8,0,14,13,0.0,1,52.11,0,car,Medium,Sunny,90.0
1.7861,-0.258819,-0.965926,0.433884,-0.900969,4,7,21,13,0.35,1,50.22,0,van,Medium,Sunny,29.08
6.8021,0.258819,-0.965926,0.433884,-0.900969,2,1,13,11,0.0833,1,54.34,0,van,Normal,Sunny,70.72
8.3322,-0.258819,-0.965926,0.974928,-0.222521,6,2,4,1,0.6667,1,231.99,0,van,Normal,Sandstorm,90.0
1.0845,0.0,-1.0,0.781831,0.62349,3,4,25,20,0.1667,1,115.75,0,car,Medium,Sunny,13.53
1.6123,0.0,-1.0,0.433884,-0.900969,4,3,9,5,0.375,1,28.32,1,van,High,Sunny,36.94
0.0637,-0.5,-0.866025,0.0,1.0,8,6,8,1,0.8571,1,224.11,30,car,Normal,Sunny,1.44
0.2078,-0.258819,-0.965926,-0.781831,0.62349,9,8,17,8,0.5,1,195.43,1,van,Normal,Sandstorm,4.64
6.7742,-0.5,-0.866025,0.0,1.0,1,1,16,14,0.0667,1,47.71,0,car,High,Rainy,90.0
1.4653,0.258819,-0.965926,-0.974928,-0.222521,11,6,29,22,0.2143,0,5.73,10,van,Jam,Sunny,38.09
1.0982,0.258819,-0.965926,0.781831,0.62349,11,0,17,16,0.0,1,329.16,1,van,Medium,Rainy,18.19
0.0673,-0.707107,-0.707107,0.974928,-0.222521,4,0,13,12,0.0,1,273.29,0,car,High,Sunny,2.4
0.2511,-0.707107,-0.707107,0.433884,-0.900969,5,7,29,21,0.25,1,311.03,1,van,Normal,Rainy,4.6
0.6617,-0.258819,-0.965926,-0.781831,0.62349,6,5,8,2,0.7143,1,301.58,30,van,Normal,Rainy,10.89
1.1944,-0.258819,-0.965926,-0.781831,0.62349,4,6,9,2,0.75,0,244.98,-1,van,Normal,Sunny,15.53
1.0923,-0.258819,-0.965926,-0.781831,0.62349,7,4,12,7,0.3636,1,25.81,8,car,Medium,Sunny,14.12
1.1532,-0.258819,-0.965926,-0.974928,-0.222521,5,3,11,7,0.3,1,237.0,1,car,Medium,Foggy,17.11
2.5431,-1.0,-0.0,0.781831,0.62349,7,6,15,8,0.4286,0,353.44,0,van,Normal,Windy,45.48
0.7408,0.0,-1.0,0.781831,0.62349,11,6,13,6,0.5,1,190.03,0,van,Medium,Sunny,12.27
0.3635,-0.258819,-0.965926,0.433884,-0.900969,4,1,4,2,0.3333,1,328.88,0,van,Medium,Sunny,5.73
0.9234,-0.258819,-0.965926,0.0,1.0,2,2,27,24,0.0769,0,334.18,-1,van,Medium,Windy,16.05
1.1061,-0.258819,-0.965926,-0.974928,-0.222521,2,11,13,1,0.9167,1,260.73,0,car,Normal,Foggy,12.37
1.4246,0.0,-1.0,0.781831,0.62349,10,1,16,14,0.0667,1,153.84,0,car,High,Sandstorm,29.39
0.1615,-0.5,0.866025,0.433884,-0.900969,11,8,12,3,0.7273,1,192.11,14,car,Jam,Rainy,2.4
0.5078,-0.5,-0.866025,0.974928,-0.222521,4,4,12,7,0.3636,1,165.26,0,van,Medium,Sunny,6.14
0.4203,-0.965926,-0.258819,0.433884,-0.900969,4,14,19,4,0.7778,1,229.78,6,car,Medium,Sunny,6.56
0.2068,-0.5,0.866025,0.974928,-0.222521,8,5,10,4,0.5556,1,55.69,1,car,Jam,Sunny,2.47
4.6164,0.258819,-0.965926,0.0,1.0,6,1,11,9,0.1,0,51.75,2,car,Medium,Sunny,44.5
1.4706,-0.707107,-0.707107,0.433884,-0.900969,9,2,4,1,0.6667,0,295.06,-1,car,Normal,Sunny,17.64
0.7196,-0.5,-0.866025,0.433884,-0.900969,2,8,11,2,0.8,1,65.44,1,van,Medium,Sunny,10.12
2.2635,-0.5,-0.866025,0.974928,-0.222521,4,1,3,1,0.5,0,204.05,-1,car,Medium,Sunny,21.92
7.3214,0.258819,-0.965926,-0.781831,0.62349,12,0,10,9,0.0,1,46.32,0,van,Normal,Windy,81.31
1.4569,-0.707107,-0.707107,0.974928,-0.222521,4,11,17,5,0.6875,1,247.82,1,van,High,Rainy,50.38
0.266,-0.258819,-0.965926,0.433884,-0.900969,2,7,14,6,0.5385,1,109.49,0,car,Low,Windy,1.46
0.9906,-0.258819,-0.965926,0.433884,-0.900969,7,1,12,10,0.0909,1,262.57,1,van,Low,Rainy,10.12
0.2571,-0.258819,-0.965926,0.974928,-0.222521,11,10,14,3,0.7692,1,133.55,18,van,Medium,Rainy,4.17
0.8685,-0.5,-0.866025,0.974928,-0.222521,4,3,11,7,0.3,1,232.97,1,car,Normal,Sunny,6.22
0.4787,-0.258819,-0.965926,0.781831,0.62349,11,1,15,13,0.0714,1,46.51,0,car,Normal,Sunny,4.4
0.8217,-0.258819,-0.965926,0.433884,-0.900969,7,3,13,9,0.25,1,153.85,0,van,Medium,Sunny,14.14
1.7504,-0.707107,-0.707107,0.433884,-0.900969,11,1,13,11,0.0833,1,248.74,0,van,Medium,Sunny,37.54
0.5435,-0.258819,-0.965926,0.0,1.0,4,4,25,20,0.1667,1,12.88,0,van,Normal,Rainy,7.32
1.7285,-0.707107,-0.707107,0.781831,0.62349,3,0,18,17,0.0,1,235.38,0,van,Medium,Sunny,37.93
1.1807,0.258819,-0.965926,0.0,1.0,6,22,25,2,0.9167,1,332.04,0,car,High,Sunny,14.85
0.1794,-0.965926,0.258819,0.0,1.0,11,5,21,15,0.25,1,274.01,0,car,Normal,Sunny,1.62
0.7635,-0.707107,-0.707107,-0.974928,-0.222521,8,8,11,2,0.8,1,65.16,1,van,Low,Foggy,11.76
2.2344,-0.258819,-0.965926,-0.974928,-0.222521,11,10,14,3,0.7692,1,56.73,1,car,Normal,Windy,21.63
3.0763,0.258819,-0.965926,0.0,1.0,4,1,5,3,0.25,1,71.88,0,car,Medium,Rainy,34.52
0.4345,-0.866025,-0.5,-0.974928,-0.222521,12,6,11,4,0.6,1,351.82,1,van,Normal,Sunny,7.92
0.8335,-0.707107,-0.707107,0.433884,-0.900969,4,2,15,12,0.1429,1,98.3,0,car,Medium,Foggy,15.95
0.2905,-0.965926,0.258819,-0.781831,0.62349,5,24,37,12,0.6667,1,120.51,35,van,Normal,Windy,4.56
0.2515,-0.258819,-0.965926,0.0,1.0,2,14,24,9,0.6087,1,171.21,15,car,Normal,Windy,2.05
0.6298,-0.5,-0.866025,0.433884,-0.900969,3,11,14,2,0.8462,1,325.95,18,car,Normal,Windy,4.88
0.2005,-0.866025,-0.5,0.974928,-0.222521,5,12,16,3,0.8,1,258.92,0,van,Low,Sandstorm,2.83
5.1865,-1.0,-0.0,0.0,1.0,11,7,11,3,0.7,0,174.5,-1,van,Normal,Windy,90.0
1.0353,-0.707107,-0.707107,-0.781831,0.62349,1,24,29,4,0.8571,1,199.91,1,car,Low,Sunny,9.21
1.0472,-0.5,-0.866025,-0.781831,0.62349,6,9,17,7,0.5625,1,115.48,1,van,Medium,Rainy,17.03
3.8551,0.0,-1.0,-0.781831,0.62349,4,4,8,3,0.5714,0,216.24,30,car,High,Windy,65.59
0.9538,-0.258819,-0.965926,-0.974928,-0.222521,3,4,11,6,0.4,1,231.73,1,van,High,Rainy,23.8
0.9351,-0.258819,-0.965926,0.974928,-0.222521,4,4,8,3,0.5714,1,284.7,0,car,Normal,Windy,8.86
1.1657,-0.866025,0.5,0.0,1.0,4,11,15,3,0.7857,1,292.8,15,van,High,Sunny,20.63
0.3682,-0.258819,-0.965926,0.974928,-0.222521,3,6,15,8,0.4286,1,197.41,6,car,High,Sunny,6.56
0.528,-0.258819,-0.965926,0.781831,0.62349,5,8,11,2,0.8,1,44.84,1,van,Jam,Sunny,16.51
3.5027,-0.258819,-0.965926,0.433884,-0.900969,10,3,13,9,0.25,1,60.22,0,van,High,Sunny,75.56
0.553,0.258819,-0.965926,0.433884,-0.900969,5,13,16,2,0.8667,1,94.86,0,car,Normal,Windy,4.76
0.0642,-0.258819,-0.965926,0.781831,0.62349,1,8,16,7,0.5333,1,299.0,0,car,Normal,Windy,1.0
0.3683,-0.258819,-0.965926,0.0,1.0,4,8,14,5,0.6154,1,132.77,0,car,Normal,Sunny,3.23
0.8768,0.0,-1.0,0.433884,-0.900969,1,7,10,2,0.7778,1,187.1,0,van,Normal,Sunny,10.86
0.3477,-0.707107,0.707107,0.974928,-0.222521,11,1,10,8,0.1111,1,132.07,0,van,High,Sunny,5.16
0.8347,-0.5,-0.866025,0.433884,-0.900969,10,6,16,9,0.4,1,145.52,0,van,Medium,Sunny,11.03
10.2639,0.0,-1.0,0.433884,-0.900969,2,2,14,11,0.1538,0,45.52,15,van,High,Windy,90.0
0.9845,-0.5,-0.866025,-0.974928,-0.222521,4,11,16,4,0.7333,1,248.05,0,van,Jam,Rainy,30.33
0.8156,0.0,-1.0,0.433884,-0.900969,4,6,13,6,0.5,1,100.64,0,car,Jam,Sunny,18.78
4.601,0.258819,-0.965926,0.433884,-0.900969,4,0,10,9,0.0,0,48.25,2,van,Jam,Foggy,90.0
0.4897,-0.5,-0.866025,0.781831,0.62349,4,13,16,2,0.8667,1,102.93,0,van,Medium,Windy,6.37
1.0276,-0.5,-0.866025,0.0,1.0,11,19,29,9,0.6786,1,358.56,6,van,Normal,Sandstorm,15.55
1.3845,-0.258819,-0.965926,0.433884,-0.900969,3,11,17,5,0.6875,1,251.15,1,van,Jam,Sunny,45.29
7.4242,-0.866025,-0.5,0.974928,-0.222521,4,0,10,9,0.0,1,45.56,0,van,Medium,Sunny,90.0
0.4739,-0.258819,-0.965926,0.974928,-0.222521,3,5,18,12,0.2941,1,106.92,0,van,High,Sunny,10.16
0.8861,-0.5,-0.866025,0.0,1.0,8,1,12,10,0.0909,1,32.22,0,car,High,Sandstorm,15.09
0.2398,-0.258819,-0.965926,0.433884,-0.900969,6,0,13,12,0.0,1,52.91,0,van,Medium,Sandstorm,4.95
0.5658,-0.965926,0.258819,-0.974928,-0.222521,4,11,14,2,0.8462,1,144.8,0,van,Normal,Sunny,5.82
1.381,-0.258819,-0.965926,0.781831,0.62349,5,7,21,13,0.35,1,46.78,0,car,Normal,Sunny,12.77
0.9753,-0.866025,-0.5,0.974928,-0.222521,10,11,24,12,0.4783,1,229.23,35,car,Medium,Windy,16.63
8.0456,-0.707107,-0.707107,0.781831,0.62349,4,5,15,9,0.3571,0,28.78,6,van,Normal,Sunny,90.0
0.6824,-0.258819,-0.965926,-0.974928,-0.222521,4,4,11,6,0.4,1,311.05,1,car,Normal,Foggy,7.85
0.6448,-0.258819,-0.965926,0.433884,-0.900969,4,8,13,4,0.6667,1,319.77,0,car,High,Rainy,11.8
0.2941,-0.707107,-0.707107,0.0,1.0,11,18,21,2,0.9,1,311.03,5,car,Normal,Sunny,3.61
0.8387,-0.258819,0.965926,0.781831,0.62349,4,2,4,1,0.6667,1,271.49,0,car,Medium,Sandstorm,7.51
0.6457,-1.0,-0.0,0.433884,-0.900969,7,12,29,16,0.4286,1,335.1,6,car,Normal,Sandstorm,11.39
1.4629,0.258819,-0.965926,0.433884,-0.900969,11,10,16,5,0.6667,1,61.65,0,car,Normal,Sunny,11.12
1.8836,0.258819,-0.965926,0.781831,0.62349,4,3,14,10,0.2308,1,230.03,1,van,Normal,Sandstorm,25.43
0.0598,-0.258819,-0.965926,0.781831,0.62349,3,5,11,5,0.5,1,318.06,2,van,Jam,Windy,1.72
1.0136,0.258819,-0.965926,-0.974928,-0.222521,4,17,37,19,0.4722,1,165.25,35,van,Medium,Windy,14.07
3.4227,0.0,-1.0,0.433884,-0.900969,4,0,7,6,0.0,0,341.97,8,van,High,Windy,80.37
0.8075,0.258819,-0.965926,0.974928,-0.222521,9,11,14,2,0.8462,1,142.34,0,car,Jam,Rainy,18.48
0.4792,0.258819,-0.965926,-0.781831,0.62349,12,0,13,12,0.0,1,134.37,14,van,Normal,Sunny,4.65
0.2914,0.258819,-0.965926,0.781831,0.62349,6,4,9,4,0.5,1,86.22,1,car,Normal,Sunny,1.9
0.8839,-0.258819,-0.965926,-0.974928,-0.222521,6,2,12,9,0.1818,1,52.66,1,car,Jam,Sandstorm,28.8
2.9222,-0.5,0.866025,-0.781831,0.62349,2,16,24,7,0.6957,1,268.52,35,van,High,Windy,41.42
0.4189,-0.707107,-0.707107,-0.974928,-0.222521,11,3,19,15,0.1667,1,242.46,8,car,Medium,Sunny,7.74
2.597,-0.5,-0.866025,0.974928,-0.222521,5,1,9,7,0.125,1,232.08,1,van,High,Sunny,45.83
0.7034,0.258819,0.965926,0.433884,-0.900969,4,4,9,4,0.5,1,146.15,23,van,Normal,Sunny,5.09
1.7172,-0.5,-0.866025,0.974928,-0.222521,9,5,14,8,0.3846,0,240.07,6,car,High,Windy,23.52
0.6901,-0.5,-0.866025,0.433884,-0.900969,4,4,12,7,0.3636,1,169.55,1,car,Normal,Windy,5.57
2.2971,-0.965926,-0.258819,-0.974928,-0.222521,4,7,15,7,0.5,0,71.94,15,car,Jam,Windy,74.66
0.4665,-0.707107,0.707107,0.0,1.0,4,2,29,26,0.0714,1,79.23,8,car,High,Rainy,5.48
2.4274,0.258819,-0.965926,0.781831,0.62349,7,3,5,1,0.75,1,276.63,0,van,High,Sunny,43.18
0.4606,0.258819,-0.965926,-0.974928,-0.222521,5,19,29,9,0.6786,1,27.24,6,van,High,Windy,8.23
1.1926,-0.866025,-0.5,-0.974928,-0.222521,7,5,13,7,0.4167,1,27.14,14,van,Normal,Sunny,19.64
0.5626,-0.965926,-0.258819,-0.974928,-0.222521,9,4,12,7,0.3636,1,205.07,1,van,Normal,Rainy,10.74
0.2968,-0.707107,-0.707107,-0.974928,-0.222521,1,7,14,6,0.5385,1,7.31,0,car,Jam,Sunny,9.23
2.2414,-0.707107,0.707107,0.974928,-0.222521,7,4,8,3,0.5714,0,75.59,16,car,Jam,Sunny,30.95
4.8072,0.0,-1.0,-0.781831,0.62349,1,1,11,9,0.1,0,45.98,2,van,Medium,Sandstorm,90.0
0.0531,-0.258819,-0.965926,0.433884,-0.900969,5,31,37,5,0.8611,1,211.19,35,van,Jam,Sunny,2.09
2.3255,-0.258819,-0.965926,0.974928,-0.222521,5,1,8,6,0.1429,1,255.87,1,car,Low,Sandstorm,20.38
0.4509,-0.258819,0.965926,0.974928,-0.222521,2,12,24,11,0.5217,1,339.26,35,car,Medium,Sunny,3.32
2.4431,-0.707107,-0.707107,0.433884,-0.900969,3,23,29,5,0.8214,1,241.51,1,car,Normal,Sunny,28.94
6.6683,0.0,-1.0,0.433884,-0.900969,9,9,14,4,0.6923,0,44.8,18,car,High,Sunny,90.0
0.1497,-0.5,-0.866025,-0.974928,-0.222521,5,3,14,10,0.2308,1,145.18,15,van,Medium,Sunny,1.83
8.7497,-1.0,-0.0,0.781831,0.62349,7,0,5,4,0.0,0,238.21,9,van,Normal,Sunny,90.0
0.9637,0.258819,-0.965926,-0.781831,0.62349,7,7,10,2,0.7778,0,10.95,-1,van,Normal,Foggy,13.83
0.7475,-0.258819,-0.965926,0.433884,-0.900969,6,23,27,3,0.8846,1,210.9,12,car,Medium,Sunny,8.42
1.5039,-0.258819,-0.965926,0.0,1.0,5,13,15,1,0.9286,0,292.33,18,van,Low,Rainy,16.36
0.4611,-0.866025,-0.5,0.781831,0.62349,4,10,29,18,0.3571,1,131.83,1,car,Medium,Sunny,7.78
0.2731,-0.258819,-0.965926,-0.974928,-0.222521,11,5,11,5,0.5,1,42.28,2,car,Jam,Sunny,6.05
0.581,-0.258819,-0.965926,0.781831,0.62349,4,11,14,2,0.8462,1,61.28,1,car,Jam,Sandstorm,18.13
0.819,-0.5,-0.866025,0.0,1.0,10,2,12,9,0.1818,1,37.11,1,car,Normal,Sunny,6.06
2.0561,-0.258819,-0.965926,0.781831,0.62349,11,1,3,1,0.5,0,203.06,-1,van,Medium,Foggy,40.88
0.2149,-0.258819,-0.965926,0.781831,0.62349,2,5,10,4,0.5556,1,53.27,6,car,Normal,Sunny,1.95
3.7364,0.5,-0.866025,-0.781831,0.62349,4,4,8,3,0.5714,0,214.72,30,car,Normal,Sunny,42.31
1.4576,-0.258819,-0.965926,-0.974928,-0.222521,2,2,8,5,0.2857,1,102.82,1,car,Medium,Windy,19.71
7.2061,-1.0,-0.0,-0.433884,-0.900969,5,1,16,14,0.0667,1,48.35,0,car,Low,Sunny,62.14
0.3517,-0.866025,0.5,0.433884,-0.900969,6,1,4,2,0.3333,1,317.78,0,car,Jam,Sunny,6.81
0.6168,-0.866025,-0.5,-0.781831,0.62349,3,5,12,6,0.4545,1,221.7,1,van,Medium,Windy,13.71
0.4952,0.0,-1.0,-0.781831,0.62349,10,23,37,13,0.6389,1,27.69,35,van,High,Foggy,13.39
1.6297,-0.258819,-0.965926,0.974928,-0.222521,3,4,21,16,0.2,1,50.07,8,van,High,Sunny,34.79
3.145,-0.5,-0.866025,0.0,1.0,2,9,11,1,0.9,1,64.56,1,car,Normal,Sandstorm,30.99
2.606,-0.707107,-0.707107,0.974928,-0.222521,10,1,4,2,0.3333,0,256.57,-1,van,Normal,Sunny,43.27
0.466,-1.0,-0.0,0.433884,-0.900969,9,6,22,15,0.2857,1,38.18,1,car,Jam,Windy,15.34
2.2207,-0.5,-0.866025,0.781831,0.62349,10,8,19,10,0.4444,0,76.64,6,van,Medium,Windy,31.42
2.5142,-0.258819,-0.965926,0.974928,-0.222521,3,4,7,2,0.6667,1,35.09,0,van,Normal,Sunny,32.11
1.5393,-0.258819,-0.965926,0.433884,-0.900969,11,3,29,25,0.1071,1,29.57,8,van,Normal,Sunny,19.6
1.5083,-1.0,-0.0,0.781831,0.62349,1,9,15,5,0.6429,1,45.77,0,van,High,Sunny,43.36
0.6963,-0.258819,-0.965926,-0.781831,0.62349,12,5,18,12,0.2941,1,110.6,0,car,Low,Rainy,5.16
0.3297,-0.258819,-0.965926,-0.781831,0.62349,12,5,21,15,0.25,1,202.33,0,car,Normal,Sunny,3.06
5.1204,-0.965926,-0.258819,-0.974928,-0.222521,4,8,27,18,0.3077,0,175.74,13,van,Normal,Sunny,85.88
0.7682,-0.258819,-0.965926,0.433884,-0.900969,4,9,17,7,0.5625,1,137.5,1,van,Jam,Sunny,23.79
2.2532,0.0,-1.0,0.0,1.0,7,22,25,2,0.9167,1,243.79,0,car,Medium,Rainy,31.58
0.185,0.258819,-0.965926,0.0,1.0,11,9,11,1,0.9,1,118.07,1,car,Normal,Sunny,1.1
0.2759,-0.258819,-0.965926,0.0,1.0,1,0,12,11,0.0,1,26.4,1,van,Medium,Windy,6.45
0.3624,-0.965926,-0.258819,0.0,1.0,4,5,9,3,0.625,1,120.59,1,van,Normal,Sunny,5.98
2.1984,0.258819,-0.965926,0.433884,-0.900969,3,5,7,1,0.8333,0,6.06,-1,car,Medium,Sunny,21.16
1.6329,-0.5,-0.866025,0.974928,-0.222521,5,19,24,4,0.8261,1,8.1,18,car,Medium,Sandstorm,20.8
2.0927,0.0,-1.0,0.433884,-0.900969,12,12,16,3,0.8,1,260.63,0,car,Medium,Sunny,24.87
2.3081,0.258819,-0.965926,0.781831,0.62349,10,1,4,2,0.3333,0,255.64,-1,car,Low,Rainy,15.16
2.0241,-0.258819,-0.965926,0.974928,-0.222521,4,3,29,25,0.1071,1,2.7,1,car,Medium,Sunny,23.76
1.8605,-0.5,-0.866025,0.433884,-0.900969,9,5,12,6,0.4545,1,230.02,1,car,High,Foggy,31.14
4.1566,-0.866025,-0.5,0.0,1.0,9,2,13,10,0.1667,1,47.29,0,car,High,Windy,90.0
1.467,-0.5,-0.866025,0.781831,0.62349,8,8,14,5,0.6154,1,111.13,0,car,Jam,Windy,29.01
20.0,0.0,-1.0,0.0,1.0,10,1,7,5,0.1667,0,37.41,-1,car,Medium,Sunny,90.0
1.5699,0.0,-1.0,0.433884,-0.900969,5,0,16,15,0.0,1,245.8,0,car,Low,Sunny,9.85
1.2234,-0.258819,-0.965926,0.433884,-0.900969,1,9,12,2,0.8182,1,304.05,0,car,Medium,Sunny,14.81
0.1335,-0.866025,-0.5,0.433884,-0.900969,10,8,17,8,0.5,1,226.22,1,car,Medium,Sunny,2.45
1.0952,-0.866025,-0.5,0.433884,-0.900969,1,17,37,19,0.4722,1,156.29,35,van,Jam,Rainy,54.3
0.539,-0.5,-0.866025,0.974928,-0.222521,8,5,9,3,0.625,1,124.47,1,van,Low,Windy,3.7
3.8792,-0.707107,-0.707107,0.433884,-0.900969,4,0,12,11,0.0,0,1.46,8,car,High,Sandstorm,90.0
4.3363,-0.866025,-0.5,0.781831,0.62349,4,6,11,4,0.6,0,243.95,1,car,Normal,Sunny,52.18
0.1926,0.258819,-0.965926,0.781831,0.62349,7,9,27,17,0.3462,1,249.77,13,van,Medium,Rainy,2.99
0.4792,-0.707107,-0.707107,-0.974928,-0.222521,4,18,37,18,0.5,1,68.83,35,car,High,Sandstorm,14.1
3.7053,-0.5,-0.866025,0.0,1.0,5,0,3,2,0.0,0,323.38,6,car,Low,Sunny,19.57
0.5052,-1.0,-0.0,-0.974928,-0.222521,9,4,24,19,0.1739,1,89.75,35,car,Low,Foggy,4.93
0.7505,-0.866025,0.5,0.433884,-0.900969,2,17,22,4,0.8095,1,122.0,1,car,Medium,Sunny,6.77
0.3889,-0.258819,-0.965926,-0.781831,0.62349,4,7,22,14,0.3333,1,49.94,1,car,Normal,Rainy,4.0
0.6428,0.258819,-0.965926,0.433884,-0.900969,11,6,12,5,0.5455,1,201.95,0,van,Jam,Sunny,15.88
1.6999,-0.5,-0.866025,0.974928,-0.222521,4,4,17,12,0.25,1,146.01,1,car,Medium,Sunny,16.72
7.2155,-0.965926,-0.258819,0.0,1.0,2,0,10,9,0.0,1,49.17,0,car,Low,Windy,66.8
0.8563,-0.866025,-0.5,0.433884,-0.900969,1,2,16,13,0.1333,1,35.52,0,car,Medium,Windy,14.02
0.0968,-0.965926,-0.258819,0.0,1.0,8,2,11,8,0.2,1,307.76,1,van,Normal,Sunny,1.6
3.4367,0.0,-1.0,0.0,1.0,11,2,5,2,0.5,1,222.31,6,van,Medium,Rainy,65.19
0.1391,-0.258819,-0.965926,0.974928,-0.222521,2,17,25,7,0.7083,1,303.76,0,car,Low,Windy,1.28
3.5859,-0.707107,-0.707107,-0.974928,-0.222521,11,3,9,5,0.375,0,81.76,6,van,High,Windy,90.0
1.4171,0.0,-1.0,0.974928,-0.222521,4,24,29,4,0.8571,1,263.03,6,car,Medium,Rainy,19.44
5.8378,-1.0,-0.0,-0.974928,-0.222521,2,8,11,2,0.8,1,217.27,1,car,Normal,Windy,76.62
0.1967,-0.707107,-0.707107,-0.974928,-0.222521,6,14,21,6,0.7,1,252.5,0,van,High,Sunny,6.87
0.6603,0.0,-1.0,-0.974928,-0.222521,11,5,13,7,0.4167,1,80.64,0,car,Medium,Rainy,9.66
1.3514,-0.965926,0.258819,0.974928,-0.222521,1,12,22,9,0.5714,1,348.08,1,car,Medium,Sunny,14.22
0.573,-0.965926,-0.258819,0.0,1.0,4,4,9,4,0.5,1,151.66,23,car,High,Windy,13.11
0.6115,-0.258819,-0.965926,0.0,1.0,5,4,11,6,0.4,1,256.61,1,car,High,Sunny,10.66
0.7817,0.0,-1.0,0.433884,-0.900969,1,12,24,11,0.5217,1,343.75,15,car,Medium,Sunny,8.88
1.4052,0.258819,-0.965926,0.974928,-0.222521,2,8,16,7,0.5333,1,158.38,0,car,High,Sunny,18.17
4.2457,0.0,-1.0,-0.974928,-0.222521,2,6,12,5,0.5455,0,50.09,6,van,High,Sunny,90.0
4.2727,-0.5,-0.866025,0.0,1.0,5,2,13,10,0.1667,1,47.19,0,car,Medium,Sandstorm,54.91
0.8131,-0.866025,-0.5,0.781831,0.62349,3,10,16,5,0.6667,1,131.92,0,car,Low,Sunny,6.6
2.6215,-0.258819,-0.965926,0.781831,0.62349,4,9,12,2,0.8182,0,264.11,6,car,Normal,Sunny,24.07
0.3997,-0.258819,-0.965926,0.0,1.0,1,6,29,22,0.2143,1,50.94,1,car,Medium,Windy,5.1
0.2877,-0.5,-0.866025,0.433884,-0.900969,5,17,25,7,0.7083,1,234.6,0,car,Jam,Sunny,5.89
0.4727,-0.258819,-0.965926,-0.781831,0.62349,12,6,24,17,0.2609,1,310.39,35,car,Low,Sandstorm,4.01
0.676,0.258819,-0.965926,0.974928,-0.222521,1,18,24,5,0.7826,1,346.03,18,car,High,Sunny,8.7
0.7037,0.5,-0.866025,0.974928,-0.222521,12,3,10,6,0.3333,1,101.87,6,car,High,Windy,14.57
0.5582,-0.965926,-0.258819,-0.974928,-0.222521,5,20,24,3,0.8696,1,211.05,18,van,Low,Sunny,7.45
1.5033,0.0,-1.0,0.781831,0.62349,4,3,11,7,0.3,1,228.37,1,car,High,Rainy,27.16
0.247,0.0,-1.0,-0.781831,0.62349,4,10,25,14,0.4167,1,5.22,0,van,Jam,Rainy,9.72
0.3483,0.258819,-0.965926,0.974928,-0.222521,4,2,11,8,0.2,1,104.99,1,van,Normal,Sunny,3.66
0.523,-1.0,-0.0,-0.781831,0.62349,3,2,11,8,0.2,1,43.85,1,car,Medium,Sunny,9.41
1.2242,-0.707107,0.707107,0.974928,-0.222521,10,1,12,10,0.0909,1,5.65,1,car,Medium,Sunny,8.13
1.3131,-0.5,-0.866025,0.781831,0.62349,10,0,11,10,0.0,1,212.75,1,car,Normal,Sunny,9.49
0.3793,-0.258819,-0.965926,0.433884,-0.900969,4,22,29,6,0.7857,1,163.42,1,van,Normal,Sunny,6.17
0.5001,-0.258819,-0.965926,0.0,1.0,11,12,25,12,0.5,1,150.16,0,van,Jam,Sunny,15.7
0.5502,0.0,-1.0,-0.974928,-0.222521,9,3,17,13,0.1875,1,201.0,1,van,Normal,Sandstorm,8.55
3.6295,-0.258819,-0.965926,0.974928,-0.222521,4,0,3,2,0.0,0,317.58,6,car,Medium,Sunny,42.42
0.5225,0.258819,-0.965926,0.433884,-0.900969,11,0,21,20,0.0,1,343.09,9,car,Low,Sunny,2.54
0.6617,-0.258819,-0.965926,0.0,1.0,5,4,14,9,0.3077,1,86.14,0,van,Normal,Sunny,8.12
1.3108,-0.965926,0.258819,0.0,1.0,4,12,22,9,0.5714,1,342.48,1,van,Medium,Sunny,17.91
0.9155,-0.5,-0.866025,0.974928,-0.222521,3,5,24,18,0.2174,1,99.45,35,car,High,Sandstorm,17.79
1.9655,-0.258819,-0.965926,0.781831,0.62349,2,14,29,14,0.5,1,277.89,1,van,Medium,Rainy,37.3
1.057,-0.5,-0.866025,0.0,1.0,5,13,29,15,0.4643,1,190.06,1,car,Normal,Foggy,10.87
0.5939,-0.258819,-0.965926,0.974928,-0.222521,6,10,14,3,0.7692,1,126.8,0,car,Medium,Sunny,6.68
2.6233,-0.5,-0.866025,-0.781831,0.62349,4,1,4,2,0.3333,0,257.95,-1,car,Medium,Rainy,30.0
0.4662,0.0,-1.0,0.974928,-0.222521,6,14,19,4,0.7778,1,233.68,6,car,Medium,Sunny,4.98
0.4595,-0.707107,-0.707107,-0.974928,-0.222521,4,3,37,33,0.0833,1,249.72,35,car,Normal,Windy,6.36
1.8322,-0.5,-0.866025,-0.781831,0.62349,12,1,14,12,0.0769,1,236.32,0,car,Normal,Sunny,14.05
7.5544,-1.0,-0.0,-0.974928,-0.222521,4,5,8,2,0.7143,1,237.31,0,car,High,Windy,90.0
0.9443,0.0,-1.0,0.433884,-0.900969,4,10,29,18,0.3571,0,34.11,6,car,High,Sunny,15.04
0.1621,-0.258819,-0.965926,0.433884,-0.900969,11,2,12,9,0.1818,1,324.63,14,car,High,Foggy,3.19
1.2686,-0.965926,0.258819,0.781831,0.62349,3,6,10,3,0.6667,1,115.56,1,car,Medium,Rainy,14.83
2.8608,-0.258819,-0.965926,0.0,1.0,4,0,11,10,0.0,1,231.96,1,car,Medium,Sunny,33.95
0.4171,-0.258819,-0.965926,0.974928,-0.222521,8,7,11,3,0.7,1,256.4,1,van,Medium,Sunny,6.88
6.5516,-0.5,-0.866025,0.0,1.0,9,0,9,8,0.0,0,74.4,-1,car,Normal,Sandstorm,66.13
0.2769,0.0,-1.0,0.433884,-0.900969,4,14,21,6,0.7,1,155.6,0,van,High,Sandstorm,7.62
1.0525,0.258819,-0.965926,-0.974928,-0.222521,10,2,27,24,0.0769,0,315.42,-1,van,Normal,Windy,11.14
0.3212,-0.258819,-0.965926,0.781831,0.62349,12,7,16,8,0.4667,1,28.18,0,van,High,Foggy,8.46
0.287,-0.258819,-0.965926,0.433884,-0.900969,9,8,17,8,0.5,1,158.72,1,car,High,Windy,4.16
0.9765,-0.707107,-0.707107,0.974928,-0.222521,2,7,15,7,0.5,1,0.21,0,van,Normal,Sunny,15.78
0.1343,0.258819,-0.965926,-0.781831,0.62349,1,3,25,21,0.125,1,24.34,0,car,High,Rainy,2.68
1.683,-0.965926,-0.258819,0.974928,-0.222521,9,10,16,5,0.6667,1,58.7,0,van,Normal,Sunny,27.87
0.3444,-0.707107,-0.707107,0.974928,-0.222521,11,4,12,7,0.3636,1,175.83,0,car,Medium,Windy,7.01
3.9336,-0.707107,0.707107,-0.781831,0.62349,4,2,7,4,0.3333,0,44.6,-1,van,Medium,Windy,41.51
1.1864,-0.5,-0.866025,0.974928,-0.222521,10,9,12,2,0.8182,1,307.57,0,car,Medium,Windy,11.7
0.3113,-0.258819,-0.965926,0.433884,-0.900969,4,7,29,21,0.25,1,217.85,1,car,Medium,Sunny,3.2
1.1058,0.0,-1.0,0.433884,-0.900969,5,25,27,1,0.9615,0,234.12,-1,van,Medium,Sunny,17.3
2.2639,0.0,-1.0,0.974928,-0.222521,10,21,24,2,0.913,0,162.15,-1,van,Normal,Sunny,31.45
0.3734,-0.707107,-0.707107,0.0,1.0,1,10,14,3,0.7692,1,177.95,18,van,Jam,Sunny,15.39
0.783,-0.258819,-0.965926,0.974928,-0.222521,11,5,17,11,0.3125,1,229.55,1,van,Normal,Sunny,9.63
0.1153,0.0,-1.0,0.433884,-0.900969,4,0,19,18,0.0,1,262.61,9,van,Medium,Sunny,1.46
0.6596,-0.965926,-0.258819,-0.781831,0.62349,2,6,12,5,0.5455,1,128.08,14,car,High,Foggy,17.93
0.1721,-0.965926,-0.258819,0.433884,-0.900969,8,0,12,11,0.0,1,23.17,1,car,Medium,Sunny,2.86
0.3872,-0.5,-0.866025,0.974928,-0.222521,4,3,17,13,0.1875,1,189.72,1,car,Low,Sandstorm,2.31
0.4426,-0.866025,-0.5,0.0,1.0,8,2,6,3,0.4,1,51.29,1,van,High,Rainy,14.72
1.1987,-0.5,0.866025,-0.781831,0.62349,3,9,21,11,0.45,1,205.49,0,van,High,Windy,17.0
0.3193,0.258819,-0.965926,0.433884,-0.900969,5,0,10,9,0.0,1,290.22,6,car,High,Sunny,4.26
2.0987,-0.258819,-0.965926,0.781831,0.62349,4,12,15,2,0.8571,1,150.68,0,car,Jam,Sunny,48.12
1.36,-0.5,-0.866025,0.781831,0.62349,9,7,24,16,0.3043,1,51.68,6,van,Normal,Sunny,14.9
0.7419,-0.866025,-0.5,-0.781831,0.62349,2,8,12,3,0.7273,1,236.73,1,car,Low,Windy,7.63
0.3611,0.258819,-0.965926,0.433884,-0.900969,11,9,27,17,0.3462,1,198.45,13,van,Normal,Foggy,5.15
0.3853,-0.258819,-0.965926,-0.781831,0.62349,8,14,16,1,0.9333,1,51.4,0,car,Normal,Sunny,3.25
2.2263,0.5,-0.866025,0.974928,-0.222521,1,4,9,4,0.5,1,28.8,6,van,Medium,Sunny,43.66
0.7754,-0.965926,-0.258819,0.0,1.0,5,25,37,11,0.6944,1,182.87,35,car,Medium,Sunny,11.44
3.1681,-0.707107,-0.707107,-0.781831,0.62349,11,2,25,22,0.0833,1,31.18,0,car,High,Foggy,82.22
0.3682,0.258819,-0.965926,0.974928,-0.222521,6,8,10,1,0.8889,1,208.25,6,car,Normal,Sunny,2.4
1.2126,-0.866025,-0.5,-0.781831,0.62349,4,6,10,3,0.6667,1,131.2,1,car,High,Sandstorm,33.94
0.6476,0.258819,-0.965926,0.974928,-0.222521,3,35,37,1,0.9722,1,5.14,35,car,Medium,Sunny,5.89
0.8017,-0.866025,-0.5,0.433884,-0.900969,4,13,17,3,0.8125,1,221.48,1,van,Normal,Sunny,12.94
3.5912,0.0,-1.0,-0.781831,0.62349,6,3,8,4,0.4286,0,58.0,-1,car,Medium,Sunny,42.59
1.4294,0.258819,-0.965926,-0.781831,0.62349,3,5,9,3,0.625,0,331.89,22,van,Medium,Sunny,18.87
1.5049,-0.258819,-0.965926,0.433884,-0.900969,4,9,24,14,0.3913,0,77.14,15,van,Jam,Sunny,46.97
0.3732,-0.258819,-0.965926,0.433884,-0.900969,4,3,14,10,0.2308,1,38.19,15,van,High,Sunny,8.06
1.3798,0.258819,-0.965926,0.781831,0.62349,1,7,21,13,0.35,1,40.77,0,car,Medium,Windy,14.23
0.114,-0.707107,-0.707107,0.0,1.0,10,1,8,6,0.1429,1,112.1,0,car,Jam,Sunny,2.92
3.3873,-0.866025,-0.5,0.974928,-0.222521,8,3,7,3,0.5,0,178.12,-1,car,Medium,Windy,56.27
0.8891,-0.258819,-0.965926,0.781831,0.62349,8,2,12,9,0.1818,1,286.59,0,car,Jam,Foggy,25.03
3.1684,-0.866025,-0.5,-0.974928,-0.222521,1,13,27,13,0.5,0,327.96,-1,van,High,Sunny,90.0
4.1068,-0.866025,-0.5,-0.974928,-0.222521,7,6,8,1,0.8571,0,27.59,18,van,Medium,Windy,90.0
0.1436,0.0,-1.0,0.0,1.0,5,11,16,4,0.7333,1,148.67,0,car,Normal,Sandstorm,2.37
0.173,0.0,-1.0,0.0,1.0,4,10,13,2,0.8333,1,35.19,0,car,Normal,Sunny,1.08
0.4252,-0.258819,-0.965926,-0.974928,-0.222521,8,6,12,5,0.5455,1,228.55,0,van,Medium,Windy,6.73
1.6315,0.0,-1.0,-0.781831,0.62349,12,7,12,4,0.6364,1,357.63,1,car,Medium,Sunny,18.99
7.131,-0.258819,-0.965926,-0.781831,0.62349,4,2,14,11,0.1538,1,47.9,0,car,Jam,Sunny,90.0
0.4854,-0.707107,0.707107,0.0,1.0,4,18,29,10,0.6429,1,34.95,6,van,Jam,Sunny,8.78
2.0749,-0.707107,-0.707107,0.433884,-0.900969,3,2,14,11,0.1538,1,229.86,1,car,High,Sunny,43.62
1.0824,-0.5,-0.866025,-0.974928,-0.222521,1,3,11,7,0.3,1,236.95,1,car,High,Sunny,14.73
1.5282,-0.707107,-0.707107,0.781831,0.62349,9,9,14,4,0.6923,1,168.05,1,car,Medium,Sunny,24.21
0.3225,0.0,-1.0,0.974928,-0.222521,1,17,25,7,0.7083,1,214.09,0,van,Normal,Sunny,4.4
1.9698,-1.0,-0.0,0.974928,-0.222521,4,8,13,4,0.6667,1,85.64,1,van,Medium,Rainy,50.36
1.8487,-0.5,-0.866025,-0.974928,-0.222521,4,1,13,11,0.0833,1,237.37,0,van,High,Foggy,41.21
2.4408,-0.5,-0.866025,-0.781831,0.62349,12,4,7,2,0.6667,1,48.49,0,car,High,Sunny,31.42
0.3173,0.0,-1.0,0.974928,-0.222521,12,11,25,13,0.4583,1,60.1,0,car,Medium,Sunny,5.15
4.2755,-0.5,-0.866025,-0.974928,-0.222521,3,2,13,10,0.1667,1,42.44,0,van,Medium,Sunny,56.59
1.187,-0.258819,-0.965926,-0.974928,-0.222521,12,9,21,11,0.45,1,197.43,0,car,Medium,Rainy,16.45
2.7002,-0.258819,-0.965926,0.974928,-0.222521,2,16,24,7,0.6957,1,271.89,35,car,High,Rainy,50.7
1.5929,0.258819,-0.965926,0.433884,-0.900969,12,2,9,6,0.25,0,29.3,10,car,Medium,Sunny,15.54
1.4688,0.0,-1.0,0.974928,-0.222521,9,10,13,2,0.8333,0,241.49,-1,car,Medium,Sunny,17.63
0.1105,0.5,-0.866025,-0.781831,0.62349,11,9,27,17,0.3462,1,291.09,13,car,Medium,Sandstorm,2.31
3.468,-0.258819,-0.965926,0.433884,-0.900969,4,0,7,6,0.0,0,338.85,8,car,Normal,Sandstorm,42.22
7.2212,0.258819,-0.965926,-0.781831,0.62349,2,1,16,14,0.0667,1,47.84,0,car,Jam,Sunny,90.0
0.17,-1.0,-0.0,-0.781831,0.62349,2,9,27,17,0.3462,1,35.46,13,van,High,Sunny,6.41
0.8391,-0.5,-0.866025,0.0,1.0,5,3,21,17,0.15,1,203.25,8,car,Normal,Rainy,7.09
0.5944,0.0,-1.0,0.974928,-0.222521,7,4,14,9,0.3077,1,239.21,4,van,Jam,Foggy,23.62
1.742,-0.258819,-0.965926,-0.781831,0.62349,11,4,27,22,0.1538,0,160.6,11,car,Low,Foggy,14.0
0.4709,-0.258819,-0.965926,0.0,1.0,9,11,25,13,0.4583,1,113.48,0,car,High,Windy,10.38
1.2835,0.0,-1.0,0.781831,0.62349,11,1,37,35,0.0278,1,108.94,35,van,Medium,Sunny,21.52
0.4238,0.0,-1.0,0.433884,-0.900969,5,34,37,2,0.9444,1,353.4,35,car,Jam,Sandstorm,12.26
0.9934,-0.258819,-0.965926,-0.781831,0.62349,2,10,15,4,0.7143,1,150.82,0,van,High,Sunny,21.74
0.8064,0.0,-1.0,0.433884,-0.900969,4,1,12,10,0.0909,1,246.41,1,van,Medium,Sandstorm,17.23
0.1162,-0.707107,-0.707107,0.781831,0.62349,4,11,14,2,0.8462,1,233.52,1,car,Jam,Sunny,2.79
0.5286,-0.965926,-0.258819,-0.781831,0.62349,11,20,24,3,0.8696,1,175.1,18,van,High,Sandstorm,20.53
4.8258,0.0,-1.0,0.0,1.0,3,7,11,3,0.7,0,175.64,-1,car,Normal,Windy,47.99
1.2064,0.0,-1.0,0.0,1.0,8,9,15,5,0.6429,1,60.46,0,van,Normal,Sunny,15.26
7.089,-0.258819,-0.965926,0.0,1.0,8,2,14,11,0.1538,1,44.93,0,car,Medium,Windy,88.98
0.7545,-0.258819,-0.965926,0.0,1.0,12,6,13,6,0.5,1,107.73,0,car,High,Foggy,14.6
1.0635,-0.258819,-0.965926,-0.974928,-0.222521,10,1,9,7,0.125,1,6.41,8,van,Medium,Sunny,17.11
1.8764,0.0,-1.0,0.433884,-0.900969,11,5,12,6,0.4545,1,219.51,1,car,Medium,Foggy,27.62
0.1351,-0.707107,-0.707107,0.781831,0.62349,2,8,21,12,0.4,1,299.53,6,car,Low,Foggy,1.29
0.2179,-0.258819,-0.965926,0.433884,-0.900969,10,4,25,20,0.1667,1,101.97,0,car,High,Windy,4.8
1.3711,-0.965926,-0.258819,0.974928,-0.222521,1,4,21,16,0.2,1,59.81,8,car,Normal,Rainy,20.87
0.8907,-0.707107,-0.707107,-0.781831,0.62349,6,25,37,11,0.6944,1,181.36,35,car,Normal,Sunny,10.91
0.8401,0.258819,-0.965926,0.974928,-0.222521,1,3,16,12,0.2,1,128.45,0,van,Normal,Sunny,9.69
0.9027,-0.258819,-0.965926,0.974928,-0.222521,5,4,12,7,0.3636,1,333.79,14,car,High,Sunny,14.07
2.362,-0.258819,-0.965926,0.974928,-0.222521,3,11,37,25,0.3056,1,154.88,35,car,Low,Windy,17.21
1.2323,0.258819,-0.965926,0.974928,-0.222521,2,14,21,6,0.7,1,118.55,6,car,Medium,Sunny,12.38
0.2833,-0.707107,-0.707107,0.0,1.0,4,3,19,15,0.1667,1,270.6,8,car,Normal,Rainy,3.98
1.9306,-0.965926,-0.258819,-0.974928,-0.222521,4,4,14,9,0.3077,1,195.87,1,car,Normal,Sunny,23.7
0.4054,-0.707107,-0.707107,0.433884,-0.900969,4,11,13,1,0.9167,1,93.72,0,van,Normal,Rainy,8.54
1.3314,0.258819,-0.965926,-0.974928,-0.222521,4,6,9,2,0.75,0,241.56,-1,car,High,Sunny,18.02
0.1312,-0.866025,-0.5,-0.974928,-0.222521,5,10,12,1,0.9091,1,30.78,1,car,Normal,Sunny,1.44
1.7416,-0.5,-0.866025,0.0,1.0,3,2,14,11,0.1538,1,229.65,1,car,High,Sunny,23.33
5.0429,0.0,-1.0,-0.974928,-0.222521,4,1,11,9,0.1,0,47.37,2,car,Medium,Windy,63.38
0.8437,-0.5,-0.866025,0.0,1.0,6,10,13,2,0.8333,1,56.76,1,van,Normal,Sunny,8.41
0.4701,-0.866025,-0.5,0.781831,0.62349,8,5,21,15,0.25,1,220.24,0,van,Medium,Sunny,9.92
0.8207,0.0,-1.0,0.974928,-0.222521,7,1,21,19,0.05,1,39.76,0,car,Medium,Sunny,10.0
1.765,0.0,-1.0,0.433884,-0.900969,2,5,11,5,0.5,1,229.16,1,car,Low,Sunny,12.08
0.7505,-0.258819,-0.965926,0.781831,0.62349,8,8,15,6,0.5714,1,99.62,0,car,Jam,Windy,18.52
1.9843,-0.965926,-0.258819,0.974928,-0.222521,5,5,7,1,0.8333,0,14.18,-1,van,Low,Foggy,29.4
0.3259,-0.258819,-0.965926,-0.974928,-0.222521,12,2,8,5,0.2857,0,67.6,-1,van,Jam,Windy,10.61
0.2067,-0.258819,-0.965926,-0.974928,-0.222521,9,5,10,4,0.5556,1,115.63,1,van,Low,Sunny,2.03
9.958,-0.866025,-0.5,0.433884,-0.900969,11,6,8,1,0.8571,0,299.11,22,van,Medium,Sandstorm,90.0
2.3258,-0.965926,-0.258819,0.781831,0.62349,9,7,15,7,0.5,0,75.04,15,van,Low,Windy,29.52
0.5413,-0.707107,-0.707107,0.974928,-0.222521,5,16,37,20,0.4444,1,161.66,35,car,High,Sunny,11.98
1.4663,0.258819,-0.965926,0.974928,-0.222521,4,11,19,7,0.6111,1,31.28,6,van,Normal,Windy,16.19
0.774,-0.258819,-0.965926,0.781831,0.62349,9,3,12,8,0.2727,1,339.08,0,van,Low,Rainy,9.2
0.7624,-0.258819,-0.965926,0.0,1.0,9,7,12,4,0.6364,1,151.53,14,van,High,Windy,17.35
0.2165,-0.707107,-0.707107,-0.974928,-0.222521,4,2,10,7,0.2222,1,29.2,6,van,Normal,Sunny,2.97
1.3665,-0.866025,0.5,0.433884,-0.900969,9,7,17,9,0.4375,1,303.06,1,van,High,Sandstorm,33.19
0.5274,0.258819,-0.965926,0.433884,-0.900969,1,9,37,27,0.25,1,1.39,35,van,Jam,Windy,15.09
0.3942,-0.258819,-0.965926,0.781831,0.62349,12,8,11,2,0.8,1,101.53,1,car,Medium,Sunny,4.85
1.1437,-0.5,-0.866025,0.433884,-0.900969,10,10,15,4,0.7143,1,157.49,0,van,Normal,Rainy,13.63
0.2267,-0.258819,-0.965926,0.0,1.0,5,10,17,6,0.625,1,130.48,1,car,Normal,Rainy,2.22
0.2519,-0.707107,-0.707107,0.974928,-0.222521,2,0,9,8,0.0,1,50.06,1,car,Medium,Sunny,3.82
0.7058,0.5,-0.866025,0.974928,-0.222521,1,9,13,3,0.75,1,202.66,0,car,Normal,Rainy,8.85
0.0849,0.0,-1.0,-0.974928,-0.222521,11,14,24,9,0.6087,1,104.09,15,car,Medium,Sunny,2.38
2.3866,0.258819,-0.965926,0.974928,-0.222521,6,4,7,2,0.6667,1,45.6,0,van,High,Sunny,42.8
0.3342,-0.258819,-0.965926,-0.781831,0.62349,5,4,10,5,0.4444,1,145.1,6,van,Normal,Sunny,3.68
0.2696,0.258819,0.965926,-0.781831,0.62349,2,11,16,4,0.7333,1,317.56,0,car,High,Sunny,2.64
4.3005,-0.5,-0.866025,0.0,1.0,10,1,18,16,0.0588,1,42.26,0,van,Normal,Sunny,43.87
0.5334,-0.258819,-0.965926,0.0,1.0,11,3,13,9,0.25,1,2.35,14,car,Medium,Sunny,6.1
0.2997,0.0,-1.0,0.974928,-0.222521,4,9,22,12,0.4286,1,305.78,1,car,Normal,Rainy,2.56
0.9856,0.258819,-0.965926,0.0,1.0,4,6,13,6,0.5,1,286.83,14,van,Medium,Sunny,13.09
1.0727,0.0,-1.0,-0.974928,-0.222521,4,6,13,6,0.5,1,283.95,14,car,Normal,Sandstorm,13.97
0.8917,-0.258819,-0.965926,0.0,1.0,1,24,29,4,0.8571,1,206.32,1,van,Medium,Windy,15.16
1.2381,-0.707107,-0.707107,0.433884,-0.900969,11,14,21,6,0.7,1,132.8,6,car,Medium,Sunny,18.67
0.9637,-0.866025,-0.5,0.433884,-0.900969,4,2,27,24,0.0769,0,341.46,-1,van,Medium,Sunny,20.41
5.0075,-0.707107,-0.707107,0.974928,-0.222521,5,2,5,2,0.5,1,229.13,0,car,High,Windy,90.0
0.9648,0.258819,-0.965926,0.974928,-0.222521,10,1,12,10,0.0909,1,246.57,1,car,High,Windy,14.56
4.0382,-0.866025,-0.5,-0.781831,0.62349,2,6,12,5,0.5455,0,53.1,6,car,Medium,Foggy,78.86
1.4034,-0.707107,-0.707107,0.433884,-0.900969,9,24,29,4,0.8571,1,252.76,6,van,High,Sunny,40.49
1.2835,-0.965926,0.258819,-0.974928,-0.222521,8,9,12,2,0.8182,1,8.04,1,van,Normal,Sunny,13.93
2.7783,0.258819,-0.965926,0.433884,-0.900969,1,2,25,22,0.0833,1,37.52,0,van,Medium,Sandstorm,49.97
0.4946,-0.707107,-0.707107,0.781831,0.62349,12,1,11,9,0.1,1,330.71,1,van,High,Sunny,13.88
0.4836,0.0,-1.0,0.974928,-0.222521,4,2,17,14,0.125,1,247.83,1,van,Normal,Sunny,5.54
0.4854,-0.965926,0.258819,0.433884,-0.900969,5,10,13,2,0.8333,1,15.38,0,car,Medium,Sandstorm,5.76
0.9621,-0.707107,-0.707107,0.0,1.0,7,13,22,8,0.619,1,202.42,1,car,Normal,Sunny,11.17
0.1062,-0.258819,-0.965926,-0.781831,0.62349,8,10,25,14,0.4167,1,97.66,0,car,Medium,Sunny,1.0
0.7214,-0.258819,-0.965926,-0.781831,0.62349,4,4,12,7,0.3636,1,351.09,14,van,High,Sunny,15.44
1.0349,-0.258819,-0.965926,0.974928,-0.222521,4,9,12,2,0.8182,1,4.73,1,van,Normal,Windy,13.64
0.7544,-0.258819,-0.965926,-0.781831,0.62349,4,4,12,7,0.3636,1,176.55,0,van,Low,Windy,7.84
0.8882,-0.707107,-0.707107,0.974928,-0.222521,1,6,16,9,0.4,1,34.92,0,van,Jam,Sunny,36.8
1.7537,0.0,-1.0,0.974928,-0.222521,6,7,12,4,0.6364,1,358.77,1,car,Medium,Sunny,19.99
0.3926,-0.258819,-0.965926,0.433884,-0.900969,9,0,8,7,0.0,1,109.63,6,van,High,Sunny,8.64
3.9325,-0.5,-0.866025,-0.974928,-0.222521,5,6,12,5,0.5455,0,54.85,6,van,Medium,Windy,55.81
0.7736,-0.258819,-0.965926,0.0,1.0,5,7,24,16,0.3043,1,102.59,35,car,Jam,Sunny,18.67
3.4421,0.0,-1.0,0.433884,-0.900969,4,1,10,8,0.1111,0,267.83,1,car,Jam,Windy,84.57
0.7957,-0.258819,-0.965926,-0.781831,0.62349,2,4,11,6,0.4,1,249.47,1,car,Low,Sunny,4.86
0.8558,-0.707107,-0.707107,0.433884,-0.900969,9,1,9,7,0.125,1,347.03,8,van,Low,Rainy,11.76
1.0065,-0.965926,-0.258819,0.433884,-0.900969,4,7,15,7,0.5,1,356.91,0,van,High,Rainy,35.55
0.1948,-0.5,-0.866025,0.781831,0.62349,11,2,10,7,0.2222,1,187.58,6,car,Medium,Sunny,1.57
0.7626,-0.258819,-0.965926,0.781831,0.62349,5,6,13,6,0.5,1,131.38,0,car,Low,Sunny,5.23
1.5915,0.0,-1.0,0.0,1.0,4,2,14,11,0.1538,1,233.55,0,van,Normal,Rainy,23.91
5.8037,-0.258819,-0.965926,0.0,1.0,9,5,14,8,0.3846,1,48.59,0,car,High,Sandstorm,90.0
2.7134,0.0,-1.0,0.0,1.0,4,10,14,3,0.7692,1,211.14,1,car,Normal,Windy,26.59
4.9713,-0.866025,-0.5,0.0,1.0,2,2,5,2,0.5,0,50.21,4,car,Normal,Rainy,70.69
2.1431,-0.258819,-0.965926,-0.781831,0.62349,4,7,14,6,0.5385,0,83.9,15,van,Normal,Sandstorm,36.06
0.4614,-0.5,-0.866025,0.433884,-0.900969,2,24,37,12,0.6667,1,124.59,35,van,Normal,Sunny,4.72
0.2171,-0.707107,0.707107,0.433884,-0.900969,4,4,10,5,0.4444,1,186.97,6,van,Normal,Foggy,1.61
1.8818,0.258819,-0.965926,-0.781831,0.62349,1,0,16,15,0.0,1,235.97,0,car,Medium,Rainy,21.58
0.7607,0.0,-1.0,0.0,1.0,11,3,9,5,0.375,0,127.52,-1,car,Normal,Sunny,6.78
1.5879,-0.5,-0.866025,-0.974928,-0.222521,6,6,13,6,0.5,1,292.99,1,car,Medium,Sunny,15.05
0.2997,-0.965926,-0.258819,-0.974928,-0.222521,10,8,24,15,0.3478,1,357.71,6,van,Low,Sunny,3.24
1.7877,-0.707107,0.707107,0.974928,-0.222521,5,6,12,5,0.5455,1,213.77,1,car,Jam,Sunny,24.93
0.5926,-0.5,-0.866025,0.0,1.0,4,9,19,9,0.5,1,132.41,6,van,Medium,Sunny,7.55
1.5522,-0.258819,-0.965926,0.0,1.0,11,5,9,3,0.625,0,316.2,22,car,Medium,Sunny,17.8
0.5393,-0.965926,-0.258819,-0.781831,0.62349,12,7,13,5,0.5833,1,56.01,0,car,Medium,Rainy,9.78
1.0419,-0.258819,-0.965926,0.433884,-0.900969,8,0,12,11,0.0,0,100.92,14,car,High,Sunny,17.0
1.0922,-0.866025,-0.5,-0.974928,-0.222521,4,1,12,10,0.0909,1,256.09,1,van,Low,Sunny,12.97
1.7069,-0.866025,0.5,0.0,1.0,10,8,13,4,0.6667,1,80.94,1,van,Medium,Sunny,22.2
1.1919,-0.258819,-0.965926,-0.974928,-0.222521,6,22,25,2,0.9167,1,337.68,0,car,High,Sunny,19.79
0.5035,-0.258819,-0.965926,0.781831,0.62349,7,2,12,9,0.1818,1,287.35,1,car,High,Sunny,7.99
1.8967,0.258819,-0.965926,0.0,1.0,3,3,5,1,0.75,1,35.66,6,van,Medium,Sunny,25.2
0.5068,0.0,-1.0,-0.781831,0.62349,1,11,14,2,0.8462,1,316.71,18,car,Medium,Sunny,5.43
0.6873,0.258819,-0.965926,0.0,1.0,12,15,19,3,0.8333,1,272.37,6,car,Medium,Sunny,6.74
1.4998,-0.5,-0.866025,0.974928,-0.222521,5,5,11,5,0.5,1,236.36,1,van,High,Sunny,26.96
0.3241,-0.707107,-0.707107,0.974928,-0.222521,9,6,13,6,0.5,1,47.04,0,van,Normal,Sunny,4.7
0.2057,-0.707107,-0.707107,0.0,1.0,10,5,25,19,0.2083,1,244.48,0,van,Medium,Sunny,4.18
3.3163,-0.5,-0.866025,0.781831,0.62349,1,9,11,1,0.9,1,57.05,1,car,High,Sunny,42.28
7.3833,0.0,-1.0,0.0,1.0,12,5,8,2,0.7143,1,235.53,0,car,Normal,Sunny,67.63
1.0125,-1.0,-0.0,0.974928,-0.222521,12,6,16,9,0.4,1,63.32,0,van,Low,Sunny,12.22
1.2075,-0.866025,-0.5,0.0,1.0,6,8,16,7,0.5333,1,149.31,0,car,High,Sandstorm,33.81
0.4084,0.0,-1.0,0.0,1.0,9,0,12,11,0.0,1,46.72,1,car,Medium,Sunny,5.95
1.7052,-0.5,-0.866025,0.433884,-0.900969,5,1,13,11,0.0833,1,234.17,0,van,Normal,Sandstorm,23.84
4.9904,-0.258819,-0.965926,0.0,1.0,1,2,5,2,0.5,0,52.32,4,car,Low,Sunny,33.05
0.7398,-0.866025,-0.5,-0.781831,0.62349,3,3,7,3,0.5,1,36.42,6,car,Normal,Sunny,8.96
2.831,0.0,-1.0,-0.974928,-0.222521,4,1,5,3,0.25,1,65.47,0,car,Normal,Sunny,26.04
0.6286,-0.258819,-0.965926,0.974928,-0.222521,10,6,9,2,0.75,0,291.89,-1,car,Medium,Sunny,8.56
0.4913,-0.5,-0.866025,0.433884,-0.900969,2,17,24,6,0.7391,1,98.17,35,car,Medium,Sunny,4.56
2.1157,-0.965926,0.258819,0.433884,-0.900969,4,1,8,6,0.1429,1,45.27,6,van,Low,Sunny,15.12
0.7025,-0.965926,-0.258819,0.0,1.0,10,10,14,3,0.7692,1,156.59,0,van,Medium,Sandstorm,19.95
1.0412,-0.707107,0.707107,-0.781831,0.62349,4,1,9,7,0.125,1,349.18,8,van,High,Sunny,13.36
1.808,-0.707107,-0.707107,-0.974928,-0.222521,5,2,8,5,0.2857,1,117.64,1,car,Medium,Windy,31.31
0.4401,-0.5,-0.866025,-0.781831,0.62349,4,9,18,8,0.5294,1,267.6,0,car,Jam,Foggy,11.1
0.2815,0.0,-1.0,-0.974928,-0.222521,1,7,29,21,0.25,1,199.6,1,van,High,Sunny,6.19
0.701,-0.707107,-0.707107,-0.781831,0.62349,1,0,12,11,0.0,1,98.91,1,car,High,Rainy,18.3
7.7475,0.0,-1.0,0.433884,-0.900969,2,1,5,3,0.25,0,87.76,22,van,Jam,Sunny,90.0
2.1897,-0.258819,-0.965926,0.433884,-0.900969,2,7,14,6,0.5385,0,87.11,15,van,Medium,Sunny,36.22
0.5288,0.0,-1.0,0.781831,0.62349,5,15,37,21,0.4167,1,354.14,35,car,Medium,Sunny,6.22
1.768,-0.258819,-0.965926,-0.974928,-0.222521,1,13,15,1,0.9286,0,300.31,18,car,Medium,Windy,22.34
5.1827,-0.866025,-0.5,-0.974928,-0.222521,5,14,16,1,0.9333,1,230.28,0,van,Normal,Sandstorm,90.0
2.8738,-0.258819,-0.965926,0.974928,-0.222521,8,6,11,4,0.6,1,29.98,1,car,Jam,Sandstorm,86.88
1.5322,0.258819,-0.965926,0.0,1.0,1,2,19,16,0.1111,1,252.23,8,car,Normal,Foggy,13.91
0.5491,-0.707107,0.707107,0.0,1.0,4,10,17,6,0.625,1,164.63,1,car,Normal,Sunny,2.41
0.5623,-0.707107,-0.707107,0.781831,0.62349,12,22,24,1,0.9565,1,197.7,35,van,Low,Rainy,7.62
0.6516,-0.707107,-0.707107,-0.974928,-0.222521,5,0,21,20,0.0,1,1.67,9,car,Medium,Sunny,10.92
0.9541,0.0,-1.0,-0.781831,0.62349,10,2,27,24,0.0769,0,343.29,-1,van,High,Sunny,21.68
2.0768,-0.258819,-0.965926,-0.974928,-0.222521,5,10,24,13,0.4348,1,83.47,15,car,Jam,Sunny,47.72
2.3365,-0.866025,-0.5,-0.974928,-0.222521,8,3,9,5,0.375,0,92.38,6,van,Medium,Sunny,49.63
0.2269,-1.0,-0.0,0.433884,-0.900969,11,3,19,15,0.1667,1,308.82,8,car,Jam,Sandstorm,8.76
1.95,-0.965926,-0.258819,-0.781831,0.62349,3,12,37,24,0.3333,1,15.71,35,car,High,Sunny,40.33
0.0727,0.0,-1.0,0.974928,-0.222521,3,8,14,5,0.6154,1,334.9,0,car,High,Sunny,1.0
0.416,-0.707107,-0.707107,0.0,1.0,3,10,17,6,0.625,1,175.14,1,car,High,Sunny,9.27
2.3509,-0.965926,0.258819,0.781831,0.62349,6,2,14,11,0.1538,1,227.8,1,van,Medium,Windy,33.99
1.553,0.0,-1.0,0.433884,-0.900969,1,12,25,12,0.5,1,36.69,0,van,Medium,Sandstorm,34.5
1.0855,0.258819,-0.965926,0.0,1.0,10,5,12,6,0.4545,1,296.95,14,van,Medium,Sunny,13.69
0.3088,-0.258819,-0.965926,0.433884,-0.900969,6,3,19,15,0.1667,1,319.38,8,car,Medium,Sandstorm,4.69
1.676,0.258819,-0.965926,-0.974928,-0.222521,9,0,16,15,0.0,1,248.69,0,van,Low,Foggy,15.12
0.4294,-0.965926,-0.258819,-0.974928,-0.222521,11,8,17,8,0.5,1,127.83,1,car,Jam,Rainy,15.37
0.6459,-0.866025,-0.5,0.781831,0.62349,5,1,17,15,0.0625,1,346.37,1,van,Normal,Sunny,10.55
0.8321,-0.866025,-0.5,0.433884,-0.900969,3,17,19,1,0.9444,1,346.31,6,car,Normal,Sunny,10.01
3.4933,-0.5,-0.866025,-0.433884,-0.900969,11,4,13,8,0.3333,1,72.38,0,car,Medium,Sunny,33.47
1.5996,-0.258819,-0.965926,-0.974928,-0.222521,3,8,14,5,0.6154,1,108.88,0,car,Low,Sunny,10.26
0.3948,0.258819,-0.965926,-0.974928,-0.222521,1,9,14,4,0.6923,1,199.86,1,van,Medium,Sunny,5.86
0.5582,-0.866025,-0.5,0.0,1.0,4,9,12,2,0.8182,1,256.76,14,car,Medium,Sunny,8.17
1.603,-0.258819,-0.965926,0.433884,-0.900969,4,25,27,1,0.9615,0,251.62,-1,car,Medium,Sunny,18.55
0.8065,-0.258819,-0.965926,0.974928,-0.222521,8,4,11,6,0.4,1,231.27,1,van,Normal,Sunny,9.6
7.5462,-0.965926,-0.258819,-0.974928,-0.222521,5,0,11,10,0.0,0,228.31,-1,car,Normal,Sunny,90.0
0.3595,-1.0,-0.0,0.433884,-0.900969,4,0,25,24,0.0,1,353.63,0,van,Medium,Sunny,7.71
1.8274,-0.965926,0.258819,0.433884,-0.900969,10,7,12,4,0.6364,1,359.89,1,car,Medium,Rainy,20.23
0.7062,0.0,-1.0,0.781831,0.62349,1,6,16,9,0.4,1,134.49,0,van,High,Sunny,15.98
0.6231,-0.866025,-0.5,0.433884,-0.900969,1,23,27,3,0.8846,1,206.74,12,van,High,Sunny,17.99
1.2806,0.0,-1.0,0.0,1.0,5,19,24,4,0.8261,1,353.39,35,van,Medium,Sunny,21.27
0.1772,-0.5,-0.866025,0.433884,-0.900969,1,8,16,7,0.5333,1,138.27,0,van,Normal,Sunny,1.66
0.4522,-0.707107,0.707107,0.974928,-0.222521,6,5,12,6,0.4545,1,51.84,8,car,Normal,Foggy,2.46
0.568,0.258819,-0.965926,-0.974928,-0.222521,8,8,15,6,0.5714,1,53.29,15,van,Normal,Sunny,6.61
0.8013,-0.707107,-0.707107,0.433884,-0.900969,11,9,11,1,0.9,1,135.75,1,van,Medium,Windy,17.85
1.5193,-0.965926,0.258819,0.974928,-0.222521,5,3,8,4,0.4286,0,305.82,-1,car,Medium,Sunny,14.66
6.2225,-0.866025,-0.5,-0.974928,-0.222521,6,8,14,5,0.6154,0,250.25,1,car,Normal,Sunny,75.05
0.2072,-0.258819,-0.965926,0.781831,0.62349,1,3,25,21,0.125,1,47.27,0,van,Medium,Sunny,2.77
1.4583,-0.258819,-0.965926,0.433884,-0.900969,1,6,17,10,0.375,1,255.85,1,van,Low,Sunny,12.66
1.0008,0.0,-1.0,0.0,1.0,11,7,9,1,0.875,1,342.36,6,car,Normal,Sunny,9.12
0.231,-0.258819,-0.965926,0.781831,0.62349,4,9,12,2,0.8182,1,257.81,14,van,Medium,Sunny,3.77
5.8934,-0.258819,-0.965926,0.433884,-0.900969,5,0,8,7,0.0,0,194.54,-1,car,Medium,Windy,74.08
0.5691,-0.258819,-0.965926,-0.974928,-0.222521,2,8,14,5,0.6154,1,320.26,15,van,Medium,Rainy,10.49
1.8436,-1.0,-0.0,0.433884,-0.900969,4,2,21,18,0.1,1,69.02,0,car,Medium,Sunny,28.53
8.4701,0.0,-1.0,0.974928,-0.222521,9,12,15,2,0.8571,0,63.69,-1,car,Normal,Sunny,77.24
1.0448,0.258819,-0.965926,0.781831,0.62349,5,19,37,17,0.5278,1,123.21,35,car,High,Foggy,16.43
0.089,-0.258819,-0.965926,0.433884,-0.900969,1,11,14,2,0.8462,1,341.61,1,van,Normal,Sunny,1.0
0.8982,-0.5,-0.866025,0.0,1.0,8,2,18,15,0.1176,1,79.81,0,van,Medium,Foggy,15.04
0.0949,0.0,-1.0,0.0,1.0,4,1,8,6,0.1429,1,148.64,0,car,Normal,Foggy,2.43
0.4011,-0.866025,-0.5,-0.781831,0.62349,9,13,24,10,0.5652,1,327.48,35,car,Normal,Sandstorm,6.59
0.1956,-0.258819,-0.965926,0.781831,0.62349,6,0,29,28,0.0,1,3.01,8,car,Medium,Sunny,2.07
2.7254,-0.965926,-0.258819,-0.974928,-0.222521,1,1,3,1,0.5,0,198.83,-1,car,Normal,Windy,35.25
0.472,-0.258819,-0.965926,-0.974928,-0.222521,12,1,11,9,0.1,1,253.72,1,car,Normal,Rainy,5.54
1.042,-0.707107,-0.707107,0.433884,-0.900969,11,17,37,19,0.4722,1,136.86,35,car,Jam,Sunny,31.15
6.2551,-0.707107,-0.707107,-0.974928,-0.222521,11,0,14,13,0.0,1,53.67,0,car,Normal,Sunny,76.72
5.8171,-0.707107,-0.707107,0.433884,-0.900969,5,4,8,3,0.5714,0,253.54,-1,car,Low,Windy,53.96
0.5648,-0.707107,-0.707107,0.781831,0.62349,2,22,29,6,0.7857,1,148.34,1,car,Normal,Windy,9.45
0.1644,-0.258819,-0.965926,0.781831,0.62349,12,5,21,15,0.25,1,231.26,0,car,High,Foggy,3.04
0.5225,-0.965926,-0.258819,0.0,1.0,4,17,21,3,0.85,1,151.64,0,van,Normal,Windy,9.82
0.6083,-0.258819,-0.965926,-0.974928,-0.222521,4,16,25,8,0.6667,1,74.41,0,car,Medium,Rainy,8.4
6.104,-0.5,-0.866025,-0.781831,0.62349,9,4,8,3,0.5714,0,252.76,-1,car,Normal,Windy,48.49
20.0,-0.707107,-0.707107,0.433884,-0.900969,4,1,7,5,0.1667,0,36.79,-1,van,Medium,Sunny,90.0
0.33,-0.258819,-0.965926,-0.974928,-0.222521,10,13,29,15,0.4643,1,265.7,6,car,Normal,Windy,2.54
0.8406,-0.258819,-0.965926,0.974928,-0.222521,4,13,22,8,0.619,1,204.08,1,car,High,Sandstorm,18.02
3.4091,-0.5,-0.866025,-0.781831,0.62349,5,3,9,5,0.375,0,84.93,6,van,Low,Sunny,24.86
5.4419,-0.5,-0.866025,0.974928,-0.222521,1,1,4,2,0.3333,1,52.96,0,van,Jam,Windy,90.0
6.9297,-0.866025,-0.5,0.974928,-0.222521,1,3,16,12,0.2,1,50.87,0,van,Medium,Sunny,90.0
0.1375,-0.866025,-0.5,0.974928,-0.222521,4,2,4,1,0.6667,1,356.68,0,van,Jam,Sunny,6.34
1.5163,0.258819,-0.965926,-0.781831,0.62349,11,2,4,1,0.6667,0,301.86,-1,car,Medium,Sunny,14.41
0.8307,-1.0,-0.0,0.0,1.0,5,11,13,1,0.9167,1,233.81,0,van,High,Sunny,23.77
7.3379,-0.965926,-0.258819,0.974928,-0.222521,4,2,14,11,0.1538,1,46.68,0,van,Low,Windy,90.0
0.9123,-0.258819,-0.965926,0.781831,0.62349,8,8,21,12,0.4,1,46.35,0,car,Normal,Sunny,8.27
1.2515,-0.258819,-0.965926,0.974928,-0.222521,3,1,9,7,0.125,0,170.22,-1,van,Medium,Sunny,19.92
0.4618,-0.258819,-0.965926,-0.974928,-0.222521,4,3,12,8,0.2727,1,304.13,0,car,Normal,Rainy,4.46
0.6868,0.5,-0.866025,0.0,1.0,10,0,21,20,0.0,1,359.34,0,car,Medium,Sunny,9.22
0.7829,-1.0,-0.0,0.433884,-0.900969,5,21,25,3,0.875,1,161.68,0,car,High,Rainy,18.83
1.0885,-0.707107,0.707107,0.433884,-0.900969,4,25,37,11,0.6944,1,176.92,35,car,Normal,Sunny,6.49
0.9659,0.0,-1.0,-0.781831,0.62349,5,19,37,17,0.5278,1,115.95,35,van,Normal,Sunny,13.36
0.5501,-1.0,-0.0,0.433884,-0.900969,2,5,10,4,0.5556,1,15.2,6,car,Jam,Sunny,16.98
0.0808,-0.965926,0.258819,-0.974928,-0.222521,1,35,37,1,0.9722,1,345.6,35,van,Medium,Sunny,1.72
0.3397,-0.866025,-0.5,0.781831,0.62349,8,26,37,10,0.7222,1,203.09,35,van,High,Sandstorm,12.9
2.2027,-0.5,-0.866025,0.781831,0.62349,5,21,24,2,0.913,1,344.27,35,car,Medium,Sunny,22.86
0.8627,-0.707107,-0.707107,0.974928,-0.222521,9,8,21,12,0.4,1,39.51,0,van,Medium,Foggy,23.44
0.578,0.0,-1.0,-0.781831,0.62349,10,7,12,4,0.6364,1,158.33,14,van,Normal,Foggy,8.66
0.2669,-0.965926,-0.258819,0.781831,0.62349,3,2,4,1,0.6667,1,266.71,0,car,Medium,Windy,4.14
0.9764,-0.866025,-0.5,-0.781831,0.62349,2,1,17,15,0.0625,1,328.42,1,car,Jam,Sunny,29.21
2.5595,-0.707107,-0.707107,0.974928,-0.222521,5,23,29,5,0.8214,1,236.84,1,car,Low,Sunny,22.79
0.4818,-0.258819,-0.965926,0.781831,0.62349,3,34,37,2,0.9444,1,4.56,35,car,Low,Windy,3.77
0.5232,0.0,-1.0,0.0,1.0,5,1,11,9,0.1,1,331.32,1,car,Low,Sunny,4.05
0.2124,-0.258819,-0.965926,0.974928,-0.222521,11,2,37,34,0.0556,1,128.39,35,van,Normal,Sandstorm,3.5
0.8218,-0.5,-0.866025,0.433884,-0.900969,1,4,14,9,0.3077,1,210.4,4,car,Low,Sunny,5.61
1.2339,-0.707107,0.707107,0.974928,-0.222521,9,25,27,1,0.9615,0,240.91,-1,car,Normal,Sunny,6.86
0.6573,-0.707107,-0.707107,0.433884,-0.900969,4,14,19,4,0.7778,1,263.63,6,van,Normal,Sunny,11.5
1.5486,0.0,-1.0,-0.781831,0.62349,8,0,18,17,0.0,1,227.23,0,car,Normal,Sandstorm,18.96
2.7237,-0.707107,-0.707107,-0.974928,-0.222521,4,10,14,3,0.7692,1,206.93,1,car,High,Sunny,56.86
0.0517,-0.5,-0.866025,-0.781831,0.62349,5,6,15,8,0.4286,1,208.66,6,car,Normal,Sunny,1.26
0.5946,-0.707107,-0.707107,-0.781831,0.62349,12,4,12,7,0.3636,1,330.17,14,van,Normal,Sandstorm,12.93
2.0028,0.5,-0.866025,0.0,1.0,3,5,7,1,0.8333,0,9.87,-1,car,Normal,Sunny,22.2
1.3571,-0.707107,0.707107,-0.781831,0.62349,5,2,8,5,0.2857,1,114.07,1,van,Normal,Rainy,12.08
1.2603,-0.258819,-0.965926,0.781831,0.62349,9,9,24,14,0.3913,0,87.28,15,van,Low,Windy,12.36
0.428,-0.965926,-0.258819,0.781831,0.62349,5,10,15,4,0.7143,1,156.89,15,car,High,Sunny,8.6
0.4146,0.258819,-0.965926,0.781831,0.62349,1,6,11,4,0.6,1,17.3,1,car,Low,Sunny,2.55
0.2584,-0.5,-0.866025,0.781831,0.62349,5,13,16,2,0.8667,1,171.37,0,van,Medium,Rainy,4.44
1.2791,-0.965926,0.258819,0.974928,-0.222521,11,2,4,1,0.6667,0,293.24,-1,van,High,Rainy,26.9
10.6201,-1.0,-0.0,-0.781831,0.62349,2,2,14,11,0.1538,0,44.89,15,car,Normal,Sandstorm,90.0
0.4705,-0.5,-0.866025,0.974928,-0.222521,10,23,37,13,0.6389,1,46.95,35,car,Medium,Rainy,7.12
20.0,-0.707107,-0.707107,-0.781831,0.62349,10,1,7,5,0.1667,0,37.41,-1,car,Normal,Windy,90.0
0.9008,-0.258819,-0.965926,0.433884,-0.900969,12,13,24,10,0.5652,1,286.26,15,car,Normal,Sunny,8.04
1.6412,-0.707107,-0.707107,0.974928,-0.222521,5,7,12,4,0.6364,1,358.12,1,car,Normal,Sunny,19.27
5.0714,-0.258819,-0.965926,-0.974928,-0.222521,4,7,11,3,0.7,0,175.17,-1,car,Low,Sunny,32.99
0.3223,0.258819,-0.965926,-0.781831,0.62349,4,14,25,10,0.5833,1,56.58,0,car,High,Sunny,4.13
0.8888,-0.258819,-0.965926,0.974928,-0.222521,3,13,24,10,0.5652,1,287.89,15,van,Low,Sunny,7.83
1.9616,0.258819,-0.965926,0.0,1.0,11,5,15,9,0.3571,0,102.53,-1,van,Medium,Sunny,25.46
0.6564,-0.258819,-0.965926,0.781831,0.62349,10,13,17,3,0.8125,1,239.07,1,van,Low,Sunny,6.61
3.0858,0.258819,-0.965926,-0.781831,0.62349,5,2,25,22,0.0833,1,37.87,0,van,High,Windy,59.18
7.2836,-0.258819,-0.965926,0.433884,-0.900969,5,0,11,10,0.0,0,229.25,-1,car,Medium,Rainy,90.0
0.5296,-0.258819,-0.965926,0.974928,-0.222521,12,0,21,20,0.0,1,359.48,9,van,Medium,Sunny,8.43
1.9378,0.258819,-0.965926,0.781831,0.62349,9,1,6,4,0.2,1,239.96,1,van,Low,Sunny,13.94
2.4763,-0.258819,-0.965926,0.433884,-0.900969,6,2,16,13,0.1333,1,274.24,0,car,Medium,Windy,31.5
0.2187,-0.866025,-0.5,0.974928,-0.222521,5,2,12,9,0.1818,1,356.98,8,van,Normal,Foggy,4.54
1.3425,-0.258819,-0.965926,0.433884,-0.900969,4,20,22,1,0.9524,1,79.1,1,van,High,Sunny,28.87
1.0967,-0.258819,-0.965926,0.781831,0.62349,5,4,12,7,0.3636,1,143.05,1,car,Medium,Foggy,17.94
1.2665,-0.258819,-0.965926,-0.974928,-0.222521,4,13,21,7,0.65,1,76.59,6,van,Low,Sunny,11.22
0.4822,-0.866025,0.5,0.781831,0.62349,1,14,19,4,0.7778,1,251.19,6,van,Medium,Sunny,6.77
0.3537,-0.707107,-0.707107,-0.781831,0.62349,4,29,37,7,0.8056,1,73.13,35,van,Normal,Rainy,7.53
0.7127,-0.707107,-0.707107,-0.781831,0.62349,5,14,19,4,0.7778,1,242.25,6,van,Low,Sunny,8.71
4.1655,0.258819,-0.965926,0.433884,-0.900969,1,6,11,4,0.6,0,246.81,1,van,High,Windy,79.78
1.12,-0.258819,-0.965926,0.433884,-0.900969,4,4,8,3,0.5714,1,281.49,0,van,Medium,Sunny,18.48
1.7389,-0.258819,-0.965926,0.0,1.0,4,0,18,17,0.0,1,243.55,0,car,Low,Sandstorm,14.58
0.5131,-0.258819,-0.965926,0.974928,-0.222521,6,12,17,4,0.75,1,239.25,1,van,High,Windy,11.72
1.4902,0.0,-1.0,0.781831,0.62349,2,8,14,5,0.6154,1,97.58,0,car,Low,Windy,10.56
1.5463,-1.0,-0.0,-0.974928,-0.222521,5,13,15,1,0.9286,0,304.95,18,car,Low,Sunny,13.82
1.9255,-0.707107,-0.707107,-0.974928,-0.222521,4,1,6,4,0.2,1,241.35,1,van,Medium,Windy,44.26
1.45,-0.965926,0.258819,-0.974928,-0.222521,1,6,12,5,0.5455,1,257.38,1,car,Normal,Sunny,10.95
0.7911,-0.965926,-0.258819,-0.781831,0.62349,9,19,29,9,0.6786,1,18.78,6,car,Normal,Sunny,9.27
0.8512,-0.866025,-0.5,0.0,1.0,4,5,8,2,0.7143,1,300.27,30,car,Normal,Sunny,10.26
4.418,-0.258819,-0.965926,-0.781831,0.62349,3,2,13,10,0.1667,1,45.07,0,car,Jam,Sunny,90.0
0.6682,-0.707107,-0.707107,0.781831,0.62349,7,3,10,6,0.3333,1,56.67,6,van,Normal,Sunny,11.76
0.4416,-0.965926,0.258819,-0.781831,0.62349,1,10,29,18,0.3571,1,138.46,1,van,Normal,Windy,4.57
0.175,-0.707107,0.707107,0.433884,-0.900969,7,4,25,20,0.1667,1,27.35,0,car,Jam,Sunny,2.13
0.9671,-0.258819,-0.965926,0.781831,0.62349,9,11,13,1,0.9167,1,260.63,0,car,Normal,Sunny,8.78
0.4299,0.258819,-0.965926,0.433884,-0.900969,4,8,16,7,0.5333,1,168.38,0,car,High,Windy,5.48
0.8937,0.258819,-0.965926,0.974928,-0.222521,3,2,29,26,0.0714,1,256.94,1,van,High,Windy,17.34
0.6921,-0.5,-0.866025,-0.974928,-0.222521,2,7,13,5,0.5833,1,57.79,0,car,Medium,Sandstorm,8.82
0.4354,-0.258819,-0.965926,-0.974928,-0.222521,6,0,9,8,0.0,1,14.24,1,van,Medium,Sunny,7.3
0.9914,-0.5,-0.866025,0.781831,0.62349,5,9,15,5,0.6429,1,355.79,15,van,High,Foggy,21.69
0.8574,0.258819,-0.965926,-0.781831,0.62349,12,3,12,8,0.2727,1,310.31,1,car,Normal,Sunny,6.93
2.9406,-0.5,-0.866025,-0.974928,-0.222521,11,6,15,8,0.4286,0,353.12,0,car,Normal,Sunny,21.61
3.1231,-0.866025,-0.5,-0.974928,-0.222521,1,1,9,7,0.125,1,236.67,1,van,Medium,Windy,71.64
0.7175,-0.707107,-0.707107,-0.781831,0.62349,7,5,9,3,0.625,1,259.24,6,car,Medium,Windy,12.02
1.3427,-0.5,-0.866025,0.0,1.0,4,9,21,11,0.45,1,196.32,0,van,Normal,Windy,14.91
1.5404,-0.707107,-0.707107,0.974928,-0.222521,4,1,16,14,0.0667,1,152.22,0,van,Medium,Sunny,32.71
1.9886,0.0,-1.0,-0.781831,0.62349,1,4,6,1,0.8,1,346.51,1,van,High,Sunny,43.23
3.0164,-0.258819,-0.965926,0.781831,0.62349,7,7,12,4,0.6364,1,217.79,1,car,Normal,Sunny,27.43
0.2807,-0.258819,-0.965926,-0.781831,0.62349,3,11,22,10,0.5238,1,31.19,1,van,High,Sunny,6.38
0.2629,0.0,-1.0,0.974928,-0.222521,1,5,29,23,0.1786,1,314.76,1,car,Normal,Foggy,2.71
2.2782,0.0,-1.0,0.781831,0.62349,4,18,22,3,0.8571,1,201.0,1,car,High,Sandstorm,48.16
0.7054,-0.707107,-0.707107,0.974928,-0.222521,3,2,12,9,0.1818,1,283.88,1,car,Normal,Sunny,8.49
0.1888,-0.5,-0.866025,0.974928,-0.222521,5,26,37,10,0.7222,1,144.07,35,van,High,Sunny,3.3
1.4395,0.258819,-0.965926,0.781831,0.62349,9,11,17,5,0.6875,1,247.8,1,car,Medium,Windy,14.53
0.3935,0.258819,-0.965926,0.974928,-0.222521,6,10,15,4,0.7143,1,83.71,15,car,Normal,Sunny,2.8
2.0482,-0.258819,-0.965926,0.781831,0.62349,3,12,37,24,0.3333,1,17.04,35,car,Medium,Sunny,24.9
1.3106,0.0,-1.0,0.974928,-0.222521,11,25,27,1,0.9615,0,235.22,-1,car,High,Sunny,21.44
2.678,-0.866025,-0.5,0.433884,-0.900969,8,21,24,2,0.913,0,167.83,-1,car,Normal,Windy,34.13
0.1902,-0.258819,-0.965926,-0.781831,0.62349,8,35,37,1,0.9722,1,4.81,35,car,Low,Windy,1.42
1.1183,-0.5,-0.866025,0.974928,-0.222521,11,2,4,1,0.6667,0,333.38,20,van,Jam,Sandstorm,38.86
1.8203,0.0,-1.0,-0.781831,0.62349,5,0,16,15,0.0,1,243.39,0,car,Normal,Sunny,17.48
6.8296,-0.965926,0.258819,0.433884,-0.900969,4,3,16,12,0.2,1,49.72,0,van,Normal,Foggy,87.98
2.1647,-0.258819,-0.965926,0.781831,0.62349,3,7,15,7,0.5,0,68.35,15,car,High,Sunny,34.04
2.4139,-0.707107,-0.707107,0.433884,-0.900969,9,3,5,1,0.75,1,278.88,0,car,Medium,Sunny,37.79
1.2906,-0.707107,-0.707107,-0.781831,0.62349,11,6,17,10,0.375,1,252.3,1,van,Medium,Sunny,27.96
3.4025,-0.258819,-0.965926,0.974928,-0.222521,4,9,11,1,0.9,1,59.36,1,car,High,Sandstorm,71.64
1.5719,0.0,-1.0,0.781831,0.62349,1,10,16,5,0.6667,1,59.1,0,car,Medium,Windy,19.42
2.099,0.258819,-0.965926,0.433884,-0.900969,4,2,21,18,0.1,1,350.73,8,car,High,Sunny,26.81
3.122,0.0,-1.0,0.0,1.0,4,1,5,3,0.25,1,65.94,0,car,High,Sunny,49.54
3.9925,0.0,-1.0,0.0,1.0,7,6,8,1,0.8571,0,30.38,18,car,Low,Sandstorm,34.77
1.4176,-0.5,0.866025,-0.974928,-0.222521,11,8,14,5,0.6154,1,123.71,1,car,Medium,Sunny,9.8
0.6254,-0.258819,-0.965926,-0.781831,0.62349,6,2,37,34,0.0556,1,96.4,35,car,High,Sunny,10.54
4.5541,0.0,-1.0,0.974928,-0.222521,3,1,11,9,0.1,0,50.1,2,van,Medium,Sunny,73.36
4.1388,0.0,-1.0,0.974928,-0.222521,1,6,12,5,0.5455,0,50.21,6,car,High,Sunny,64.81
1.3659,0.0,-1.0,0.433884,-0.900969,11,5,14,8,0.3846,0,241.05,6,car,Normal,Sunny,13.15
1.6462,0.0,-1.0,0.433884,-0.900969,1,3,14,10,0.2308,1,230.79,1,car,Low,Sunny,12.66
1.2795,-0.707107,0.707107,0.781831,0.62349,5,1,13,11,0.0833,1,356.29,14,van,High,Sandstorm,22.49
0.3496,-0.258819,-0.965926,0.433884,-0.900969,7,32,37,4,0.8889,1,350.6,35,van,Medium,Windy,5.94
0.0673,0.258819,-0.965926,0.781831,0.62349,3,10,12,1,0.9091,1,345.1,1,van,Low,Sunny,1.0
3.2902,0.0,-1.0,-0.974928,-0.222521,4,1,10,8,0.1111,0,266.5,1,car,Normal,Sunny,29.83
1.1944,-0.5,-0.866025,0.433884,-0.900969,5,7,9,1,0.875,1,353.44,6,car,Medium,Sunny,11.94
3.3915,0.258819,-0.965926,0.433884,-0.900969,3,0,7,6,0.0,0,337.54,8,van,Low,Sunny,24.33
0.9561,-0.258819,-0.965926,0.433884,-0.900969,4,7,10,2,0.7778,0,5.55,-1,car,High,Windy,16.02
0.5055,0.0,-1.0,0.974928,-0.222521,8,5,12,6,0.4545,1,35.47,8,car,High,Sunny,7.74
0.8052,0.258819,-0.965926,-0.781831,0.62349,4,7,12,4,0.6364,1,178.39,14,van,Normal,Rainy,10.42
0.1458,-0.258819,-0.965926,0.433884,-0.900969,2,0,12,11,0.0,1,267.18,1,van,High,Sunny,3.27
0.8653,0.0,-1.0,0.974928,-0.222521,4,10,13,2,0.8333,1,50.59,1,car,Normal,Sunny,7.48
0.8546,0.258819,0.965926,-0.781831,0.62349,8,4,9,4,0.5,1,128.12,23,car,High,Rainy,9.21
0.4448,-0.866025,-0.5,0.0,1.0,7,3,17,13,0.1875,1,176.86,1,van,Low,Sunny,5.04
0.2693,-0.707107,-0.707107,0.433884,-0.900969,3,0,21,20,0.0,1,21.33,0,car,Medium,Windy,5.02
0.9525,-0.5,-0.866025,0.433884,-0.900969,10,25,37,11,0.6944,1,185.03,35,car,High,Rainy,14.19
1.1711,-0.5,-0.866025,0.974928,-0.222521,10,25,27,1,0.9615,0,237.86,-1,car,Low,Sunny,6.26
1.0108,-0.5,-0.866025,0.781831,0.62349,4,0,12,11,0.0,0,97.97,14,car,Normal,Sunny,8.0
0.4852,-0.5,-0.866025,-0.781831,0.62349,4,6,22,15,0.2857,1,88.87,1,van,Low,Sunny,2.94
1.1898,-0.5,-0.866025,-0.974928,-0.222521,1,12,14,1,0.9231,0,292.33,-1,car,Medium,Sunny,10.96
0.7965,-0.707107,-0.707107,-0.781831,0.62349,8,11,13,1,0.9167,0,33.85,-1,car,Normal,Sunny,10.26
3.435,-0.965926,-0.258819,0.0,1.0,5,3,9,5,0.375,0,85.87,6,car,Jam,Sunny,90.0
0.0929,-0.258819,-0.965926,0.0,1.0,8,5,16,10,0.3333,1,330.18,0,car,Normal,Windy,1.0
8.4024,-0.258819,-0.965926,0.974928,-0.222521,12,0,5,4,0.0,0,236.8,9,car,Normal,Rainy,90.0
1.6734,0.5,-0.866025,-0.781831,0.62349,4,3,29,25,0.1071,1,358.97,1,car,Normal,Sunny,18.83
0.071,-0.258819,-0.965926,0.0,1.0,8,3,14,10,0.2308,1,159.79,15,van,Low,Foggy,1.0
4.3926,-0.5,-0.866025,0.974928,-0.222521,4,2,8,5,0.2857,0,113.3,-1,car,Normal,Rainy,39.46
0.4721,-0.258819,-0.965926,-0.781831,0.62349,1,7,12,4,0.6364,1,74.39,6,car,Normal,Foggy,4.87
1.4618,0.0,-1.0,0.781831,0.62349,9,10,13,2,0.8333,0,244.0,-1,van,Normal,Sunny,18.48
8.726,0.258819,-0.965926,0.433884,-0.900969,11,12,15,2,0.8571,0,65.85,-1,car,High,Sunny,90.0
0.2979,-0.866025,-0.5,0.0,1.0,3,1,13,11,0.0833,1,39.59,2,car,Medium,Sandstorm,6.73
0.7203,0.0,-1.0,-0.974928,-0.222521,11,4,10,5,0.4444,1,293.3,0,car,Medium,Sandstorm,11.16
2.2618,0.258819,-0.965926,0.781831,0.62349,11,16,24,7,0.6957,0,35.95,17,car,Normal,Sunny,17.13
1.5436,-0.258819,-0.965926,-0.974928,-0.222521,5,8,14,5,0.6154,1,102.62,0,car,Normal,Sunny,13.9
0.1114,-0.5,-0.866025,0.974928,-0.222521,10,18,21,2,0.9,1,111.28,0,van,High,Sandstorm,2.69
2.684,-0.5,-0.866025,0.974928,-0.222521,3,4,9,4,0.5,0,112.36,-1,van,High,Windy,51.29
2.5624,0.258819,-0.965926,0.781831,0.62349,1,0,13,12,0.0,0,51.38,2,van,Medium,Sunny,35.83
1.5194,-0.258819,-0.965926,-0.781831,0.62349,11,3,24,20,0.1304,1,185.7,35,car,High,Sunny,24.46
0.8858,0.0,-1.0,0.974928,-0.222521,4,4,12,7,0.3636,1,162.14,1,car,Medium,Sunny,10.22
1.5069,-0.258819,-0.965926,0.433884,-0.900969,10,19,24,4,0.8261,1,2.09,18,car,Low,Sandstorm,13.21
3.2341,-0.258819,-0.965926,0.781831,0.62349,2,1,4,2,0.3333,1,101.25,0,van,Medium,Windy,56.38
5.3846,-0.258819,-0.965926,0.974928,-0.222521,1,8,11,2,0.8,1,218.65,1,car,Medium,Sunny,63.7
1.9834,-0.5,-0.866025,0.0,1.0,11,2,14,11,0.1538,1,237.89,1,van,Normal,Sandstorm,29.2
0.8888,-0.258819,-0.965926,0.433884,-0.900969,3,0,17,16,0.0,1,320.88,1,van,Medium,Foggy,18.02
0.8692,-0.258819,-0.965926,0.433884,-0.900969,5,9,11,1,0.9,1,104.35,1,car,Normal,Sunny,8.57
0.872,-1.0,-0.0,0.0,1.0,9,22,24,1,0.9565,1,210.42,35,car,High,Sunny,18.29
1.7665,-0.258819,-0.965926,0.0,1.0,4,8,14,5,0.6154,1,123.33,0,van,Medium,Sunny,28.64
1.3821,-0.866025,-0.5,0.974928,-0.222521,4,13,29,15,0.4643,1,200.07,1,van,Low,Sunny,17.38
9.9934,0.258819,-0.965926,0.974928,-0.222521,9,6,8,1,0.8571,0,297.47,22,van,Medium,Sunny,90.0
2.7236,-0.707107,-0.707107,-0.781831,0.62349,4,6,15,8,0.4286,0,351.53,0,van,Jam,Sunny,90.0
0.4436,-1.0,-0.0,0.0,1.0,9,2,8,5,0.2857,0,36.79,-1,car,Low,Sunny,4.35
1.2704,-0.258819,-0.965926,0.433884,-0.900969,10,1,9,7,0.125,0,88.52,8,van,Medium,Sandstorm,28.41
2.1328,-0.965926,0.258819,0.0,1.0,4,3,8,4,0.4286,0,230.55,25,car,Medium,Rainy,24.58
1.6235,-0.707107,-0.707107,-0.781831,0.62349,3,13,15,1,0.9286,0,114.78,-1,car,Normal,Rainy,23.61
0.0955,-0.258819,-0.965926,0.0,1.0,5,9,27,17,0.3462,1,242.39,13,van,Low,Sunny,1.35
1.9534,-0.707107,0.707107,-0.433884,-0.900969,2,3,9,5,0.375,1,21.32,1,car,High,Windy,20.41
1.2375,0.0,-1.0,0.0,1.0,1,9,12,2,0.8182,1,299.29,0,van,Medium,Sunny,20.15
0.3457,-0.965926,-0.258819,0.974928,-0.222521,5,0,16,15,0.0,1,346.33,0,car,High,Rainy,8.23
0.9135,-0.258819,-0.965926,0.433884,-0.900969,3,2,27,24,0.0769,0,316.04,-1,car,Jam,Sunny,20.66
0.2017,-0.965926,-0.258819,0.781831,0.62349,1,0,12,11,0.0,1,345.46,1,car,Low,Sunny,1.92
1.5751,0.0,-1.0,-0.974928,-0.222521,4,0,18,17,0.0,1,239.86,0,car,Normal,Sunny,14.36
0.1808,-0.965926,-0.258819,0.433884,-0.900969,4,8,24,15,0.3478,1,352.48,6,car,Low,Sandstorm,1.72
0.2511,-0.258819,-0.965926,-0.781831,0.62349,1,10,13,2,0.8333,1,348.77,0,van,Medium,Sunny,3.35
4.5538,-0.258819,-0.965926,0.0,1.0,3,1,11,9,0.1,0,51.86,2,van,Medium,Sunny,73.4
1.7887,0.258819,-0.965926,-0.974928,-0.222521,8,5,15,9,0.3571,0,109.5,-1,car,Normal,Windy,14.69
0.5474,0.0,-1.0,0.0,1.0,2,6,16,9,0.4,1,171.2,0,van,Normal,Sunny,7.47
0.3913,-1.0,-0.0,-0.974928,-0.222521,10,5,25,19,0.2083,1,224.53,0,van,Low,Windy,5.72
1.2366,-0.258819,-0.965926,-0.781831,0.62349,3,16,29,12,0.5714,1,28.32,6,car,High,Sunny,21.49
2.5651,-0.258819,-0.965926,0.974928,-0.222521,11,3,9,5,0.375,0,99.13,6,van,Medium,Sunny,41.36
0.2407,-0.258819,-0.965926,0.0,1.0,5,2,13,10,0.1667,1,304.43,14,car,Normal,Sunny,2.43
0.8083,-0.707107,-0.707107,-0.974928,-0.222521,11,7,15,7,0.5,1,358.06,0,van,Medium,Rainy,19.77
1.4308,0.258819,-0.965926,0.974928,-0.222521,2,14,17,2,0.875,1,244.0,1,car,High,Sunny,17.69
1.1951,0.258819,-0.965926,0.781831,0.62349,9,7,10,2,0.7778,0,6.12,-1,car,Medium,Sunny,12.08
2.2985,-0.965926,-0.258819,0.781831,0.62349,8,6,21,14,0.3,0,57.55,6,car,Normal,Sunny,27.96
0.405,0.0,-1.0,-0.974928,-0.222521,1,8,14,5,0.6154,1,87.25,0,van,High,Windy,9.25
0.6659,-0.5,-0.866025,0.433884,-0.900969,3,4,9,4,0.5,1,134.95,23,car,Medium,Rainy,7.46
0.3353,-0.258819,-0.965926,0.974928,-0.222521,3,6,11,4,0.6,1,110.93,1,van,Normal,Windy,4.43
7.1818,-0.258819,-0.965926,0.433884,-0.900969,5,1,16,14,0.0667,1,47.26,0,car,Medium,Sunny,83.93
0.4434,-0.5,-0.866025,0.433884,-0.900969,5,4,10,5,0.4444,1,329.06,1,van,High,Sunny,7.8
1.1278,-0.258819,-0.965926,-0.974928,-0.222521,4,9,13,3,0.75,1,186.73,0,van,Normal,Sunny,14.81
6.1123,-0.258819,-0.965926,-0.974928,-0.222521,12,0,14,13,0.0,1,51.08,0,car,Low,Sunny,39.43
0.1703,0.258819,-0.965926,0.433884,-0.900969,5,5,25,19,0.2083,1,267.82,0,car,Normal,Sunny,1.41
2.3118,0.258819,-0.965926,0.974928,-0.222521,11,18,22,3,0.8571,1,198.54,1,van,Jam,Sunny,59.95
0.765,-0.5,-0.866025,0.781831,0.62349,10,16,25,8,0.6667,1,57.16,0,car,Normal,Sunny,6.0
2.8505,-0.5,0.866025,0.781831,0.62349,4,10,14,3,0.7692,1,212.45,1,van,Medium,Sunny,28.06
0.7293,-0.707107,-0.707107,0.0,1.0,3,24,29,4,0.8571,1,213.03,1,car,Medium,Sunny,11.07
0.3034,-0.5,-0.866025,-0.781831,0.62349,1,10,17,6,0.625,1,163.08,1,car,Normal,Windy,2.77
2.3317,-0.258819,-0.965926,0.433884,-0.900969,11,1,4,2,0.3333,0,258.76,-1,van,Normal,Sunny,29.14
1.3263,-0.707107,-0.707107,0.781831,0.62349,3,8,24,15,0.3478,1,0.16,35,van,Normal,Foggy,27.56
0.9936,-0.258819,-0.965926,0.433884,-0.900969,4,7,10,2,0.7778,1,322.6,6,van,Jam,Sunny,31.1
3.8884,0.0,-1.0,-0.781831,0.62349,2,4,8,3,0.5714,0,216.95,30,car,Low,Windy,27.17
0.4836,-0.965926,-0.258819,-0.974928,-0.222521,2,6,12,5,0.5455,1,130.65,14,car,Medium,Sunny,6.94
0.7371,-0.707107,-0.707107,0.0,1.0,2,10,16,5,0.6667,1,123.19,0,car,Low,Sunny,6.69
0.2219,0.258819,-0.965926,0.0,1.0,4,11,14,2,0.8462,1,94.47,1,van,Medium,Sunny,3.2
3.6176,-0.5,-0.866025,0.781831,0.62349,6,1,10,8,0.1111,0,267.96,1,car,Medium,Sunny,34.83
0.2532,-1.0,-0.0,0.0,1.0,4,18,21,2,0.9,1,131.42,5,van,Normal,Sunny,4.5
0.05,-0.965926,-0.258819,0.433884,-0.900969,5,9,27,17,0.3462,1,184.63,13,van,Normal,Sunny,1.0
2.3107,-0.5,-0.866025,-0.974928,-0.222521,1,2,7,4,0.3333,1,12.71,6,van,Low,Windy,19.42
0.2284,-0.5,-0.866025,0.433884,-0.900969,8,11,18,6,0.6471,1,24.59,0,car,Low,Sunny,1.0
0.3706,-0.707107,0.707107,0.781831,0.62349,4,3,8,4,0.4286,1,282.06,0,van,Normal,Sunny,2.45
0.3591,-0.258819,-0.965926,0.0,1.0,3,12,25,12,0.5,1,116.29,0,van,Normal,Sunny,6.01
0.8465,0.0,-1.0,0.974928,-0.222521,3,7,12,4,0.6364,1,162.62,14,van,Jam,Windy,28.09
0.457,-0.707107,0.707107,-0.974928,-0.222521,5,6,22,15,0.2857,1,35.25,1,car,High,Windy,5.22
2.5568,-0.258819,-0.965926,0.433884,-0.900969,11,3,5,1,0.75,1,270.5,0,van,Low,Sunny,22.61
7.216,-0.866025,-0.5,0.0,1.0,5,1,16,14,0.0667,1,47.8,0,van,Normal,Sunny,90.0
0.8714,-1.0,-0.0,0.781831,0.62349,4,8,13,4,0.6667,1,326.04,0,car,High,Foggy,23.43
1.7825,-0.707107,-0.707107,-0.781831,0.62349,8,5,7,1,0.8333,0,5.77,-1,van,Normal,Sunny,29.69
0.1276,-0.965926,0.258819,0.974928,-0.222521,3,6,15,8,0.4286,1,294.14,6,car,Jam,Sunny,2.75
0.1141,-0.258819,-0.965926,0.974928,-0.222521,10,13,16,2,0.8667,1,8.19,0,car,Low,Sunny,1.0
0.6319,-0.5,-0.866025,0.433884,-0.900969,11,3,10,6,0.3333,1,33.02,6,car,Medium,Sunny,6.77
0.8862,-0.258819,-0.965926,0.433884,-0.900969,5,11,15,3,0.7857,1,271.17,15,car,Medium,Sunny,10.48
0.6923,-0.707107,-0.707107,0.974928,-0.222521,2,3,10,6,0.3333,1,75.5,6,van,High,Windy,21.83
1.1036,-0.707107,-0.707107,0.974928,-0.222521,11,2,9,6,0.25,1,330.96,8,car,Normal,Sunny,13.02
1.5368,-0.258819,-0.965926,0.433884,-0.900969,11,16,29,12,0.5714,1,25.38,6,car,High,Sunny,24.95
0.6326,-0.258819,-0.965926,0.974928,-0.222521,4,24,29,4,0.8571,1,215.26,1,car,Normal,Sunny,6.97
7.2269,0.0,-1.0,0.433884,-0.900969,3,0,11,10,0.0,0,227.16,-1,van,Medium,Sunny,90.0
4.0519,0.258819,-0.965926,0.0,1.0,4,6,12,5,0.5455,0,52.98,6,car,Normal,Sunny,29.91
2.5105,-0.258819,-0.965926,0.433884,-0.900969,4,22,25,2,0.9167,1,242.53,0,van,Medium,Sunny,41.62
0.6314,-1.0,-0.0,-0.781831,0.62349,4,3,37,33,0.0833,1,237.04,35,van,High,Sunny,18.21
0.7536,-0.5,-0.866025,0.974928,-0.222521,2,10,18,7,0.5882,1,4.77,0,van,Low,Sunny,5.61
1.4329,-0.965926,-0.258819,0.974928,-0.222521,4,9,14,4,0.6923,1,172.67,1,car,Jam,Windy,46.21
1.2656,-0.258819,-0.965926,-0.781831,0.62349,5,8,14,5,0.6154,1,117.88,1,car,Normal,Windy,12.7
0.2275,-0.5,-0.866025,-0.974928,-0.222521,1,31,37,5,0.8611,1,93.18,35,car,Low,Rainy,1.31
0.2528,-0.5,-0.866025,-0.974928,-0.222521,3,5,29,23,0.1786,1,232.18,1,car,Medium,Sunny,2.34
3.172,-0.5,-0.866025,0.781831,0.62349,10,3,7,3,0.5,0,177.67,-1,van,Normal,Rainy,38.79
1.0001,-0.258819,-0.965926,-0.781831,0.62349,11,6,13,6,0.5,1,278.77,14,van,Normal,Sunny,12.91
0.373,-0.258819,-0.965926,0.0,1.0,5,20,29,8,0.7143,1,135.05,1,van,Normal,Sandstorm,6.1
1.7732,-0.707107,-0.707107,0.781831,0.62349,12,9,14,4,0.6923,1,169.18,1,van,Medium,Rainy,44.67
0.4755,-0.707107,-0.707107,-0.974928,-0.222521,9,8,24,15,0.3478,1,352.42,6,van,Normal,Sunny,8.39
1.1648,-0.5,-0.866025,0.974928,-0.222521,4,23,27,3,0.8846,1,216.17,12,car,Normal,Windy,9.35
0.8905,-0.707107,0.707107,0.0,1.0,3,13,22,8,0.619,1,194.53,1,van,High,Sunny,11.63
0.3344,0.258819,-0.965926,-0.781831,0.62349,12,10,17,6,0.625,1,212.87,1,van,Medium,Windy,4.92
0.2104,-0.707107,-0.707107,-0.781831,0.62349,4,6,11,4,0.6,1,45.49,1,van,Medium,Sunny,4.02
0.198,-0.866025,0.5,0.433884,-0.900969,5,4,16,11,0.2667,1,65.16,0,van,Medium,Sunny,2.59
1.6638,-0.965926,-0.258819,0.433884,-0.900969,6,15,24,8,0.6522,0,93.48,16,van,Normal,Sunny,27.38
6.7361,-0.258819,-0.965926,0.781831,0.62349,12,3,16,12,0.2,1,52.32,0,van,Normal,Rainy,90.0
0.6998,-0.5,-0.866025,-0.781831,0.62349,10,7,12,4,0.6364,1,177.53,14,car,Medium,Rainy,7.49
0.2703,0.0,-1.0,-0.974928,-0.222521,3,5,21,15,0.25,1,239.56,0,car,Jam,Sandstorm,8.49
0.6608,-0.5,-0.866025,0.433884,-0.900969,4,18,24,5,0.7826,1,350.16,18,car,Normal,Sunny,4.95
0.9308,-0.258819,-0.965926,0.433884,-0.900969,11,4,12,7,0.3636,1,171.98,0,van,Normal,Windy,12.25
1.4805,-0.258819,-0.965926,0.433884,-0.900969,2,10,12,1,0.9091,0,260.28,-1,car,Normal,Sunny,13.52
2.125,-0.866025,-0.5,0.781831,0.62349,8,6,21,14,0.3,0,57.65,6,car,Jam,Sunny,63.87
0.8191,-0.258819,-0.965926,0.433884,-0.900969,4,3,10,6,0.3333,1,75.46,6,van,Low,Windy,7.75
0.1292,-0.866025,-0.5,0.433884,-0.900969,4,10,15,4,0.7143,1,104.61,15,car,Medium,Sunny,2.12
0.4271,0.0,-1.0,-0.974928,-0.222521,5,16,37,20,0.4444,1,152.74,35,car,Low,Windy,2.97
0.704,-0.5,-0.866025,0.781831,0.62349,9,3,16,12,0.2,1,147.41,0,car,High,Rainy,10.52
1.6848,-0.965926,-0.258819,0.974928,-0.222521,2,1,8,6,0.1429,0,154.22,-1,van,Jam,Sunny,70.63
4.8126,-0.5,-0.866025,-0.433884,-0.900969,4,1,11,9,0.1,0,48.55,2,van,Normal,Sandstorm,66.4
0.1109,-0.965926,-0.258819,0.0,1.0,1,2,10,7,0.2222,1,49.46,6,van,Normal,Sunny,1.43
0.9889,-0.258819,-0.965926,0.974928,-0.222521,10,1,29,27,0.0357,1,50.79,1,van,Normal,Windy,13.84
0.2109,-0.5,-0.866025,0.781831,0.62349,4,1,10,8,0.1111,1,127.42,0,van,Low,Sunny,1.46
0.5094,-0.866025,0.5,0.0,1.0,10,15,24,8,0.6522,1,229.17,35,car,Normal,Rainy,5.11
10.1261,-1.0,-0.0,0.433884,-0.900969,11,6,8,1,0.8571,0,297.83,22,van,High,Sunny,90.0
1.2171,0.0,-1.0,0.781831,0.62349,2,7,18,10,0.4118,1,33.78,0,van,Medium,Sunny,20.19
0.2577,-0.258819,-0.965926,0.781831,0.62349,4,6,8,1,0.8571,1,246.23,30,car,Jam,Sunny,5.59
0.19,-0.258819,-0.965926,-0.974928,-0.222521,11,1,10,8,0.1111,1,177.4,0,van,Normal,Sunny,2.6
0.3935,-0.5,-0.866025,0.781831,0.62349,5,11,25,13,0.4583,1,54.69,0,car,Medium,Sunny,3.84
1.4472,-0.707107,-0.707107,-0.974928,-0.222521,2,0,5,4,0.0,1,262.56,1,van,Medium,Windy,33.29
1.0285,0.0,-1.0,0.433884,-0.900969,7,4,29,24,0.1429,1,342.43,8,van,Normal,Windy,13.67
4.2526,-0.965926,-0.258819,0.781831,0.62349,4,2,13,10,0.1667,1,43.91,0,car,Low,Sunny,37.58
2.8132,0.0,-1.0,0.433884,-0.900969,10,0,6,5,0.0,1,233.15,1,van,Normal,Sunny,35.6
0.9953,0.0,-1.0,-0.781831,0.62349,5,21,37,15,0.5833,1,55.47,35,car,Normal,Rainy,11.28
1.2993,0.0,-1.0,0.433884,-0.900969,8,8,24,15,0.3478,1,357.17,35,car,Medium,Sunny,15.98
0.4049,0.258819,-0.965926,0.974928,-0.222521,10,15,37,21,0.4167,1,314.71,35,van,Medium,Sunny,5.25
2.2178,-0.707107,-0.707107,0.0,1.0,1,4,9,4,0.5,1,21.9,6,car,High,Windy,49.34
0.7224,0.0,-1.0,0.974928,-0.222521,12,24,29,4,0.8571,1,222.34,1,van,Normal,Foggy,11.32
3.3593,-0.5,-0.866025,0.0,1.0,5,5,11,5,0.5,1,55.14,1,car,Medium,Sandstorm,42.94
0.3593,0.0,-1.0,0.974928,-0.222521,4,15,24,8,0.6522,1,175.9,35,van,Normal,Sunny,4.52
2.9869,-0.258819,-0.965926,0.0,1.0,12,16,24,7,0.6957,1,268.64,35,van,High,Sunny,64.62
1.8412,0.0,-1.0,0.781831,0.62349,4,4,21,16,0.2,1,52.51,8,car,Medium,Windy,22.82
5.9667,-1.0,-0.0,0.0,1.0,9,0,8,7,0.0,0,195.97,-1,car,High,Sunny,90.0
2.5662,-0.5,-0.866025,0.433884,-0.900969,1,6,15,8,0.4286,0,357.57,0,car,High,Sunny,33.07
0.0784,-0.866025,-0.5,0.433884,-0.900969,4,2,12,9,0.1818,1,241.99,14,van,Low,Sandstorm,1.16
0.4415,-0.866025,-0.5,0.974928,-0.222521,4,0,12,11,0.0,1,33.99,1,car,Normal,Sunny,5.35
0.4637,-0.866025,-0.5,-0.974928,-0.222521,4,5,16,10,0.3333,1,357.55,0,van,Normal,Sandstorm,10.32
0.8568,0.5,-0.866025,-0.974928,-0.222521,4,9,15,5,0.6429,1,354.74,15,car,High,Windy,18.29
0.05,-0.866025,-0.5,0.781831,0.62349,2,11,22,10,0.5238,1,20.02,1,car,Jam,Windy,1.37
0.7534,-0.5,-0.866025,0.433884,-0.900969,11,8,15,6,0.5714,1,78.0,15,van,Low,Sunny,7.64
1.1963,-0.5,-0.866025,0.781831,0.62349,5,22,25,2,0.9167,1,345.27,0,car,Jam,Sunny,22.0
1.5682,-0.5,-0.866025,-0.781831,0.62349,1,25,37,11,0.6944,1,182.75,35,car,High,Sunny,20.07
1.4619,-0.5,-0.866025,0.781831,0.62349,5,13,15,1,0.9286,0,295.56,18,car,Medium,Sunny,13.89
0.8411,-0.5,-0.866025,-0.974928,-0.222521,7,3,11,7,0.3,1,236.01,1,car,Medium,Sunny,8.74
1.7964,-0.258819,-0.965926,0.433884,-0.900969,11,3,9,5,0.375,1,20.85,1,car,Jam,Sunny,41.07
0.8817,-0.5,-0.866025,0.781831,0.62349,12,4,29,24,0.1429,1,335.97,8,van,High,Sunny,15.57
2.0998,-0.5,-0.866025,0.433884,-0.900969,4,4,21,16,0.2,1,25.63,0,van,Normal,Sunny,21.58
0.9839,-0.5,-0.866025,0.781831,0.62349,4,9,24,14,0.3913,1,95.56,35,car,Medium,Sunny,9.26
0.1683,-0.707107,0.707107,0.0,1.0,10,9,14,4,0.6923,1,242.5,1,van,Medium,Sunny,1.47
1.4617,-0.5,-0.866025,0.433884,-0.900969,11,3,10,6,0.3333,1,88.77,0,car,High,Sunny,20.06
0.5696,-0.258819,-0.965926,0.433884,-0.900969,3,4,13,8,0.3333,1,48.16,1,van,High,Windy,13.57
0.2935,-0.707107,-0.707107,0.433884,-0.900969,8,14,29,14,0.5,1,18.35,6,car,Medium,Rainy,4.94
0.8109,0.258819,-0.965926,-0.781831,0.62349,5,6,16,9,0.4,1,51.65,0,car,Low,Sunny,3.94
2.2327,0.0,-1.0,0.781831,0.62349,4,10,14,3,0.7692,1,51.64,1,van,Normal,Windy,30.5
2.0297,-0.965926,-0.258819,0.781831,0.62349,4,18,22,3,0.8571,1,203.46,1,van,Normal,Windy,37.7
1.2822,-0.258819,-0.965926,0.974928,-0.222521,1,3,15,11,0.2143,1,45.05,0,van,High,Rainy,32.62
0.8294,-0.866025,-0.5,0.974928,-0.222521,5,10,29,18,0.3571,0,41.79,6,car,Low,Sunny,7.71
1.3299,-0.258819,-0.965926,0.433884,-0.900969,3,2,8,5,0.2857,1,146.35,0,van,Medium,Rainy,25.33
0.2727,0.0,-1.0,0.781831,0.62349,4,6,11,4,0.6,1,72.26,1,car,Normal,Sunny,2.36
2.7642,0.0,-1.0,0.433884,-0.900969,1,3,5,1,0.75,0,50.83,-1,car,Medium,Windy,34.69
0.7723,-0.707107,-0.707107,0.0,1.0,8,17,21,3,0.85,1,186.91,0,van,Jam,Sunny,32.16
1.0602,-0.258819,-0.965926,0.781831,0.62349,6,3,10,6,0.3333,1,205.3,1,car,Medium,Sunny,12.23
1.2561,-0.5,-0.866025,0.433884,-0.900969,5,9,12,2,0.8182,1,301.12,0,van,Medium,Sandstorm,22.49
0.4442,-0.258819,-0.965926,0.781831,0.62349,4,7,13,5,0.5833,1,200.84,1,van,Medium,Sunny,6.88
3.8145,-0.707107,-0.707107,-0.974928,-0.222521,6,6,12,5,0.5455,0,53.15,6,car,Normal,Sunny,45.58
0.2146,-0.707107,-0.707107,0.0,1.0,4,2,12,9,0.1818,1,359.61,8,van,Normal,Windy,4.09
1.0465,-0.5,-0.866025,0.781831,0.62349,6,6,19,12,0.3333,1,63.2,8,car,High,Sandstorm,18.65
8.9537,-0.258819,-0.965926,0.433884,-0.900969,3,0,5,4,0.0,0,237.94,9,car,Medium,Sunny,90.0
0.5275,-0.258819,-0.965926,0.433884,-0.900969,4,5,29,23,0.1786,1,343.98,1,van,Medium,Sunny,8.93
0.0819,0.0,-1.0,-0.974928,-0.222521,4,6,13,6,0.5,1,129.92,0,car,Normal,Sunny,1.0
3.6716,-0.866025,-0.5,0.433884,-0.900969,11,3,9,5,0.375,0,84.04,6,van,High,Foggy,90.0
6.8926,-0.707107,0.707107,-0.974928,-0.222521,3,9,14,4,0.6923,0,45.83,18,car,Normal,Sunny,38.2
0.6273,-0.258819,-0.965926,0.0,1.0,5,0,11,10,0.0,1,199.62,1,car,Medium,Sandstorm,10.05
0.2312,0.0,-1.0,0.781831,0.62349,4,8,14,5,0.6154,1,17.13,0,van,Normal,Rainy,3.64
1.5996,0.258819,0.965926,0.974928,-0.222521,2,4,17,12,0.25,1,127.08,1,car,Normal,Windy,10.1
7.0999,-0.707107,-0.707107,0.0,1.0,4,1,16,14,0.0667,1,49.16,0,car,Normal,Sunny,86.47
1.0381,0.258819,-0.965926,0.0,1.0,4,0,17,16,0.0,1,334.83,1,car,High,Sunny,14.38
0.1124,-0.5,-0.866025,0.0,1.0,5,9,37,27,0.25,1,140.32,35,van,Normal,Sunny,1.0
1.4731,-0.707107,-0.707107,0.0,1.0,3,1,8,6,0.1429,0,159.53,-1,van,High,Sunny,42.76
1.5967,-0.5,-0.866025,0.0,1.0,3,2,14,11,0.1538,1,232.04,0,van,High,Sunny,28.3
1.3352,-0.258819,-0.965926,0.433884,-0.900969,4,12,14,1,0.9231,0,300.04,-1,van,High,Foggy,36.4
2.1048,0.258819,-0.965926,-0.974928,-0.222521,9,1,8,6,0.1429,1,257.23,1,van,High,Sunny,39.54
0.05,-0.258819,-0.965926,-0.974928,-0.222521,11,7,14,6,0.5385,1,292.59,0,van,Normal,Windy,1.0
0.0775,-0.258819,-0.965926,0.974928,-0.222521,3,13,24,10,0.5652,1,230.23,35,car,Normal,Sunny,1.0
2.4701,-0.707107,0.707107,0.974928,-0.222521,9,12,18,5,0.7059,1,229.96,0,van,High,Sunny,32.11
0.0723,-0.258819,-0.965926,0.974928,-0.222521,7,6,15,8,0.4286,1,200.13,6,car,Normal,Sunny,1.47
0.9609,0.0,-1.0,0.781831,0.62349,11,5,14,8,0.3846,1,238.01,1,van,Normal,Windy,12.49
1.0197,-0.258819,-0.965926,0.433884,-0.900969,4,2,12,9,0.1818,1,66.87,1,van,Medium,Sandstorm,21.97
0.0648,0.258819,-0.965926,0.974928,-0.222521,4,4,25,20,0.1667,1,319.25,0,van,Normal,Windy,1.0
1.1092,-0.965926,-0.258819,0.433884,-0.900969,6,3,12,8,0.2727,1,329.07,1,car,High,Sunny,22.77
1.0743,-0.866025,0.5,-0.974928,-0.222521,2,4,14,9,0.3077,1,231.94,4,van,High,Sunny,18.78
1.3949,-0.707107,-0.707107,0.781831,0.62349,2,3,11,7,0.3,1,19.63,1,van,High,Rainy,47.16
0.7638,0.0,-1.0,0.781831,0.62349,2,4,12,7,0.3636,1,331.35,14,car,High,Rainy,14.14
0.4565,-0.707107,-0.707107,0.781831,0.62349,8,1,11,9,0.1,1,232.76,1,van,Normal,Rainy,8.86
0.6066,-0.258819,-0.965926,-0.781831,0.62349,8,11,14,2,0.8462,1,163.39,0,van,Normal,Sunny,8.6
2.2592,-0.258819,0.965926,-0.433884,-0.900969,4,1,8,6,0.1429,1,256.12,1,van,Normal,Sunny,17.74
0.1347,-0.707107,-0.707107,0.781831,0.62349,4,9,37,27,0.25,1,187.73,35,van,Low,Sunny,1.95
5.8574,0.258819,-0.965926,-0.974928,-0.222521,5,0,8,7,0.0,0,196.66,-1,car,Low,Sunny,31.83
1.5125,-0.258819,-0.965926,0.0,1.0,12,2,19,16,0.1111,1,254.59,8,car,High,Sunny,23.89
0.7079,-0.866025,-0.5,-0.974928,-0.222521,4,8,14,5,0.6154,1,330.89,15,car,Medium,Sunny,10.93
0.5506,-0.965926,0.258819,0.433884,-0.900969,10,0,9,8,0.0,1,351.81,1,van,Normal,Sunny,7.63
0.5793,-0.5,-0.866025,0.781831,0.62349,9,11,13,1,0.9167,1,99.8,1,van,Normal,Sunny,5.95
2.235,-0.258819,-0.965926,-0.781831,0.62349,11,4,6,1,0.8,1,341.44,1,van,Normal,Sunny,28.35
0.2541,-0.707107,-0.707107,-0.781831,0.62349,10,0,25,24,0.0,1,47.55,0,car,Medium,Sandstorm,4.77
1.3807,-0.258819,-0.965926,0.433884,-0.900969,10,3,10,6,0.3333,1,84.64,0,car,High,Rainy,25.87
0.1554,-0.965926,-0.258819,0.0,1.0,10,7,37,29,0.1944,1,23.75,35,car,Normal,Rainy,1.8
1.6154,0.0,-1.0,0.974928,-0.222521,4,2,19,16,0.1111,1,254.7,8,car,Medium,Sunny,18.45
1.696,-0.707107,-0.707107,-0.974928,-0.222521,4,0,16,15,0.0,1,245.96,0,van,Medium,Foggy,45.48
0.7176,-0.258819,-0.965926,-0.781831,0.62349,4,20,29,8,0.7143,1,131.24,1,van,Normal,Rainy,10.5
2.3949,-0.965926,-0.258819,0.781831,0.62349,2,1,8,6,0.1429,1,37.45,6,van,Normal,Foggy,49.72
1.236,-0.707107,-0.707107,-0.781831,0.62349,7,10,15,4,0.7143,1,159.73,0,van,High,Sunny,35.55
1.0334,0.258819,-0.965926,0.974928,-0.222521,2,9,24,14,0.3913,0,98.9,15,car,Jam,Sunny,18.93
0.5121,0.0,-1.0,0.781831,0.62349,1,33,37,3,0.9167,1,331.21,35,car,High,Sunny,8.25
0.6065,-0.5,-0.866025,0.433884,-0.900969,4,1,10,8,0.1111,1,118.44,0,car,Normal,Sunny,4.82
0.3717,-0.707107,-0.707107,-0.974928,-0.222521,8,14,21,6,0.7,1,209.91,0,van,High,Sandstorm,13.88
0.2364,-0.258819,-0.965926,-0.974928,-0.222521,5,0,4,3,0.0,1,0.06,0,car,Low,Sunny,3.12
0.1374,0.0,-1.0,0.781831,0.62349,1,9,29,19,0.3214,1,144.72,1,car,Medium,Sunny,1.86
0.5381,-0.5,-0.866025,0.781831,0.62349,2,6,9,2,0.75,1,292.49,6,van,High,Sunny,9.01
0.1385,0.0,-1.0,0.433884,-0.900969,10,1,15,13,0.0714,1,185.41,9,van,Medium,Sandstorm,2.83
0.298,-0.258819,-0.965926,0.974928,-0.222521,10,1,8,6,0.1429,1,141.23,0,van,Medium,Sunny,4.43
0.5377,-0.258819,-0.965926,0.974928,-0.222521,9,2,12,9,0.1818,1,305.02,1,car,Low,Sunny,3.45
3.4506,-0.258819,0.965926,0.974928,-0.222521,12,0,7,6,0.0,0,338.12,8,car,High,Sunny,33.63
1.3372,-0.258819,-0.965926,0.0,1.0,7,10,12,1,0.9091,0,256.09,-1,car,Medium,Foggy,20.26
0.2883,-0.707107,-0.707107,-0.974928,-0.222521,2,13,24,10,0.5652,1,351.96,35,car,Normal,Windy,3.71
0.5129,-0.965926,0.258819,-0.781831,0.62349,4,10,13,2,0.8333,1,312.95,0,van,High,Sunny,9.24
0.7915,-0.5,-0.866025,-0.974928,-0.222521,4,5,9,3,0.625,1,262.1,6,car,Medium,Sandstorm,10.02
2.1674,-0.258819,-0.965926,0.974928,-0.222521,11,1,12,10,0.0909,1,8.56,14,van,Medium,Windy,37.93
1.425,-0.258819,-0.965926,-0.974928,-0.222521,3,1,12,10,0.0909,1,266.17,8,car,Jam,Sunny,32.58
1.0248,-0.258819,-0.965926,0.433884,-0.900969,1,8,13,4,0.6667,0,227.91,-1,car,Normal,Sunny,9.3
0.5875,0.258819,-0.965926,0.974928,-0.222521,12,10,24,13,0.4348,1,171.69,35,car,Low,Sunny,3.64
2.2244,-0.965926,-0.258819,0.974928,-0.222521,4,8,19,10,0.4444,0,74.29,6,car,Normal,Foggy,34.7
0.05,-0.258819,-0.965926,-0.781831,0.62349,1,5,11,5,0.5,1,40.83,2,car,Medium,Sandstorm,2.28
0.8822,0.0,-1.0,0.433884,-0.900969,4,3,8,4,0.4286,1,21.23,1,van,Normal,Sandstorm,14.73
3.9935,-0.5,-0.866025,-0.974928,-0.222521,5,3,8,4,0.4286,0,55.75,-1,car,High,Sunny,52.35
1.115,-0.258819,-0.965926,0.433884,-0.900969,4,9,12,2,0.8182,1,299.42,0,car,Normal,Sunny,9.88
1.4007,0.0,-1.0,0.433884,-0.900969,5,16,29,12,0.5714,1,24.31,6,car,Medium,Windy,18.92
0.733,-0.5,-0.866025,0.0,1.0,4,7,16,8,0.4667,1,84.37,0,car,Jam,Rainy,16.89
3.5286,-0.707107,-0.707107,0.974928,-0.222521,3,3,8,4,0.4286,0,60.89,-1,van,Jam,Sunny,90.0
1.1879,0.0,-1.0,-0.974928,-0.222521,4,5,12,6,0.4545,1,73.47,0,van,High,Windy,28.27
2.1854,-0.707107,-0.707107,0.974928,-0.222521,10,10,14,3,0.7692,1,56.56,1,van,Normal,Sunny,36.88
0.631,-0.258819,-0.965926,0.781831,0.62349,3,3,12,8,0.2727,1,311.68,1,van,Normal,Sunny,7.37
0.1221,-0.5,-0.866025,-0.974928,-0.222521,4,30,37,6,0.8333,1,318.79,35,car,Medium,Sunny,1.6
0.2668,-0.258819,-0.965926,0.974928,-0.222521,8,22,37,14,0.6111,1,318.84,35,car,Normal,Sunny,2.51
2.2374,-0.258819,-0.965926,-0.974928,-0.222521,8,6,21,14,0.3,0,61.48,6,car,Medium,Sunny,26.03
0.5662,0.0,-1.0,0.433884,-0.900969,4,18,37,18,0.5,1,52.82,35,van,Low,Windy,5.32
1.7987,-0.5,-0.866025,0.433884,-0.900969,4,5,12,6,0.4545,1,224.7,1,van,Jam,Sunny,46.19
2.1082,-0.258819,-0.965926,0.433884,-0.900969,3,5,7,1,0.8333,0,6.42,-1,car,High,Sunny,33.18
1.8935,0.258819,-0.965926,0.974928,-0.222521,4,5,12,6,0.4545,1,224.5,1,van,High,Sandstorm,44.54
0.613,-0.258819,-0.965926,-0.974928,-0.222521,2,11,14,2,0.8462,1,325.04,18,car,Jam,Foggy,17.22
0.2631,0.0,-1.0,-0.974928,-0.222521,4,11,24,12,0.4783,1,14.18,15,car,Medium,Sunny,3.29
2.8762,0.258819,-0.965926,-0.781831,0.62349,10,10,14,3,0.7692,1,199.53,1,van,Medium,Sunny,37.87
1.6745,-0.707107,-0.707107,-0.974928,-0.222521,11,14,29,14,0.5,1,270.99,1,van,High,Sunny,49.07
0.6986,-0.258819,-0.965926,0.974928,-0.222521,8,3,13,9,0.25,1,4.03,14,van,Normal,Sandstorm,11.49
1.9597,-0.866025,-0.5,-0.781831,0.62349,2,5,15,9,0.3571,0,111.24,-1,car,High,Sunny,40.88
0.3279,-0.258819,-0.965926,-0.974928,-0.222521,5,1,22,20,0.0476,1,332.75,1,car,High,Sunny,4.56
1.4075,-1.0,-0.0,0.781831,0.62349,4,4,17,12,0.25,1,131.46,1,van,High,Sunny,41.5
0.4215,0.258819,-0.965926,0.781831,0.62349,10,9,11,1,0.9,1,117.75,1,van,Medium,Windy,6.02
0.3261,-0.866025,-0.5,-0.974928,-0.222521,4,28,37,8,0.7778,1,151.24,35,car,Medium,Sunny,5.3
0.5669,-0.707107,-0.707107,0.433884,-0.900969,8,5,11,5,0.5,1,358.82,1,car,High,Windy,12.48
1.3624,-1.0,-0.0,-0.974928,-0.222521,1,6,10,3,0.6667,1,117.42,1,car,High,Windy,30.73
0.6232,0.258819,-0.965926,-0.974928,-0.222521,5,1,12,10,0.0909,1,45.07,0,car,Medium,Rainy,7.93
1.4223,0.0,-1.0,0.0,1.0,2,4,21,16,0.2,1,55.68,8,car,Medium,Rainy,19.68
0.8874,-0.866025,0.5,0.0,1.0,7,5,12,6,0.4545,1,287.92,14,van,Low,Windy,7.75
1.6403,0.0,-1.0,0.781831,0.62349,7,5,14,8,0.3846,0,240.47,6,car,Low,Sunny,10.37
0.2409,-0.5,-0.866025,0.0,1.0,2,2,10,7,0.2222,1,216.93,1,van,Jam,Sunny,6.06
1.1059,-0.866025,-0.5,0.433884,-0.900969,12,8,13,4,0.6667,0,221.63,-1,car,Jam,Sandstorm,43.9
1.6211,0.258819,-0.965926,0.781831,0.62349,3,7,14,6,0.5385,1,287.7,1,car,Medium,Sunny,16.78
0.0831,-0.965926,0.258819,0.433884,-0.900969,9,3,18,14,0.1765,1,80.87,0,car,High,Windy,1.74
1.2081,-0.5,-0.866025,0.781831,0.62349,5,7,9,1,0.875,1,351.43,6,van,Jam,Rainy,36.53
4.0913,-0.258819,-0.965926,0.974928,-0.222521,4,2,8,5,0.2857,0,109.93,-1,car,Medium,Sunny,47.81
0.3252,-0.965926,-0.258819,-0.974928,-0.222521,6,6,21,14,0.3,1,220.75,0,van,Medium,Sandstorm,9.74
1.0253,-1.0,-0.0,0.974928,-0.222521,11,0,17,16,0.0,1,325.16,1,car,Medium,Windy,16.75
3.1582,-0.258819,-0.965926,0.974928,-0.222521,5,16,24,7,0.6957,1,269.63,35,car,Normal,Sunny,28.85
1.0438,-0.258819,-0.965926,-0.974928,-0.222521,2,2,4,1,0.6667,1,275.35,0,car,Medium,Sandstorm,16.31
3.697,-0.258819,-0.965926,0.433884,-0.900969,11,3,8,4,0.4286,0,57.88,-1,van,Jam,Sunny,90.0
7.2564,-0.258819,-0.965926,0.974928,-0.222521,5,0,10,9,0.0,1,46.82,0,car,Jam,Sunny,90.0
0.6871,-0.5,-0.866025,0.974928,-0.222521,1,11,25,13,0.4583,1,182.41,0,van,Medium,Foggy,10.94
0.9244,-0.5,-0.866025,0.974928,-0.222521,3,10,14,3,0.7692,1,189.23,0,van,Normal,Sunny,10.27
0.3848,-0.5,-0.866025,0.781831,0.62349,3,5,10,4,0.5556,1,26.69,1,van,High,Sunny,6.89
4.0644,-0.258819,-0.965926,0.974928,-0.222521,8,6,8,1,0.8571,0,26.11,18,car,Medium,Sunny,48.27
0.17,-0.965926,0.258819,0.974928,-0.222521,8,3,13,9,0.25,1,327.43,1,van,Low,Sunny,1.0
1.8519,0.258819,-0.965926,0.433884,-0.900969,7,2,9,6,0.25,0,31.55,10,car,Normal,Sandstorm,18.85
1.1791,0.258819,-0.965926,0.0,1.0,10,3,12,8,0.2727,1,355.86,14,van,Medium,Rainy,18.02
0.8378,-0.866025,0.5,-0.781831,0.62349,3,1,17,15,0.0625,1,334.51,1,van,Normal,Sunny,13.21
1.3919,-0.965926,0.258819,0.0,1.0,4,5,9,3,0.625,0,307.95,22,car,Normal,Sunny,11.14
0.69,-1.0,-0.0,0.974928,-0.222521,1,6,14,7,0.4615,1,36.8,0,car,Medium,Rainy,12.67
4.9118,0.0,-1.0,-0.974928,-0.222521,11,4,9,4,0.5,0,34.42,-1,car,Normal,Windy,48.47
0.321,0.0,-1.0,0.433884,-0.900969,4,18,21,2,0.9,1,318.67,5,car,High,Sunny,6.07
6.3748,-0.707107,-0.707107,0.0,1.0,2,1,5,3,0.25,0,57.09,2,car,Low,Sunny,55.18
0.1957,-0.707107,-0.707107,-0.781831,0.62349,5,12,25,12,0.5,1,106.6,0,van,Normal,Sandstorm,4.22
8.1576,-0.258819,-0.965926,-0.974928,-0.222521,5,2,4,1,0.6667,1,232.89,0,car,Low,Sunny,53.23
0.5649,0.0,-1.0,0.781831,0.62349,10,8,21,12,0.4,1,56.52,6,van,Jam,Windy,18.94
0.1815,0.0,-1.0,0.433884,-0.900969,1,0,12,11,0.0,1,316.82,1,car,High,Windy,2.57
0.2701,-0.866025,-0.5,-0.781831,0.62349,2,13,16,2,0.8667,1,52.33,0,car,Low,Sandstorm,3.44
3.9494,-0.258819,-0.965926,-0.974928,-0.222521,1,2,13,10,0.1667,0,245.12,1,van,Jam,Sunny,90.0
0.1086,-0.866025,-0.5,0.433884,-0.900969,4,10,12,1,0.9091,1,2.06,1,van,High,Sunny,3.32
6.9074,-0.258819,-0.965926,0.974928,-0.222521,4,9,14,4,0.6923,0,43.88,18,car,Normal,Sunny,62.89
0.4478,-0.707107,-0.707107,0.781831,0.62349,1,6,9,2,0.75,1,293.5,6,van,Medium,Foggy,11.59
0.289,-0.866025,-0.5,0.0,1.0,5,3,21,17,0.15,1,183.23,0,car,Jam,Windy,9.62
0.4799,0.0,-1.0,0.0,1.0,5,13,25,11,0.5417,1,177.5,0,car,Jam,Sunny,11.36
2.5307,0.0,-1.0,0.781831,0.62349,2,4,9,4,0.5,0,97.93,-1,car,Normal,Sunny,29.86
4.6182,-0.258819,-0.965926,0.974928,-0.222521,4,3,6,2,0.6,1,49.64,1,van,Medium,Sandstorm,90.0
0.6996,-0.707107,-0.707107,-0.781831,0.62349,5,2,12,9,0.1818,1,62.88,1,van,High,Foggy,25.39
0.1762,-0.707107,-0.707107,0.781831,0.62349,10,4,10,5,0.4444,1,104.01,6,car,Low,Sunny,1.85
1.7948,-0.5,-0.866025,0.781831,0.62349,4,4,14,9,0.3077,1,186.45,1,car,Medium,Foggy,22.19
1.1553,-0.5,-0.866025,-0.781831,0.62349,3,3,15,11,0.2143,1,39.04,0,car,Low,Sunny,5.59
1.7552,0.0,-1.0,0.0,1.0,7,13,15,1,0.9286,0,303.45,18,car,Normal,Sunny,16.03
6.3734,0.0,-1.0,0.433884,-0.900969,4,0,9,8,0.0,0,76.37,-1,van,Medium,Sandstorm,90.0
0.2576,-0.258819,-0.965926,-0.974928,-0.222521,2,7,22,14,0.3333,1,51.04,1,van,Normal,Sunny,3.41
0.3002,-0.707107,-0.707107,0.781831,0.62349,12,10,22,11,0.4762,1,277.69,1,car,Medium,Sunny,5.12
1.4991,0.5,-0.866025,-0.974928,-0.222521,2,14,21,6,0.7,1,125.65,6,car,Medium,Sunny,21.4
0.2045,-0.258819,-0.965926,-0.974928,-0.222521,1,8,16,7,0.5333,1,83.44,0,van,Medium,Sunny,3.06
4.0798,-0.707107,0.707107,0.781831,0.62349,4,1,18,16,0.0588,1,45.11,0,van,Medium,Sunny,40.07
0.6507,-0.866025,-0.5,-0.974928,-0.222521,4,25,37,11,0.6944,1,189.98,35,car,High,Sunny,13.77
1.1014,-0.5,-0.866025,0.781831,0.62349,11,9,24,14,0.3913,0,87.92,15,car,Normal,Rainy,9.82
0.7432,-0.965926,-0.258819,0.781831,0.62349,11,8,14,5,0.6154,1,325.51,15,car,High,Sunny,15.23
0.6743,-0.866025,-0.5,0.0,1.0,8,13,17,3,0.8125,1,240.47,1,car,Medium,Sunny,9.81
0.3665,-0.5,-0.866025,0.781831,0.62349,4,12,17,4,0.75,1,217.8,1,car,Normal,Sunny,3.24
0.3262,-0.5,-0.866025,0.974928,-0.222521,1,14,21,6,0.7,1,153.64,0,van,Medium,Sandstorm,5.63
0.2189,0.0,-1.0,-0.974928,-0.222521,3,8,13,4,0.6667,1,32.38,0,car,Medium,Windy,2.41
2.0518,-1.0,-0.0,-0.781831,0.62349,10,9,13,3,0.75,0,305.8,-1,car,Normal,Sunny,27.33
0.4137,-0.258819,-0.965926,0.781831,0.62349,10,5,16,10,0.3333,1,169.49,0,van,High,Sunny,8.9
0.4387,-0.258819,-0.965926,0.433884,-0.900969,2,18,24,5,0.7826,1,315.44,35,van,Normal,Windy,6.1
2.0778,-0.258819,-0.965926,0.433884,-0.900969,4,2,21,18,0.1,1,341.26,8,car,Medium,Windy,25.65
15.6212,-0.707107,-0.707107,0.0,1.0,4,8,10,1,0.8889,0,230.7,-1,van,Normal,Sunny,90.0
0.05,0.0,-1.0,0.974928,-0.222521,3,2,12,9,0.1818,1,39.26,14,van,Normal,Sunny,1.0
1.5137,-0.707107,-0.707107,0.974928,-0.222521,4,8,18,9,0.4706,1,82.66,0,car,Low,Sunny,12.36
2.6337,-0.5,-0.866025,0.974928,-0.222521,9,1,21,19,0.05,0,324.33,8,van,Medium,Sunny,34.74
1.1564,0.0,-1.0,-0.974928,-0.222521,2,1,37,35,0.0278,1,122.34,35,car,Medium,Sunny,13.89
0.3184,0.258819,-0.965926,0.974928,-0.222521,1,10,15,4,0.7143,1,81.72,15,van,Normal,Windy,3.65
0.2155,-0.258819,-0.965926,-0.433884,-0.900969,1,2,11,8,0.2,1,217.8,1,van,Normal,Windy,2.42
0.2014,-0.5,-0.866025,0.781831,0.62349,2,2,12,9,0.1818,1,293.76,8,car,High,Sunny,2.53
0.3012,-0.707107,0.707107,-0.781831,0.62349,2,8,25,16,0.3333,1,238.86,0,van,High,Foggy,4.7
1.4177,-0.707107,-0.707107,-0.781831,0.62349,2,6,12,5,0.5455,1,257.05,1,car,Medium,Sunny,22.79
0.6659,0.258819,-0.965926,-0.781831,0.62349,4,4,12,7,0.3636,1,169.52,0,van,Low,Windy,6.33
0.5899,0.0,-1.0,-0.781831,0.62349,4,1,7,5,0.1667,1,189.53,0,car,Low,Sunny,3.22
0.3338,-0.707107,0.707107,-0.781831,0.62349,8,3,14,10,0.2308,1,231.8,0,van,Normal,Sunny,3.01
0.2602,-0.258819,-0.965926,-0.974928,-0.222521,6,17,19,1,0.9444,1,321.13,6,van,Medium,Sunny,4.18
1.8024,-0.258819,-0.965926,-0.781831,0.62349,1,1,6,4,0.2,1,247.24,1,car,Medium,Sunny,22.64
1.1332,-0.707107,-0.707107,0.433884,-0.900969,5,4,10,5,0.4444,1,344.53,17,van,Normal,Sunny,19.03
0.2916,-0.5,-0.866025,0.781831,0.62349,5,6,13,6,0.5,1,221.98,0,car,High,Rainy,3.97
0.6167,-0.5,-0.866025,0.974928,-0.222521,8,17,21,3,0.85,1,160.76,0,van,Medium,Sunny,8.1
5.6858,-0.258819,-0.965926,0.433884,-0.900969,6,23,25,1,0.9583,1,230.07,0,van,Normal,Sunny,71.7
1.8843,0.258819,-0.965926,0.0,1.0,4,5,15,9,0.3571,0,105.19,-1,van,Normal,Sunny,20.07
0.571,0.0,-1.0,-0.781831,0.62349,7,3,12,8,0.2727,1,266.72,0,car,Normal,Sunny,5.05
2.4967,0.0,-1.0,-0.974928,-0.222521,11,0,6,5,0.0,1,234.83,1,van,Low,Sunny,22.46
0.676,0.0,-1.0,-0.781831,0.62349,2,8,21,12,0.4,1,25.85,0,van,High,Sunny,14.63
0.1942,-0.258819,-0.965926,0.781831,0.62349,4,9,37,27,0.25,1,93.52,35,car,Low,Sunny,1.2
2.0659,-0.866025,-0.5,0.974928,-0.222521,1,4,14,9,0.3077,1,187.62,1,van,Medium,Sunny,44.5
0.9125,0.5,-0.866025,0.433884,-0.900969,4,9,13,3,0.75,1,183.2,0,car,High,Sunny,16.94
2.044,-0.5,-0.866025,-0.974928,-0.222521,6,1,8,6,0.1429,1,36.98,6,van,Normal,Sunny,20.6
0.2162,-0.707107,0.707107,-0.974928,-0.222521,5,14,21,6,0.7,1,175.54,0,car,Medium,Sunny,1.79
1.6685,-0.5,-0.866025,-0.433884,-0.900969,3,1,14,12,0.0769,1,240.8,0,car,Medium,Sunny,15.8
2.284,-0.258819,-0.965926,0.974928,-0.222521,1,7,15,7,0.5,0,69.11,15,van,Low,Sunny,20.34
0.5539,-0.965926,-0.258819,0.433884,-0.900969,12,2,6,3,0.4,1,81.2,1,car,Medium,Sunny,8.23
1.0028,-0.258819,-0.965926,0.0,1.0,12,9,24,14,0.3913,0,76.64,15,car,Normal,Sunny,9.08
2.0564,0.258819,-0.965926,0.0,1.0,4,4,14,9,0.3077,1,186.14,1,car,Medium,Sunny,20.2
1.2578,-0.258819,-0.965926,-0.781831,0.62349,1,3,12,8,0.2727,1,334.29,14,car,Normal,Sunny,11.31
2.6385,0.0,-1.0,-0.781831,0.62349,12,22,25,2,0.9167,1,243.71,0,car,Jam,Sandstorm,80.1
0.4777,0.258819,-0.965926,0.0,1.0,1,4,13,8,0.3333,1,9.77,0,car,Low,Sunny,3.88
2.1776,-0.707107,-0.707107,-0.781831,0.62349,7,16,24,7,0.6957,0,43.25,17,van,Low,Sunny,26.03
0.8655,0.0,-1.0,0.974928,-0.222521,2,22,24,1,0.9565,1,194.15,35,car,Normal,Sunny,8.16
1.2818,-0.5,-0.866025,0.974928,-0.222521,1,20,22,1,0.9524,1,65.56,1,car,Medium,Sunny,11.97
1.9835,0.0,-1.0,0.974928,-0.222521,2,5,12,6,0.4545,1,225.18,1,car,Normal,Foggy,22.47
0.2672,-0.258819,-0.965926,0.433884,-0.900969,11,11,13,1,0.9167,1,183.86,0,car,Low,Windy,1.88
0.6362,0.0,-1.0,0.433884,-0.900969,4,4,25,20,0.1667,1,93.37,0,van,Medium,Sunny,10.55
1.6391,-0.5,-0.866025,-0.974928,-0.222521,1,1,16,14,0.0667,1,141.01,0,car,Medium,Windy,16.65
0.4244,0.258819,-0.965926,0.433884,-0.900969,4,7,12,4,0.6364,1,283.08,1,car,High,Sunny,5.47
4.6307,-0.866025,-0.5,0.433884,-0.900969,10,1,11,9,0.1,0,50.01,2,car,High,Sunny,90.0
3.4606,-0.5,-0.866025,-0.781831,0.62349,10,4,8,3,0.5714,0,219.37,30,car,High,Sunny,44.45
0.3399,-1.0,-0.0,-0.974928,-0.222521,4,8,24,15,0.3478,1,8.76,6,car,Normal,Sunny,4.02
0.8403,-0.258819,-0.965926,-0.974928,-0.222521,7,11,24,12,0.4783,1,221.37,35,car,Normal,Sunny,7.9
1.5217,-0.258819,-0.965926,0.974928,-0.222521,2,13,15,1,0.9286,0,303.86,18,van,High,Rainy,38.55
0.05,-0.258819,-0.965926,0.781831,0.62349,3,4,25,20,0.1667,1,121.69,0,van,Jam,Windy,1.41
0.9248,0.0,-1.0,0.433884,-0.900969,3,6,16,9,0.4,1,56.49,0,car,Jam,Rainy,24.78
5.069,-0.866025,-0.5,0.781831,0.62349,9,2,8,5,0.2857,0,53.93,15,car,Medium,Foggy,90.0
0.2831,0.0,-1.0,0.0,1.0,4,11,18,6,0.6471,1,302.09,0,car,Normal,Windy,2.49
0.1371,-0.5,-0.866025,0.781831,0.62349,11,10,13,2,0.8333,1,345.59,0,car,Medium,Sunny,1.0
4.4444,-0.258819,-0.965926,0.433884,-0.900969,1,6,11,4,0.6,0,244.82,1,car,Normal,Sunny,42.37
0.6301,-1.0,-0.0,-0.781831,0.62349,10,1,11,9,0.1,1,241.92,1,car,Normal,Sunny,8.28
0.2032,-0.5,-0.866025,0.433884,-0.900969,7,6,24,17,0.2609,1,232.7,35,van,Medium,Sunny,2.49
0.6443,-0.5,-0.866025,0.781831,0.62349,5,11,25,13,0.4583,1,185.94,0,car,Normal,Sunny,5.14
0.6652,-0.707107,-0.707107,0.781831,0.62349,1,3,21,17,0.15,1,184.16,8,car,Normal,Sandstorm,11.49
0.2691,-0.707107,-0.707107,0.974928,-0.222521,4,8,12,3,0.7273,1,330.92,14,van,High,Sunny,7.94
1.3026,-0.707107,0.707107,0.433884,-0.900969,4,4,8,3,0.5714,1,279.69,0,car,Normal,Windy,9.57
0.3421,-0.258819,-0.965926,-0.781831,0.62349,3,4,13,8,0.3333,1,58.75,1,van,Medium,Windy,6.26
0.8954,-0.5,-0.866025,0.974928,-0.222521,5,19,21,1,0.95,1,135.82,0,car,Normal,Sandstorm,8.49
0.2108,-0.965926,0.258819,0.433884,-0.900969,11,15,24,8,0.6522,1,132.54,35,van,Normal,Sunny,1.78
0.9972,0.0,-1.0,-0.974928,-0.222521,3,5,14,8,0.3846,0,230.71,3,car,Medium,Sunny,13.05
0.4855,-0.258819,-0.965926,0.781831,0.62349,2,11,13,1,0.9167,0,53.14,-1,van,Jam,Sunny,15.03
1.4577,-0.258819,-0.965926,0.433884,-0.900969,4,14,17,2,0.875,1,242.45,1,van,Low,Sunny,12.76
2.1607,-0.5,-0.866025,0.433884,-0.900969,1,12,16,3,0.8,1,264.23,0,car,Medium,Sunny,21.15
1.5282,-0.258819,-0.965926,-0.781831,0.62349,2,12,21,8,0.6,0,55.26,6,car,Jam,Rainy,41.49
0.8407,-0.258819,-0.965926,0.0,1.0,2,13,24,10,0.5652,1,260.91,15,van,Medium,Sunny,13.26
0.3429,0.258819,-0.965926,0.433884,-0.900969,3,3,17,13,0.1875,1,163.37,1,van,Medium,Sunny,4.53
4.3771,-0.707107,0.707107,0.781831,0.62349,4,7,9,1,0.875,0,40.84,-1,car,High,Sunny,41.72
1.6308,-0.707107,-0.707107,0.433884,-0.900969,4,5,9,3,0.625,0,319.9,22,van,Medium,Rainy,40.77
5.0022,-0.707107,-0.707107,-0.781831,0.62349,5,7,11,3,0.7,0,175.35,-1,van,Low,Windy,64.09
3.6167,-0.5,-0.866025,0.781831,0.62349,9,0,3,2,0.0,0,318.32,6,car,Normal,Sunny,27.58
1.8517,-0.258819,-0.965926,0.433884,-0.900969,8,2,9,6,0.25,0,28.54,10,car,Medium,Sunny,23.08
2.4905,-0.5,-0.866025,0.974928,-0.222521,5,12,18,5,0.7059,1,227.29,0,car,Jam,Sunny,46.76
3.2945,-0.5,-0.866025,0.0,1.0,3,16,24,7,0.6957,1,269.64,35,van,Low,Windy,25.91
1.4041,0.0,-1.0,0.433884,-0.900969,1,3,5,1,0.75,1,46.18,6,van,Normal,Rainy,20.7
2.0724,-0.258819,-0.965926,0.433884,-0.900969,1,8,13,4,0.6667,1,91.72,1,van,Normal,Windy,28.38
2.9543,-0.5,-0.866025,0.0,1.0,12,2,25,22,0.0833,1,41.21,0,car,High,Sunny,38.02
0.1178,0.0,-1.0,0.974928,-0.222521,5,5,11,5,0.5,1,162.01,2,car,Medium,Sandstorm,3.01
0.7569,-0.866025,-0.5,-0.433884,-0.900969,5,14,29,14,0.5,1,6.8,6,van,High,Sunny,21.9
0.1448,0.0,-1.0,-0.974928,-0.222521,1,8,13,4,0.6667,1,136.02,0,car,Medium,Sunny,2.43
3.5665,-0.707107,0.707107,0.974928,-0.222521,9,9,11,1,0.9,1,54.29,1,car,Normal,Sunny,19.5
1.0537,0.0,-1.0,-0.781831,0.62349,6,1,12,10,0.0909,1,266.07,1,car,Medium,Sunny,12.6
0.2381,0.258819,-0.965926,-0.781831,0.62349,4,2,13,10,0.1667,1,179.77,14,car,Medium,Sunny,3.2
1.1847,-0.707107,0.707107,0.433884,-0.900969,5,5,14,8,0.3846,0,241.17,3,car,Jam,Sunny,17.35
5.8626,-0.258819,-0.965926,-0.974928,-0.222521,8,23,25,1,0.9583,1,227.46,0,car,Medium,Rainy,81.22
3.4106,-0.707107,-0.707107,0.974928,-0.222521,4,0,7,6,0.0,0,333.65,8,van,Jam,Sunny,90.0
0.135,0.0,-1.0,0.974928,-0.222521,11,2,10,7,0.2222,1,183.35,6,car,Medium,Sunny,1.5
1.9712,-0.258819,-0.965926,0.0,1.0,4,3,5,1,0.75,1,44.59,6,car,Medium,Sunny,23.86
0.4681,-1.0,-0.0,-0.974928,-0.222521,4,2,17,14,0.125,1,248.02,1,van,Normal,Foggy,9.73
0.2937,0.258819,-0.965926,0.974928,-0.222521,4,5,37,31,0.1389,1,198.55,35,van,Jam,Foggy,9.4
3.0625,-0.707107,-0.707107,0.974928,-0.222521,11,1,4,2,0.3333,1,99.35,0,van,Normal,Sunny,50.8
1.1386,-0.707107,0.707107,0.974928,-0.222521,2,9,15,5,0.6429,1,348.74,15,car,Jam,Sunny,16.27
4.028,-0.707107,-0.707107,0.974928,-0.222521,2,6,12,5,0.5455,0,50.44,6,car,Normal,Sunny,48.77
1.035,-0.258819,-0.965926,-0.433884,-0.900969,1,8,14,5,0.6154,1,114.34,1,car,Medium,Windy,12.67
1.406,-0.965926,-0.258819,0.433884,-0.900969,10,0,14,13,0.0,1,359.77,1,car,Jam,Sunny,43.16
0.2853,-0.5,-0.866025,0.974928,-0.222521,11,1,15,13,0.0714,1,38.48,0,car,Medium,Rainy,2.8
3.9284,0.258819,-0.965926,0.0,1.0,8,6,12,5,0.5455,1,56.73,1,van,Medium,Sunny,52.45
0.8835,-0.5,-0.866025,0.781831,0.62349,4,6,16,9,0.4,1,57.93,0,van,Medium,Sandstorm,15.53
1.648,-0.5,-0.866025,-0.974928,-0.222521,4,2,9,6,0.25,0,241.27,-1,van,Medium,Sandstorm,28.87
0.4447,0.0,-1.0,0.781831,0.62349,11,4,10,5,0.4444,1,134.28,6,van,Jam,Sunny,15.36
1.2528,-0.258819,-0.965926,-0.974928,-0.222521,2,5,12,6,0.4545,1,75.36,0,car,Jam,Sunny,28.75
0.1965,-0.5,-0.866025,-0.781831,0.62349,2,12,24,11,0.5217,1,343.11,35,van,High,Sunny,3.17
0.4431,-0.258819,-0.965926,0.0,1.0,3,29,37,7,0.8056,1,69.52,35,van,Normal,Windy,5.74
1.6141,-0.258819,-0.965926,0.0,1.0,12,13,15,1,0.9286,0,305.45,18,van,Medium,Windy,28.66
5.6017,-0.5,-0.866025,0.974928,-0.222521,4,0,8,7,0.0,0,199.37,-1,van,High,Sandstorm,90.0
2.5105,-0.5,-0.866025,0.433884,-0.900969,4,1,21,19,0.05,0,322.43,8,car,Medium,Sunny,24.02
1.3944,-0.707107,-0.707107,-0.781831,0.62349,4,10,13,2,0.8333,0,237.66,-1,van,Low,Rainy,19.68
2.5244,-0.258819,-0.965926,0.433884,-0.900969,4,12,18,5,0.7059,1,228.75,0,car,High,Windy,43.1
0.5273,-1.0,-0.0,0.781831,0.62349,5,4,24,19,0.1739,1,81.77,35,van,Normal,Sunny,8.57
0.9095,-0.5,-0.866025,0.974928,-0.222521,11,11,14,2,0.8462,1,308.36,18,van,Medium,Sunny,13.9
0.9468,-1.0,-0.0,0.781831,0.62349,3,4,15,10,0.2857,1,181.77,0,car,Normal,Sunny,11.72
3.2978,-0.258819,-0.965926,0.0,1.0,2,2,5,2,0.5,1,224.18,6,car,Normal,Sunny,29.71
0.7475,-0.707107,-0.707107,0.781831,0.62349,4,11,13,1,0.9167,1,260.25,0,van,Medium,Sunny,16.16
0.4006,-1.0,-0.0,-0.781831,0.62349,4,8,14,5,0.6154,1,311.46,15,car,Normal,Sunny,4.62
0.2161,-0.258819,-0.965926,-0.781831,0.62349,4,13,24,10,0.5652,1,311.17,35,van,Normal,Sunny,2.46
1.6578,-0.258819,-0.965926,0.781831,0.62349,7,7,21,13,0.35,1,38.62,0,car,Low,Foggy,13.2
7.4951,-0.965926,-0.258819,0.974928,-0.222521,2,5,8,2,0.7143,1,233.9,0,car,Normal,Sunny,90.0
1.6979,-0.965926,-0.258819,0.781831,0.62349,3,12,37,24,0.3333,1,17.18,35,car,High,Sunny,34.84
0.2401,-0.5,-0.866025,0.974928,-0.222521,4,4,10,5,0.4444,1,329.46,1,car,Normal,Sandstorm,3.38
2.6127,-0.965926,-0.258819,-0.974928,-0.222521,11,3,9,5,0.375,0,92.93,6,van,Medium,Sunny,56.22
0.6587,-0.866025,-0.5,-0.974928,-0.222521,4,3,10,6,0.3333,1,60.82,6,van,Normal,Rainy,12.83
0.0719,-0.5,-0.866025,-0.974928,-0.222521,5,17,25,7,0.7083,1,136.72,0,van,Normal,Foggy,1.0
0.6895,0.258819,-0.965926,0.974928,-0.222521,11,3,12,8,0.2727,1,314.92,1,van,Medium,Sandstorm,11.87
1.0068,0.0,-1.0,0.781831,0.62349,6,5,13,7,0.4167,1,25.75,14,car,High,Windy,16.97
0.1428,-0.258819,-0.965926,0.433884,-0.900969,11,9,37,27,0.25,1,346.95,35,car,Jam,Sunny,3.28
1.2637,-0.866025,-0.5,-0.974928,-0.222521,9,1,9,7,0.125,0,175.93,-1,van,Normal,Sunny,20.75
0.4073,0.0,-1.0,-0.974928,-0.222521,3,9,14,4,0.6923,1,221.32,1,van,Medium,Sunny,6.79
0.1321,-0.707107,-0.707107,0.781831,0.62349,2,14,24,9,0.6087,1,124.57,15,car,Medium,Windy,1.99
0.2458,0.0,-1.0,0.0,1.0,3,7,24,16,0.3043,1,100.73,35,car,Medium,Sandstorm,4.88
3.7701,-0.707107,-0.707107,0.974928,-0.222521,4,0,7,6,0.0,0,338.0,8,car,High,Sunny,78.22
1.4478,-0.258819,-0.965926,-0.781831,0.62349,5,6,10,3,0.6667,1,128.35,1,van,Medium,Sunny,23.15
0.8153,-0.965926,-0.258819,0.974928,-0.222521,4,3,13,9,0.25,1,22.67,14,van,Medium,Sunny,17.24
0.1206,0.258819,-0.965926,-0.974928,-0.222521,1,4,10,5,0.4444,1,76.64,6,car,Medium,Sunny,2.24
3.6646,-0.965926,0.258819,0.781831,0.62349,2,3,8,4,0.4286,0,60.37,-1,car,Normal,Sunny,27.69
0.1354,-0.258819,-0.965926,0.433884,-0.900969,3,5,8,2,0.7143,0,119.38,-1,van,Jam,Sunny,4.43
0.2477,-0.707107,-0.707107,0.974928,-0.222521,10,13,25,11,0.5417,1,177.72,0,car,Low,Sunny,2.42
1.31,-1.0,-0.0,-0.781831,0.62349,4,13,19,5,0.7222,1,340.26,6,van,Medium,Sunny,29.64
1.054,-0.5,-0.866025,0.433884,-0.900969,2,5,13,7,0.4167,1,28.97,14,car,Normal,Sunny,8.11
0.2573,-0.707107,-0.707107,-0.974928,-0.222521,10,4,10,5,0.4444,1,358.02,1,car,Low,Sunny,1.97
0.1164,-0.707107,-0.707107,-0.433884,-0.900969,4,18,21,2,0.9,1,311.4,5,van,High,Sunny,3.11
1.2263,0.258819,-0.965926,0.974928,-0.222521,9,11,15,3,0.7857,1,280.51,0,car,Normal,Windy,9.86
1.0709,0.258819,0.965926,0.433884,-0.900969,1,11,15,3,0.7857,1,287.79,15,car,Normal,Windy,6.29
0.4698,0.258819,-0.965926,-0.974928,-0.222521,1,6,21,14,0.3,1,237.74,0,car,Medium,Sunny,4.11
0.2589,-0.5,-0.866025,0.974928,-0.222521,12,4,13,8,0.3333,1,18.66,0,car,Normal,Sunny,2.07
0.3089,-0.258819,-0.965926,0.0,1.0,4,8,24,15,0.3478,1,37.06,6,car,Normal,Sunny,2.55
1.4643,0.0,-1.0,-0.781831,0.62349,11,12,21,8,0.6,0,60.42,6,car,Jam,Sunny,33.37
0.0595,-0.965926,-0.258819,0.0,1.0,1,0,19,18,0.0,1,129.05,9,car,Normal,Sunny,1.0
0.6592,0.5,-0.866025,0.433884,-0.900969,4,5,13,7,0.4167,1,243.06,0,car,Medium,Sunny,9.81
2.4384,0.258819,-0.965926,0.433884,-0.900969,10,2,16,13,0.1333,1,270.78,0,van,Medium,Sunny,32.2
0.0826,-0.258819,-0.965926,-0.781831,0.62349,6,9,12,2,0.8182,1,257.11,14,van,High,Sunny,2.4
1.6388,-0.866025,-0.5,0.974928,-0.222521,5,24,29,4,0.8571,1,264.43,6,van,Jam,Sandstorm,90.0
12.3106,-0.5,-0.866025,0.974928,-0.222521,5,0,5,4,0.0,0,32.26,16,car,Normal,Sandstorm,90.0
0.8712,-0.866025,-0.5,-0.781831,0.62349,9,2,16,13,0.1333,1,43.57,0,van,Normal,Foggy,19.44
0.8417,-0.866025,-0.5,0.433884,-0.900969,5,3,12,8,0.2727,1,327.55,0,van,Medium,Sunny,17.69
1.6289,-0.866025,-0.5,0.0,1.0,12,7,11,3,0.7,1,62.95,1,van,High,Sunny,46.92
0.2131,-0.258819,-0.965926,0.974928,-0.222521,3,6,13,6,0.5,1,66.23,0,van,High,Sunny,4.26
8.1446,-0.965926,-0.258819,-0.974928,-0.222521,4,2,4,1,0.6667,1,232.63,0,car,Normal,Sunny,90.0
0.6252,-0.258819,-0.965926,0.781831,0.62349,5,22,24,1,0.9565,1,184.98,35,van,Normal,Sandstorm,10.17
0.1951,-0.707107,-0.707107,-0.781831,0.62349,7,9,27,17,0.3462,1,271.92,13,car,Normal,Sunny,3.22
0.6464,0.0,-1.0,0.0,1.0,4,6,13,6,0.5,1,123.35,0,car,Low,Sunny,4.97
0.1609,0.258819,-0.965926,0.781831,0.62349,7,7,29,21,0.25,1,233.48,1,car,Normal,Sunny,5.33
0.231,0.0,-1.0,0.781831,0.62349,4,1,8,6,0.1429,1,140.82,0,van,Jam,Sunny,6.84
0.6108,-0.5,-0.866025,0.781831,0.62349,1,3,8,4,0.4286,1,59.84,1,van,Normal,Rainy,7.15
0.537,-0.258819,-0.965926,0.781831,0.62349,12,17,22,4,0.8095,1,122.34,1,van,Medium,Sunny,9.31
0.7451,0.0,-1.0,-0.974928,-0.222521,1,5,8,2,0.7143,1,311.36,16,car,Normal,Sunny,7.77
0.9552,-0.866025,-0.5,0.781831,0.62349,4,4,10,5,0.4444,1,260.82,0,car,Low,Sunny,7.82
2.3038,-0.965926,0.258819,0.0,1.0,4,7,13,5,0.5833,0,204.18,-1,van,Medium,Sandstorm,40.21
0.36,-0.5,-0.866025,0.781831,0.62349,3,11,22,10,0.5238,1,357.61,1,car,Medium,Rainy,4.14
0.4776,0.0,-1.0,0.781831,0.62349,11,3,25,21,0.125,1,4.08,0,car,Medium,Rainy,5.93
0.5066,0.258819,-0.965926,-0.974928,-0.222521,3,16,25,8,0.6667,1,44.6,0,car,Normal,Sunny,3.99
0.9413,-0.707107,-0.707107,0.433884,-0.900969,6,6,13,6,0.5,1,277.66,14,van,Normal,Sunny,17.47
5.8488,-0.258819,-0.965926,0.433884,-0.900969,11,5,14,8,0.3846,1,46.21,0,car,High,Windy,90.0
5.4943,-0.5,-0.866025,0.974928,-0.222521,7,8,27,18,0.3077,0,175.32,13,car,High,Sunny,71.6
5.1253,-0.866025,-0.5,0.781831,0.62349,4,14,16,1,0.9333,1,231.99,0,van,Medium,Rainy,90.0
0.3422,-1.0,-0.0,0.433884,-0.900969,9,10,13,2,0.8333,1,289.55,0,van,Normal,Sandstorm,7.05
0.5323,-0.258819,-0.965926,0.433884,-0.900969,4,4,8,3,0.5714,1,54.32,1,van,Normal,Sunny,6.78
2.5158,0.258819,-0.965926,-0.781831,0.62349,6,4,8,3,0.5714,0,71.3,16,car,Medium,Sunny,24.55
10.4944,-0.965926,-0.258819,0.974928,-0.222521,4,2,14,11,0.1538,0,44.68,15,car,Jam,Sunny,90.0
0.9063,0.258819,-0.965926,0.781831,0.62349,5,8,12,3,0.7273,1,231.07,1,van,Jam,Windy,25.5
0.2091,-0.707107,0.707107,-0.781831,0.62349,3,9,14,4,0.6923,1,55.43,0,van,High,Sunny,2.56
4.0595,0.258819,-0.965926,-0.781831,0.62349,7,7,9,1,0.875,0,40.16,-1,van,Medium,Foggy,68.34
1.6697,0.258819,-0.965926,-0.781831,0.62349,5,9,21,11,0.45,0,305.14,7,car,Normal,Windy,13.68
0.2137,0.258819,-0.965926,0.433884,-0.900969,7,15,37,21,0.4167,1,32.79,35,car,High,Foggy,3.04
1.8534,0.0,-1.0,0.0,1.0,4,14,29,14,0.5,1,276.86,1,car,Medium,Sandstorm,29.77
0.4416,-0.5,-0.866025,0.0,1.0,4,17,25,7,0.7083,1,183.38,0,van,Medium,Foggy,7.04
0.7288,-0.5,-0.866025,0.974928,-0.222521,11,6,14,7,0.4615,1,32.1,0,car,Medium,Sunny,6.64
0.6137,-0.5,-0.866025,-0.781831,0.62349,5,5,37,31,0.1389,1,229.86,35,car,Medium,Sunny,5.77
0.5745,-0.866025,-0.5,-0.974928,-0.222521,3,12,29,16,0.4286,1,335.1,6,van,Normal,Sunny,9.94
0.7156,-0.5,-0.866025,0.974928,-0.222521,1,18,24,5,0.7826,1,340.75,18,van,Jam,Sunny,17.91
0.8208,-0.965926,-0.258819,0.0,1.0,9,11,16,4,0.7333,1,258.01,0,car,High,Sunny,17.05
0.9522,0.0,-1.0,-0.781831,0.62349,8,5,17,11,0.3125,1,229.75,1,van,High,Sunny,21.31
0.4053,-0.258819,-0.965926,0.433884,-0.900969,5,3,37,33,0.0833,1,225.48,35,van,Medium,Sunny,6.2
0.9481,-0.965926,-0.258819,-0.781831,0.62349,5,8,29,20,0.2857,1,214.01,1,car,Jam,Sunny,27.88
8.895,-0.866025,-0.5,-0.974928,-0.222521,6,0,5,4,0.0,0,236.94,9,car,Medium,Rainy,90.0
0.7109,-0.258819,-0.965926,0.781831,0.62349,3,1,29,27,0.0357,1,61.43,1,van,Jam,Sandstorm,29.77
0.5046,-0.5,-0.866025,0.781831,0.62349,5,3,21,17,0.15,1,183.19,0,car,Medium,Sandstorm,5.85
1.1625,-0.965926,-0.258819,0.0,1.0,7,1,12,10,0.0909,1,270.13,8,van,High,Foggy,41.33
0.2363,-0.866025,-0.5,-0.974928,-0.222521,4,11,16,4,0.7333,1,225.12,0,car,Jam,Sunny,7.55
1.0086,-0.707107,0.707107,0.433884,-0.900969,2,13,22,8,0.619,1,205.69,1,van,High,Sunny,13.08
0.4174,-0.5,-0.866025,-0.781831,0.62349,10,8,17,8,0.5,1,174.92,1,car,High,Sunny,4.81
1.0109,0.258819,-0.965926,0.433884,-0.900969,12,11,16,4,0.7333,1,236.03,0,van,Normal,Rainy,12.0
1.3552,-0.866025,-0.5,-0.974928,-0.222521,11,7,21,13,0.35,1,44.97,0,car,Medium,Windy,22.62
3.5445,-0.965926,-0.258819,0.0,1.0,2,4,13,8,0.3333,1,69.77,0,van,Medium,Windy,82.23
0.3473,-0.866025,-0.5,0.433884,-0.900969,10,6,11,4,0.6,1,4.53,1,van,High,Sandstorm,12.85
1.4185,0.0,-1.0,0.433884,-0.900969,4,16,29,12,0.5714,1,36.8,6,car,Jam,Sunny,33.01
2.1101,-0.5,-0.866025,0.433884,-0.900969,8,4,7,2,0.6667,1,39.21,6,van,Medium,Rainy,33.31
0.6872,-0.5,-0.866025,0.781831,0.62349,4,2,16,13,0.1333,1,37.55,0,car,Normal,Sunny,5.05
0.6414,-0.258819,-0.965926,0.0,1.0,1,0,12,11,0.0,1,83.8,1,van,Low,Rainy,6.99
1.2779,0.0,-1.0,0.433884,-0.900969,4,4,15,10,0.2857,1,179.02,0,car,High,Sunny,19.85
2.2252,-0.5,-0.866025,-0.974928,-0.222521,10,1,8,6,0.1429,1,262.65,1,van,Medium,Rainy,34.78
2.4092,-0.5,-0.866025,-0.781831,0.62349,8,10,24,13,0.4348,1,82.4,15,van,Normal,Sunny,24.42
0.7161,-0.5,-0.866025,0.0,1.0,6,3,8,4,0.4286,1,36.24,1,van,Medium,Sunny,9.23
1.1432,-0.965926,0.258819,0.0,1.0,5,20,22,1,0.9524,1,62.1,1,car,Medium,Sunny,11.48
0.4224,0.258819,-0.965926,0.974928,-0.222521,3,8,10,1,0.8889,1,249.42,6,car,Normal,Windy,4.28
1.1582,-0.258819,-0.965926,0.974928,-0.222521,11,4,10,5,0.4444,1,337.24,17,van,Medium,Windy,20.57
0.9335,0.258819,-0.965926,-0.781831,0.62349,8,10,16,5,0.6667,1,135.48,0,car,Normal,Sunny,7.22
0.4845,-0.258819,-0.965926,0.0,1.0,12,6,12,5,0.5455,1,135.6,14,van,Medium,Sunny,7.4
0.9862,0.0,-1.0,0.0,1.0,9,11,15,3,0.7857,1,277.91,0,car,Medium,Sunny,11.17
0.6011,-0.965926,0.258819,0.974928,-0.222521,3,5,8,2,0.7143,1,269.37,30,car,Normal,Sandstorm,6.49
0.3576,0.0,-1.0,0.0,1.0,10,2,12,9,0.1818,1,348.46,14,van,Normal,Foggy,5.41
0.214,-0.5,-0.866025,0.433884,-0.900969,3,0,4,3,0.0,1,151.24,0,car,High,Sunny,3.98
1.5131,-0.866025,-0.5,0.0,1.0,4,10,12,1,0.9091,0,267.09,-1,car,Normal,Sunny,17.96
5.0059,-0.965926,-0.258819,0.0,1.0,5,7,11,3,0.7,0,175.41,-1,car,High,Sandstorm,90.0
0.2996,0.0,-1.0,0.0,1.0,5,1,10,8,0.1111,1,132.97,0,car,Low,Sunny,1.5
8.5344,0.258819,-0.965926,0.433884,-0.900969,4,12,15,2,0.8571,0,67.02,-1,van,High,Sunny,90.0
0.7208,-0.965926,-0.258819,0.0,1.0,1,4,12,7,0.3636,1,183.34,1,van,High,Sunny,21.42
5.4165,-0.965926,-0.258819,0.781831,0.62349,4,14,16,1,0.9333,1,229.19,0,van,Normal,Windy,90.0
0.6453,-0.258819,-0.965926,-0.433884,-0.900969,4,11,24,12,0.4783,1,215.63,35,car,High,Sunny,10.46
0.3094,-0.5,-0.866025,0.0,1.0,4,26,37,10,0.7222,1,233.18,35,car,Medium,Sunny,2.62
0.899,-0.258819,-0.965926,0.433884,-0.900969,12,7,9,1,0.875,1,352.07,6,van,Medium,Foggy,20.74
0.5828,-0.707107,-0.707107,0.0,1.0,3,0,12,11,0.0,1,57.94,1,van,Medium,Sunny,11.83
0.5077,-0.258819,-0.965926,0.0,1.0,8,17,25,7,0.7083,1,265.68,0,car,Normal,Sunny,4.33
0.2874,0.0,-1.0,0.433884,-0.900969,5,13,25,11,0.5417,1,171.35,0,van,Medium,Sunny,5.41
0.2586,-0.258819,-0.965926,-0.974928,-0.222521,8,4,37,32,0.1111,1,162.23,35,car,Low,Sunny,1.53
2.6051,0.258819,-0.965926,0.0,1.0,1,3,9,5,0.375,0,97.86,6,car,Medium,Sunny,24.74
1.594,0.258819,-0.965926,-0.433884,-0.900969,6,3,8,4,0.4286,0,313.92,-1,car,Normal,Sunny,11.94
4.6577,-0.5,-0.866025,0.781831,0.62349,11,1,11,9,0.1,0,46.63,2,car,Medium,Sunny,44.04
0.4624,-0.5,-0.866025,0.974928,-0.222521,6,12,16,3,0.8,1,251.02,0,car,Medium,Rainy,4.68
0.9969,-0.866025,-0.5,-0.781831,0.62349,3,6,16,9,0.4,1,54.51,0,van,Normal,Sunny,16.69
1.7316,-0.965926,0.258819,0.781831,0.62349,7,1,13,11,0.0833,1,235.41,0,van,High,Rainy,37.25
0.0601,-0.707107,-0.707107,0.781831,0.62349,9,0,4,3,0.0,1,336.12,0,car,Medium,Sunny,1.0
0.4932,-0.965926,-0.258819,-0.974928,-0.222521,11,0,37,36,0.0,1,48.96,35,car,Medium,Sunny,7.14
1.6,0.0,-1.0,0.781831,0.62349,2,2,14,11,0.1538,1,231.53,0,van,Medium,Sunny,25.85
0.2908,0.0,-1.0,0.974928,-0.222521,4,4,13,8,0.3333,1,15.11,0,car,High,Sunny,4.32
1.7315,0.0,-1.0,0.0,1.0,1,1,13,11,0.0833,1,236.26,0,car,Normal,Sunny,15.91
0.5235,-0.258819,-0.965926,0.781831,0.62349,11,6,12,5,0.5455,1,232.48,0,car,Normal,Windy,4.99
1.6013,-0.258819,-0.965926,0.781831,0.62349,4,24,29,4,0.8571,1,256.48,6,car,High,Windy,26.88
0.3376,-0.707107,-0.707107,0.433884,-0.900969,5,12,25,12,0.5,1,78.85,0,van,Medium,Windy,7.78
0.215,0.0,-1.0,0.0,1.0,3,11,24,12,0.4783,1,3.19,15,van,Medium,Sunny,4.16
1.7561,-0.258819,-0.965926,-0.974928,-0.222521,5,0,13,12,0.0,1,237.75,0,car,Medium,Sunny,20.41
1.438,0.0,-1.0,-0.781831,0.62349,4,3,5,1,0.75,1,46.31,6,car,Jam,Windy,34.99
0.387,-0.5,-0.866025,-0.974928,-0.222521,9,8,16,7,0.5333,1,155.53,0,car,Jam,Sunny,7.4
0.8867,0.0,-1.0,-0.974928,-0.222521,4,10,16,5,0.6667,1,120.62,0,car,Jam,Windy,21.72
1.5939,-0.965926,0.258819,0.433884,-0.900969,1,1,16,14,0.0667,1,149.81,0,car,Normal,Sunny,11.77
0.409,-1.0,-0.0,0.433884,-0.900969,2,0,16,15,0.0,1,342.99,0,van,Medium,Sandstorm,11.32
6.6126,-0.258819,-0.965926,0.974928,-0.222521,4,0,9,8,0.0,0,74.56,-1,car,Normal,Sunny,59.84
0.5463,-0.5,-0.866025,0.974928,-0.222521,11,11,13,1,0.9167,1,100.53,1,van,Normal,Sunny,5.44
0.4554,-0.707107,-0.707107,0.974928,-0.222521,6,17,24,6,0.7391,1,91.6,35,car,Normal,Sunny,5.25
0.9767,-0.5,-0.866025,-0.974928,-0.222521,11,2,16,13,0.1333,1,27.66,0,car,Jam,Sunny,17.86
1.6506,-0.258819,-0.965926,0.781831,0.62349,2,2,8,5,0.2857,1,141.23,0,van,Medium,Sunny,26.72
0.8477,-0.5,-0.866025,-0.974928,-0.222521,1,11,13,1,0.9167,1,236.06,0,car,Normal,Sunny,6.7
1.3783,-0.5,-0.866025,0.974928,-0.222521,3,14,17,2,0.875,1,242.6,1,car,Jam,Sunny,25.23
0.9802,0.0,-1.0,-0.974928,-0.222521,11,7,13,5,0.5833,1,191.74,1,van,High,Sunny,21.19
0.947,-0.258819,0.965926,0.781831,0.62349,4,7,10,2,0.7778,1,326.24,6,car,Normal,Sandstorm,6.54
1.32,0.0,-1.0,0.433884,-0.900969,6,2,14,11,0.1538,1,230.73,0,van,High,Rainy,33.49
1.0069,-0.707107,-0.707107,0.0,1.0,1,7,9,1,0.875,1,348.11,6,van,High,Sunny,29.12
0.5875,-0.866025,-0.5,-0.974928,-0.222521,3,8,37,28,0.2222,1,246.46,35,car,Normal,Foggy,8.57
1.3633,-0.258819,-0.965926,0.974928,-0.222521,4,5,13,7,0.4167,1,21.45,14,car,Normal,Sunny,12.1
7.3218,-0.258819,-0.965926,-0.781831,0.62349,4,0,11,10,0.0,0,228.18,-1,car,Normal,Sunny,66.91
0.3007,0.0,-1.0,-0.433884,-0.900969,11,9,12,2,0.8182,1,273.12,14,car,High,Sunny,4.29
2.2264,-0.866025,-0.5,0.0,1.0,3,2,7,4,0.3333,1,14.24,6,van,Medium,Rainy,56.18
0.5688,-0.258819,-0.965926,0.0,1.0,3,5,18,12,0.2941,1,83.98,0,van,Medium,Rainy,10.71
0.4048,-0.707107,-0.707107,0.781831,0.62349,4,0,37,36,0.0,1,58.75,35,van,High,Sunny,12.16
0.6291,-0.866025,-0.5,0.433884,-0.900969,4,1,11,9,0.1,1,325.63,1,van,Medium,Rainy,15.6
0.8202,0.0,-1.0,0.433884,-0.900969,1,23,37,13,0.6389,1,18.68,35,van,Normal,Sunny,9.96
4.2704,-0.965926,0.258819,0.0,1.0,2,6,11,4,0.6,0,241.87,1,van,Medium,Sunny,56.53
0.972,-0.707107,-0.707107,-0.974928,-0.222521,4,0,17,16,0.0,1,328.12,1,van,Medium,Sunny,20.38
1.5761,-0.707107,-0.707107,0.433884,-0.900969,4,2,21,18,0.1,1,344.46,8,car,Normal,Sunny,19.7
0.2361,-0.707107,-0.707107,0.433884,-0.900969,9,10,14,3,0.7692,1,135.99,18,car,High,Sunny,4.92
2.6317,-0.5,-0.866025,0.781831,0.62349,10,9,29,19,0.3214,0,162.14,8,car,Normal,Sunny,19.96
20.0,-0.5,0.866025,0.433884,-0.900969,3,1,7,5,0.1667,0,37.87,-1,van,Low,Windy,90.0
2.644,-0.5,-0.866025,0.433884,-0.900969,2,21,24,2,0.913,0,167.17,-1,car,High,Sunny,34.48
0.8549,-0.258819,-0.965926,0.974928,-0.222521,2,1,21,19,0.05,1,39.97,0,car,Medium,Windy,10.46
0.5715,-0.258819,-0.965926,0.0,1.0,1,7,11,3,0.7,1,270.34,1,car,Jam,Windy,13.84
0.671,0.258819,-0.965926,0.974928,-0.222521,3,3,8,4,0.4286,1,25.08,1,van,High,Sunny,11.64
3.3858,0.258819,-0.965926,0.0,1.0,4,5,11,5,0.5,1,56.97,1,van,High,Foggy,76.38
0.2341,-0.866025,-0.5,-0.781831,0.62349,4,5,11,5,0.5,1,110.38,2,van,Normal,Sunny,3.42
1.5977,-0.258819,-0.965926,0.433884,-0.900969,4,0,18,17,0.0,1,231.34,0,car,Jam,Rainy,45.18
0.6052,0.0,-1.0,-0.781831,0.62349,4,23,37,13,0.6389,1,36.0,35,van,Medium,Sunny,9.32
3.351,-0.5,-0.866025,0.974928,-0.222521,2,0,7,6,0.0,0,338.73,8,car,Medium,Sunny,32.1
1.0726,0.0,-1.0,0.974928,-0.222521,12,7,10,2,0.7778,0,5.35,-1,van,Jam,Sunny,33.13
0.9015,-0.965926,-0.258819,0.974928,-0.222521,3,3,9,5,0.375,0,113.59,-1,van,High,Sunny,26.17
0.4388,-0.5,-0.866025,0.433884,-0.900969,11,6,9,2,0.75,1,270.73,6,car,High,Sandstorm,8.26
2.6572,0.258819,-0.965926,0.0,1.0,4,1,4,2,0.3333,0,249.64,-1,van,Medium,Sunny,35.71
1.2974,-0.258819,-0.965926,-0.781831,0.62349,10,9,15,5,0.6429,1,349.85,15,van,Medium,Sunny,21.15
3.52,-0.5,-0.866025,0.974928,-0.222521,6,9,11,1,0.9,1,56.11,1,car,Low,Windy,19.98
0.3479,-0.5,-0.866025,-0.781831,0.62349,3,2,37,34,0.0556,1,33.67,35,car,Medium,Windy,3.72
1.1607,-0.258819,-0.965926,-0.974928,-0.222521,5,3,9,5,0.375,0,112.85,-1,car,Medium,Sunny,14.18
3.109,-0.258819,-0.965926,-0.974928,-0.222521,4,3,13,9,0.25,1,60.35,0,car,Jam,Sunny,70.74
6.4278,-0.5,-0.866025,-0.974928,-0.222521,4,1,5,3,0.25,0,57.37,2,van,Normal,Sunny,66.05
0.8284,-0.258819,-0.965926,0.974928,-0.222521,1,8,21,12,0.4,1,12.05,0,car,Jam,Sunny,19.97
1.3158,-0.707107,-0.707107,0.433884,-0.900969,1,1,37,35,0.0278,1,110.15,35,car,High,Sunny,26.82
0.6246,-0.258819,-0.965926,0.433884,-0.900969,5,6,22,15,0.2857,1,65.99,1,car,Normal,Sunny,5.44
3.2376,0.5,-0.866025,0.433884,-0.900969,4,9,11,1,0.9,1,58.88,1,car,High,Rainy,72.45
1.5358,0.0,-1.0,-0.781831,0.62349,1,4,17,12,0.25,1,127.07,1,car,Normal,Sunny,13.73
7.2861,-0.866025,-0.5,0.433884,-0.900969,3,0,11,10,0.0,0,228.93,-1,van,Medium,Sandstorm,90.0
0.6435,-0.866025,-0.5,-0.781831,0.62349,9,3,11,7,0.3,1,234.17,1,van,High,Windy,19.84
0.7571,-0.258819,-0.965926,-0.974928,-0.222521,7,10,13,2,0.8333,1,48.09,1,car,Medium,Sandstorm,12.92
0.3847,-0.258819,-0.965926,0.974928,-0.222521,6,2,12,9,0.1818,1,289.97,14,van,Jam,Windy,13.31
1.1898,-0.707107,0.707107,0.781831,0.62349,4,13,21,7,0.65,1,83.8,6,car,Normal,Sunny,6.25
5.1927,0.258819,-0.965926,-0.974928,-0.222521,2,14,16,1,0.9333,1,227.37,0,car,Jam,Sandstorm,90.0
1.5337,-0.707107,-0.707107,0.0,1.0,3,5,9,3,0.625,0,319.59,22,car,Medium,Sunny,23.49
1.4541,-0.965926,-0.258819,0.433884,-0.900969,11,11,17,5,0.6875,1,231.67,1,van,Medium,Sunny,30.55
4.3189,0.0,-1.0,0.974928,-0.222521,4,2,13,10,0.1667,1,44.87,0,car,Normal,Sunny,40.25
3.3311,-0.866025,-0.5,0.974928,-0.222521,7,2,5,2,0.5,1,220.74,6,van,Medium,Rainy,83.98
1.186,0.258819,-0.965926,0.781831,0.62349,1,9,24,14,0.3913,0,79.3,15,car,Medium,Sandstorm,15.73
0.244,-0.5,-0.866025,0.0,1.0,2,8,21,12,0.4,1,330.93,6,car,Jam,Sunny,5.23
0.4404,0.258819,-0.965926,0.781831,0.62349,3,7,37,29,0.1944,1,92.46,35,van,Medium,Rainy,7.07
4.7513,-0.707107,-0.707107,-0.974928,-0.222521,10,2,5,2,0.5,0,51.14,4,car,Normal,Windy,61.57
0.7524,-0.258819,-0.965926,0.433884,-0.900969,2,11,15,3,0.7857,1,285.87,15,car,Normal,Sunny,6.35
1.0405,-0.5,-0.866025,0.974928,-0.222521,3,5,8,2,0.7143,1,318.6,16,car,High,Sunny,13.33
0.4074,-0.866025,-0.5,0.781831,0.62349,1,17,25,7,0.7083,1,231.22,0,car,Medium,Sunny,6.56
5.7082,-0.258819,-0.965926,0.433884,-0.900969,12,4,8,3,0.5714,0,254.91,-1,car,Medium,Windy,73.81
0.4973,0.258819,-0.965926,0.433884,-0.900969,5,6,13,6,0.5,1,119.93,0,car,Normal,Sandstorm,5.34
2.5918,-0.707107,0.707107,0.433884,-0.900969,3,6,21,14,0.3,0,59.21,6,car,Low,Windy,10.86
1.5448,-0.707107,-0.707107,-0.781831,0.62349,4,15,24,8,0.6522,0,101.17,16,car,Low,Sunny,14.36
1.0721,-0.258819,-0.965926,-0.974928,-0.222521,11,10,37,26,0.2778,1,325.35,35,van,Normal,Windy,14.37
2.658,-0.258819,-0.965926,0.781831,0.62349,1,12,19,6,0.6667,1,19.93,6,van,Normal,Sunny,34.14
0.776,0.258819,-0.965926,0.974928,-0.222521,5,2,12,9,0.1818,1,265.85,0,van,Normal,Sunny,8.09
5.6777,-0.258819,-0.965926,-0.781831,0.62349,8,23,25,1,0.9583,1,228.54,0,car,High,Windy,90.0
0.5337,-0.5,-0.866025,0.0,1.0,12,0,19,18,0.0,1,215.48,9,car,Medium,Sunny,4.92
1.5345,-0.866025,-0.5,0.0,1.0,3,6,29,22,0.2143,0,356.88,10,van,Jam,Sandstorm,85.82
0.4746,-0.258819,-0.965926,0.781831,0.62349,5,0,9,8,0.0,1,322.13,8,car,High,Rainy,8.88
2.1323,-0.258819,-0.965926,-0.974928,-0.222521,2,16,24,7,0.6957,0,41.74,17,van,Medium,Windy,37.63
1.4483,-0.258819,-0.965926,-0.781831,0.62349,10,14,17,2,0.875,1,254.24,1,car,High,Sunny,22.52
1.4226,-0.866025,-0.5,0.0,1.0,1,1,16,14,0.0667,1,146.32,0,van,Jam,Windy,63.47
1.6068,-0.258819,-0.965926,0.433884,-0.900969,7,4,17,12,0.25,1,119.62,1,van,Medium,Sunny,25.76
0.624,-0.258819,-0.965926,0.781831,0.62349,11,3,13,9,0.25,1,0.12,14,van,Medium,Sunny,9.69
1.8949,-1.0,-0.0,0.433884,-0.900969,2,12,37,24,0.3333,1,9.37,35,car,Normal,Windy,25.2
0.4786,-0.866025,-0.5,0.781831,0.62349,11,11,24,12,0.4783,1,66.72,15,car,High,Windy,10.48
10.0353,-0.707107,-0.707107,0.0,1.0,6,2,14,11,0.1538,0,44.76,15,van,Medium,Sandstorm,90.0
1.568,0.0,-1.0,0.781831,0.62349,11,12,25,12,0.5,1,35.29,0,van,Jam,Sunny,49.08
0.5616,0.0,-1.0,-0.781831,0.62349,11,4,25,20,0.1667,1,114.13,0,van,Medium,Sunny,9.07
0.9134,-1.0,-0.0,0.781831,0.62349,4,3,13,9,0.25,1,0.78,14,van,Medium,Sunny,19.42
2.1454,0.258819,-0.965926,0.0,1.0,8,11,37,25,0.3056,1,149.92,35,car,Medium,Windy,22.43
0.8332,-0.258819,-0.965926,-0.974928,-0.222521,5,4,15,10,0.2857,1,194.4,0,van,Medium,Rainy,16.01
0.498,0.0,-1.0,0.0,1.0,4,7,11,3,0.7,1,279.32,1,van,High,Foggy,13.76
1.2938,-0.258819,-0.965926,0.433884,-0.900969,1,2,14,11,0.1538,1,216.56,0,van,Jam,Windy,43.99
1.1582,-0.258819,-0.965926,0.433884,-0.900969,2,1,12,10,0.0909,1,359.26,1,car,Normal,Rainy,12.55
0.9092,0.0,-1.0,-0.781831,0.62349,6,8,29,20,0.2857,1,219.67,1,car,Jam,Sunny,22.11
0.8391,-1.0,-0.0,0.974928,-0.222521,2,11,14,2,0.8462,1,51.48,1,van,High,Sandstorm,32.18
0.4127,-0.258819,-0.965926,0.0,1.0,10,8,24,15,0.3478,1,21.58,6,car,Medium,Windy,5.0
13.3309,-0.5,-0.866025,0.974928,-0.222521,2,1,10,8,0.1111,0,45.12,16,car,Normal,Sunny,90.0
0.2929,0.0,-1.0,0.781831,0.62349,12,0,4,3,0.0,1,42.36,0,car,Medium,Sandstorm,5.25
2.7101,-0.707107,0.707107,0.781831,0.62349,10,9,12,2,0.8182,0,259.24,6,car,Medium,Sunny,19.64
1.7915,-0.258819,-0.965926,0.0,1.0,10,12,25,12,0.5,1,46.85,0,car,High,Sunny,28.97
0.5678,-0.965926,0.258819,0.974928,-0.222521,7,6,22,15,0.2857,1,32.64,1,van,Normal,Rainy,6.78
3.6548,-0.258819,-0.965926,-0.781831,0.62349,10,3,8,4,0.4286,0,59.39,-1,van,High,Windy,85.66
0.2504,-0.258819,-0.965926,0.0,1.0,3,7,24,16,0.3043,1,58.6,35,van,Medium,Sunny,4.43
1.2479,-0.965926,-0.258819,0.0,1.0,3,0,2,1,0.0,1,4.41,1,car,High,Sunny,25.87
0.7463,-0.707107,-0.707107,-0.781831,0.62349,4,0,13,12,0.0,1,151.14,14,car,Medium,Windy,12.86
1.9205,-0.707107,-0.707107,0.781831,0.62349,1,3,8,4,0.4286,0,236.59,25,car,Low,Windy,17.58
0.5833,0.258819,-0.965926,0.0,1.0,9,22,29,6,0.7857,1,151.87,1,car,Medium,Sunny,5.99
4.331,-0.258819,-0.965926,0.433884,-0.900969,5,4,7,2,0.6667,1,240.57,0,car,Jam,Sandstorm,90.0
1.8965,0.0,-1.0,0.0,1.0,11,12,15,2,0.8571,1,146.32,0,van,Medium,Windy,35.14
0.6891,-0.5,-0.866025,-0.781831,0.62349,3,17,21,3,0.85,1,157.27,0,car,Low,Rainy,4.89
0.7232,0.0,-1.0,0.974928,-0.222521,7,6,9,2,0.75,1,306.95,6,van,Normal,Windy,9.77
0.4914,-1.0,-0.0,0.781831,0.62349,3,6,12,5,0.5455,1,105.91,14,car,Jam,Sunny,15.18
0.1718,-0.5,-0.866025,0.974928,-0.222521,3,4,29,24,0.1429,1,75.37,1,car,Medium,Sunny,1.4
20.0,-0.707107,-0.707107,0.0,1.0,3,1,7,5,0.1667,0,38.06,-1,car,High,Sunny,90.0
0.8387,-0.965926,-0.258819,0.0,1.0,5,2,16,13,0.1333,1,45.32,0,car,Normal,Sunny,10.84
2.7523,-0.965926,-0.258819,0.0,1.0,2,6,11,4,0.6,1,28.42,1,car,Medium,Sunny,43.85
0.7909,0.5,0.866025,0.781831,0.62349,5,8,13,4,0.6667,1,325.32,0,van,Normal,Sunny,9.46
0.4366,-0.5,-0.866025,-0.781831,0.62349,1,25,29,3,0.8929,1,235.91,1,car,Medium,Windy,3.85
1.3357,-0.707107,-0.707107,0.433884,-0.900969,11,7,18,10,0.4118,1,34.44,0,car,Medium,Sunny,20.85
0.5084,-0.965926,0.258819,0.433884,-0.900969,10,16,25,8,0.6667,1,75.97,0,car,Normal,Sunny,3.69
2.19,0.258819,-0.965926,0.433884,-0.900969,9,12,15,2,0.8571,1,141.72,0,car,Jam,Foggy,51.13
3.4194,-0.258819,-0.965926,0.781831,0.62349,11,0,7,6,0.0,0,335.52,8,van,Medium,Sunny,55.46
3.1364,0.258819,-0.965926,0.781831,0.62349,9,0,9,8,0.0,0,307.88,-1,car,High,Sandstorm,54.42
2.3665,-0.707107,0.707107,0.433884,-0.900969,4,0,7,6,0.0,1,275.99,0,van,Jam,Rainy,53.05
0.2387,-0.965926,-0.258819,-0.781831,0.62349,4,3,14,10,0.2308,1,355.12,0,van,Medium,Windy,5.49
0.2234,0.0,-1.0,0.781831,0.62349,1,7,29,21,0.25,1,201.6,1,van,Medium,Sunny,3.57
6.7889,0.0,-1.0,0.781831,0.62349,9,23,25,1,0.9583,1,243.35,0,van,Medium,Sunny,90.0
3.5956,-0.258819,-0.965926,-0.974928,-0.222521,6,1,10,8,0.1111,0,268.21,1,car,Normal,Foggy,40.33
0.2356,0.258819,-0.965926,-0.781831,0.62349,6,14,25,10,0.5833,1,50.66,0,van,High,Sandstorm,5.14
1.1668,-0.5,-0.866025,0.0,1.0,5,17,37,19,0.4722,1,166.54,35,car,High,Sunny,14.77
1.1347,-0.866025,-0.5,0.781831,0.62349,10,6,16,9,0.4,1,54.45,0,car,Medium,Windy,18.86
1.651,-0.707107,0.707107,0.781831,0.62349,11,6,13,6,0.5,1,289.27,1,van,Normal,Sandstorm,16.2
0.5735,-0.965926,-0.258819,0.974928,-0.222521,2,4,10,5,0.4444,1,286.53,0,van,Normal,Windy,13.18
1.0413,-0.707107,-0.707107,0.974928,-0.222521,5,5,11,5,0.5,1,53.17,1,van,Jam,Sunny,43.15
0.4319,-0.707107,-0.707107,-0.974928,-0.222521,3,10,24,13,0.4348,1,153.09,35,van,Medium,Sunny,8.59
0.2254,-0.707107,-0.707107,-0.781831,0.62349,10,22,37,14,0.6111,1,358.47,35,van,Jam,Sunny,8.99
1.35,0.0,-1.0,0.0,1.0,4,8,13,4,0.6667,0,206.99,-1,van,Medium,Sunny,24.7
1.3348,-0.5,-0.866025,0.974928,-0.222521,2,10,13,2,0.8333,0,238.58,-1,car,Medium,Sunny,13.84
1.6026,-0.5,-0.866025,0.781831,0.62349,11,1,13,11,0.0833,1,233.03,0,car,Normal,Sunny,12.41
0.2761,0.0,-1.0,0.0,1.0,9,13,25,11,0.5417,1,133.07,0,car,Normal,Windy,2.61
0.5278,-0.965926,-0.258819,-0.781831,0.62349,5,24,37,12,0.6667,1,128.84,35,van,Medium,Sunny,10.99
0.2131,-0.5,-0.866025,0.433884,-0.900969,1,3,22,18,0.1429,1,49.17,1,car,Normal,Sunny,1.35
0.3454,-0.258819,-0.965926,0.433884,-0.900969,12,12,25,12,0.5,1,66.95,0,van,High,Sunny,7.79
0.663,-0.965926,0.258819,0.974928,-0.222521,11,0,21,20,0.0,1,20.8,0,car,Normal,Sunny,5.42
1.6216,-0.258819,-0.965926,-0.781831,0.62349,2,4,27,22,0.1538,0,163.84,11,van,Medium,Sandstorm,35.07
2.0144,-0.965926,-0.258819,0.0,1.0,12,4,7,2,0.6667,1,47.38,6,van,High,Windy,62.01
0.3519,-0.965926,-0.258819,0.974928,-0.222521,4,15,25,9,0.625,1,110.37,0,car,Medium,Sunny,5.45
1.5375,0.0,-1.0,0.781831,0.62349,9,6,29,22,0.2143,0,357.76,10,car,High,Windy,25.66
0.3989,-0.258819,-0.965926,0.974928,-0.222521,4,13,25,11,0.5417,1,184.99,0,car,Normal,Sunny,3.46
0.6472,-0.258819,-0.965926,0.433884,-0.900969,5,2,12,9,0.1818,1,298.99,0,car,Medium,Sunny,8.4
0.6755,-0.5,-0.866025,-0.781831,0.62349,11,14,25,10,0.5833,1,13.42,0,car,High,Sunny,7.99
0.1716,-0.258819,-0.965926,0.433884,-0.900969,4,11,18,6,0.6471,1,266.36,0,car,Normal,Sandstorm,3.42
0.9127,-0.258819,-0.965926,0.974928,-0.222521,5,1,21,19,0.05,1,38.02,0,car,High,Sunny,14.72
2.6374,-1.0,-0.0,0.781831,0.62349,11,0,13,12,0.0,0,49.57,2,car,Medium,Sandstorm,54.86
0.12,-0.5,-0.866025,0.433884,-0.900969,11,4,16,11,0.2667,1,342.34,0,car,Medium,Windy,1.84
2.985,-0.258819,0.965926,0.0,1.0,5,6,8,1,0.8571,1,77.54,1,van,Medium,Rainy,34.31
0.343,0.258819,-0.965926,0.433884,-0.900969,7,5,10,4,0.5556,1,296.14,17,car,Normal,Sandstorm,3.6
0.4651,-0.258819,-0.965926,0.781831,0.62349,5,8,15,6,0.5714,1,85.43,15,car,Normal,Sandstorm,5.87
0.3736,-0.5,0.866025,0.974928,-0.222521,3,4,14,9,0.3077,1,9.79,15,car,Jam,Sunny,5.73
0.9567,-0.258819,-0.965926,-0.974928,-0.222521,8,7,15,7,0.5,1,348.32,0,car,Medium,Windy,12.33
1.4013,-0.5,-0.866025,0.974928,-0.222521,5,2,8,5,0.2857,1,107.11,1,car,Medium,Sunny,13.2
1.7679,0.0,-1.0,0.974928,-0.222521,11,1,8,6,0.1429,0,138.95,-1,van,High,Windy,41.59
3.2532,0.258819,-0.965926,-0.974928,-0.222521,9,1,10,8,0.1111,0,272.28,1,car,Medium,Sunny,31.21
0.77,0.258819,-0.965926,0.0,1.0,4,4,9,4,0.5,1,141.23,23,van,Jam,Sunny,19.5
0.2631,-0.965926,-0.258819,0.433884,-0.900969,11,5,11,5,0.5,1,110.47,2,van,High,Sunny,7.51
2.1348,-0.707107,-0.707107,0.974928,-0.222521,4,1,8,6,0.1429,1,43.07,6,car,Normal,Sunny,26.02
0.4684,-0.965926,0.258819,0.781831,0.62349,9,5,18,12,0.2941,1,87.99,0,car,Medium,Sunny,4.04
0.856,-0.258819,-0.965926,0.974928,-0.222521,6,6,19,12,0.3333,1,75.35,8,car,Medium,Sunny,10.12
1.7173,-0.5,-0.866025,0.0,1.0,9,12,25,12,0.5,1,40.47,0,car,Normal,Windy,13.88
1.434,-0.258819,-0.965926,-0.974928,-0.222521,8,12,14,1,0.9231,0,290.29,-1,car,Normal,Sunny,13.71
3.4599,-0.258819,-0.965926,0.974928,-0.222521,12,9,11,1,0.9,1,55.78,1,van,Normal,Foggy,54.45
2.7046,-0.965926,-0.258819,0.0,1.0,7,4,9,4,0.5,1,23.02,6,van,Normal,Rainy,52.8
3.2071,-0.5,-0.866025,0.433884,-0.900969,2,3,9,5,0.375,0,85.54,6,car,Normal,Rainy,27.99
0.4005,-0.866025,-0.5,0.0,1.0,4,35,37,1,0.9722,1,5.75,35,van,Normal,Sandstorm,8.49
0.7895,0.258819,-0.965926,0.974928,-0.222521,4,10,29,18,0.3571,0,34.42,6,car,High,Rainy,13.04
2.306,-0.5,-0.866025,0.974928,-0.222521,11,0,7,6,0.0,1,276.45,0,van,Normal,Sunny,24.01
0.6809,-0.866025,-0.5,-0.974928,-0.222521,4,25,29,3,0.8929,1,242.21,1,car,Low,Windy,7.14
3.3856,0.258819,-0.965926,-0.974928,-0.222521,4,0,7,6,0.0,0,338.39,8,van,Normal,Sunny,34.74
1.6455,-0.5,-0.866025,0.433884,-0.900969,1,0,5,4,0.0,1,268.04,1,car,Medium,Sunny,16.66
0.6803,-0.707107,-0.707107,0.0,1.0,1,6,9,2,0.75,0,286.52,-1,car,Low,Sunny,6.99
2.1708,-0.5,-0.866025,0.0,1.0,1,12,16,3,0.8,1,265.52,0,car,Normal,Sunny,16.6
0.5975,-0.707107,-0.707107,0.433884,-0.900969,4,5,18,12,0.2941,1,61.56,0,car,High,Sunny,12.03
0.2318,-0.5,-0.866025,-0.974928,-0.222521,5,0,16,15,0.0,1,340.33,0,car,Medium,Windy,2.43
5.418,-0.707107,-0.707107,0.433884,-0.900969,11,5,14,8,0.3846,1,47.95,0,van,Medium,Rainy,90.0
1.9246,-0.258819,-0.965926,0.974928,-0.222521,5,18,22,3,0.8571,1,209.34,1,van,Normal,Sandstorm,32.44
1.6655,0.0,-1.0,0.974928,-0.222521,3,13,15,1,0.9286,0,291.97,18,van,High,Sunny,36.79
0.191,-0.965926,-0.258819,0.974928,-0.222521,2,3,17,13,0.1875,1,155.66,1,car,High,Sunny,3.78
2.3101,-0.965926,-0.258819,0.0,1.0,4,10,24,13,0.4348,1,77.52,15,car,High,Windy,51.9
1.7587,0.5,-0.866025,-0.974928,-0.222521,1,0,18,17,0.0,1,240.23,0,van,Medium,Sandstorm,46.01
1.2368,-0.5,-0.866025,0.433884,-0.900969,5,5,12,6,0.4545,1,73.72,0,car,Medium,Sunny,12.54
0.5284,0.5,-0.866025,0.0,1.0,4,11,14,2,0.8462,1,98.75,1,van,Normal,Rainy,9.73
1.2346,-0.258819,-0.965926,0.781831,0.62349,7,11,29,17,0.3929,1,55.41,6,car,Jam,Sunny,29.43
1.3545,-0.258819,-0.965926,0.974928,-0.222521,4,14,21,6,0.7,1,131.93,6,van,Medium,Windy,23.96
0.1043,-0.258819,-0.965926,0.433884,-0.900969,4,10,25,14,0.4167,1,123.98,0,car,High,Sunny,2.98
6.6568,-0.707107,-0.707107,-0.781831,0.62349,2,9,14,4,0.6923,0,45.49,18,car,High,Windy,90.0
1.5464,-0.258819,-0.965926,0.433884,-0.900969,6,7,11,3,0.7,1,65.73,1,car,High,Rainy,28.38
0.8828,-0.258819,-0.965926,0.0,1.0,3,4,12,7,0.3636,1,179.44,1,car,Jam,Sunny,19.93
0.2466,-0.258819,-0.965926,0.0,1.0,4,22,37,14,0.6111,1,341.85,35,van,High,Sunny,4.82
4.2487,-0.866025,-0.5,0.433884,-0.900969,2,2,13,10,0.1667,0,239.66,1,car,Jam,Rainy,90.0
0.5377,-0.5,-0.866025,0.974928,-0.222521,7,3,37,33,0.0833,1,277.03,35,car,Medium,Sandstorm,6.54
0.1875,0.258819,-0.965926,-0.974928,-0.222521,2,1,7,5,0.1667,1,271.0,0,car,Medium,Foggy,4.07
0.9385,0.0,-1.0,0.433884,-0.900969,1,8,12,3,0.7273,1,235.58,1,van,Normal,Sunny,11.48
5.6532,-0.707107,-0.707107,-0.974928,-0.222521,3,0,8,7,0.0,0,198.04,-1,car,Medium,Rainy,90.0
0.2747,-0.258819,-0.965926,0.433884,-0.900969,11,8,16,7,0.5333,1,124.25,0,van,Medium,Foggy,5.65
0.5731,-0.965926,0.258819,0.433884,-0.900969,4,1,13,11,0.0833,1,49.17,2,car,Medium,Windy,5.89
1.4742,0.0,-1.0,-0.781831,0.62349,10,0,5,4,0.0,1,264.17,1,van,Normal,Sunny,18.1
1.0014,-0.965926,0.258819,-0.781831,0.62349,1,9,15,5,0.6429,1,350.3,15,car,Low,Windy,5.85
0.9752,0.0,-1.0,0.781831,0.62349,10,3,9,5,0.375,0,132.85,-1,car,Normal,Rainy,13.76
7.148,-0.965926,-0.258819,0.974928,-0.222521,2,0,11,10,0.0,0,230.16,-1,car,High,Rainy,90.0
3.9621,-0.258819,-0.965926,-0.974928,-0.222521,1,0,12,11,0.0,0,358.22,8,car,Medium,Sunny,46.61
0.1687,-0.258819,-0.965926,-0.974928,-0.222521,4,2,29,26,0.0714,1,80.0,8,van,High,Foggy,4.17
0.7657,-0.258819,-0.965926,-0.974928,-0.222521,4,9,17,7,0.5625,1,137.53,1,van,Normal,Sunny,9.25
0.2335,-0.965926,0.258819,-0.974928,-0.222521,4,9,27,17,0.3462,1,222.36,13,car,Normal,Rainy,2.12
0.2929,-0.258819,-0.965926,0.781831,0.62349,3,9,19,9,0.5,1,354.89,6,van,Jam,Rainy,10.88
0.7689,0.258819,-0.965926,0.0,1.0,4,4,10,5,0.4444,1,346.15,17,car,Jam,Sunny,14.63
0.4094,-0.965926,-0.258819,-0.974928,-0.222521,9,10,21,10,0.5,1,129.62,0,van,Normal,Windy,7.1
2.3371,0.0,-1.0,0.433884,-0.900969,11,6,21,14,0.3,0,59.45,6,car,Normal,Sunny,21.53
0.5794,0.258819,-0.965926,-0.974928,-0.222521,3,9,18,8,0.5294,1,233.16,0,van,Medium,Windy,7.77
2.2329,-0.707107,-0.707107,-0.781831,0.62349,5,5,7,1,0.8333,0,7.25,-1,car,Normal,Rainy,32.88
0.6177,0.0,-1.0,0.433884,-0.900969,2,2,4,1,0.6667,1,232.46,0,van,Low,Sunny,6.01
0.0852,-0.258819,0.965926,0.433884,-0.900969,4,4,19,14,0.2222,1,217.77,8,car,Medium,Rainy,1.03
1.6324,-0.5,-0.866025,-0.974928,-0.222521,9,0,14,13,0.0,1,354.99,1,van,Medium,Sunny,21.61
10.1954,0.5,-0.866025,0.433884,-0.900969,7,2,14,11,0.1538,0,44.79,15,van,High,Sunny,90.0
3.5618,-0.707107,-0.707107,0.433884,-0.900969,8,4,13,8,0.3333,1,73.35,0,car,Low,Sunny,31.63
2.4561,-0.965926,-0.258819,0.781831,0.62349,5,1,3,1,0.5,0,201.98,-1,van,Medium,Foggy,65.87
0.408,-0.258819,-0.965926,0.974928,-0.222521,11,18,37,18,0.5,1,44.33,35,car,Normal,Rainy,5.06
0.1726,-0.965926,-0.258819,-0.433884,-0.900969,4,3,14,10,0.2308,1,60.44,15,van,High,Rainy,5.96
0.7335,-0.258819,-0.965926,0.974928,-0.222521,5,2,4,1,0.6667,1,266.48,0,car,High,Sunny,11.83
0.5,-0.258819,-0.965926,0.781831,0.62349,5,5,14,8,0.3846,1,231.63,1,van,Medium,Sandstorm,11.27
0.4904,0.0,-1.0,0.0,1.0,4,11,25,13,0.4583,1,94.57,0,car,Medium,Sandstorm,7.94
0.2496,-0.866025,-0.5,0.781831,0.62349,8,4,22,17,0.1905,1,72.68,1,van,High,Sunny,7.23
1.5524,-0.5,-0.866025,0.0,1.0,1,0,13,12,0.0,1,239.21,0,van,Medium,Windy,23.36
0.4839,-0.5,-0.866025,0.974928,-0.222521,5,3,12,8,0.2727,1,342.62,0,van,Medium,Sunny,6.79
0.4805,-0.707107,-0.707107,0.974928,-0.222521,9,1,4,2,0.3333,1,328.69,0,car,Normal,Sunny,5.89
14.8021,-1.0,-0.0,0.0,1.0,9,1,11,9,0.1,0,225.31,1,van,Normal,Sunny,90.0
0.3347,-0.965926,-0.258819,0.433884,-0.900969,10,15,25,9,0.625,1,158.76,0,car,Jam,Sunny,10.29
1.4936,-0.707107,-0.707107,0.781831,0.62349,4,0,18,17,0.0,1,239.51,0,car,Jam,Rainy,52.77
2.3736,-0.258819,-0.965926,0.0,1.0,12,3,9,5,0.375,1,20.77,1,car,Normal,Windy,24.66
2.5026,-0.5,-0.866025,-0.781831,0.62349,8,2,16,13,0.1333,1,271.82,0,car,Normal,Sunny,18.7
0.7611,0.258819,-0.965926,0.781831,0.62349,1,3,13,9,0.25,1,165.46,0,car,Normal,Sunny,5.22
0.1996,-0.707107,-0.707107,0.433884,-0.900969,5,0,25,24,0.0,1,22.97,0,car,Medium,Sunny,2.47
1.9636,0.5,-0.866025,0.781831,0.62349,7,12,16,3,0.8,1,266.43,0,van,Medium,Sunny,38.37
4.7954,0.0,-1.0,0.974928,-0.222521,4,3,6,2,0.6,1,55.39,1,van,Jam,Sunny,90.0
0.0728,-0.5,-0.866025,0.974928,-0.222521,6,2,5,2,0.5,1,82.96,31,van,Normal,Sunny,1.0
2.2013,-0.866025,-0.5,0.781831,0.62349,4,1,6,4,0.2,0,69.73,-1,car,High,Sunny,45.85
0.8462,-0.5,-0.866025,0.433884,-0.900969,8,0,11,10,0.0,1,206.69,1,van,Medium,Sunny,11.03
0.6095,-0.707107,-0.707107,0.974928,-0.222521,4,12,24,11,0.5217,1,6.26,35,car,Normal,Sunny,7.15
0.4798,-0.258819,-0.965926,0.0,1.0,11,12,25,12,0.5,1,95.31,0,car,Jam,Windy,11.62
0.6282,-0.5,-0.866025,-0.974928,-0.222521,6,11,13,1,0.9167,1,246.73,0,van,Medium,Sunny,7.72
2.703,-0.258819,-0.965926,0.781831,0.62349,7,0,13,12,0.0,0,48.26,2,car,Jam,Sunny,61.71
0.1935,-0.965926,-0.258819,-0.781831,0.62349,12,17,25,7,0.7083,1,214.86,0,car,Normal,Sunny,2.0
2.0161,0.0,-1.0,0.433884,-0.900969,12,3,8,4,0.4286,0,231.3,25,van,Normal,Windy,27.77
0.5797,-0.5,-0.866025,0.974928,-0.222521,2,5,13,7,0.4167,1,86.48,0,van,Normal,Sunny,6.67
1.1609,-0.5,-0.866025,0.433884,-0.900969,5,3,12,8,0.2727,1,351.02,14,car,Medium,Sunny,11.02
1.6306,-0.258819,-0.965926,-0.781831,0.62349,4,2,21,18,0.1,1,67.78,0,car,High,Sunny,25.14
0.7501,-0.258819,-0.965926,0.433884,-0.900969,9,19,29,9,0.6786,1,354.05,6,van,Medium,Sunny,12.02
1.3334,-0.258819,-0.965926,-0.974928,-0.222521,9,20,29,8,0.7143,1,18.83,6,car,High,Sandstorm,27.71
3.6844,-0.5,-0.866025,-0.974928,-0.222521,2,6,12,5,0.5455,1,55.57,1,car,Medium,Sunny,35.0
1.6749,-0.965926,-0.258819,0.974928,-0.222521,1,2,14,11,0.1538,1,233.2,0,car,Medium,Rainy,30.66
0.9972,0.258819,-0.965926,0.0,1.0,5,17,37,19,0.4722,1,146.76,35,car,High,Sunny,13.21
2.2952,0.258819,-0.965926,-0.781831,0.62349,2,1,8,6,0.1429,1,258.83,1,van,Medium,Sandstorm,40.75
0.9492,-0.866025,0.5,0.0,1.0,10,18,24,5,0.7826,1,327.23,18,car,Normal,Sunny,7.6
0.7616,0.0,-1.0,0.781831,0.62349,1,7,10,2,0.7778,1,338.69,6,car,Medium,Rainy,11.51
1.7989,0.0,-1.0,0.974928,-0.222521,4,3,11,7,0.3,1,233.55,1,van,Medium,Foggy,36.58
2.0387,-0.5,-0.866025,0.781831,0.62349,4,2,14,11,0.1538,1,225.7,1,van,High,Sunny,35.83
0.1675,0.0,-1.0,0.433884,-0.900969,12,4,10,5,0.4444,1,193.34,6,van,Normal,Windy,2.81
0.3255,-0.965926,-0.258819,0.781831,0.62349,3,2,11,8,0.2,1,132.81,1,van,High,Sunny,9.59
1.049,0.258819,-0.965926,0.0,1.0,11,3,8,4,0.4286,1,207.75,15,van,Medium,Sunny,14.89
1.1278,0.0,-1.0,-0.433884,-0.900969,3,14,24,9,0.6087,1,115.0,35,car,Medium,Sunny,13.2
1.5145,0.0,-1.0,-0.781831,0.62349,11,2,9,6,0.25,0,237.47,-1,car,Normal,Sunny,14.47
0.5141,0.258819,0.965926,0.781831,0.62349,8,8,15,6,0.5714,1,73.25,15,car,High,Sunny,4.74
0.5472,-0.5,-0.866025,-0.974928,-0.222521,12,6,29,22,0.2143,1,31.05,1,van,Medium,Sandstorm,10.1
2.2679,0.258819,-0.965926,0.781831,0.62349,10,21,24,2,0.913,1,343.3,35,van,High,Rainy,47.92
2.0068,-0.5,0.866025,-0.974928,-0.222521,1,4,21,16,0.2,1,23.73,0,van,Normal,Sunny,15.88
0.4362,-0.258819,-0.965926,0.781831,0.62349,2,6,11,4,0.6,1,329.15,1,van,High,Sunny,9.5
1.3705,-0.5,-0.866025,0.781831,0.62349,3,11,17,5,0.6875,1,247.89,1,van,Normal,Windy,15.19
2.1234,-0.5,-0.866025,0.433884,-0.900969,10,21,24,2,0.913,1,342.01,35,van,Medium,Sunny,28.33
2.223,-0.5,-0.866025,0.0,1.0,5,7,13,5,0.5833,0,199.45,-1,van,Low,Sunny,15.85
0.05,-0.866025,-0.5,0.0,1.0,11,31,37,5,0.8611,1,294.82,35,car,Normal,Sunny,1.47
0.094,-0.5,-0.866025,-0.781831,0.62349,1,2,10,7,0.2222,1,192.54,1,car,Medium,Sandstorm,1.82
3.8068,-0.866025,-0.5,0.781831,0.62349,8,0,3,2,0.0,0,319.75,6,van,Jam,Windy,90.0
0.342,-0.5,-0.866025,-0.781831,0.62349,1,4,19,14,0.2222,1,292.76,8,car,Normal,Sunny,2.02
1.5763,0.258819,-0.965926,0.974928,-0.222521,8,6,13,6,0.5,1,296.8,1,car,High,Windy,22.94
0.7959,0.0,-1.0,0.781831,0.62349,6,5,9,3,0.625,1,102.71,1,car,Normal,Sunny,8.04
0.6062,-0.5,-0.866025,0.0,1.0,1,6,9,2,0.75,1,274.68,6,van,Normal,Foggy,7.31
0.7351,-0.258819,-0.965926,0.0,1.0,1,4,12,7,0.3636,1,169.38,1,car,Normal,Windy,6.87
0.3139,0.258819,-0.965926,0.974928,-0.222521,3,10,15,4,0.7143,1,116.44,15,van,Jam,Sunny,7.93
0.6534,-0.707107,-0.707107,0.0,1.0,8,13,17,3,0.8125,1,222.79,1,car,High,Sunny,13.23
4.2786,-1.0,-0.0,0.433884,-0.900969,2,2,13,10,0.1667,0,243.99,1,car,Normal,Sunny,52.14
2.9608,-0.5,-0.866025,0.433884,-0.900969,5,1,21,19,0.05,0,322.55,8,van,Medium,Sunny,39.42
0.9631,-0.707107,-0.707107,0.974928,-0.222521,4,5,12,6,0.4545,1,307.79,14,van,Medium,Sunny,20.41
0.15,-0.258819,-0.965926,0.433884,-0.900969,3,4,19,14,0.2222,1,306.29,8,car,Medium,Foggy,3.51
0.6103,0.258819,-0.965926,-0.781831,0.62349,10,8,37,28,0.2222,1,278.84,35,car,Medium,Sunny,5.63
0.1491,-0.965926,-0.258819,0.0,1.0,6,2,37,34,0.0556,1,62.32,35,van,Normal,Windy,3.22
1.2775,-0.866025,-0.5,0.781831,0.62349,6,6,9,2,0.75,0,259.32,-1,van,High,Rainy,43.27
1.9608,-0.707107,-0.707107,-0.974928,-0.222521,4,3,29,25,0.1071,1,357.72,1,car,Low,Rainy,19.83
0.7839,-0.5,-0.866025,-0.974928,-0.222521,5,9,11,1,0.9,1,115.18,1,car,High,Sunny,10.72
1.4811,-0.965926,-0.258819,0.974928,-0.222521,4,8,14,5,0.6154,1,109.32,0,van,Normal,Windy,27.66
2.9368,-0.258819,-0.965926,0.781831,0.62349,1,6,15,8,0.4286,0,356.82,0,car,Medium,Sandstorm,45.4
0.0984,-0.5,-0.866025,0.433884,-0.900969,10,18,21,2,0.9,1,121.06,5,van,Medium,Windy,2.8
0.4123,-0.5,-0.866025,-0.974928,-0.222521,4,10,17,6,0.625,1,138.1,1,van,Low,Windy,4.7
0.4362,-0.965926,-0.258819,0.974928,-0.222521,5,5,12,6,0.4545,1,167.83,1,car,Medium,Windy,7.35
1.078,-0.866025,0.5,0.433884,-0.900969,10,4,10,5,0.4444,1,356.63,17,car,High,Sunny,13.71
0.7124,-0.707107,-0.707107,-0.974928,-0.222521,3,12,24,11,0.5217,1,333.4,15,car,Medium,Windy,15.17
0.3767,-1.0,-0.0,0.433884,-0.900969,3,15,24,8,0.6522,1,215.41,35,van,Low,Foggy,6.13
0.5341,0.258819,-0.965926,0.781831,0.62349,3,3,12,8,0.2727,1,295.35,0,car,High,Sunny,7.56
0.9454,0.5,-0.866025,0.0,1.0,2,10,29,18,0.3571,0,45.07,6,van,Normal,Windy,15.11
0.4516,0.0,-1.0,0.781831,0.62349,4,8,16,7,0.5333,1,163.63,0,van,Normal,Sunny,5.08
0.4879,-0.258819,-0.965926,0.974928,-0.222521,4,6,11,4,0.6,1,342.08,1,van,Medium,Rainy,9.41
0.5266,-0.707107,-0.707107,0.433884,-0.900969,4,6,11,4,0.6,1,9.38,1,car,Jam,Sunny,15.52
4.1399,-0.5,-0.866025,-0.974928,-0.222521,2,1,18,16,0.0588,1,44.45,0,car,Medium,Sunny,39.71
0.2477,0.0,-1.0,-0.781831,0.62349,12,3,8,4,0.4286,1,301.26,0,car,Low,Sunny,1.61
4.7991,-0.707107,-0.707107,-0.974928,-0.222521,4,3,6,2,0.6,1,52.5,1,car,Normal,Sunny,59.41
0.7986,-0.866025,0.5,0.0,1.0,4,3,9,5,0.375,0,104.86,-1,van,High,Sunny,14.52
8.7163,-0.258819,-0.965926,0.0,1.0,1,0,5,4,0.0,0,237.23,9,car,Low,Sunny,57.08
0.1328,-0.707107,0.707107,0.781831,0.62349,4,0,29,28,0.0,1,38.01,8,car,Low,Sunny,1.97
2.2339,-0.965926,-0.258819,-0.781831,0.62349,4,1,8,6,0.1429,1,266.28,1,van,Normal,Foggy,46.68
0.2654,0.258819,-0.965926,0.974928,-0.222521,5,5,11,5,0.5,1,75.81,2,van,Normal,Windy,2.35
0.1462,-1.0,-0.0,-0.781831,0.62349,4,33,37,3,0.9167,1,317.36,35,van,High,Foggy,5.28
8.0725,-0.707107,-0.707107,0.781831,0.62349,4,2,4,1,0.6667,1,232.58,0,car,Jam,Windy,90.0
4.1863,-0.866025,0.5,-0.781831,0.62349,1,2,13,10,0.1667,1,42.86,0,van,Jam,Sunny,90.0
0.2083,0.258819,-0.965926,0.0,1.0,4,0,13,12,0.0,1,277.24,0,car,Jam,Rainy,4.08
0.6817,-0.707107,0.707107,0.974928,-0.222521,7,8,12,3,0.7273,1,305.26,0,van,Medium,Sandstorm,10.02
5.8295,-0.258819,-0.965926,-0.781831,0.62349,1,4,8,3,0.5714,0,250.63,-1,van,High,Sunny,90.0
1.7627,-0.5,0.866025,0.0,1.0,4,12,15,2,0.8571,1,149.81,0,van,Normal,Sunny,13.1
0.767,0.0,-1.0,0.781831,0.62349,2,8,11,2,0.8,1,70.32,1,van,Normal,Foggy,12.13
2.688,-0.258819,-0.965926,-0.781831,0.62349,3,0,13,12,0.0,0,54.02,2,car,Medium,Sunny,31.73
0.9403,0.258819,-0.965926,0.0,1.0,3,3,12,8,0.2727,1,316.21,1,car,Medium,Sandstorm,12.01
0.6225,0.0,-1.0,0.433884,-0.900969,10,6,14,7,0.4615,1,55.75,0,car,High,Foggy,12.51
1.7379,0.0,-1.0,0.974928,-0.222521,5,0,18,17,0.0,1,234.43,0,car,Low,Sandstorm,14.55
0.5231,-0.258819,-0.965926,-0.974928,-0.222521,8,0,12,11,0.0,1,59.3,1,van,Low,Windy,5.56
0.742,-0.707107,-0.707107,0.433884,-0.900969,4,5,13,7,0.4167,1,103.65,0,van,Medium,Sunny,17.37
2.2291,-0.258819,-0.965926,0.974928,-0.222521,1,4,6,1,0.8,1,347.24,1,car,Medium,Sunny,27.32
0.2356,-0.5,-0.866025,-0.781831,0.62349,7,4,37,32,0.1111,1,173.68,35,van,Normal,Sunny,2.89
0.8863,-0.707107,-0.707107,0.781831,0.62349,1,25,37,11,0.6944,1,176.63,35,van,Normal,Windy,15.6
0.2639,-0.707107,-0.707107,0.781831,0.62349,4,5,10,4,0.5556,1,82.21,1,car,Normal,Rainy,3.8
1.7531,-0.258819,-0.965926,-0.781831,0.62349,4,6,12,5,0.5455,1,217.58,1,car,High,Sunny,27.54
0.1675,-0.5,-0.866025,0.433884,-0.900969,4,7,37,29,0.1944,1,228.5,35,car,High,Sunny,2.23
1.0503,0.258819,-0.965926,0.781831,0.62349,7,11,29,17,0.3929,1,42.0,6,car,Low,Sunny,5.69
1.5052,0.258819,-0.965926,0.433884,-0.900969,2,5,24,18,0.2174,1,107.58,35,van,Normal,Windy,16.63
0.8198,-0.5,-0.866025,0.781831,0.62349,5,3,12,8,0.2727,1,302.41,8,car,Medium,Sandstorm,10.45
1.5072,-1.0,-0.0,0.0,1.0,4,6,10,3,0.6667,1,129.52,1,car,Normal,Sunny,18.56
0.8489,-0.965926,0.258819,-0.781831,0.62349,3,5,10,4,0.5556,1,32.95,6,car,Low,Foggy,5.79
0.7756,0.5,-0.866025,-0.974928,-0.222521,8,6,9,2,0.75,0,299.45,-1,car,High,Sunny,15.07
0.072,-0.5,-0.866025,0.433884,-0.900969,10,3,18,14,0.1765,1,219.06,0,car,Medium,Sunny,1.0
1.3677,-0.258819,-0.965926,0.0,1.0,9,14,17,2,0.875,1,248.15,1,car,Jam,Sunny,32.96
7.2631,-0.5,-0.866025,-0.781831,0.62349,2,2,14,11,0.1538,1,47.7,0,car,Normal,Sunny,54.3
1.1994,-0.866025,-0.5,-0.781831,0.62349,10,5,14,8,0.3846,0,251.09,6,car,Normal,Windy,16.87
0.1278,-0.258819,-0.965926,0.781831,0.62349,1,12,16,3,0.8,1,249.48,0,van,Normal,Sunny,2.19
1.2238,0.5,-0.866025,0.974928,-0.222521,6,2,10,7,0.2222,0,23.2,17,car,Normal,Sunny,13.69
0.493,0.0,-1.0,0.433884,-0.900969,1,6,19,12,0.3333,1,71.04,8,car,Jam,Sandstorm,14.72
0.2664,-0.5,-0.866025,-0.781831,0.62349,3,1,15,13,0.0714,1,87.7,9,car,Normal,Sunny,2.27
1.3995,-0.258819,-0.965926,0.781831,0.62349,4,2,9,6,0.25,0,238.54,-1,car,Normal,Windy,13.77
2.5608,-0.5,0.866025,0.974928,-0.222521,1,12,18,5,0.7059,1,235.86,0,car,Medium,Sunny,18.7
0.9747,-0.707107,0.707107,0.433884,-0.900969,3,1,12,10,0.0909,1,261.54,1,car,Medium,Windy,7.69
1.0948,-0.707107,-0.707107,0.433884,-0.900969,3,3,12,8,0.2727,1,339.71,14,car,Low,Sunny,9.57
0.5158,-0.866025,-0.5,0.0,1.0,10,5,29,23,0.1786,1,351.73,1,car,Medium,Sunny,8.87
1.422,-0.5,-0.866025,0.781831,0.62349,7,19,24,4,0.8261,1,3.93,18,car,Normal,Sunny,10.14
0.05,-0.965926,-0.258819,-0.974928,-0.222521,3,0,13,12,0.0,1,65.57,0,van,Medium,Sunny,1.07
1.4587,0.258819,-0.965926,-0.974928,-0.222521,9,6,13,6,0.5,1,276.75,1,car,Medium,Sandstorm,18.6
0.9323,-1.0,-0.0,0.781831,0.62349,5,5,14,8,0.3846,0,242.86,3,van,Low,Sunny,11.5
0.8315,-0.965926,-0.258819,-0.781831,0.62349,11,10,29,18,0.3571,0,47.28,6,car,Normal,Windy,10.93
3.0722,-0.5,-0.866025,0.781831,0.62349,6,7,12,4,0.6364,1,219.63,1,car,Normal,Sunny,23.0
0.8909,-0.258819,-0.965926,0.781831,0.62349,4,2,4,1,0.6667,0,335.52,20,van,Medium,Sunny,13.92
5.1587,-0.258819,-0.965926,0.974928,-0.222521,2,1,4,2,0.3333,1,51.26,0,car,Normal,Sunny,46.84
0.1629,-0.707107,-0.707107,0.974928,-0.222521,11,30,37,6,0.8333,1,77.98,35,car,High,Sunny,3.16
0.9542,-0.258819,-0.965926,0.781831,0.62349,2,6,13,6,0.5,1,131.17,0,car,Medium,Sunny,11.77
7.0964,0.0,-1.0,-0.974928,-0.222521,8,23,25,1,0.9583,1,242.76,0,van,Normal,Sunny,89.25
0.476,-1.0,-0.0,0.974928,-0.222521,4,4,24,19,0.1739,1,97.33,35,car,High,Sunny,10.6
0.5987,0.0,-1.0,0.781831,0.62349,2,4,10,5,0.4444,1,262.25,0,car,Medium,Rainy,7.97
0.8105,-0.965926,-0.258819,-0.781831,0.62349,12,2,11,8,0.2,1,55.74,2,car,High,Sunny,17.48
1.503,-0.965926,-0.258819,-0.781831,0.62349,1,2,14,11,0.1538,1,228.65,0,car,High,Sunny,31.17
0.8494,-0.707107,0.707107,0.0,1.0,2,2,15,12,0.1429,1,103.62,0,van,High,Sunny,11.28
0.9292,-0.258819,-0.965926,-0.974928,-0.222521,10,9,13,3,0.75,1,203.24,0,car,Jam,Sandstorm,28.31
4.1937,-0.866025,-0.5,-0.781831,0.62349,7,2,13,10,0.1667,1,45.9,0,car,Medium,Sunny,64.81
3.4282,0.0,-1.0,-0.781831,0.62349,7,3,7,3,0.5,0,177.7,-1,car,High,Sunny,54.13
4.1928,-0.866025,-0.5,0.974928,-0.222521,4,7,9,1,0.875,0,40.45,-1,car,Low,Rainy,42.03
0.2578,-0.707107,0.707107,0.974928,-0.222521,11,5,11,5,0.5,1,354.76,2,van,High,Rainy,4.85
0.242,-0.5,-0.866025,0.974928,-0.222521,10,0,4,3,0.0,1,351.19,0,car,Normal,Sandstorm,2.13
7.637,0.5,-0.866025,-0.974928,-0.222521,4,1,5,3,0.25,0,90.05,22,car,High,Sunny,90.0
1.6136,0.0,-1.0,-0.974928,-0.222521,4,6,12,5,0.5455,1,231.1,1,van,High,Windy,37.5
1.1457,0.0,-1.0,-0.974928,-0.222521,4,2,9,6,0.25,1,323.47,8,van,Normal,Windy,15.86
2.8877,-0.707107,-0.707107,0.781831,0.62349,6,1,21,19,0.05,0,331.43,8,car,Normal,Rainy,40.5
0.4259,-0.258819,-0.965926,-0.974928,-0.222521,2,0,37,36,0.0,1,45.89,35,car,Normal,Windy,4.91
0.1704,-0.5,-0.866025,0.974928,-0.222521,7,2,12,9,0.1818,1,290.28,8,car,High,Sandstorm,3.5
0.375,-0.866025,0.5,0.0,1.0,2,22,37,14,0.6111,1,335.21,35,van,Medium,Rainy,5.17
0.5901,-0.258819,-0.965926,0.781831,0.62349,10,18,24,5,0.7826,1,340.85,35,car,Medium,Sunny,6.64
0.3404,-0.866025,0.5,-0.781831,0.62349,3,9,27,17,0.3462,1,219.36,13,car,Medium,Sandstorm,5.33
0.3639,-0.5,0.866025,-0.781831,0.62349,4,8,17,8,0.5,1,202.02,1,car,Medium,Sunny,2.6
0.0679,-0.707107,-0.707107,0.433884,-0.900969,7,31,37,5,0.8611,1,250.92,35,van,Normal,Sunny,1.0
0.1378,-0.965926,0.258819,0.433884,-0.900969,2,0,13,12,0.0,1,0.01,0,car,Normal,Rainy,1.21
0.5505,-0.707107,-0.707107,0.433884,-0.900969,4,16,25,8,0.6667,1,55.97,0,car,Normal,Sandstorm,8.6
4.6292,-0.707107,-0.707107,0.781831,0.62349,3,3,27,23,0.1154,0,294.23,-1,car,High,Windy,90.0
0.702,-0.866025,-0.5,0.433884,-0.900969,1,3,10,6,0.3333,1,67.15,6,van,Jam,Sunny,29.01
6.9363,0.0,-1.0,-0.781831,0.62349,11,3,16,12,0.2,1,47.59,0,van,Normal,Rainy,90.0
1.523,-0.866025,0.5,-0.781831,0.62349,11,1,14,12,0.0769,1,243.24,0,car,Normal,Sunny,11.11
1.7233,-0.258819,-0.965926,0.974928,-0.222521,4,2,21,18,0.1,1,63.98,0,van,Low,Sunny,15.14
0.3749,-0.965926,-0.258819,0.433884,-0.900969,11,1,4,2,0.3333,1,298.79,0,car,Normal,Sunny,4.93
0.6204,0.258819,-0.965926,-0.781831,0.62349,10,8,21,12,0.4,1,47.64,0,car,Medium,Sunny,6.13
0.4197,0.258819,-0.965926,0.433884,-0.900969,8,19,29,9,0.6786,1,169.73,1,van,Normal,Sunny,3.96
0.8056,-0.258819,-0.965926,0.974928,-0.222521,4,13,24,10,0.5652,1,300.71,15,car,Normal,Windy,7.81
0.7385,-0.965926,-0.258819,0.0,1.0,11,0,13,12,0.0,1,158.34,14,van,Normal,Sunny,13.94
5.2273,-0.866025,-0.5,0.433884,-0.900969,11,2,5,2,0.5,1,226.01,0,car,Medium,Windy,89.67
2.6478,-0.258819,-0.965926,0.974928,-0.222521,2,23,29,5,0.8214,1,245.82,1,car,Normal,Rainy,28.81
2.5793,-0.965926,-0.258819,0.974928,-0.222521,3,6,15,8,0.4286,0,356.39,0,van,Normal,Rainy,51.34
0.5831,0.0,-1.0,0.781831,0.62349,4,11,25,13,0.4583,1,183.81,0,car,Normal,Sunny,5.16
0.2043,-0.5,-0.866025,0.974928,-0.222521,3,3,18,14,0.1765,1,64.59,0,car,Normal,Sunny,1.51
5.4901,-1.0,-0.0,0.974928,-0.222521,4,1,4,2,0.3333,1,49.87,0,van,Medium,Windy,90.0
1.6774,-0.258819,-0.965926,0.974928,-0.222521,5,0,18,17,0.0,1,237.23,0,car,Normal,Sunny,15.01
0.5169,-0.866025,-0.5,0.0,1.0,4,11,21,9,0.55,1,133.16,0,car,Medium,Sunny,8.86
0.3688,-0.258819,-0.965926,-0.781831,0.62349,4,2,17,14,0.125,1,261.63,1,car,Normal,Sunny,3.97
2.1247,-0.5,-0.866025,0.433884,-0.900969,1,17,24,6,0.7391,0,28.0,18,car,Normal,Sunny,16.51
2.4718,-1.0,-0.0,0.0,1.0,10,4,9,4,0.5,0,99.42,-1,car,Medium,Sandstorm,51.3
1.9655,-0.5,-0.866025,0.433884,-0.900969,7,1,6,4,0.2,1,236.96,1,car,Medium,Windy,20.19
7.2196,0.258819,-0.965926,-0.781831,0.62349,4,2,14,11,0.1538,1,46.24,0,car,Medium,Rainy,81.81
0.2765,-0.965926,-0.258819,0.974928,-0.222521,4,4,19,14,0.2222,1,309.18,8,car,Medium,Sunny,3.87
2.5371,-0.866025,0.5,0.433884,-0.900969,7,3,5,1,0.75,1,280.83,0,car,Medium,Sunny,24.25
2.0884,0.258819,-0.965926,0.974928,-0.222521,4,1,25,23,0.0417,1,38.61,0,van,Normal,Windy,24.2
0.9617,-0.707107,-0.707107,0.433884,-0.900969,5,2,29,26,0.0714,1,239.65,1,car,High,Windy,21.34
0.3127,-0.866025,0.5,0.433884,-0.900969,5,9,29,19,0.3214,1,208.94,1,van,Normal,Sunny,3.34
0.8055,-0.258819,-0.965926,0.0,1.0,5,8,12,3,0.7273,1,231.18,1,van,Low,Rainy,8.05
0.5885,-0.5,-0.866025,0.433884,-0.900969,5,23,37,13,0.6389,1,54.58,35,van,High,Windy,11.77
2.7743,-0.5,-0.866025,0.433884,-0.900969,12,12,18,5,0.7059,1,231.65,0,car,Normal,Foggy,26.23
20.0,0.258819,-0.965926,0.0,1.0,5,1,7,5,0.1667,0,37.86,-1,car,Normal,Sunny,90.0
1.7411,-0.707107,0.707107,0.781831,0.62349,12,2,11,8,0.2,1,237.53,1,car,Low,Sunny,7.2
0.6181,0.258819,-0.965926,0.433884,-0.900969,4,23,37,13,0.6389,1,70.85,35,car,Medium,Rainy,6.63
2.1303,-0.866025,0.5,-0.974928,-0.222521,1,1,12,10,0.0909,1,10.56,14,van,High,Sunny,37.63
0.329,0.0,-1.0,-0.974928,-0.222521,1,5,10,4,0.5556,1,75.48,1,car,Normal,Sunny,3.43
0.8058,-0.5,-0.866025,0.974928,-0.222521,12,6,9,2,0.75,0,299.42,-1,car,Normal,Sunny,6.55
0.9978,0.0,-1.0,-0.781831,0.62349,4,9,13,3,0.75,1,189.09,0,car,Low,Sunny,6.54
0.5442,0.0,-1.0,0.974928,-0.222521,12,7,24,16,0.3043,1,85.93,35,car,High,Sunny,10.06
1.1575,-0.866025,-0.5,-0.781831,0.62349,1,3,10,6,0.3333,1,190.98,1,car,High,Sunny,23.58
1.3953,0.258819,-0.965926,0.974928,-0.222521,4,3,24,20,0.1304,1,188.2,35,van,High,Sunny,24.53
0.3002,-0.258819,-0.965926,0.0,1.0,1,22,37,14,0.6111,1,329.34,35,car,Medium,Sunny,2.97
0.9966,0.0,-1.0,-0.974928,-0.222521,1,7,10,2,0.7778,1,331.25,6,van,Low,Windy,9.52
0.4072,-0.5,-0.866025,0.974928,-0.222521,12,0,19,18,0.0,1,4.7,9,van,Normal,Sunny,3.84
0.8601,-0.258819,-0.965926,0.781831,0.62349,4,8,11,2,0.8,1,55.16,1,car,Medium,Windy,10.28
3.6104,0.5,-0.866025,-0.974928,-0.222521,4,0,3,2,0.0,0,319.21,6,car,High,Sunny,69.17
0.3617,-0.707107,0.707107,0.781831,0.62349,11,28,37,8,0.7778,1,124.24,35,car,High,Sandstorm,4.95
6.8173,-0.707107,-0.707107,0.781831,0.62349,5,0,9,8,0.0,0,76.69,-1,van,Normal,Sunny,90.0
0.3454,-0.707107,-0.707107,0.974928,-0.222521,11,6,13,6,0.5,1,48.13,0,van,Jam,Windy,15.34
0.4391,0.0,-1.0,0.433884,-0.900969,3,17,24,6,0.7391,1,86.95,35,van,Normal,Sunny,5.21
0.4503,-0.258819,-0.965926,0.0,1.0,6,2,29,26,0.0714,1,49.97,8,car,Medium,Sunny,5.63
0.4705,-0.707107,0.707107,0.781831,0.62349,2,16,37,20,0.4444,1,181.73,35,van,Normal,Sunny,4.72
0.7854,-0.258819,-0.965926,0.781831,0.62349,10,5,14,8,0.3846,1,223.13,1,car,High,Foggy,14.89
1.6734,0.0,-1.0,0.433884,-0.900969,11,9,21,11,0.45,0,318.48,7,van,Medium,Windy,28.61
0.637,-0.707107,-0.707107,0.0,1.0,8,1,17,15,0.0625,1,328.24,1,car,Low,Sandstorm,8.19
1.1313,-0.258819,-0.965926,0.433884,-0.900969,4,8,16,7,0.5333,1,157.46,0,van,Normal,Sunny,13.78
0.1984,-0.5,-0.866025,0.974928,-0.222521,11,4,14,9,0.3077,1,235.39,15,van,Low,Sunny,1.01
0.0544,-0.258819,-0.965926,0.0,1.0,9,9,14,4,0.6923,1,290.3,1,car,Normal,Sunny,1.0
5.5101,-0.866025,0.5,0.781831,0.62349,8,8,11,2,0.8,1,221.24,1,car,Normal,Windy,45.19
2.1175,-0.866025,-0.5,0.974928,-0.222521,4,16,24,7,0.6957,0,30.92,17,van,High,Windy,66.66
0.1325,-0.707107,-0.707107,-0.974928,-0.222521,11,8,13,4,0.6667,1,91.26,0,car,High,Foggy,4.09
1.8045,-0.258819,-0.965926,0.974928,-0.222521,11,7,12,4,0.6364,1,352.35,1,car,Medium,Sunny,20.81
0.4918,-0.258819,-0.965926,-0.974928,-0.222521,3,0,29,28,0.0,1,80.4,8,van,Jam,Sunny,15.49
1.0658,-0.5,-0.866025,0.781831,0.62349,1,4,10,5,0.4444,1,339.2,17,car,Normal,Sandstorm,13.66
1.0773,-0.965926,-0.258819,0.974928,-0.222521,5,19,24,4,0.8261,1,0.08,35,car,Medium,Rainy,20.07
0.288,-0.258819,-0.965926,0.433884,-0.900969,2,2,13,10,0.1667,1,215.93,14,van,Normal,Sunny,3.09
0.2964,-0.258819,-0.965926,-0.974928,-0.222521,10,2,29,26,0.0714,1,78.93,8,van,Medium,Sunny,5.72
0.5057,0.258819,-0.965926,-0.781831,0.62349,5,5,10,4,0.5556,1,6.8,6,car,Jam,Sunny,10.62
5.2619,-0.5,-0.866025,0.974928,-0.222521,9,8,27,18,0.3077,0,174.03,13,car,Normal,Windy,42.46
1.2843,-0.258819,-0.965926,-0.781831,0.62349,2,3,15,11,0.2143,1,44.13,0,car,Jam,Windy,31.67
1.6717,-0.5,-0.866025,0.781831,0.62349,10,14,29,14,0.5,1,271.19,1,car,Normal,Rainy,14.62
5.0835,-0.965926,-0.258819,0.0,1.0,4,2,5,2,0.5,1,229.3,0,van,Jam,Sunny,90.0
2.5584,0.0,-1.0,-0.781831,0.62349,8,3,9,5,0.375,0,93.89,6,van,High,Rainy,65.63
1.6364,-0.707107,-0.707107,0.974928,-0.222521,4,12,37,24,0.3333,1,7.82,35,car,Jam,Sunny,49.1
0.8182,-0.707107,-0.707107,0.0,1.0,5,11,13,1,0.9167,1,242.07,0,car,Jam,Sunny,24.72
6.9633,-0.5,-0.866025,-0.974928,-0.222521,11,9,14,4,0.6923,0,42.11,18,car,High,Foggy,90.0
1.4108,-0.258819,-0.965926,0.0,1.0,10,5,9,3,0.625,0,314.58,22,car,Medium,Sunny,17.39
0.7555,0.0,-1.0,0.974928,-0.222521,11,17,19,1,0.9444,1,356.65,6,van,Low,Sunny,6.28
0.2644,-0.5,-0.866025,0.974928,-0.222521,4,6,8,1,0.8571,1,330.72,30,van,Normal,Sunny,2.75
0.4368,-0.707107,-0.707107,0.974928,-0.222521,7,4,22,17,0.1905,1,102.87,1,van,Normal,Sandstorm,10.64
1.0067,-0.707107,-0.707107,-0.781831,0.62349,4,1,9,7,0.125,1,341.94,8,van,Medium,Sunny,22.27
1.1207,-0.258819,-0.965926,0.433884,-0.900969,4,20,22,1,0.9524,1,76.12,1,van,Low,Sandstorm,13.68
0.1505,-0.5,-0.866025,-0.974928,-0.222521,4,5,11,5,0.5,1,23.34,2,van,High,Sunny,2.59
0.3977,0.0,-1.0,0.974928,-0.222521,3,16,25,8,0.6667,1,67.65,0,van,Normal,Sunny,5.26
0.05,-0.5,-0.866025,0.433884,-0.900969,5,2,4,1,0.6667,1,212.56,0,van,High,Windy,1.58
0.432,-0.258819,-0.965926,0.0,1.0,12,11,24,12,0.4783,1,37.06,15,car,Medium,Sunny,6.21
1.0702,-0.5,-0.866025,-0.974928,-0.222521,6,19,37,17,0.5278,1,113.59,35,van,Low,Sunny,7.56
3.1886,0.0,-1.0,0.974928,-0.222521,9,1,4,2,0.3333,1,101.41,0,van,High,Sunny,69.46
5.9813,-0.258819,-0.965926,0.974928,-0.222521,12,0,14,13,0.0,1,50.89,0,van,Low,Rainy,63.86
1.1545,-0.258819,-0.965926,0.974928,-0.222521,3,3,12,8,0.2727,1,335.81,14,car,Medium,Sunny,13.79
0.1761,-0.258819,-0.965926,0.974928,-0.222521,1,17,25,7,0.7083,1,190.91,0,car,Normal,Sunny,1.02
0.8842,-0.258819,-0.965926,-0.974928,-0.222521,4,5,8,2,0.7143,1,311.89,16,car,Jam,Sunny,20.29
2.1601,-0.707107,-0.707107,0.0,1.0,5,17,24,6,0.7391,0,32.48,18,car,Medium,Windy,36.17
0.3996,0.258819,-0.965926,0.781831,0.62349,3,0,16,15,0.0,1,8.45,0,car,Normal,Sunny,2.77
14.6597,-0.5,-0.866025,-0.974928,-0.222521,4,1,11,9,0.1,0,224.49,1,car,High,Windy,90.0
0.2585,-0.5,-0.866025,0.781831,0.62349,5,11,13,1,0.9167,1,68.34,0,van,Medium,Sunny,3.73
4.1355,-0.866025,-0.5,0.781831,0.62349,5,6,11,4,0.6,0,248.08,1,van,Normal,Rainy,81.36
0.2529,-0.258819,-0.965926,0.0,1.0,1,8,25,16,0.3333,1,277.2,0,van,Normal,Sunny,3.54
1.5493,-0.965926,-0.258819,0.781831,0.62349,8,2,19,16,0.1111,1,252.62,8,car,Medium,Sunny,24.37
0.556,-0.258819,-0.965926,-0.974928,-0.222521,2,11,14,2,0.8462,1,139.04,0,car,Medium,Sunny,8.43
0.05,-0.866025,-0.5,-0.974928,-0.222521,10,5,37,31,0.1389,1,104.63,35,car,Low,Windy,1.0
1.3406,-0.5,-0.866025,-0.974928,-0.222521,4,3,15,11,0.2143,1,44.64,0,van,Normal,Foggy,17.01
3.1531,0.5,-0.866025,0.781831,0.62349,2,5,11,5,0.5,1,56.04,1,van,Low,Windy,36.62
0.6942,0.0,-1.0,0.433884,-0.900969,5,6,19,12,0.3333,1,66.11,8,van,High,Sandstorm,20.24
0.5013,-0.5,-0.866025,0.433884,-0.900969,5,4,14,9,0.3077,1,62.34,0,car,Jam,Sunny,9.16
0.9353,-0.258819,-0.965926,0.0,1.0,9,10,13,2,0.8333,1,49.56,1,van,Low,Windy,9.76
0.274,-1.0,-0.0,-0.781831,0.62349,4,19,29,9,0.6786,1,150.71,1,car,Jam,Sunny,8.01
0.9766,0.0,-1.0,0.433884,-0.900969,7,8,21,12,0.4,1,32.07,0,car,High,Sunny,14.96
1.566,-0.5,-0.866025,-0.781831,0.62349,5,13,15,1,0.9286,0,298.25,18,van,High,Sunny,27.89
2.3773,-0.258819,-0.965926,0.974928,-0.222521,4,4,6,1,0.8,1,352.14,1,car,High,Sunny,37.62
2.2781,-0.5,-0.866025,0.781831,0.62349,12,3,8,4,0.4286,0,236.32,25,car,High,Windy,31.3
1.4892,0.258819,0.965926,-0.781831,0.62349,5,4,21,16,0.2,1,56.96,8,van,Normal,Sunny,10.82
1.348,-0.258819,-0.965926,0.974928,-0.222521,7,5,9,3,0.625,0,320.92,22,van,Medium,Rainy,25.36
0.1436,0.258819,-0.965926,0.974928,-0.222521,3,11,16,4,0.7333,1,268.47,0,van,Normal,Sunny,1.34
0.1486,0.0,-1.0,-0.974928,-0.222521,7,1,15,13,0.0714,1,290.44,9,van,Jam,Rainy,4.98
1.0522,-0.5,-0.866025,0.974928,-0.222521,8,3,15,11,0.2143,1,44.27,0,van,Normal,Sunny,10.49
1.3372,-0.965926,0.258819,-0.781831,0.62349,4,13,29,15,0.4643,1,191.35,1,car,High,Sunny,17.53
1.491,-0.965926,-0.258819,0.781831,0.62349,11,8,24,15,0.3478,1,354.05,35,car,Normal,Sunny,17.4
0.2268,-0.258819,-0.965926,0.433884,-0.900969,6,6,8,1,0.8571,1,300.65,30,car,Medium,Sunny,2.27
0.2269,-0.707107,0.707107,0.974928,-0.222521,4,9,37,27,0.25,1,315.91,35,car,Medium,Sandstorm,2.29
4.3882,-0.5,-0.866025,0.781831,0.62349,1,2,13,10,0.1667,1,42.43,0,car,High,Sunny,56.84
0.4933,0.0,-1.0,0.433884,-0.900969,8,2,11,8,0.2,1,32.47,2,car,Medium,Sunny,6.23
0.2396,-0.258819,-0.965926,0.974928,-0.222521,10,1,10,8,0.1111,1,148.92,0,car,Normal,Sunny,2.07
0.1056,0.0,-1.0,-0.974928,-0.222521,1,4,10,5,0.4444,1,128.63,6,van,High,Sunny,2.47
6.0394,-0.5,-0.866025,-0.974928,-0.222521,6,23,25,1,0.9583,1,228.63,0,van,Jam,Sunny,90.0
0.5968,-0.258819,-0.965926,0.781831,0.62349,12,8,37,28,0.2222,1,268.61,35,car,Normal,Sunny,6.12
0.226,-0.707107,-0.707107,0.433884,-0.900969,10,5,16,10,0.3333,1,241.55,0,van,Normal,Sunny,3.11
0.983,-0.258819,-0.965926,-0.974928,-0.222521,6,9,17,7,0.5625,1,134.02,1,car,Medium,Sunny,11.08
0.5053,0.258819,-0.965926,0.433884,-0.900969,8,2,8,5,0.2857,0,69.19,-1,car,Jam,Sandstorm,12.87
0.9118,-0.866025,-0.5,0.974928,-0.222521,10,25,37,11,0.6944,1,163.41,35,car,Low,Sunny,8.09
1.9902,-0.258819,-0.965926,0.433884,-0.900969,11,6,21,14,0.3,0,62.3,6,car,Normal,Sunny,17.72
0.243,-0.5,-0.866025,0.433884,-0.900969,11,3,13,9,0.25,1,314.18,1,car,High,Sunny,2.43
0.7946,0.0,-1.0,-0.974928,-0.222521,11,11,16,4,0.7333,1,259.18,0,car,Normal,Sunny,7.51
1.3909,0.0,-1.0,-0.781831,0.62349,4,14,17,2,0.875,1,248.53,1,van,Low,Sunny,11.84
2.2287,-0.707107,-0.707107,-0.781831,0.62349,4,2,21,18,0.1,1,345.53,8,van,Medium,Sunny,48.18
0.2042,-0.866025,-0.5,0.781831,0.62349,1,7,14,6,0.5385,1,155.94,0,car,High,Sunny,5.45
0.6053,-0.5,-0.866025,-0.781831,0.62349,3,6,29,22,0.2143,1,71.79,1,car,Medium,Sunny,6.03
1.0049,-0.965926,0.258819,0.433884,-0.900969,1,9,24,14,0.3913,1,92.6,35,car,Medium,Windy,10.5
0.3144,-0.258819,-0.965926,0.433884,-0.900969,1,11,13,1,0.9167,1,169.73,0,car,High,Sandstorm,6.77
6.1506,-0.866025,-0.5,0.0,1.0,12,5,13,7,0.4167,1,222.49,1,van,Normal,Sunny,90.0
0.529,0.0,-1.0,-0.781831,0.62349,10,1,4,2,0.3333,1,345.0,0,car,High,Sandstorm,10.79
0.75,-1.0,-0.0,-0.974928,-0.222521,11,7,10,2,0.7778,1,327.44,6,car,Normal,Sunny,9.51
3.7117,-0.965926,-0.258819,0.781831,0.62349,12,3,8,4,0.4286,0,56.6,-1,car,Normal,Sunny,44.86
1.544,-0.258819,-0.965926,0.781831,0.62349,4,12,25,12,0.5,1,37.57,0,van,Medium,Sunny,25.34
0.7667,-0.258819,-0.965926,0.974928,-0.222521,2,2,27,24,0.0769,0,328.29,-1,car,Medium,Sunny,9.56
0.5227,-0.707107,-0.707107,0.433884,-0.900969,2,4,12,7,0.3636,1,138.98,0,car,Medium,Sunny,7.59
1.0364,-0.707107,-0.707107,0.781831,0.62349,3,5,13,7,0.4167,1,28.02,14,van,Jam,Sunny,43.16
0.0724,0.258819,-0.965926,0.0,1.0,7,3,21,17,0.15,1,36.21,0,car,Jam,Sunny,3.18
0.3356,-0.258819,-0.965926,0.433884,-0.900969,4,5,13,7,0.4167,1,229.36,0,van,High,Windy,8.06
0.7217,-0.5,-0.866025,-0.974928,-0.222521,4,2,29,26,0.0714,1,242.44,1,van,Jam,Sunny,18.45
1.0416,-0.5,-0.866025,0.433884,-0.900969,4,3,12,8,0.2727,1,319.05,1,car,Low,Sunny,5.78
6.2032,0.0,-1.0,0.781831,0.62349,2,5,13,7,0.4167,1,222.09,1,van,Medium,Windy,90.0
0.4056,-0.5,-0.866025,0.433884,-0.900969,4,11,14,2,0.8462,1,121.22,0,van,Medium,Sandstorm,6.38
0.5558,-0.707107,-0.707107,-0.974928,-0.222521,4,5,12,6,0.4545,1,244.54,1,van,High,Sandstorm,22.28
4.7205,-0.258819,-0.965926,-0.974928,-0.222521,8,3,6,2,0.6,1,52.43,1,van,Medium,Sunny,76.71
0.5028,-0.707107,-0.707107,0.0,1.0,6,12,17,4,0.75,1,204.45,1,van,Normal,Sunny,7.74
0.3798,0.258819,0.965926,0.974928,-0.222521,11,3,14,10,0.2308,1,12.14,15,van,Low,Sunny,2.5
0.8702,-0.258819,-0.965926,0.974928,-0.222521,3,4,29,24,0.1429,1,327.05,8,car,Normal,Foggy,10.84
0.0575,-0.707107,-0.707107,0.0,1.0,2,5,13,7,0.4167,1,177.1,0,van,Normal,Rainy,1.06
3.1157,-0.965926,-0.258819,0.781831,0.62349,3,5,11,5,0.5,1,52.05,1,car,Normal,Sunny,37.21
0.3043,0.258819,-0.965926,-0.974928,-0.222521,3,3,8,4,0.4286,1,297.97,0,car,Low,Sunny,1.0
2.7988,-0.707107,-0.707107,0.781831,0.62349,11,2,25,22,0.0833,1,38.91,0,van,High,Windy,86.31
0.4377,-0.5,-0.866025,0.433884,-0.900969,1,6,12,5,0.5455,1,123.79,14,car,Normal,Sandstorm,3.93
0.8164,-0.866025,-0.5,-0.974928,-0.222521,4,2,29,26,0.0714,1,234.83,1,car,Jam,Sunny,24.65
0.3935,0.0,-1.0,0.974928,-0.222521,4,8,17,8,0.5,1,114.8,1,van,Medium,Sunny,6.0
3.3544,-0.258819,-0.965926,0.0,1.0,4,4,13,8,0.3333,1,72.71,0,car,High,Rainy,61.94
0.6934,-0.707107,-0.707107,0.781831,0.62349,10,6,19,12,0.3333,1,70.24,8,car,Low,Rainy,7.79
2.2802,-0.965926,-0.258819,0.433884,-0.900969,9,2,16,13,0.1333,1,275.41,0,van,Low,Sunny,27.66
0.2551,-0.258819,-0.965926,-0.781831,0.62349,6,2,5,2,0.5,1,291.64,31,car,Medium,Sandstorm,4.53
2.4178,0.0,-1.0,-0.781831,0.62349,11,1,7,5,0.1667,0,45.28,6,car,Normal,Sunny,22.4
1.6871,0.0,-1.0,0.0,1.0,4,3,14,10,0.2308,1,235.61,1,van,Low,Windy,16.38
2.1849,0.258819,-0.965926,0.433884,-0.900969,4,18,22,3,0.8571,1,207.7,1,car,Normal,Sunny,16.49
0.7686,0.0,-1.0,0.0,1.0,4,19,29,9,0.6786,1,348.87,6,car,Jam,Sunny,17.49
9.7595,-0.866025,-0.5,0.781831,0.62349,11,6,8,1,0.8571,0,297.38,22,van,Jam,Foggy,90.0
1.1428,-0.258819,-0.965926,0.433884,-0.900969,5,1,13,11,0.0833,1,3.8,14,car,Normal,Rainy,12.88
2.1007,0.0,-1.0,-0.974928,-0.222521,4,10,24,13,0.4348,1,76.32,15,car,Normal,Windy,20.27
0.5192,0.258819,-0.965926,-0.974928,-0.222521,1,1,4,2,0.3333,1,309.28,0,van,Medium,Sunny,6.69
1.9869,-0.258819,-0.965926,0.781831,0.62349,4,2,14,11,0.1538,1,231.3,1,van,Medium,Rainy,38.84
1.4229,-0.258819,-0.965926,0.781831,0.62349,4,1,9,7,0.125,1,3.69,8,van,Low,Windy,13.24
0.0709,-0.5,-0.866025,0.781831,0.62349,3,3,10,6,0.3333,1,113.07,17,car,Medium,Windy,2.09
5.2347,-0.707107,-0.707107,0.0,1.0,3,14,16,1,0.9333,1,231.1,0,van,Normal,Sunny,87.4
1.4914,-0.866025,-0.5,0.433884,-0.900969,5,3,8,4,0.4286,0,306.72,-1,car,High,Windy,33.03
0.5798,-0.965926,-0.258819,0.0,1.0,4,3,13,9,0.25,1,164.47,0,van,Low,Rainy,7.94
1.6885,0.258819,-0.965926,-0.974928,-0.222521,12,10,16,5,0.6667,1,62.03,0,van,Jam,Windy,46.75
12.46,-0.5,-0.866025,-0.974928,-0.222521,6,0,5,4,0.0,0,30.51,16,car,Normal,Sunny,90.0
0.5282,-0.258819,-0.965926,-0.781831,0.62349,5,7,12,4,0.6364,1,176.45,14,van,High,Sunny,11.72
0.3173,-0.5,-0.866025,0.0,1.0,4,10,21,10,0.5,1,166.13,0,van,Medium,Sandstorm,5.54
0.3804,-0.965926,0.258819,0.781831,0.62349,12,22,37,14,0.6111,1,318.71,35,car,Medium,Sunny,3.68
2.3061,-0.707107,-0.707107,0.974928,-0.222521,12,6,21,14,0.3,0,56.06,6,van,Jam,Sunny,90.0
2.7724,-0.258819,-0.965926,0.433884,-0.900969,4,1,7,5,0.1667,0,36.94,6,car,Normal,Sunny,25.16
0.1143,-1.0,-0.0,0.433884,-0.900969,11,5,11,5,0.5,1,73.73,2,car,Medium,Sunny,2.55
0.4598,-1.0,-0.0,0.0,1.0,2,3,21,17,0.15,1,161.77,0,car,High,Sunny,9.49
1.6168,-0.5,-0.866025,-0.781831,0.62349,12,5,9,3,0.625,0,318.16,22,car,Medium,Sunny,15.23
0.4979,-0.866025,-0.5,0.433884,-0.900969,11,1,4,2,0.3333,1,339.26,0,car,Low,Rainy,4.78
1.5152,-0.965926,-0.258819,0.0,1.0,4,11,17,5,0.6875,1,252.33,1,car,Normal,Sunny,18.62
4.3502,-0.5,-0.866025,-0.781831,0.62349,8,6,11,4,0.6,0,243.64,1,car,Jam,Sunny,81.81
4.1783,-0.5,-0.866025,0.433884,-0.900969,4,4,7,2,0.6667,1,241.38,0,car,High,Sunny,54.02
1.1936,-0.866025,-0.5,0.974928,-0.222521,2,5,9,3,0.625,0,316.76,22,van,High,Sunny,33.92
1.9183,-0.5,-0.866025,-0.974928,-0.222521,11,5,15,9,0.3571,0,105.98,-1,car,Low,Windy,10.55
0.6127,-0.707107,0.707107,-0.974928,-0.222521,2,12,29,16,0.4286,1,338.72,6,car,Normal,Sunny,3.39
0.844,-0.5,-0.866025,0.433884,-0.900969,4,7,9,1,0.875,1,338.17,6,car,High,Sunny,12.03
0.4114,-0.707107,-0.707107,-0.781831,0.62349,3,4,10,5,0.4444,1,300.96,1,car,Normal,Rainy,5.72
0.4638,-0.5,-0.866025,0.781831,0.62349,1,2,8,5,0.2857,0,73.01,-1,car,High,Sunny,5.82
0.3567,-0.5,-0.866025,0.433884,-0.900969,2,23,37,13,0.6389,1,53.78,35,van,Medium,Sunny,4.39
0.1396,-0.258819,-0.965926,0.781831,0.62349,11,15,37,21,0.4167,1,213.61,35,car,High,Sunny,2.16
4.5847,-0.5,-0.866025,0.433884,-0.900969,2,3,6,2,0.6,1,51.91,1,van,Medium,Sunny,61.51
0.9737,0.258819,-0.965926,0.433884,-0.900969,6,3,21,17,0.15,1,198.28,8,van,Normal,Windy,10.66
0.7709,-0.866025,0.5,0.974928,-0.222521,7,4,14,9,0.3077,1,239.22,4,car,Normal,Sunny,5.58
0.05,-0.258819,-0.965926,-0.974928,-0.222521,4,15,25,9,0.625,1,194.16,0,van,Normal,Windy,1.89
1.454,-0.5,-0.866025,0.974928,-0.222521,12,14,17,2,0.875,1,251.99,1,car,Medium,Rainy,16.33
1.2712,-0.258819,-0.965926,0.781831,0.62349,1,17,37,19,0.4722,1,161.4,35,car,Normal,Windy,13.65
0.3231,0.0,-1.0,-0.781831,0.62349,8,2,4,1,0.6667,1,294.61,0,car,Jam,Windy,8.03
0.8345,-0.5,0.866025,0.0,1.0,2,4,29,24,0.1429,1,349.67,8,van,Medium,Sunny,8.52
3.0191,-1.0,-0.0,0.974928,-0.222521,11,6,8,1,0.8571,1,66.97,1,van,Medium,Sandstorm,85.75
2.6511,0.0,-1.0,0.781831,0.62349,4,12,19,6,0.6667,1,23.89,6,van,High,Sandstorm,76.73
1.7271,-0.5,-0.866025,-0.974928,-0.222521,10,26,29,2,0.9286,1,306.44,1,car,Medium,Sunny,16.4
0.2393,-0.5,-0.866025,0.0,1.0,4,3,14,10,0.2308,1,69.85,15,van,Normal,Rainy,2.64
0.0709,0.258819,-0.965926,0.433884,-0.900969,8,11,18,6,0.6471,1,233.96,0,car,Normal,Sunny,1.14
3.6921,-0.5,-0.866025,-0.781831,0.62349,5,3,9,5,0.375,0,80.01,6,car,Medium,Rainy,41.63
1.5885,-0.258819,-0.965926,0.781831,0.62349,5,2,11,8,0.2,1,244.93,1,car,Jam,Sunny,36.76
1.0539,-0.5,-0.866025,0.781831,0.62349,4,5,12,6,0.4545,1,71.14,0,van,Medium,Sunny,13.72
0.9063,-0.258819,-0.965926,0.433884,-0.900969,1,4,12,7,0.3636,1,29.09,8,car,Low,Sunny,5.42
1.2419,-0.258819,-0.965926,0.0,1.0,4,17,37,19,0.4722,1,162.8,35,van,Jam,Sunny,39.55
2.6665,-0.258819,-0.965926,-0.781831,0.62349,11,0,13,12,0.0,0,49.87,2,van,Normal,Sunny,35.53
1.138,-0.258819,-0.965926,-0.974928,-0.222521,12,5,12,6,0.4545,1,74.29,0,car,Low,Windy,7.7
0.3542,-0.5,-0.866025,-0.781831,0.62349,11,3,22,18,0.1429,1,343.53,1,van,Normal,Rainy,4.01
0.4195,-0.5,-0.866025,0.781831,0.62349,4,8,24,15,0.3478,1,31.07,6,van,Normal,Sunny,4.06
0.1355,-0.258819,-0.965926,0.974928,-0.222521,4,1,15,13,0.0714,1,196.11,9,van,Medium,Sunny,3.56
0.5857,-0.5,-0.866025,-0.433884,-0.900969,4,9,22,12,0.4286,1,334.13,1,van,Medium,Sandstorm,9.9
1.3415,-0.866025,-0.5,0.974928,-0.222521,6,14,17,2,0.875,1,261.0,1,car,Medium,Sunny,20.39
0.9298,-0.258819,-0.965926,0.781831,0.62349,10,21,25,3,0.875,1,169.72,0,car,Medium,Sunny,10.76
2.2843,-0.866025,-0.5,0.974928,-0.222521,5,1,6,4,0.2,0,79.21,-1,car,High,Sunny,47.3
1.0838,0.0,-1.0,-0.974928,-0.222521,10,1,13,11,0.0833,1,21.24,14,car,Normal,Sunny,10.8
1.3619,-0.258819,-0.965926,0.974928,-0.222521,12,9,15,5,0.6429,1,61.92,0,car,Low,Sunny,8.61
0.4162,-0.965926,-0.258819,0.974928,-0.222521,5,6,24,17,0.2609,1,277.35,35,van,Normal,Sunny,6.75
1.8189,-0.258819,-0.965926,0.781831,0.62349,4,2,8,5,0.2857,1,141.16,0,car,Jam,Sunny,41.62
0.4654,-0.707107,-0.707107,0.974928,-0.222521,5,2,6,3,0.4,1,76.37,1,car,Medium,Sunny,7.14
1.8598,-0.258819,-0.965926,0.433884,-0.900969,8,3,14,10,0.2308,1,228.37,1,van,Medium,Foggy,37.21
0.2523,-0.5,0.866025,0.974928,-0.222521,6,7,16,8,0.4667,1,101.5,0,car,High,Sunny,2.23
1.3581,-0.866025,-0.5,0.781831,0.62349,4,12,14,1,0.9231,0,292.51,-1,van,Medium,Windy,30.82
4.1093,0.5,-0.866025,-0.781831,0.62349,11,4,7,2,0.6667,1,238.19,0,car,High,Sunny,77.53
1.8865,-0.5,-0.866025,0.974928,-0.222521,9,14,29,14,0.5,1,272.65,1,car,High,Rainy,28.39
0.8506,-0.258819,-0.965926,-0.781831,0.62349,11,17,37,19,0.4722,1,152.21,35,van,Medium,Sandstorm,18.49
0.8129,0.258819,-0.965926,0.974928,-0.222521,4,10,37,26,0.2778,1,303.05,35,van,Medium,Sunny,10.41
1.2971,-0.866025,-0.5,0.781831,0.62349,8,12,14,1,0.9231,0,282.56,-1,van,Normal,Windy,22.92
3.1588,-0.965926,0.258819,0.781831,0.62349,1,13,27,13,0.5,0,328.1,-1,van,Medium,Windy,44.92
2.2861,-0.866025,-0.5,0.974928,-0.222521,1,6,21,14,0.3,0,61.06,6,car,Normal,Sunny,28.06
0.8243,-0.5,-0.866025,0.0,1.0,11,24,29,4,0.8571,1,219.54,1,car,High,Sunny,10.44
1.473,-0.965926,-0.258819,0.974928,-0.222521,4,14,17,2,0.875,1,252.16,1,van,High,Sunny,42.65
1.7008,-0.258819,-0.965926,0.781831,0.62349,1,26,29,2,0.9286,1,286.02,1,car,High,Sunny,27.43
2.0101,-0.866025,-0.5,0.781831,0.62349,5,12,16,3,0.8,1,257.77,0,van,Normal,Sunny,33.69
6.3294,-0.707107,-0.707107,0.0,1.0,2,1,5,3,0.25,0,57.4,2,car,Medium,Sunny,90.0
0.387,-0.707107,-0.707107,0.781831,0.62349,1,0,9,8,0.0,1,338.97,1,van,High,Rainy,13.19
4.758,0.258819,-0.965926,0.433884,-0.900969,3,0,10,9,0.0,0,47.52,2,van,Medium,Foggy,78.8
0.5824,0.258819,-0.965926,-0.974928,-0.222521,1,4,12,7,0.3636,1,174.56,0,van,Normal,Sunny,6.38
0.2064,-0.5,-0.866025,0.433884,-0.900969,11,0,12,11,0.0,1,349.56,1,car,Low,Sunny,1.59
0.5949,-0.258819,-0.965926,-0.781831,0.62349,10,8,13,4,0.6667,1,173.42,0,van,Medium,Sunny,9.46
0.9415,0.258819,-0.965926,-0.974928,-0.222521,5,4,12,7,0.3636,1,182.72,1,car,Normal,Sunny,7.48
7.5872,-0.5,-0.866025,0.974928,-0.222521,4,0,11,10,0.0,0,228.41,-1,van,Low,Foggy,69.62
0.793,0.258819,-0.965926,0.433884,-0.900969,4,2,9,6,0.25,1,324.63,1,car,Normal,Windy,6.5
4.667,-0.965926,-0.258819,0.974928,-0.222521,6,4,9,4,0.5,0,34.89,-1,van,Medium,Foggy,90.0
1.862,-0.258819,-0.965926,-0.974928,-0.222521,9,2,14,11,0.1538,1,227.7,1,van,High,Sunny,40.24
0.6769,0.258819,-0.965926,-0.781831,0.62349,2,17,24,6,0.7391,1,85.36,35,van,Medium,Sunny,8.49
0.6569,-0.258819,-0.965926,0.781831,0.62349,4,0,12,11,0.0,1,58.53,1,van,Medium,Sunny,11.06
1.697,0.258819,-0.965926,0.0,1.0,3,3,11,7,0.3,1,7.16,1,car,High,Sandstorm,28.94
4.1216,0.0,-1.0,-0.781831,0.62349,3,7,9,1,0.875,0,41.21,-1,car,Jam,Sunny,90.0
1.7154,-0.5,-0.866025,0.0,1.0,3,1,8,6,0.1429,0,145.07,-1,van,Normal,Sunny,18.38
1.7217,-0.965926,-0.258819,0.781831,0.62349,4,1,13,11,0.0833,1,232.64,0,car,Normal,Sunny,21.18
2.1233,-0.5,-0.866025,0.974928,-0.222521,1,2,21,18,0.1,1,343.75,8,car,Medium,Sunny,20.43
0.838,-0.258819,-0.965926,0.433884,-0.900969,7,7,12,4,0.6364,1,180.92,14,van,Medium,Sunny,13.04
12.2921,-0.707107,-0.707107,0.974928,-0.222521,10,0,5,4,0.0,0,31.24,16,car,Normal,Sunny,90.0
2.1329,-0.866025,-0.5,0.781831,0.62349,11,8,19,10,0.4444,0,79.22,6,car,High,Sunny,44.19
0.9069,0.0,-1.0,0.974928,-0.222521,1,2,29,26,0.0714,1,248.84,1,car,Normal,Windy,8.67
0.7596,-0.707107,-0.707107,-0.974928,-0.222521,4,13,22,8,0.619,1,191.14,1,van,Normal,Sunny,12.35
7.0261,0.0,-1.0,0.0,1.0,2,3,16,12,0.2,1,50.59,0,van,Normal,Sandstorm,90.0
1.3756,-0.965926,0.258819,0.0,1.0,3,1,9,7,0.125,0,174.91,-1,car,Jam,Sunny,25.78
1.8186,-0.866025,0.5,-0.974928,-0.222521,2,4,27,22,0.1538,0,156.24,11,van,Medium,Sunny,24.09
0.7027,0.0,-1.0,-0.781831,0.62349,2,3,13,9,0.25,1,298.81,1,car,Normal,Sunny,6.64
0.2289,-0.258819,-0.965926,0.433884,-0.900969,4,7,10,2,0.7778,1,184.72,0,car,Jam,Sunny,5.09
0.7909,0.0,-1.0,0.433884,-0.900969,10,11,14,2,0.8462,1,168.63,0,car,Medium,Sunny,9.42
0.5987,0.0,-1.0,0.0,1.0,4,11,24,12,0.4783,1,239.28,35,car,Medium,Windy,7.62
0.8479,0.0,-1.0,0.0,1.0,3,1,17,15,0.0625,1,353.4,1,van,Medium,Sunny,13.16
1.1181,-0.258819,-0.965926,0.781831,0.62349,5,11,29,17,0.3929,1,56.81,6,car,Normal,Sunny,10.21
0.2294,-1.0,-0.0,-0.781831,0.62349,3,2,4,1,0.6667,1,346.87,0,car,Medium,Sunny,3.25
0.8181,0.5,-0.866025,-0.974928,-0.222521,1,21,25,3,0.875,1,164.52,0,car,Normal,Sunny,8.89
0.3904,-0.707107,-0.707107,0.433884,-0.900969,9,4,13,8,0.3333,1,57.16,1,car,Jam,Windy,12.65
3.9711,-0.965926,-0.258819,0.0,1.0,4,6,12,5,0.5455,0,53.5,6,van,Normal,Windy,71.58
4.1243,-0.707107,-0.707107,0.781831,0.62349,1,2,13,10,0.1667,0,243.65,1,van,High,Windy,90.0
4.3067,-0.258819,-0.965926,-0.974928,-0.222521,1,2,13,10,0.1667,1,45.3,0,car,Normal,Foggy,48.81
0.374,-0.258819,0.965926,-0.781831,0.62349,5,7,16,8,0.4667,1,357.31,0,van,Normal,Rainy,2.89
0.1095,0.0,-1.0,0.781831,0.62349,4,5,10,4,0.5556,1,58.52,1,car,Medium,Sandstorm,2.41
0.3246,-0.258819,-0.965926,0.433884,-0.900969,6,10,15,4,0.7143,1,93.17,15,van,Normal,Sunny,3.42
4.2262,-0.707107,-0.707107,0.781831,0.62349,2,4,7,2,0.6667,1,238.96,0,van,Medium,Rainy,90.0
3.1465,-0.707107,0.707107,0.974928,-0.222521,8,1,19,17,0.0556,0,345.59,8,van,Low,Sunny,17.27
0.2198,-0.258819,-0.965926,-0.974928,-0.222521,4,2,37,34,0.0556,1,89.04,35,car,Normal,Sandstorm,2.29
0.2668,-0.258819,-0.965926,0.974928,-0.222521,6,2,10,7,0.2222,1,164.41,1,car,Jam,Sunny,6.19
2.3173,-0.965926,-0.258819,0.974928,-0.222521,11,1,25,23,0.0417,1,41.91,0,car,High,Windy,52.12
0.2169,-0.258819,-0.965926,0.974928,-0.222521,5,2,12,9,0.1818,1,137.35,14,van,Medium,Sandstorm,5.82
0.1505,-0.258819,-0.965926,-0.974928,-0.222521,4,17,25,7,0.7083,1,237.87,0,car,Normal,Sunny,1.0
1.0215,0.0,-1.0,-0.781831,0.62349,6,2,4,1,0.6667,1,274.6,0,van,Medium,Sunny,16.43
2.431,0.5,-0.866025,-0.781831,0.62349,11,2,16,13,0.1333,1,276.7,0,car,Normal,Sunny,27.78
2.0431,-0.707107,-0.707107,-0.781831,0.62349,5,11,37,25,0.3056,1,155.69,35,car,Medium,Sunny,32.25
4.8822,0.258819,-0.965926,0.974928,-0.222521,3,7,11,3,0.7,0,175.51,-1,car,Medium,Sunny,47.63
0.3442,-0.965926,-0.258819,-0.974928,-0.222521,4,18,21,2,0.9,1,102.71,0,van,Medium,Sunny,8.13
1.4724,0.0,-1.0,-0.781831,0.62349,3,5,25,19,0.2083,1,115.75,0,car,High,Windy,24.79
0.5527,-0.5,-0.866025,0.433884,-0.900969,5,6,12,5,0.5455,1,244.56,0,car,Medium,Sunny,5.57
1.4523,-0.258819,-0.965926,0.781831,0.62349,3,9,15,5,0.6429,1,59.59,0,car,Jam,Sunny,34.35
0.9294,-0.866025,-0.5,0.974928,-0.222521,1,4,25,20,0.1667,1,107.58,0,van,Medium,Sunny,19.28
1.1673,-0.965926,0.258819,-0.974928,-0.222521,7,2,9,6,0.25,1,339.86,8,car,Medium,Windy,12.85
2.565,-0.707107,-0.707107,0.781831,0.62349,5,3,9,5,0.375,0,95.28,6,car,High,Windy,57.87
1.4208,-1.0,-0.0,0.781831,0.62349,2,22,25,2,0.9167,1,341.13,0,van,Normal,Sunny,23.86
1.1347,-0.258819,-0.965926,0.433884,-0.900969,7,6,13,6,0.5,1,285.71,14,car,Medium,Sunny,13.35
0.9008,-0.258819,-0.965926,-0.781831,0.62349,4,3,10,6,0.3333,1,79.06,6,van,Medium,Rainy,17.15
1.4988,-0.258819,-0.965926,0.433884,-0.900969,1,8,16,7,0.5333,1,146.24,0,car,Normal,Sunny,14.17
2.3377,-0.707107,-0.707107,0.781831,0.62349,7,3,9,5,0.375,0,95.83,6,car,Low,Windy,23.34
0.4956,-0.258819,-0.965926,0.0,1.0,1,2,8,5,0.2857,0,61.37,-1,van,Jam,Sunny,16.86
1.1469,-0.5,-0.866025,-0.781831,0.62349,3,2,16,13,0.1333,1,27.26,0,van,Medium,Sunny,14.97
0.4504,0.0,-1.0,-0.781831,0.62349,3,7,16,8,0.4667,1,345.11,0,van,High,Sunny,9.54
0.1736,-0.258819,-0.965926,-0.974928,-0.222521,4,2,37,34,0.0556,1,114.71,35,van,High,Windy,3.69
0.9156,-0.965926,-0.258819,0.974928,-0.222521,8,5,11,5,0.5,1,51.02,1,van,Low,Sunny,10.84
1.534,0.0,-1.0,0.781831,0.62349,12,12,21,8,0.6,0,64.8,6,car,High,Sunny,24.1
6.9053,-0.866025,-0.5,0.433884,-0.900969,2,23,25,1,0.9583,1,244.89,0,car,Medium,Windy,90.0
2.4925,-0.5,-0.866025,-0.781831,0.62349,1,1,3,1,0.5,0,199.24,-1,car,Normal,Windy,21.3
0.8541,-0.866025,-0.5,-0.974928,-0.222521,2,0,11,10,0.0,1,214.51,1,van,High,Sandstorm,32.75
0.426,0.0,-1.0,0.781831,0.62349,3,2,11,8,0.2,1,178.82,1,van,High,Rainy,10.22
1.1258,0.0,-1.0,-0.781831,0.62349,4,3,11,7,0.3,1,232.01,1,car,Normal,Sandstorm,13.75
0.3704,-0.965926,-0.258819,-0.974928,-0.222521,9,19,29,9,0.6786,1,150.44,1,car,Medium,Sunny,5.97
0.7034,0.258819,-0.965926,-0.781831,0.62349,2,5,8,2,0.7143,1,281.64,30,van,Medium,Sunny,9.64
2.3157,-0.707107,-0.707107,0.433884,-0.900969,1,4,9,4,0.5,1,22.06,6,van,Jam,Sunny,90.0
0.3908,-0.866025,-0.5,0.974928,-0.222521,5,2,12,9,0.1818,1,285.21,1,car,Low,Sunny,3.52
0.3436,-0.866025,-0.5,0.781831,0.62349,4,12,29,16,0.4286,1,353.96,6,van,High,Rainy,11.62
0.6327,-0.258819,-0.965926,-0.974928,-0.222521,4,5,12,6,0.4545,1,29.83,8,car,Normal,Sandstorm,7.68
0.4981,-0.258819,-0.965926,-0.974928,-0.222521,1,3,12,8,0.2727,1,333.56,0,car,Normal,Sandstorm,6.07
0.1127,-0.258819,-0.965926,0.974928,-0.222521,6,9,27,17,0.3462,1,284.11,13,car,Low,Sunny,1.0
0.8292,-0.866025,-0.5,0.974928,-0.222521,2,6,12,5,0.5455,1,228.61,0,car,Jam,Sandstorm,33.16
1.7174,-0.707107,-0.707107,0.781831,0.62349,3,12,37,24,0.3333,1,16.78,35,car,Normal,Windy,22.15
2.1453,0.258819,-0.965926,0.781831,0.62349,4,3,8,4,0.4286,0,234.84,25,car,Medium,Windy,21.91
2.3221,-0.258819,-0.965926,0.0,1.0,2,4,9,4,0.5,1,30.49,6,van,Normal,Sunny,29.16
2.8808,-0.965926,-0.258819,-0.974928,-0.222521,12,1,7,5,0.1667,0,36.01,6,car,Medium,Sunny,44.66
0.8156,0.0,-1.0,-0.974928,-0.222521,3,15,19,3,0.8333,1,275.94,6,car,Medium,Sunny,9.62
0.2925,-0.258819,-0.965926,0.974928,-0.222521,6,5,12,6,0.4545,1,120.35,1,van,Medium,Windy,5.36
0.9002,0.0,-1.0,0.974928,-0.222521,11,4,12,7,0.3636,1,339.25,14,car,Medium,Sunny,10.19
0.9297,-0.258819,-0.965926,0.433884,-0.900969,8,7,10,2,0.7778,1,344.6,6,car,Jam,Windy,22.35
0.7231,-0.866025,-0.5,0.0,1.0,4,11,14,2,0.8462,1,76.18,1,car,Normal,Sunny,9.25
1.0876,0.0,-1.0,0.433884,-0.900969,5,2,12,9,0.1818,1,50.0,1,car,Jam,Sandstorm,33.91
7.1183,-0.866025,-0.5,0.781831,0.62349,11,2,14,11,0.1538,1,49.65,0,car,Medium,Sunny,90.0
0.2595,0.0,-1.0,0.781831,0.62349,10,8,17,8,0.5,1,152.69,1,car,Low,Sunny,1.46
1.3668,-0.707107,-0.707107,-0.974928,-0.222521,10,7,11,3,0.7,1,32.43,1,car,Normal,Sunny,16.05
0.8721,0.0,-1.0,-0.781831,0.62349,2,13,22,8,0.619,1,181.54,1,car,High,Sunny,15.43
1.1343,-0.258819,-0.965926,0.974928,-0.222521,3,1,13,11,0.0833,1,4.66,14,van,Normal,Sunny,14.93
0.4375,-0.707107,-0.707107,-0.781831,0.62349,10,1,4,2,0.3333,1,353.89,0,van,Low,Sunny,4.82
0.3765,-0.707107,-0.707107,0.433884,-0.900969,3,0,37,36,0.0,1,69.27,35,car,High,Sunny,8.9
0.4195,-0.5,-0.866025,0.781831,0.62349,4,4,9,4,0.5,1,174.26,1,car,Normal,Sunny,3.36
1.8853,0.258819,-0.965926,0.433884,-0.900969,3,18,22,3,0.8571,1,199.31,1,car,High,Rainy,29.08
0.7155,-0.258819,-0.965926,0.781831,0.62349,1,0,11,10,0.0,1,203.65,1,van,Medium,Sandstorm,17.48
3.5958,-0.965926,-0.258819,-0.781831,0.62349,4,0,12,11,0.0,0,356.16,8,van,High,Sunny,90.0
0.8482,-0.866025,-0.5,0.781831,0.62349,3,0,13,12,0.0,1,161.56,14,car,Low,Sunny,7.69
2.8624,-0.965926,0.258819,-0.781831,0.62349,1,1,5,3,0.25,1,64.47,0,car,High,Windy,42.38
0.53,0.0,-1.0,0.433884,-0.900969,4,4,8,3,0.5714,1,31.52,1,car,High,Sunny,8.91
3.3159,-0.707107,-0.707107,-0.781831,0.62349,3,3,13,9,0.25,1,58.81,0,van,High,Foggy,90.0
1.9847,-0.258819,-0.965926,-0.781831,0.62349,1,2,21,18,0.1,1,339.4,8,car,Normal,Windy,19.53
1.2854,0.258819,-0.965926,0.781831,0.62349,2,13,37,23,0.3611,1,195.53,35,car,Medium,Sunny,13.03
0.5044,-0.707107,-0.707107,0.0,1.0,4,7,13,5,0.5833,1,191.48,1,car,Normal,Rainy,7.19
3.3568,0.0,-1.0,-0.974928,-0.222521,9,0,9,8,0.0,0,303.22,-1,van,Low,Windy,33.69
4.9806,0.0,-1.0,0.781831,0.62349,2,2,5,2,0.5,0,51.09,4,car,High,Sunny,78.63
2.0198,-0.5,-0.866025,0.781831,0.62349,3,4,7,2,0.6667,1,46.34,6,car,Normal,Sunny,15.75
0.6265,-0.965926,-0.258819,-0.974928,-0.222521,3,16,37,20,0.4444,1,183.46,35,car,Medium,Sunny,10.68
1.3999,-0.258819,-0.965926,0.0,1.0,10,10,12,1,0.9091,0,268.41,-1,van,Normal,Windy,19.06
1.4522,-0.258819,-0.965926,-0.433884,-0.900969,4,5,11,5,0.5,1,226.29,1,car,Normal,Foggy,16.13
0.1782,-0.866025,-0.5,0.433884,-0.900969,10,0,12,11,0.0,1,167.5,1,van,Low,Sunny,2.39
1.3119,0.0,-1.0,0.974928,-0.222521,3,13,19,5,0.7222,1,343.93,6,car,Normal,Sunny,11.67
0.9796,-0.707107,-0.707107,0.433884,-0.900969,10,5,8,2,0.7143,1,307.62,16,car,Low,Sunny,8.26
2.1516,0.0,-1.0,0.781831,0.62349,2,18,22,3,0.8571,1,205.96,1,van,Low,Sunny,19.45
0.7915,0.0,-1.0,0.433884,-0.900969,2,12,24,11,0.5217,1,341.72,15,car,High,Rainy,15.6
0.7207,-0.5,-0.866025,-0.974928,-0.222521,5,6,19,12,0.3333,1,64.37,8,car,Normal,Sandstorm,8.21
0.6104,-0.5,-0.866025,0.0,1.0,10,0,21,20,0.0,1,29.99,0,car,Jam,Foggy,14.38
0.3372,-0.965926,0.258819,0.433884,-0.900969,10,10,25,14,0.4167,1,121.0,0,van,Jam,Sunny,9.28
1.1647,-0.258819,-0.965926,0.433884,-0.900969,4,5,9,3,0.625,0,316.82,22,van,Normal,Sunny,14.35
0.2762,-0.707107,0.707107,0.433884,-0.900969,5,5,11,5,0.5,1,318.97,1,car,Medium,Sandstorm,2.18
0.6114,-0.258819,-0.965926,0.974928,-0.222521,3,7,16,8,0.4667,1,84.31,0,car,Normal,Windy,6.4
1.6542,-0.965926,-0.258819,-0.974928,-0.222521,11,8,18,9,0.4706,1,78.29,0,car,High,Sunny,34.05
2.1207,-1.0,-0.0,0.433884,-0.900969,5,1,3,1,0.5,0,194.36,-1,car,Normal,Sunny,25.6
0.2252,-0.258819,-0.965926,0.781831,0.62349,7,8,14,5,0.6154,1,99.34,0,car,Medium,Foggy,3.49
0.2795,0.258819,-0.965926,0.781831,0.62349,5,1,15,13,0.0714,1,38.91,0,van,Normal,Sunny,4.34
0.465,-1.0,-0.0,0.433884,-0.900969,10,15,24,8,0.6522,1,170.31,35,car,Jam,Sandstorm,19.13
0.9453,-0.258819,-0.965926,0.974928,-0.222521,8,2,16,13,0.1333,1,50.68,0,van,Medium,Sunny,15.14
2.3612,0.258819,-0.965926,0.781831,0.62349,4,27,29,1,0.9643,0,34.7,5,van,Normal,Windy,26.04
0.1898,-0.5,-0.866025,-0.781831,0.62349,8,9,14,4,0.6923,1,138.58,1,van,Normal,Windy,2.1
2.2733,-0.258819,-0.965926,0.781831,0.62349,11,1,4,2,0.3333,0,260.77,-1,car,High,Sandstorm,47.93
0.4634,-0.5,-0.866025,0.781831,0.62349,12,6,14,7,0.4615,1,54.52,0,car,Normal,Windy,3.71
1.5811,-0.258819,-0.965926,0.0,1.0,10,2,14,11,0.1538,1,230.08,0,car,Normal,Sunny,14.24
1.187,0.258819,-0.965926,0.0,1.0,7,11,15,3,0.7857,1,293.61,0,car,Normal,Windy,9.0
1.7334,-0.258819,-0.965926,-0.781831,0.62349,6,4,27,22,0.1538,0,164.55,11,car,Medium,Sunny,19.84
0.5146,-0.258819,-0.965926,-0.781831,0.62349,10,7,29,21,0.25,1,224.61,1,car,Medium,Sunny,5.49
0.3717,-0.965926,0.258819,0.974928,-0.222521,1,6,11,4,0.6,1,3.95,1,van,Jam,Rainy,11.82
0.9339,-1.0,-0.0,0.433884,-0.900969,3,2,4,1,0.6667,1,248.33,0,van,Medium,Sunny,20.43
0.8923,-0.258819,-0.965926,-0.974928,-0.222521,1,0,11,10,0.0,1,205.64,1,car,Low,Rainy,7.0
1.9191,-0.965926,-0.258819,-0.974928,-0.222521,12,3,9,5,0.375,1,16.25,1,car,Normal,Sunny,22.72
0.05,-0.965926,-0.258819,0.0,1.0,7,0,13,12,0.0,1,168.92,0,car,Normal,Rainy,1.2
1.563,-0.5,-0.866025,0.433884,-0.900969,3,24,29,4,0.8571,1,260.06,6,van,Normal,Windy,20.97
2.8015,-0.707107,-0.707107,0.433884,-0.900969,11,21,24,2,0.913,0,170.15,-1,car,High,Rainy,68.64
0.8755,-0.258819,-0.965926,0.781831,0.62349,6,4,15,10,0.2857,1,183.11,0,van,Jam,Sunny,27.55
0.4471,-1.0,-0.0,0.781831,0.62349,4,7,12,4,0.6364,1,108.57,6,van,High,Sunny,12.61
1.3772,-0.258819,-0.965926,0.974928,-0.222521,6,24,29,4,0.8571,1,247.7,6,car,Medium,Sunny,16.69
1.9329,-0.258819,0.965926,0.433884,-0.900969,8,11,37,25,0.3056,1,152.7,35,car,Jam,Sunny,26.65
0.2285,-0.866025,0.5,0.781831,0.62349,3,13,29,15,0.4643,1,243.03,6,van,Normal,Sunny,2.06
4.753,-0.5,-0.866025,0.433884,-0.900969,10,4,9,4,0.5,0,34.38,-1,car,Normal,Foggy,44.62
2.9893,-1.0,-0.0,0.974928,-0.222521,11,1,5,3,0.25,1,69.81,0,van,Normal,Sunny,50.04
0.5366,-0.5,-0.866025,-0.974928,-0.222521,11,11,25,13,0.4583,1,68.87,0,van,Jam,Sunny,13.57
0.7081,-0.5,0.866025,0.433884,-0.900969,2,4,14,9,0.3077,1,228.53,4,van,Normal,Windy,5.49
1.8978,-0.965926,0.258819,-0.781831,0.62349,2,2,14,11,0.1538,1,222.44,1,car,Normal,Foggy,17.33
0.1469,0.258819,-0.965926,-0.433884,-0.900969,4,10,12,1,0.9091,1,28.24,1,car,Low,Rainy,1.0
1.6886,-0.965926,0.258819,0.974928,-0.222521,1,6,12,5,0.5455,1,232.3,1,van,Jam,Sunny,44.31
0.3012,-0.707107,-0.707107,0.781831,0.62349,3,11,14,2,0.8462,1,221.09,1,car,Normal,Sunny,4.08
0.3409,-0.866025,-0.5,0.0,1.0,2,11,13,1,0.9167,0,48.14,-1,car,High,Sunny,8.03
0.423,-0.707107,-0.707107,0.781831,0.62349,5,2,6,3,0.4,1,14.37,1,van,High,Sunny,11.62
0.5263,-0.965926,-0.258819,0.433884,-0.900969,5,6,12,5,0.5455,1,143.74,14,car,Medium,Sunny,7.88
0.1634,0.0,-1.0,-0.974928,-0.222521,5,12,24,11,0.5217,1,10.61,35,car,High,Sandstorm,3.59
1.3185,0.258819,-0.965926,0.433884,-0.900969,8,1,37,35,0.0278,1,120.69,35,car,Medium,Sunny,12.57
0.9382,-0.5,-0.866025,0.974928,-0.222521,4,5,12,6,0.4545,1,27.13,8,car,Normal,Sunny,7.05
0.9537,0.258819,-0.965926,0.0,1.0,4,19,29,9,0.6786,1,357.45,6,car,Normal,Sunny,8.36
1.7667,-0.5,-0.866025,0.974928,-0.222521,3,26,29,2,0.9286,1,301.29,1,car,Medium,Sunny,17.02
7.3883,-0.5,-0.866025,0.781831,0.62349,1,0,10,9,0.0,1,47.19,0,car,High,Rainy,90.0
5.3096,-0.258819,-0.965926,-0.974928,-0.222521,4,7,11,3,0.7,0,174.31,-1,car,Jam,Sunny,90.0
0.1289,0.0,-1.0,0.433884,-0.900969,1,18,21,2,0.9,1,162.53,0,car,Normal,Sunny,1.27
0.4484,-0.258819,-0.965926,0.781831,0.62349,4,11,25,13,0.4583,1,196.87,0,van,Medium,Sandstorm,9.7
2.3504,-0.258819,-0.965926,0.0,1.0,4,2,16,13,0.1333,1,274.64,0,car,High,Sunny,37.67
0.6326,-0.5,-0.866025,0.974928,-0.222521,10,10,24,13,0.4348,1,133.95,35,car,High,Sunny,7.73
0.3653,-0.258819,-0.965926,0.0,1.0,7,6,11,4,0.6,1,30.78,1,car,Normal,Sunny,3.11
1.3054,-0.965926,-0.258819,-0.974928,-0.222521,3,8,13,4,0.6667,0,228.89,-1,van,Jam,Sunny,54.36
1.1746,-0.5,-0.866025,0.781831,0.62349,5,7,18,10,0.4118,1,41.09,0,car,Normal,Rainy,9.94
2.358,-0.258819,-0.965926,0.781831,0.62349,2,7,13,5,0.5833,0,198.69,-1,van,High,Sunny,51.15
1.6927,-0.258819,-0.965926,-0.974928,-0.222521,4,3,24,20,0.1304,1,188.09,35,car,Normal,Rainy,18.57
0.1907,-0.5,-0.866025,0.433884,-0.900969,2,1,15,13,0.0714,1,358.74,9,car,Medium,Sunny,3.26
0.1049,-0.707107,-0.707107,-0.974928,-0.222521,4,2,12,9,0.1818,1,349.41,14,car,Low,Sunny,1.44
0.2735,-0.258819,-0.965926,0.433884,-0.900969,2,8,16,7,0.5333,1,181.32,0,car,Medium,Foggy,4.38
3.2706,-0.707107,-0.707107,0.433884,-0.900969,8,1,5,3,0.25,1,69.14,0,van,High,Windy,90.0
0.2467,-0.258819,-0.965926,0.781831,0.62349,3,5,25,19,0.2083,1,128.56,0,car,Normal,Foggy,2.42
0.3357,-0.5,-0.866025,-0.781831,0.62349,3,11,21,9,0.55,1,147.84,0,car,High,Sunny,4.12
0.9044,-0.866025,-0.5,0.0,1.0,8,7,12,4,0.6364,1,151.46,14,van,Low,Sunny,10.46
0.4859,0.0,-1.0,0.0,1.0,10,0,29,28,0.0,1,56.37,8,car,Medium,Rainy,6.38
1.3335,-0.5,-0.866025,-0.433884,-0.900969,2,5,25,19,0.2083,1,114.09,0,van,High,Sunny,24.82
0.5124,-0.707107,-0.707107,0.0,1.0,4,9,37,27,0.25,1,26.36,35,van,Jam,Sunny,21.4
3.8024,-0.258819,-0.965926,-0.781831,0.62349,1,3,8,4,0.4286,0,58.91,-1,van,Medium,Windy,67.74
1.065,-0.866025,0.5,0.974928,-0.222521,4,9,15,5,0.6429,1,355.74,15,car,Medium,Sunny,10.06
3.3374,-0.5,-0.866025,0.0,1.0,8,3,7,3,0.5,0,181.35,-1,car,High,Rainy,50.76
1.6518,-0.866025,-0.5,0.781831,0.62349,10,6,12,5,0.5455,1,234.69,1,car,Medium,Sunny,25.12
0.6455,-0.965926,0.258819,0.781831,0.62349,12,9,18,8,0.5294,1,301.04,0,car,Medium,Sandstorm,8.04
2.0948,0.0,-1.0,0.0,1.0,7,5,7,1,0.8333,0,11.43,-1,car,Medium,Sunny,23.84
1.7868,-0.866025,-0.5,0.0,1.0,7,1,13,11,0.0833,1,237.59,0,car,Low,Foggy,19.6
2.2501,0.258819,-0.965926,0.433884,-0.900969,10,10,14,3,0.7692,1,52.56,1,van,High,Sunny,40.54
0.8079,-0.707107,-0.707107,0.974928,-0.222521,5,5,14,8,0.3846,1,231.28,1,car,Medium,Sunny,12.88
0.2145,-1.0,-0.0,0.781831,0.62349,4,14,16,1,0.9333,1,106.46,0,car,High,Sunny,5.38
1.2922,-0.258819,0.965926,0.781831,0.62349,4,1,13,11,0.0833,1,2.35,14,car,Medium,Sunny,8.83
3.6851,-0.258819,-0.965926,0.781831,0.62349,4,4,8,3,0.5714,0,217.57,30,car,Medium,Sandstorm,57.84
0.7465,-0.5,-0.866025,0.433884,-0.900969,1,2,12,9,0.1818,1,76.23,1,van,Medium,Sunny,10.68
0.467,0.0,-1.0,-0.974928,-0.222521,3,15,17,1,0.9375,1,318.05,1,car,Medium,Foggy,6.79
3.4659,-0.5,-0.866025,0.974928,-0.222521,1,0,12,11,0.0,0,357.08,8,car,Medium,Sunny,33.47
0.1157,-0.5,-0.866025,-0.974928,-0.222521,6,0,16,15,0.0,1,351.36,0,car,Medium,Sunny,1.93
0.055,0.258819,-0.965926,0.974928,-0.222521,5,8,13,4,0.6667,1,88.68,0,van,Normal,Sunny,1.0
0.3156,-0.707107,0.707107,0.781831,0.62349,5,9,14,4,0.6923,1,218.03,1,van,Medium,Windy,3.79
4.8353,-0.258819,-0.965926,0.974928,-0.222521,11,3,6,2,0.6,1,56.5,1,van,Medium,Sunny,78.19
0.3745,-0.258819,-0.965926,0.433884,-0.900969,6,8,10,1,0.8889,1,224.03,6,van,Normal,Sunny,4.74
0.6615,-0.965926,0.258819,0.0,1.0,3,17,24,6,0.7391,1,111.98,35,car,Jam,Sunny,11.9
0.0666,-0.258819,-0.965926,0.974928,-0.222521,4,11,16,4,0.7333,1,335.09,0,car,Low,Sunny,1.0
0.4163,-0.707107,-0.707107,-0.781831,0.62349,4,15,25,9,0.625,1,121.82,0,van,High,Windy,12.2
0.562,-0.258819,-0.965926,-0.781831,0.62349,2,11,25,13,0.4583,1,55.91,0,van,Medium,Sandstorm,12.13
4.1216,-0.5,-0.866025,0.0,1.0,9,6,8,1,0.8571,0,24.11,18,car,Medium,Sunny,39.22
2.0425,-0.5,-0.866025,0.433884,-0.900969,4,8,19,10,0.4444,0,75.75,6,van,Jam,Foggy,66.03
0.6516,0.0,-1.0,0.974928,-0.222521,11,22,24,1,0.9565,1,178.54,35,car,Medium,Windy,7.81
0.9787,-0.965926,-0.258819,0.974928,-0.222521,3,5,11,5,0.5,1,62.61,1,van,Normal,Sunny,16.2
2.9923,-1.0,-0.0,-0.974928,-0.222521,4,7,12,4,0.6364,1,221.68,1,van,Normal,Sunny,50.14
1.6762,-0.258819,0.965926,0.0,1.0,8,5,12,6,0.4545,1,225.53,1,van,High,Sandstorm,30.97
0.8317,-0.258819,-0.965926,0.781831,0.62349,4,13,22,8,0.619,1,177.57,1,car,Normal,Sunny,7.33
0.5969,-0.258819,-0.965926,0.0,1.0,5,1,7,5,0.1667,1,207.29,0,van,Normal,Windy,8.04
0.4455,-0.866025,-0.5,0.781831,0.62349,11,8,17,8,0.5,1,185.37,1,van,Normal,Sunny,6.82
0.1806,0.258819,-0.965926,0.433884,-0.900969,1,4,25,20,0.1667,1,171.9,0,car,Normal,Sunny,1.05
1.0583,0.258819,-0.965926,-0.781831,0.62349,1,0,12,11,0.0,0,103.56,14,van,Low,Sunny,8.13
1.46,0.0,-1.0,0.781831,0.62349,9,12,22,9,0.5714,1,347.56,1,car,Normal,Sunny,13.52
0.2328,-0.5,-0.866025,-0.781831,0.62349,5,11,13,1,0.9167,1,44.36,1,car,Low,Windy,1.0
0.3661,-0.258819,-0.965926,0.974928,-0.222521,1,11,18,6,0.6471,1,44.07,0,car,Normal,Sunny,4.08
1.0387,-0.5,-0.866025,-0.974928,-0.222521,4,2,27,24,0.0769,0,333.88,-1,van,Medium,Windy,14.7
6.8274,-0.707107,-0.707107,0.433884,-0.900969,7,9,14,4,0.6923,0,44.96,18,car,Medium,Rainy,90.0
0.4168,-0.866025,-0.5,0.0,1.0,7,5,37,31,0.1389,1,198.81,35,car,Normal,Foggy,5.94
0.213,0.258819,-0.965926,0.433884,-0.900969,4,4,10,5,0.4444,1,354.4,1,van,Normal,Sunny,2.24
1.3764,0.0,-1.0,-0.974928,-0.222521,9,6,9,2,0.75,0,242.9,-1,van,High,Sunny,30.38
0.9417,0.0,-1.0,0.0,1.0,10,3,8,4,0.4286,1,217.75,15,van,Medium,Sandstorm,20.08
1.3565,-0.258819,-0.965926,0.781831,0.62349,12,0,5,4,0.0,1,276.68,1,car,High,Windy,23.62
0.3396,-1.0,-0.0,0.974928,-0.222521,4,31,37,5,0.8611,1,354.77,35,van,High,Rainy,10.91
0.9406,-0.707107,-0.707107,0.433884,-0.900969,5,2,4,1,0.6667,0,326.77,20,car,Medium,Rainy,18.15
0.5142,0.258819,-0.965926,0.433884,-0.900969,12,11,25,13,0.4583,1,188.18,0,car,High,Sunny,6.71
0.1249,0.258819,-0.965926,-0.781831,0.62349,1,12,24,11,0.5217,1,25.52,35,car,High,Sunny,1.99
4.9583,-0.258819,-0.965926,0.781831,0.62349,10,2,5,2,0.5,0,49.23,4,van,Normal,Sunny,62.59
2.0352,0.258819,-0.965926,0.781831,0.62349,1,3,29,25,0.1071,1,3.52,1,car,Normal,Sunny,15.13
0.0779,-0.866025,-0.5,0.433884,-0.900969,2,11,14,2,0.8462,1,63.47,1,car,Medium,Windy,1.13
1.2516,-0.5,0.866025,0.974928,-0.222521,1,11,17,5,0.6875,1,247.9,1,van,Jam,Sunny,26.33
0.7209,-0.866025,-0.5,0.781831,0.62349,9,8,14,5,0.6154,1,325.32,15,van,Medium,Windy,17.25
5.0262,0.0,-1.0,0.974928,-0.222521,4,1,4,2,0.3333,1,46.3,0,van,Normal,Sandstorm,84.19
1.9795,-0.5,-0.866025,0.433884,-0.900969,9,1,25,23,0.0417,1,41.45,0,car,Medium,Sunny,18.64
1.3786,-0.707107,-0.707107,0.974928,-0.222521,4,7,14,6,0.5385,1,293.16,1,car,High,Windy,31.0
0.3208,-0.258819,-0.965926,-0.974928,-0.222521,2,8,15,6,0.5714,1,82.9,0,van,Normal,Windy,4.03
0.1534,0.0,-1.0,-0.974928,-0.222521,12,10,12,1,0.9091,1,271.04,1,car,Normal,Sunny,1.11
0.2569,0.5,-0.866025,0.974928,-0.222521,4,15,25,9,0.625,1,85.83,0,van,Medium,Rainy,6.38
1.6868,0.0,-1.0,-0.974928,-0.222521,5,2,11,8,0.2,1,239.47,1,car,Medium,Foggy,24.22
0.2447,-0.866025,-0.5,0.0,1.0,3,2,11,8,0.2,1,198.3,1,van,Normal,Sunny,3.76
0.9948,-0.258819,-0.965926,0.0,1.0,4,14,21,6,0.7,1,105.56,6,van,High,Sunny,21.46
3.4551,-0.707107,-0.707107,0.0,1.0,5,0,7,6,0.0,0,335.43,8,car,Normal,Sunny,42.64
1.7011,-0.965926,-0.258819,0.974928,-0.222521,8,2,21,18,0.1,1,69.12,0,car,High,Windy,38.86
0.5294,-1.0,-0.0,0.781831,0.62349,3,11,21,9,0.55,1,113.03,0,van,Normal,Sunny,8.44
0.6196,-0.707107,-0.707107,-0.974928,-0.222521,2,6,9,2,0.75,1,294.99,6,car,Normal,Sunny,6.74
0.7928,0.258819,-0.965926,0.781831,0.62349,4,21,25,3,0.875,1,158.43,0,car,Medium,Sandstorm,10.05
0.1125,-0.258819,-0.965926,0.974928,-0.222521,2,18,24,5,0.7826,1,353.2,35,van,Medium,Sunny,1.52
1.063,-0.866025,-0.5,-0.974928,-0.222521,4,9,13,3,0.75,1,185.26,0,van,Normal,Sunny,17.56
2.2686,-0.258819,0.965926,-0.781831,0.62349,9,1,3,1,0.5,0,208.44,-1,car,Medium,Windy,17.33
5.64,-0.866025,-0.5,-0.781831,0.62349,4,5,14,8,0.3846,1,46.57,0,car,Normal,Sunny,68.06
0.5954,0.5,0.866025,-0.974928,-0.222521,4,29,37,7,0.8056,1,33.24,35,car,High,Sunny,5.79
0.1661,-0.5,-0.866025,0.433884,-0.900969,2,2,10,7,0.2222,1,255.37,1,van,Normal,Windy,1.92
0.5349,-0.707107,-0.707107,0.0,1.0,4,8,12,3,0.7273,1,300.67,0,van,Medium,Sunny,11.21
0.4114,0.0,-1.0,0.974928,-0.222521,11,3,14,10,0.2308,1,191.05,0,car,Normal,Sunny,4.61
1.0563,-0.5,-0.866025,-0.781831,0.62349,4,5,24,18,0.2174,1,112.49,35,car,Jam,Sunny,19.31
1.1697,-0.258819,-0.965926,0.433884,-0.900969,4,10,13,2,0.8333,1,36.9,1,car,High,Sunny,18.75
1.0796,-0.965926,0.258819,0.974928,-0.222521,4,9,15,5,0.6429,1,344.53,15,car,Medium,Sunny,10.16
0.1974,-0.965926,0.258819,-0.974928,-0.222521,9,3,19,15,0.1667,1,28.35,8,car,Low,Sunny,1.12
0.134,-0.258819,-0.965926,0.0,1.0,8,5,16,10,0.3333,1,23.2,0,car,Medium,Sandstorm,1.84
0.2148,-0.965926,-0.258819,0.433884,-0.900969,11,3,8,4,0.4286,1,355.18,0,car,Jam,Foggy,7.99
1.642,0.258819,-0.965926,-0.781831,0.62349,3,12,15,2,0.8571,1,150.69,0,van,Normal,Sandstorm,23.05
0.3413,-0.258819,-0.965926,0.433884,-0.900969,5,1,8,6,0.1429,1,163.51,0,car,Jam,Sunny,7.37
1.5596,-0.707107,-0.707107,-0.974928,-0.222521,4,13,15,1,0.9286,0,297.18,18,van,Normal,Windy,28.41
0.4852,-0.5,-0.866025,-0.433884,-0.900969,3,35,37,1,0.9722,1,27.33,35,van,Normal,Rainy,6.43
0.2274,-0.707107,-0.707107,0.974928,-0.222521,3,9,27,17,0.3462,1,232.01,13,van,Normal,Sunny,3.05
1.6025,-0.258819,-0.965926,-0.781831,0.62349,4,12,21,8,0.6,0,57.15,6,van,Medium,Sunny,25.83
0.5664,-0.707107,-0.707107,0.433884,-0.900969,8,7,11,3,0.7,1,287.46,1,van,Medium,Windy,12.95
1.3307,-0.5,-0.866025,0.0,1.0,9,9,14,4,0.6923,1,167.12,1,car,Medium,Foggy,16.14
0.948,-0.965926,-0.258819,-0.974928,-0.222521,12,4,29,24,0.1429,1,358.76,8,car,High,Sunny,19.71
1.5272,-0.5,-0.866025,-0.781831,0.62349,4,5,11,5,0.5,1,230.91,1,car,High,Sandstorm,25.9
0.9598,-0.258819,-0.965926,0.0,1.0,4,8,12,3,0.7273,1,212.78,1,car,Jam,Foggy,26.97
3.1105,-0.707107,-0.707107,-0.781831,0.62349,10,1,19,17,0.0556,0,345.47,8,car,Low,Sunny,26.78
0.363,-0.707107,-0.707107,0.433884,-0.900969,3,3,21,17,0.15,1,195.65,0,van,High,Sunny,10.4
3.0075,-0.258819,-0.965926,0.974928,-0.222521,11,6,11,4,0.6,1,25.12,1,car,Low,Sunny,20.09
4.0331,-0.707107,-0.707107,0.781831,0.62349,9,2,13,10,0.1667,1,44.91,0,van,Normal,Sandstorm,89.45
0.9086,-1.0,-0.0,0.0,1.0,11,0,17,16,0.0,1,324.33,1,van,Low,Sunny,10.63
1.5855,-1.0,-0.0,-0.974928,-0.222521,4,24,29,4,0.8571,1,262.18,6,car,Normal,Sunny,21.13
7.752,-0.258819,-0.965926,0.0,1.0,10,1,5,3,0.25,0,88.9,22,car,Medium,Sunny,90.0
6.6349,-0.5,-0.866025,0.433884,-0.900969,11,0,9,8,0.0,0,75.09,-1,van,High,Sunny,90.0
2.0218,-0.965926,-0.258819,0.781831,0.62349,4,1,25,23,0.0417,1,38.75,0,car,Normal,Sandstorm,33.06
0.698,-0.707107,-0.707107,0.433884,-0.900969,9,23,27,3,0.8846,1,194.99,12,car,High,Rainy,16.77
2.1206,-0.965926,-0.258819,0.0,1.0,4,4,7,2,0.6667,1,40.35,6,van,Jam,Sunny,88.56
1.9549,0.0,-1.0,0.974928,-0.222521,1,2,9,6,0.25,0,30.17,10,van,Jam,Rainy,72.56
0.2721,-0.707107,-0.707107,0.781831,0.62349,1,10,29,18,0.3571,1,96.08,1,van,High,Windy,9.53
3.4695,-0.707107,-0.707107,0.781831,0.62349,1,0,12,11,0.0,0,357.75,8,van,Jam,Foggy,90.0
0.2692,-0.707107,-0.707107,0.433884,-0.900969,11,1,15,13,0.0714,1,67.85,9,van,Normal,Rainy,5.64
1.2147,-0.258819,-0.965926,-0.781831,0.62349,4,7,24,16,0.3043,1,54.82,6,car,High,Sunny,20.4
2.5462,-0.707107,-0.707107,-0.974928,-0.222521,8,1,3,1,0.5,0,201.61,-1,van,Medium,Foggy,68.87
0.2741,0.0,-1.0,-0.974928,-0.222521,1,5,22,16,0.2381,1,76.92,1,van,Medium,Sunny,3.83
0.6672,0.0,-1.0,0.781831,0.62349,10,4,12,7,0.3636,1,334.46,14,car,High,Sandstorm,14.78
5.681,-0.258819,-0.965926,0.781831,0.62349,4,2,8,5,0.2857,0,55.47,15,car,Low,Sunny,38.47
1.7986,-0.707107,-0.707107,0.0,1.0,5,7,11,3,0.7,1,68.58,1,car,Medium,Sunny,27.37
0.2117,-0.258819,-0.965926,0.433884,-0.900969,4,12,17,4,0.75,1,236.87,1,car,High,Windy,4.95
0.0517,-0.258819,-0.965926,0.433884,-0.900969,4,5,10,4,0.5556,1,312.51,17,car,Normal,Rainy,1.0
0.6822,-0.965926,0.258819,0.0,1.0,1,22,24,1,0.9565,1,206.01,35,car,Normal,Sunny,4.69
6.1549,-0.965926,-0.258819,0.433884,-0.900969,11,0,8,7,0.0,0,197.76,-1,car,Medium,Sunny,90.0
0.809,-0.258819,-0.965926,0.974928,-0.222521,7,19,21,1,0.95,1,125.36,0,car,Normal,Sunny,11.01
0.7193,-0.707107,-0.707107,0.974928,-0.222521,4,5,8,2,0.7143,1,315.39,16,van,Jam,Sunny,29.38
1.8271,-0.258819,-0.965926,0.974928,-0.222521,4,5,12,6,0.4545,1,226.17,1,van,Medium,Sunny,29.15
1.0462,-0.258819,-0.965926,0.0,1.0,4,4,11,6,0.4,1,59.37,1,car,Medium,Sunny,12.62
0.6001,-0.258819,-0.965926,0.781831,0.62349,3,7,16,8,0.4667,1,106.44,0,car,Normal,Sunny,4.81
1.0648,-0.707107,-0.707107,0.974928,-0.222521,8,1,12,10,0.0909,1,261.9,1,van,Normal,Sunny,17.98
0.4332,-0.258819,-0.965926,0.974928,-0.222521,1,4,22,17,0.1905,1,76.47,1,van,Normal,Sunny,5.33
1.7697,0.5,-0.866025,0.0,1.0,4,12,37,24,0.3333,1,12.07,35,car,Medium,Rainy,28.88
1.6412,-0.866025,-0.5,-0.781831,0.62349,7,2,14,11,0.1538,1,246.25,0,car,Low,Foggy,17.92
0.7724,-0.866025,-0.5,0.781831,0.62349,2,8,13,4,0.6667,1,327.17,0,car,High,Sunny,15.68
0.442,-0.258819,-0.965926,-0.781831,0.62349,5,0,29,28,0.0,1,42.5,8,car,High,Sunny,8.59
3.4455,-1.0,-0.0,0.781831,0.62349,5,3,9,5,0.375,0,84.72,6,van,Low,Sunny,40.7
1.4682,-0.5,-0.866025,-0.781831,0.62349,11,7,11,3,0.7,1,49.21,1,car,Normal,Sunny,11.01
0.8167,0.258819,-0.965926,0.433884,-0.900969,10,7,12,4,0.6364,1,180.2,14,car,Jam,Rainy,18.91
0.9162,-0.707107,-0.707107,0.433884,-0.900969,2,7,10,2,0.7778,0,2.17,-1,car,Medium,Sunny,14.56
1.2469,-1.0,-0.0,-0.974928,-0.222521,4,2,18,15,0.1176,1,65.7,0,car,High,Sunny,27.03
0.7704,-0.866025,-0.5,0.781831,0.62349,4,1,11,9,0.1,1,336.02,1,car,Medium,Windy,14.04
0.3186,-0.707107,-0.707107,0.433884,-0.900969,11,34,37,2,0.9444,1,332.35,35,van,Medium,Sunny,6.49
6.0256,0.0,-1.0,0.974928,-0.222521,1,23,25,1,0.9583,1,229.62,0,car,Medium,Windy,75.44
1.0177,-0.258819,-0.965926,0.433884,-0.900969,2,9,21,11,0.45,1,189.25,0,car,Jam,Sunny,22.77
8.9779,-0.5,-0.866025,0.781831,0.62349,2,0,5,4,0.0,0,236.27,9,van,Normal,Sunny,90.0
0.5994,-0.5,-0.866025,0.433884,-0.900969,4,5,13,7,0.4167,1,105.7,0,van,Medium,Sunny,8.18
0.1364,-0.258819,-0.965926,-0.781831,0.62349,3,1,4,2,0.3333,1,224.56,0,car,Low,Sandstorm,1.43
0.5122,-0.866025,-0.5,0.781831,0.62349,11,11,25,13,0.4583,1,170.61,0,car,High,Sunny,10.89
0.2267,-0.707107,-0.707107,0.433884,-0.900969,5,18,21,2,0.9,1,11.69,5,car,Normal,Sandstorm,3.71
0.1799,-0.866025,-0.5,0.974928,-0.222521,4,4,29,24,0.1429,1,359.21,1,van,Medium,Sunny,3.54
0.2037,-0.866025,-0.5,-0.781831,0.62349,4,9,11,1,0.9,1,147.99,1,car,Medium,Rainy,3.41
2.146,-0.258819,-0.965926,0.974928,-0.222521,3,27,29,1,0.9643,0,42.21,5,car,High,Windy,36.3
0.3131,-0.5,-0.866025,-0.974928,-0.222521,4,13,29,15,0.4643,1,331.04,6,van,Medium,Sunny,5.02
1.3481,0.258819,-0.965926,0.433884,-0.900969,11,2,14,11,0.1538,1,232.68,0,car,Medium,Sandstorm,17.08
1.5444,-0.258819,-0.965926,-0.781831,0.62349,2,11,19,7,0.6111,1,41.76,6,car,High,Rainy,29.47
0.5216,-0.5,-0.866025,0.781831,0.62349,3,19,29,9,0.6786,1,8.26,6,van,Normal,Sunny,5.28
4.0478,-0.965926,-0.258819,-0.433884,-0.900969,5,6,12,5,0.5455,0,51.54,6,car,Medium,Foggy,78.31
1.6758,-0.866025,-0.5,0.974928,-0.222521,4,2,14,11,0.1538,1,232.61,0,van,Jam,Sunny,70.29
0.7874,-0.258819,-0.965926,0.781831,0.62349,12,3,16,12,0.2,1,161.03,0,van,Normal,Sunny,11.16
0.2724,0.0,-1.0,-0.781831,0.62349,1,25,29,3,0.8929,1,256.4,1,van,High,Sunny,5.65
2.4305,0.258819,-0.965926,-0.974928,-0.222521,5,1,7,5,0.1667,0,41.41,6,van,Medium,Sandstorm,42.5
0.4521,-0.965926,0.258819,-0.974928,-0.222521,4,12,29,16,0.4286,1,314.16,6,van,Low,Sandstorm,4.04
1.9169,-0.258819,-0.965926,0.974928,-0.222521,10,14,29,14,0.5,1,276.91,1,car,Normal,Sandstorm,23.41
1.4211,-0.5,-0.866025,0.974928,-0.222521,11,3,15,11,0.2143,1,52.15,0,van,High,Windy,27.74
0.1885,-0.965926,0.258819,-0.974928,-0.222521,9,14,24,9,0.6087,1,95.37,15,van,Medium,Sunny,2.62
1.0124,-0.258819,-0.965926,0.974928,-0.222521,5,3,8,4,0.4286,1,26.45,1,car,Jam,Sunny,22.82
0.3416,-0.965926,-0.258819,0.781831,0.62349,4,5,29,23,0.1786,1,359.51,1,car,Normal,Sunny,5.0
2.0731,0.0,-1.0,0.781831,0.62349,1,12,16,3,0.8,1,260.6,0,car,Jam,Sunny,47.62
1.1036,0.258819,-0.965926,-0.974928,-0.222521,4,11,16,4,0.7333,1,256.67,0,van,Medium,Sunny,14.13
0.3892,-0.258819,-0.965926,0.0,1.0,4,18,37,18,0.5,1,33.96,35,van,Normal,Sunny,5.04
0.1702,-0.866025,-0.5,-0.974928,-0.222521,4,10,13,2,0.8333,1,23.15,0,car,Medium,Sunny,2.59
0.6381,0.258819,-0.965926,0.974928,-0.222521,1,6,22,15,0.2857,1,52.54,1,van,Medium,Sunny,8.03
0.3584,-0.965926,-0.258819,-0.974928,-0.222521,4,13,16,2,0.8667,1,57.75,0,car,Low,Sunny,3.0
2.6723,0.258819,-0.965926,0.433884,-0.900969,1,1,4,2,0.3333,0,254.19,-1,car,Normal,Sunny,19.81
0.3909,0.0,-1.0,-0.781831,0.62349,4,32,37,4,0.8889,1,356.64,35,van,Normal,Windy,5.18
0.3986,0.0,-1.0,0.781831,0.62349,5,1,13,11,0.0833,1,63.93,2,car,High,Sandstorm,8.94
7.9665,-0.965926,0.258819,-0.781831,0.62349,4,1,5,3,0.25,0,89.9,22,van,Medium,Sunny,90.0
2.5233,-0.866025,-0.5,0.781831,0.62349,3,3,5,1,0.75,1,274.86,0,van,Normal,Foggy,52.56
0.2364,0.0,-1.0,0.781831,0.62349,7,0,29,28,0.0,1,94.22,8,van,Normal,Windy,5.13
0.7852,-0.258819,-0.965926,-0.781831,0.62349,7,5,14,8,0.3846,1,225.82,1,car,Medium,Sunny,9.31
0.2981,-0.5,-0.866025,-0.781831,0.62349,10,5,9,3,0.625,1,66.81,1,van,High,Sunny,5.71
1.715,0.0,-1.0,0.433884,-0.900969,5,3,11,7,0.3,1,233.89,1,car,Jam,Sunny,38.69
1.3394,-1.0,-0.0,-0.781831,0.62349,6,3,12,8,0.2727,1,354.13,14,car,High,Windy,29.65
0.8076,-0.258819,-0.965926,-0.974928,-0.222521,3,2,12,9,0.1818,1,278.72,0,car,Medium,Sunny,9.28
2.0486,-0.258819,-0.965926,0.0,1.0,4,17,24,6,0.7391,0,33.59,18,car,Normal,Windy,19.68
0.4189,-0.258819,-0.965926,-0.781831,0.62349,3,13,16,2,0.8667,1,81.2,0,car,Normal,Windy,4.05
3.9724,-0.5,-0.866025,-0.781831,0.62349,3,6,8,1,0.8571,0,24.01,18,car,Normal,Sunny,30.48
2.004,-0.258819,-0.965926,0.781831,0.62349,11,5,12,6,0.4545,1,228.83,1,van,High,Sunny,44.09
1.6065,0.258819,-0.965926,0.974928,-0.222521,3,1,14,12,0.0769,1,243.05,0,car,Normal,Sunny,11.99
0.1234,-0.965926,0.258819,0.781831,0.62349,10,5,25,19,0.2083,1,143.19,0,car,Medium,Windy,1.0
0.0861,-0.707107,-0.707107,-0.781831,0.62349,12,9,11,1,0.9,1,34.2,1,car,High,Sunny,2.3
0.6656,-0.258819,-0.965926,0.0,1.0,4,11,25,13,0.4583,1,180.54,0,car,Medium,Sunny,7.26
8.2351,0.0,-1.0,-0.974928,-0.222521,4,2,4,1,0.6667,1,230.56,0,car,Jam,Sunny,90.0
1.3672,-1.0,-0.0,0.0,1.0,1,2,8,5,0.2857,1,103.22,1,car,Medium,Sunny,20.95
0.8504,-0.707107,-0.707107,-0.974928,-0.222521,3,4,8,3,0.5714,1,36.97,1,van,Normal,Rainy,16.28
5.4796,-0.258819,-0.965926,0.433884,-0.900969,1,1,4,2,0.3333,1,51.6,0,van,Normal,Windy,73.66
4.6891,0.258819,-0.965926,-0.974928,-0.222521,11,1,11,9,0.1,0,50.32,2,van,High,Rainy,90.0
0.6593,0.258819,0.965926,0.433884,-0.900969,5,8,10,1,0.8889,1,244.41,6,car,Normal,Windy,3.75
0.3351,-0.866025,0.5,-0.781831,0.62349,4,20,29,8,0.7143,1,147.27,1,car,Normal,Sunny,2.53
0.8219,0.0,-1.0,0.781831,0.62349,1,9,13,3,0.75,1,192.51,0,car,Normal,Sandstorm,9.43
3.2907,-0.965926,-0.258819,0.433884,-0.900969,4,1,19,17,0.0556,0,345.2,8,car,Normal,Sunny,40.08
0.3886,-0.5,-0.866025,0.781831,0.62349,6,17,25,7,0.7083,1,221.1,0,van,Normal,Sandstorm,4.91
0.5128,-0.866025,-0.5,0.781831,0.62349,3,11,13,1,0.9167,1,253.54,0,van,Medium,Sunny,11.92
0.2264,-0.258819,-0.965926,0.974928,-0.222521,11,2,4,1,0.6667,1,275.29,0,car,Medium,Windy,3.2
0.2641,-0.866025,-0.5,0.0,1.0,11,14,19,4,0.7778,1,209.61,6,van,High,Rainy,9.49
0.2495,-0.258819,-0.965926,0.433884,-0.900969,3,8,16,7,0.5333,1,185.54,0,van,Medium,Sunny,4.2
1.421,-0.707107,-0.707107,-0.781831,0.62349,6,6,10,3,0.6667,1,129.16,1,car,Normal,Rainy,20.89
2.397,-0.965926,0.258819,0.433884,-0.900969,4,4,9,4,0.5,1,20.63,6,car,Normal,Sunny,18.09
7.3312,-0.258819,-0.965926,0.0,1.0,4,0,11,10,0.0,0,227.2,-1,van,Normal,Sunny,90.0
1.0384,0.0,-1.0,0.0,1.0,10,5,24,18,0.2174,1,105.01,35,car,Medium,Sunny,12.23
0.2916,0.0,-1.0,0.781831,0.62349,4,4,22,17,0.1905,1,90.88,1,van,Medium,Sunny,5.77
20.0,-0.707107,-0.707107,0.0,1.0,4,1,7,5,0.1667,0,37.32,-1,car,Medium,Sunny,90.0
0.9444,-0.965926,-0.258819,0.433884,-0.900969,3,3,21,17,0.15,1,200.18,8,car,Normal,Sunny,13.05
0.1692,-0.258819,-0.965926,0.974928,-0.222521,1,22,37,14,0.6111,1,6.63,35,van,Normal,Windy,2.13
0.4558,0.0,-1.0,-0.781831,0.62349,4,8,10,1,0.8889,1,262.81,6,van,Normal,Sunny,5.98
0.728,0.0,-1.0,-0.974928,-0.222521,9,1,10,8,0.1111,1,169.49,0,van,Normal,Sunny,9.86
0.3928,-0.258819,-0.965926,-0.974928,-0.222521,1,12,24,11,0.5217,1,358.99,15,car,Normal,Sunny,3.16
1.1416,-0.258819,-0.965926,0.781831,0.62349,5,8,16,7,0.5333,1,139.68,0,van,Medium,Windy,20.49
0.9583,0.0,-1.0,0.0,1.0,4,4,11,6,0.4,1,231.48,1,car,Medium,Sunny,10.81
0.1366,0.0,-1.0,0.433884,-0.900969,11,10,13,2,0.8333,1,134.68,0,van,Normal,Sunny,1.99
1.1058,0.258819,-0.965926,0.974928,-0.222521,4,7,17,9,0.4375,1,303.45,1,car,Normal,Sunny,8.17
0.5738,-0.258819,-0.965926,0.781831,0.62349,7,22,37,14,0.6111,1,327.43,35,car,Jam,Sunny,12.66
0.3101,-0.5,-0.866025,-0.974928,-0.222521,12,0,8,7,0.0,1,57.91,6,car,Low,Sunny,1.38
1.6693,0.258819,-0.965926,-0.974928,-0.222521,5,20,29,8,0.7143,1,18.04,6,van,Normal,Windy,18.28
0.8342,-0.707107,-0.707107,0.433884,-0.900969,6,6,9,2,0.75,1,318.14,6,van,Normal,Sunny,13.54
1.6308,-0.258819,-0.965926,-0.781831,0.62349,4,1,14,12,0.0769,1,239.68,0,car,Medium,Sunny,19.55
0.1512,-0.5,-0.866025,0.433884,-0.900969,11,10,13,2,0.8333,1,154.24,0,car,Medium,Windy,1.9
1.1673,-0.5,0.866025,-0.974928,-0.222521,4,25,27,1,0.9615,0,237.17,-1,car,Medium,Foggy,10.51
0.8882,-0.5,-0.866025,0.974928,-0.222521,5,8,29,20,0.2857,1,214.22,1,car,Medium,Sunny,8.37
2.0478,-0.707107,-0.707107,-0.781831,0.62349,9,2,14,11,0.1538,1,227.55,1,van,High,Sunny,59.32
0.5863,-0.258819,-0.965926,-0.781831,0.62349,6,2,8,5,0.2857,0,57.38,-1,van,Medium,Sunny,10.17
0.1951,0.0,-1.0,0.433884,-0.900969,4,2,11,8,0.2,1,163.91,2,van,High,Sunny,4.65
0.9351,-0.258819,-0.965926,0.974928,-0.222521,4,2,16,13,0.1333,1,35.36,0,car,Jam,Sunny,20.79
0.639,0.258819,0.965926,0.433884,-0.900969,11,5,18,12,0.2941,1,98.55,0,van,Jam,Sunny,12.43
0.671,-0.965926,-0.258819,0.781831,0.62349,12,0,21,20,0.0,1,355.55,9,van,High,Windy,20.57
1.9258,-0.5,-0.866025,0.433884,-0.900969,9,1,6,4,0.2,1,237.5,1,van,Medium,Windy,26.89
0.9913,-0.258819,-0.965926,0.974928,-0.222521,8,2,27,24,0.0769,0,335.15,-1,van,High,Sunny,21.52
1.2127,-0.258819,-0.965926,0.781831,0.62349,1,24,29,4,0.8571,1,258.47,6,car,Low,Sunny,7.73
0.2689,-0.5,-0.866025,0.433884,-0.900969,7,10,13,2,0.8333,1,168.31,0,car,Jam,Sunny,4.4
0.858,-0.707107,-0.707107,-0.781831,0.62349,10,8,29,20,0.2857,1,217.96,1,van,Normal,Sunny,13.87
3.1657,-0.866025,-0.5,0.0,1.0,1,2,25,22,0.0833,1,36.53,0,car,Medium,Sunny,48.87
0.7261,-0.707107,-0.707107,-0.974928,-0.222521,3,1,12,10,0.0909,1,30.4,0,van,Normal,Sunny,13.19
1.0377,-0.258819,-0.965926,0.781831,0.62349,2,7,10,2,0.7778,0,17.96,-1,car,High,Rainy,19.68
0.1533,-1.0,-0.0,0.974928,-0.222521,8,7,29,21,0.25,1,320.72,1,van,Jam,Sunny,6.38
3.2765,-0.965926,-0.258819,0.974928,-0.222521,10,5,11,5,0.5,1,51.2,1,van,Jam,Sandstorm,90.0
0.3187,0.0,-1.0,0.781831,0.62349,2,5,13,7,0.4167,1,226.85,0,van,Medium,Sunny,4.85
2.791,-0.707107,-0.707107,-0.781831,0.62349,3,9,29,19,0.3214,0,160.42,8,van,High,Foggy,90.0
0.9992,-0.258819,-0.965926,0.0,1.0,4,1,12,10,0.0909,1,5.92,1,van,Normal,Sunny,12.0
0.6694,-0.258819,-0.965926,-0.974928,-0.222521,3,24,37,12,0.6667,1,139.06,35,van,Normal,Sunny,9.53
1.6391,-1.0,-0.0,0.0,1.0,8,4,17,12,0.25,1,126.76,1,van,High,Rainy,55.64
0.2933,-0.258819,-0.965926,-0.974928,-0.222521,11,20,29,8,0.7143,1,106.99,1,car,Medium,Sandstorm,3.96
0.5935,-0.258819,-0.965926,-0.781831,0.62349,1,3,13,9,0.25,1,171.76,0,car,Normal,Windy,5.51
10.396,0.258819,-0.965926,0.781831,0.62349,5,2,14,11,0.1538,0,44.39,15,car,Jam,Foggy,90.0
0.9792,0.0,-1.0,0.781831,0.62349,10,8,13,4,0.6667,1,328.63,0,car,High,Windy,16.21
1.8515,-0.5,-0.866025,0.974928,-0.222521,7,5,12,6,0.4545,1,231.21,1,car,High,Sunny,24.53
0.1274,-0.965926,0.258819,-0.974928,-0.222521,11,9,29,19,0.3214,1,293.16,1,van,Low,Sunny,1.0
0.4193,-0.5,-0.866025,0.0,1.0,5,10,15,4,0.7143,1,135.79,15,car,Medium,Sunny,4.18
0.123,-0.866025,-0.5,-0.781831,0.62349,6,8,13,4,0.6667,1,278.04,0,car,Normal,Sunny,1.61
1.6049,0.0,-1.0,0.433884,-0.900969,5,4,27,22,0.1538,0,158.94,11,car,Normal,Sandstorm,19.72
0.606,-0.5,0.866025,0.781831,0.62349,4,0,13,12,0.0,1,156.66,14,van,Medium,Rainy,7.06
1.5595,-0.258819,-0.965926,-0.974928,-0.222521,10,5,14,8,0.3846,0,242.81,6,car,Normal,Sandstorm,18.73
4.1983,-0.258819,-0.965926,-0.433884,-0.900969,3,1,18,16,0.0588,1,41.7,0,van,Normal,Windy,56.49
0.7825,-0.5,-0.866025,0.974928,-0.222521,5,24,29,4,0.8571,1,215.78,1,van,Low,Sunny,5.09
0.7379,-0.866025,-0.5,0.781831,0.62349,1,2,16,13,0.1333,1,60.07,0,car,Jam,Windy,23.86
0.1941,-0.707107,0.707107,0.433884,-0.900969,5,2,13,10,0.1667,1,206.87,14,van,High,Sunny,2.69
1.0658,-0.5,-0.866025,0.433884,-0.900969,5,1,21,19,0.05,1,55.45,0,car,Normal,Windy,8.73
1.245,-0.707107,-0.707107,0.0,1.0,6,5,14,8,0.3846,0,234.65,6,van,Normal,Windy,21.77
0.991,-0.707107,-0.707107,0.0,1.0,3,0,2,1,0.0,1,4.64,1,van,Normal,Windy,17.87
2.8115,0.0,-1.0,-0.781831,0.62349,5,6,11,4,0.6,1,32.33,1,van,Medium,Rainy,53.56
1.9979,0.0,-1.0,-0.781831,0.62349,4,4,6,1,0.8,1,331.11,1,van,Medium,Windy,34.75
0.9499,0.0,-1.0,0.781831,0.62349,2,7,17,9,0.4375,1,318.38,1,car,High,Sunny,15.01
1.1392,-0.707107,-0.707107,0.0,1.0,11,21,37,15,0.5833,1,49.95,35,car,High,Sunny,23.34
0.904,-0.707107,-0.707107,-0.781831,0.62349,3,10,16,5,0.6667,1,113.69,0,van,Normal,Rainy,18.32
1.2974,-0.258819,-0.965926,0.0,1.0,6,0,5,4,0.0,1,281.05,1,car,Medium,Sandstorm,20.83
0.3597,-0.866025,-0.5,0.0,1.0,10,2,11,8,0.2,1,215.87,1,car,Jam,Sunny,10.62
1.1043,0.258819,-0.965926,-0.781831,0.62349,3,24,29,4,0.8571,1,204.65,1,car,Normal,Foggy,9.89
1.6572,0.0,-1.0,0.0,1.0,8,9,21,11,0.45,0,309.73,7,car,Medium,Windy,21.11
1.7283,-0.5,-0.866025,0.974928,-0.222521,5,1,13,11,0.0833,1,229.68,0,car,Normal,Sunny,12.64
1.6958,-0.258819,-0.965926,0.781831,0.62349,1,5,15,9,0.3571,0,107.35,-1,van,Normal,Sunny,21.69
0.1333,-0.258819,-0.965926,0.0,1.0,1,34,37,2,0.9444,1,77.25,35,van,High,Sunny,3.26
1.2494,-0.707107,0.707107,0.974928,-0.222521,3,24,29,4,0.8571,1,198.18,1,van,Normal,Sunny,9.57
0.4758,0.0,-1.0,0.433884,-0.900969,5,4,22,17,0.1905,1,118.66,1,van,Medium,Sandstorm,9.71
0.0842,0.0,-1.0,0.0,1.0,4,8,13,4,0.6667,1,29.07,0,car,High,Windy,1.23
1.4051,-0.965926,-0.258819,0.0,1.0,4,0,2,1,0.0,1,358.71,1,car,Medium,Sunny,21.46
1.57,-0.258819,-0.965926,0.0,1.0,2,4,17,12,0.25,1,135.98,1,van,Normal,Sunny,20.93
0.3833,-1.0,-0.0,0.433884,-0.900969,4,8,14,5,0.6154,1,90.1,0,van,Medium,Sunny,8.21
0.0791,-0.5,-0.866025,-0.974928,-0.222521,8,11,16,4,0.7333,1,84.94,0,van,Normal,Rainy,2.03
0.8991,-0.5,-0.866025,0.974928,-0.222521,11,5,17,11,0.3125,1,228.55,1,van,Jam,Sunny,22.87
0.4851,-0.5,-0.866025,0.0,1.0,2,9,22,12,0.4286,1,345.55,1,car,Low,Sunny,2.29
20.0,-0.707107,-0.707107,0.433884,-0.900969,12,1,7,5,0.1667,0,37.45,-1,van,Normal,Windy,90.0
0.8467,-0.258819,-0.965926,0.433884,-0.900969,3,11,25,13,0.4583,1,70.6,0,van,Medium,Rainy,16.5
1.0984,-0.707107,-0.707107,-0.781831,0.62349,1,2,10,7,0.2222,0,25.71,17,car,Normal,Sunny,13.04
1.8574,0.258819,-0.965926,0.433884,-0.900969,8,9,13,3,0.75,0,290.04,-1,car,Jam,Sandstorm,46.7
1.7735,0.0,-1.0,0.781831,0.62349,6,12,15,2,0.8571,1,138.07,0,car,Medium,Foggy,25.87
0.87,-0.965926,0.258819,0.0,1.0,1,6,9,2,0.75,0,303.56,-1,van,Jam,Sunny,22.1
0.8063,-0.866025,-0.5,0.781831,0.62349,2,3,13,9,0.25,1,169.06,0,car,Low,Windy,8.1
0.7376,-0.258819,-0.965926,-0.781831,0.62349,12,21,25,3,0.875,1,168.8,0,car,High,Sandstorm,15.73
0.4706,-0.258819,-0.965926,0.433884,-0.900969,1,18,37,18,0.5,1,54.76,35,car,Normal,Sunny,3.73
0.3962,0.0,-1.0,-0.974928,-0.222521,1,9,19,9,0.5,1,185.02,6,car,Medium,Foggy,5.48
1.2129,0.258819,-0.965926,0.974928,-0.222521,4,8,16,7,0.5333,1,140.33,0,van,High,Foggy,26.83
0.1948,-0.258819,-0.965926,-0.974928,-0.222521,10,4,10,5,0.4444,1,113.19,6,car,Normal,Windy,2.63
7.6896,-1.0,-0.0,0.433884,-0.900969,4,1,5,3,0.25,0,90.2,22,van,High,Sunny,90.0
0.2008,-0.5,-0.866025,0.974928,-0.222521,12,9,19,9,0.5,1,142.5,6,car,High,Sunny,2.05
1.3458,-0.707107,-0.707107,-0.974928,-0.222521,4,3,10,6,0.3333,1,89.15,0,car,High,Sunny,29.41
2.0168,-1.0,-0.0,0.974928,-0.222521,4,12,15,2,0.8571,1,148.09,0,car,Medium,Sunny,31.15
0.4904,-0.707107,-0.707107,0.433884,-0.900969,2,2,11,8,0.2,1,189.42,1,van,Normal,Sunny,9.86
1.2423,-1.0,-0.0,0.433884,-0.900969,11,7,11,3,0.7,1,37.13,1,car,Low,Sunny,12.31
1.1821,-0.258819,-0.965926,-0.974928,-0.222521,9,5,14,8,0.3846,1,222.08,1,car,High,Sunny,20.3
0.9019,-0.5,-0.866025,0.433884,-0.900969,6,22,24,1,0.9565,1,186.3,35,car,Normal,Sunny,6.37
1.7471,-0.965926,-0.258819,-0.781831,0.62349,1,2,9,6,0.25,0,34.88,10,car,Normal,Sunny,21.46
0.184,0.0,-1.0,0.974928,-0.222521,5,10,13,2,0.8333,1,131.61,0,van,Low,Windy,1.53
2.1401,0.258819,-0.965926,0.433884,-0.900969,4,4,7,2,0.6667,1,42.89,6,van,High,Sunny,37.94
0.9767,0.0,-1.0,0.974928,-0.222521,3,5,19,13,0.2778,1,9.17,8,car,High,Foggy,19.22
0.2974,-0.866025,-0.5,0.0,1.0,1,8,21,12,0.4,1,89.95,6,van,Normal,Sunny,4.84
1.7438,-0.5,-0.866025,0.433884,-0.900969,11,1,6,4,0.2,1,234.2,1,van,High,Sunny,31.3
0.2652,-0.5,-0.866025,0.433884,-0.900969,10,10,22,11,0.4762,1,175.78,1,car,Jam,Sandstorm,7.09
1.0519,-0.5,-0.866025,-0.781831,0.62349,4,10,12,1,0.9091,0,260.11,-1,van,Jam,Sunny,26.57
0.4841,-0.5,-0.866025,0.433884,-0.900969,3,17,24,6,0.7391,1,89.31,35,car,Medium,Sunny,4.64
6.7535,-0.5,-0.866025,0.781831,0.62349,1,1,13,11,0.0833,1,52.97,0,car,Jam,Windy,90.0
15.6485,-0.258819,-0.965926,0.781831,0.62349,11,8,10,1,0.8889,0,232.59,-1,car,Normal,Sunny,90.0
0.3087,-0.965926,-0.258819,0.0,1.0,8,2,11,8,0.2,1,59.04,1,car,Normal,Sunny,4.37
0.3328,0.0,-1.0,0.974928,-0.222521,4,5,29,23,0.1786,1,329.12,1,van,Normal,Sunny,4.26
0.6577,-0.258819,-0.965926,0.433884,-0.900969,9,9,11,1,0.9,1,133.04,1,van,Normal,Sunny,7.72
0.3454,0.5,-0.866025,0.0,1.0,11,15,24,8,0.6522,1,187.29,35,car,Medium,Sandstorm,8.29
0.2496,-0.965926,-0.258819,0.433884,-0.900969,4,3,14,10,0.2308,1,58.48,15,van,High,Rainy,8.28
2.5891,-0.5,-0.866025,0.433884,-0.900969,3,7,13,5,0.5833,0,200.53,-1,van,Medium,Sandstorm,45.91
0.9951,-0.965926,-0.258819,0.0,1.0,2,4,29,24,0.1429,1,338.28,8,van,Medium,Sandstorm,29.61
1.2137,-0.5,-0.866025,-0.781831,0.62349,5,2,18,15,0.1176,1,58.23,0,van,Jam,Sunny,33.47
0.6083,0.258819,-0.965926,0.433884,-0.900969,10,5,16,10,0.3333,1,324.09,0,car,Normal,Sunny,4.28
1.5418,-0.866025,-0.5,0.433884,-0.900969,6,2,14,11,0.1538,1,233.41,0,van,Normal,Foggy,32.51
20.0,-0.258819,-0.965926,0.974928,-0.222521,11,1,7,5,0.1667,0,38.18,-1,car,Normal,Sunny,90.0
0.1527,-0.965926,-0.258819,-0.781831,0.62349,1,4,29,24,0.1429,1,104.57,1,car,High,Sunny,3.79
0.6504,-0.5,-0.866025,-0.781831,0.62349,9,2,12,9,0.1818,1,56.41,1,van,Medium,Sunny,8.39
0.2685,-0.258819,-0.965926,-0.974928,-0.222521,12,2,11,8,0.2,1,220.11,1,car,Low,Sandstorm,3.0
5.8434,-0.258819,-0.965926,0.433884,-0.900969,7,4,8,3,0.5714,0,253.02,-1,car,Normal,Sunny,53.29
0.2859,-0.965926,0.258819,0.974928,-0.222521,4,26,37,10,0.7222,1,242.1,35,car,High,Sunny,3.05
2.9668,0.0,-1.0,0.781831,0.62349,5,2,25,22,0.0833,1,40.93,0,car,High,Foggy,58.39
0.3074,-0.5,-0.866025,0.433884,-0.900969,2,6,13,6,0.5,1,42.73,0,car,High,Foggy,4.63
0.1476,-0.258819,-0.965926,-0.781831,0.62349,12,5,25,19,0.2083,1,209.68,0,van,Jam,Sunny,4.64
0.2063,-0.258819,-0.965926,0.433884,-0.900969,4,2,4,1,0.6667,1,152.1,0,car,Medium,Sandstorm,3.41
0.05,-0.5,-0.866025,0.974928,-0.222521,1,14,21,6,0.7,1,16.57,0,van,Normal,Foggy,1.0
2.0487,0.258819,-0.965926,0.433884,-0.900969,3,21,24,2,0.913,1,340.35,35,car,Medium,Sunny,19.51
0.1155,-0.258819,-0.965926,0.433884,-0.900969,4,18,21,2,0.9,1,356.93,5,van,Low,Sunny,1.18
0.5973,-0.258819,-0.965926,-0.974928,-0.222521,4,7,12,4,0.6364,1,14.22,6,van,Medium,Sunny,9.06
0.8823,-0.258819,-0.965926,-0.974928,-0.222521,5,2,16,13,0.1333,1,42.62,0,car,Medium,Sandstorm,14.33
0.3201,-0.707107,-0.707107,0.433884,-0.900969,4,4,16,11,0.2667,1,18.75,0,car,Normal,Sunny,4.17
0.6936,-0.866025,-0.5,0.433884,-0.900969,11,3,13,9,0.25,1,7.94,14,car,Medium,Sunny,11.01
0.0839,0.258819,-0.965926,0.433884,-0.900969,8,6,12,5,0.5455,1,121.11,14,van,High,Sunny,3.18
0.8463,-0.5,-0.866025,-0.974928,-0.222521,4,7,10,2,0.7778,1,341.51,6,van,Low,Sunny,6.93
3.4135,-0.258819,-0.965926,0.433884,-0.900969,10,13,27,13,0.5,0,324.82,-1,car,Low,Windy,23.73
0.2026,-0.965926,-0.258819,0.433884,-0.900969,11,10,24,13,0.4348,1,103.11,35,car,High,Sandstorm,5.28
0.2909,0.258819,-0.965926,0.974928,-0.222521,4,14,24,9,0.6087,1,154.0,15,car,Medium,Sunny,3.27
2.1731,-0.707107,-0.707107,0.974928,-0.222521,5,3,29,25,0.1071,1,13.27,1,car,Jam,Windy,71.93
1.0459,-0.258819,-0.965926,-0.781831,0.62349,8,0,12,11,0.0,0,119.97,14,car,Medium,Sunny,11.82
1.7111,0.0,-1.0,0.974928,-0.222521,5,10,13,2,0.8333,0,249.71,-1,van,Low,Sunny,16.47
2.1429,0.0,-1.0,0.433884,-0.900969,11,4,9,4,0.5,1,19.62,6,car,High,Sandstorm,45.02
0.2497,-0.866025,-0.5,-0.974928,-0.222521,11,6,11,4,0.6,1,66.9,1,van,Jam,Rainy,11.6
0.1422,-0.965926,-0.258819,-0.974928,-0.222521,4,8,25,16,0.3333,1,317.16,0,van,Medium,Sunny,2.76
5.8063,-0.258819,-0.965926,0.433884,-0.900969,11,5,14,8,0.3846,1,48.3,0,van,High,Sunny,90.0
0.5261,-0.965926,-0.258819,0.0,1.0,4,5,22,16,0.2381,1,43.14,1,car,Jam,Sunny,16.05
1.414,-0.965926,-0.258819,-0.974928,-0.222521,11,7,24,16,0.3043,1,52.21,6,van,Medium,Sunny,30.58
2.0045,-0.258819,-0.965926,0.781831,0.62349,3,17,24,6,0.7391,0,37.81,18,car,Normal,Sunny,18.52
1.2731,-0.258819,-0.965926,0.0,1.0,4,2,4,1,0.6667,0,300.04,-1,car,Normal,Rainy,13.87
0.5603,-0.258819,-0.965926,-0.974928,-0.222521,11,11,25,13,0.4583,1,83.63,0,van,High,Sunny,12.42
1.2052,0.258819,-0.965926,0.974928,-0.222521,5,5,17,11,0.3125,1,226.1,1,van,Normal,Sunny,12.1
2.5106,-0.5,-0.866025,0.781831,0.62349,11,1,21,19,0.05,0,327.76,8,van,High,Sunny,45.1
1.1805,-0.965926,0.258819,0.433884,-0.900969,1,0,2,1,0.0,1,2.54,1,car,Normal,Sunny,8.94
1.6516,-0.5,-0.866025,-0.974928,-0.222521,6,0,18,17,0.0,1,235.65,0,car,Medium,Windy,17.9
0.2278,0.0,-1.0,-0.974928,-0.222521,1,10,21,10,0.5,1,203.73,0,van,Medium,Windy,3.52
1.4061,0.0,-1.0,0.433884,-0.900969,5,9,15,5,0.6429,1,59.0,0,van,Medium,Sunny,23.4
0.2382,-0.866025,-0.5,0.974928,-0.222521,1,10,13,2,0.8333,1,143.54,0,car,Medium,Sunny,3.31
2.0349,0.258819,-0.965926,0.433884,-0.900969,6,1,12,10,0.0909,1,13.21,14,car,High,Sandstorm,35.11
0.6852,-0.5,-0.866025,-0.781831,0.62349,11,4,29,24,0.1429,1,345.17,8,car,Normal,Sunny,5.36
1.4346,0.0,-1.0,0.781831,0.62349,8,11,29,17,0.3929,1,54.16,6,car,High,Rainy,26.86
0.4412,0.258819,-0.965926,-0.781831,0.62349,5,4,24,19,0.1739,1,91.54,35,car,Medium,Windy,4.6
0.7654,-0.866025,-0.5,0.433884,-0.900969,5,8,11,2,0.8,1,95.61,1,car,Medium,Sunny,11.79
0.5229,-0.5,-0.866025,0.781831,0.62349,2,5,13,7,0.4167,1,59.45,0,car,Medium,Sunny,5.08
0.563,-0.258819,-0.965926,0.781831,0.62349,1,1,4,2,0.3333,1,311.63,0,van,Medium,Sandstorm,11.56
0.9509,0.258819,-0.965926,-0.974928,-0.222521,5,2,29,26,0.0714,1,235.55,1,van,Medium,Sunny,14.95
1.7849,-0.707107,-0.707107,0.433884,-0.900969,7,1,37,35,0.0278,1,121.57,35,van,Normal,Sunny,29.19
0.1614,-0.258819,-0.965926,-0.974928,-0.222521,4,5,16,10,0.3333,1,150.1,0,car,Normal,Sunny,1.73
0.715,-0.5,-0.866025,0.433884,-0.900969,4,11,14,2,0.8462,1,84.17,1,van,Low,Windy,5.1
0.3507,0.0,-1.0,0.781831,0.62349,4,0,13,12,0.0,1,327.41,0,car,Normal,Sunny,2.89
0.5751,0.0,-1.0,-0.974928,-0.222521,3,4,13,8,0.3333,1,42.75,1,van,Medium,Sunny,9.57
2.3397,-0.707107,-0.707107,-0.781831,0.62349,4,4,8,3,0.5714,0,77.18,16,car,Medium,Sunny,35.94
7.466,-0.258819,-0.965926,0.781831,0.62349,5,0,11,10,0.0,0,226.61,-1,car,Medium,Rainy,90.0
0.7533,-0.707107,-0.707107,0.0,1.0,7,7,10,2,0.7778,1,185.84,0,car,Normal,Rainy,10.65
0.477,-0.258819,-0.965926,-0.781831,0.62349,9,16,37,20,0.4444,1,200.19,35,car,Jam,Sandstorm,14.18
0.3349,0.258819,-0.965926,-0.974928,-0.222521,10,8,12,3,0.7273,1,300.06,14,van,High,Sunny,5.92
1.9019,-0.707107,-0.707107,0.0,1.0,1,12,25,12,0.5,1,48.63,0,car,Medium,Sunny,29.3
1.4517,-0.866025,0.5,0.974928,-0.222521,9,7,11,3,0.7,1,71.98,1,car,High,Foggy,23.07
1.1015,-0.5,-0.866025,-0.781831,0.62349,11,3,9,5,0.375,0,115.56,-1,car,High,Sunny,14.76
0.1372,0.0,-1.0,0.433884,-0.900969,12,20,29,8,0.7143,1,132.11,1,car,High,Sandstorm,2.6
0.8256,-0.5,-0.866025,0.0,1.0,2,7,10,2,0.7778,1,335.52,6,van,Normal,Sunny,8.24
1.5885,-0.707107,-0.707107,0.781831,0.62349,5,2,9,6,0.25,0,247.66,-1,van,High,Sunny,45.83
0.9515,0.258819,-0.965926,-0.974928,-0.222521,12,8,13,4,0.6667,1,320.94,0,van,Medium,Sunny,12.91
1.9338,-0.866025,-0.5,0.781831,0.62349,4,2,21,18,0.1,1,341.37,8,van,High,Sandstorm,74.38
1.1267,-0.707107,-0.707107,0.781831,0.62349,11,10,12,1,0.9091,0,269.3,-1,van,High,Sunny,32.58
7.1327,0.5,-0.866025,-0.781831,0.62349,4,0,10,9,0.0,1,46.75,0,car,High,Sunny,90.0
0.5545,-0.258819,-0.965926,0.781831,0.62349,4,4,14,9,0.3077,1,90.48,0,car,High,Sunny,8.6
4.301,-1.0,-0.0,-0.974928,-0.222521,2,6,11,4,0.6,0,247.29,1,car,Medium,Sunny,66.64
0.2861,0.0,-1.0,0.433884,-0.900969,1,18,21,2,0.9,1,346.52,5,car,Normal,Sunny,3.82
0.4768,-0.965926,-0.258819,0.433884,-0.900969,3,8,14,5,0.6154,1,54.93,0,van,Medium,Sunny,10.25
2.099,0.0,-1.0,0.974928,-0.222521,1,7,14,6,0.5385,0,86.24,15,car,Normal,Sunny,19.11
4.9985,0.258819,0.965926,-0.781831,0.62349,5,7,11,3,0.7,0,175.27,-1,car,Low,Sunny,19.5
0.1216,-0.866025,-0.5,0.974928,-0.222521,10,1,10,8,0.1111,1,156.37,0,van,Jam,Sunny,5.56
1.2257,-0.866025,-0.5,0.974928,-0.222521,5,4,8,3,0.5714,1,274.73,0,car,Normal,Windy,15.17
0.8093,-0.258819,-0.965926,0.0,1.0,4,1,11,9,0.1,1,329.19,1,car,Normal,Sunny,7.38
0.4076,-1.0,-0.0,-0.781831,0.62349,5,3,12,8,0.2727,1,321.61,0,car,Jam,Sunny,12.74
3.0632,-1.0,-0.0,0.974928,-0.222521,2,9,11,1,0.9,1,57.17,1,van,Medium,Sandstorm,87.7
0.5917,-0.258819,-0.965926,0.781831,0.62349,8,0,13,12,0.0,1,138.44,14,car,Normal,Sunny,5.7
0.7845,-0.258819,-0.965926,0.974928,-0.222521,5,7,10,2,0.7778,1,339.97,6,van,Jam,Foggy,30.29
0.4006,0.5,-0.866025,-0.974928,-0.222521,4,0,37,36,0.0,1,91.12,35,van,High,Sunny,10.05
4.4843,-0.5,-0.866025,0.974928,-0.222521,4,4,9,4,0.5,0,32.09,-1,car,Normal,Sunny,34.37
7.1881,-0.258819,-0.965926,0.433884,-0.900969,10,1,16,14,0.0667,1,48.71,0,car,Normal,Sunny,67.92
1.3904,-0.707107,0.707107,0.781831,0.62349,12,1,37,35,0.0278,1,119.54,35,van,Medium,Sandstorm,18.34
0.9615,-1.0,-0.0,0.974928,-0.222521,8,3,10,6,0.3333,1,204.44,1,car,High,Sunny,21.54
1.2359,0.258819,-0.965926,0.974928,-0.222521,11,10,12,1,0.9091,0,254.42,-1,car,Low,Rainy,8.27
4.0886,-0.258819,-0.965926,-0.974928,-0.222521,11,4,7,2,0.6667,1,241.45,0,van,High,Windy,90.0
1.5896,-0.258819,-0.965926,0.433884,-0.900969,4,3,8,4,0.4286,0,320.24,-1,car,Normal,Sunny,16.15
0.2909,-0.5,-0.866025,0.433884,-0.900969,3,31,37,5,0.8611,1,338.4,35,car,Normal,Sunny,2.41
0.0786,-0.258819,-0.965926,0.974928,-0.222521,4,9,29,19,0.3214,1,90.77,1,car,Normal,Foggy,1.0
0.5529,-0.965926,-0.258819,0.781831,0.62349,10,14,19,4,0.7778,1,229.09,6,van,Normal,Sunny,9.02
1.5693,-0.965926,0.258819,0.781831,0.62349,7,15,27,11,0.5769,0,215.76,12,car,Normal,Sunny,11.78
1.2157,-0.866025,-0.5,0.0,1.0,4,9,12,2,0.8182,1,6.68,1,car,Medium,Sunny,19.17
1.3769,-0.258819,-0.965926,0.974928,-0.222521,8,16,29,12,0.5714,1,21.7,6,van,Medium,Windy,23.48
1.0323,-0.866025,-0.5,0.974928,-0.222521,2,5,19,13,0.2778,1,355.83,8,car,Medium,Sunny,16.45
0.9847,-0.258819,-0.965926,-0.781831,0.62349,4,8,13,4,0.6667,0,231.35,-1,car,Normal,Sunny,10.16
1.7747,-0.866025,-0.5,0.0,1.0,3,3,11,7,0.3,1,238.69,1,car,Medium,Windy,29.69
0.5022,-0.258819,-0.965926,0.974928,-0.222521,3,6,12,5,0.5455,1,134.43,14,van,Medium,Sunny,8.4
0.0535,-0.5,-0.866025,0.0,1.0,5,10,22,11,0.4762,1,346.0,1,car,High,Sandstorm,2.19
0.0837,-0.258819,-0.965926,0.781831,0.62349,2,9,29,19,0.3214,1,250.21,1,van,Medium,Sunny,1.0
1.2371,-0.5,0.866025,-0.974928,-0.222521,4,5,12,6,0.4545,1,295.15,14,car,Low,Sandstorm,7.19
0.05,0.5,-0.866025,-0.433884,-0.900969,4,1,15,13,0.0714,1,175.7,9,van,Normal,Sunny,1.0
1.0042,0.0,-1.0,-0.781831,0.62349,1,8,12,3,0.7273,1,226.71,1,van,Normal,Sunny,13.18
1.116,-0.965926,-0.258819,-0.974928,-0.222521,11,11,17,5,0.6875,1,249.38,1,car,Medium,Windy,21.07
1.5286,-0.866025,-0.5,-0.781831,0.62349,8,2,9,6,0.25,1,335.49,8,car,Normal,Sunny,19.55
0.7103,-0.965926,0.258819,-0.974928,-0.222521,4,4,12,7,0.3636,1,145.88,1,van,Jam,Sandstorm,24.44
4.1826,0.258819,-0.965926,0.781831,0.62349,4,7,9,1,0.875,0,42.52,-1,car,Normal,Windy,34.87
2.3785,0.0,-1.0,-0.781831,0.62349,1,0,13,12,0.0,0,53.94,2,car,Medium,Windy,29.59
1.3005,0.0,-1.0,-0.781831,0.62349,7,7,18,10,0.4118,1,46.68,0,van,Normal,Sunny,16.99
0.4629,-0.866025,-0.5,0.781831,0.62349,11,18,24,5,0.7826,1,352.17,35,van,High,Sunny,13.05
0.8431,-0.5,-0.866025,0.433884,-0.900969,9,25,37,11,0.6944,1,163.4,35,car,High,Windy,11.28
3.9993,-0.707107,-0.707107,0.781831,0.62349,9,2,13,10,0.1667,0,243.21,1,car,Normal,Sunny,48.29
1.9725,0.0,-1.0,0.0,1.0,3,3,9,5,0.375,0,96.15,6,van,High,Sunny,42.78
0.8672,-0.5,-0.866025,0.0,1.0,1,6,13,6,0.5,1,279.12,14,car,Medium,Sunny,8.76
1.0423,0.0,-1.0,-0.974928,-0.222521,5,9,15,5,0.6429,1,350.21,15,car,High,Sunny,16.27
6.428,-0.965926,-0.258819,-0.781831,0.62349,1,0,9,8,0.0,0,76.09,-1,car,Normal,Sunny,77.89
0.4738,-0.258819,-0.965926,-0.974928,-0.222521,2,11,22,10,0.5238,1,1.65,1,van,Normal,Rainy,6.93
0.2148,0.0,-1.0,0.0,1.0,4,15,37,21,0.4167,1,344.86,35,car,High,Sunny,3.86
0.3222,-0.5,-0.866025,0.433884,-0.900969,5,0,21,20,0.0,1,325.73,9,car,Jam,Sunny,5.55
0.9276,0.0,-1.0,0.433884,-0.900969,2,5,11,5,0.5,1,67.96,1,car,High,Foggy,17.8
1.0441,-0.965926,-0.258819,0.433884,-0.900969,3,7,10,2,0.7778,1,344.25,6,car,Low,Sunny,8.84
0.6289,0.0,-1.0,-0.781831,0.62349,12,7,13,5,0.5833,1,76.42,0,van,Jam,Sunny,19.64
1.272,-0.258819,-0.965926,0.781831,0.62349,11,10,15,4,0.7143,1,150.97,0,car,High,Sandstorm,27.82
0.4239,-0.258819,-0.965926,0.433884,-0.900969,4,5,13,7,0.4167,1,83.24,0,car,Medium,Sandstorm,6.97
7.1091,-0.5,-0.866025,0.974928,-0.222521,11,0,11,10,0.0,0,228.83,-1,car,Jam,Sunny,90.0
0.5393,0.0,-1.0,-0.974928,-0.222521,11,10,14,3,0.7692,1,174.53,0,van,Medium,Rainy,10.2
0.2431,-0.707107,-0.707107,0.0,1.0,4,0,29,28,0.0,1,96.5,8,car,Jam,Sunny,7.65
1.6823,-0.707107,-0.707107,0.974928,-0.222521,3,5,15,9,0.3571,0,113.0,-1,car,Medium,Sunny,25.75
1.0066,-0.258819,-0.965926,0.974928,-0.222521,3,10,37,26,0.2778,1,324.66,35,car,Low,Foggy,7.88
0.9208,-0.5,-0.866025,-0.781831,0.62349,11,10,14,3,0.7692,1,182.44,0,car,Medium,Sunny,9.07
0.2578,0.258819,-0.965926,0.781831,0.62349,5,12,17,4,0.75,1,204.09,1,car,High,Foggy,3.55
1.1989,-0.707107,-0.707107,0.433884,-0.900969,9,10,13,2,0.8333,1,52.8,1,car,High,Windy,26.78
5.8161,-0.5,0.866025,0.781831,0.62349,6,5,14,8,0.3846,1,48.07,0,car,Normal,Sunny,32.58
6.2567,-0.5,-0.866025,0.781831,0.62349,1,1,5,3,0.25,0,58.52,2,car,Jam,Rainy,90.0
0.5013,-0.965926,-0.258819,0.433884,-0.900969,12,5,12,6,0.4545,1,157.32,1,car,Normal,Sunny,5.77
0.8416,-0.866025,-0.5,-0.781831,0.62349,9,2,29,26,0.0714,1,250.3,1,car,Medium,Sunny,12.75
0.4704,-0.707107,-0.707107,0.433884,-0.900969,3,11,13,1,0.9167,0,39.28,-1,van,Medium,Sunny,10.37
4.004,-0.965926,-0.258819,0.781831,0.62349,3,7,9,1,0.875,0,37.88,-1,van,High,Sunny,90.0
0.5014,-0.965926,-0.258819,0.433884,-0.900969,1,14,25,10,0.5833,1,356.11,0,car,Normal,Foggy,7.94
0.8538,-0.866025,-0.5,0.781831,0.62349,1,7,12,4,0.6364,1,169.36,14,car,Medium,Rainy,15.7
0.9325,-0.258819,-0.965926,0.781831,0.62349,7,9,21,11,0.45,1,180.6,0,car,Normal,Sandstorm,11.65
0.3739,0.0,-1.0,0.433884,-0.900969,4,8,14,5,0.6154,1,347.31,15,van,Medium,Foggy,7.96
0.499,-0.258819,-0.965926,0.433884,-0.900969,4,1,7,5,0.1667,1,238.08,0,car,Normal,Sunny,4.62
1.1305,-0.866025,-0.5,-0.781831,0.62349,11,1,12,10,0.0909,1,269.34,1,car,Low,Sandstorm,12.3
5.5935,-0.707107,-0.707107,0.781831,0.62349,1,0,8,7,0.0,0,196.47,-1,van,Normal,Rainy,90.0
1.5334,-0.965926,-0.258819,0.0,1.0,5,2,9,6,0.25,0,246.19,-1,car,Jam,Foggy,57.66
3.0838,0.258819,-0.965926,0.974928,-0.222521,4,10,14,3,0.7692,1,202.85,1,car,Medium,Rainy,35.77
0.7228,-0.258819,-0.965926,0.781831,0.62349,11,11,14,2,0.8462,1,160.05,0,car,Normal,Rainy,7.41
1.6906,-0.5,-0.866025,-0.781831,0.62349,4,2,14,11,0.1538,1,230.18,0,car,Medium,Sandstorm,22.18
0.6833,-0.866025,-0.5,-0.974928,-0.222521,11,5,18,12,0.2941,1,78.04,0,van,Medium,Sunny,15.35
1.345,-0.258819,-0.965926,-0.781831,0.62349,4,8,14,5,0.6154,1,110.75,0,van,Medium,Windy,22.86
0.564,-1.0,-0.0,-0.781831,0.62349,9,2,11,8,0.2,1,78.44,2,van,Jam,Sandstorm,31.22
4.8202,-1.0,-0.0,0.0,1.0,8,3,6,2,0.6,1,55.65,1,car,High,Windy,90.0
0.2532,-0.258819,-0.965926,0.974928,-0.222521,5,11,16,4,0.7333,1,115.45,0,car,Normal,Sunny,2.88
2.6458,-0.5,-0.866025,0.974928,-0.222521,4,0,6,5,0.0,1,234.09,1,van,Normal,Sunny,27.35
1.521,-0.5,-0.866025,0.781831,0.62349,7,2,8,5,0.2857,1,100.8,1,van,Medium,Sunny,20.96
1.8754,-0.707107,0.707107,-0.433884,-0.900969,4,3,14,10,0.2308,1,239.56,1,van,Jam,Sandstorm,48.75
0.4822,-0.5,-0.866025,0.781831,0.62349,10,22,29,6,0.7857,1,136.28,1,car,Normal,Sunny,3.68
0.753,-0.965926,-0.258819,-0.974928,-0.222521,6,3,7,3,0.5,1,47.49,6,car,Low,Sunny,6.2
0.4299,0.0,-1.0,0.0,1.0,4,0,8,7,0.0,1,14.16,6,car,High,Rainy,7.45
1.7706,-0.965926,-0.258819,-0.781831,0.62349,12,0,13,12,0.0,1,241.91,0,van,Medium,Sandstorm,50.4
1.6512,-0.258819,-0.965926,0.781831,0.62349,1,3,14,10,0.2308,1,243.11,1,car,Normal,Sandstorm,19.86
2.226,-0.258819,-0.965926,0.433884,-0.900969,12,1,3,1,0.5,0,203.58,-1,car,Normal,Sunny,20.37
0.714,-0.707107,0.707107,0.781831,0.62349,4,9,11,1,0.9,1,109.79,1,van,Normal,Sunny,5.79
0.637,0.0,-1.0,0.433884,-0.900969,5,28,37,8,0.7778,1,122.06,35,car,Medium,Sunny,7.53
0.7562,-0.707107,-0.707107,0.974928,-0.222521,5,3,8,4,0.4286,1,227.94,15,van,Normal,Sunny,12.3
1.5944,-0.707107,-0.707107,0.781831,0.62349,1,4,17,12,0.25,1,144.08,1,car,Medium,Sunny,25.31
7.3979,-0.866025,-0.5,-0.781831,0.62349,4,1,16,14,0.0667,1,47.26,0,car,Medium,Sandstorm,90.0
0.2981,-0.965926,-0.258819,0.433884,-0.900969,1,5,10,4,0.5556,1,354.95,6,car,Normal,Sunny,2.91
0.5733,0.258819,-0.965926,0.974928,-0.222521,4,6,11,4,0.6,1,54.48,1,car,Medium,Sunny,5.17
0.6911,0.5,-0.866025,0.781831,0.62349,5,3,21,17,0.15,1,185.91,8,car,High,Sandstorm,17.6
0.4922,-0.5,-0.866025,0.781831,0.62349,2,32,37,4,0.8889,1,19.49,35,car,Normal,Windy,3.58
2.2124,0.258819,-0.965926,0.433884,-0.900969,4,23,29,5,0.8214,1,250.4,1,van,High,Sunny,39.91
0.7674,-0.707107,-0.707107,-0.974928,-0.222521,11,7,12,4,0.6364,1,162.16,14,car,Normal,Sunny,9.79
1.8905,-0.707107,0.707107,0.974928,-0.222521,9,3,9,5,0.375,1,23.63,1,car,Normal,Sunny,10.34
2.1567,-0.965926,-0.258819,-0.781831,0.62349,9,6,21,14,0.3,0,63.59,6,van,High,Sunny,61.93
0.192,-0.5,-0.866025,0.974928,-0.222521,3,3,14,10,0.2308,1,209.35,0,van,Jam,Foggy,7.04
0.0759,-0.5,-0.866025,0.781831,0.62349,4,2,5,2,0.5,1,187.68,31,car,Low,Rainy,1.22
0.8231,-0.258819,0.965926,-0.781831,0.62349,10,13,22,8,0.619,1,189.74,1,car,Medium,Rainy,6.91
0.5651,0.258819,-0.965926,0.433884,-0.900969,3,12,17,4,0.75,1,233.52,1,car,Normal,Windy,4.83
3.3141,-0.707107,-0.707107,0.781831,0.62349,10,9,11,1,0.9,1,57.54,1,van,Medium,Sunny,73.47
1.1423,-0.5,-0.866025,0.0,1.0,12,6,16,9,0.4,1,61.84,0,car,Normal,Sunny,8.11
2.2069,-0.707107,-0.707107,-0.974928,-0.222521,12,1,6,4,0.2,0,71.53,-1,car,Normal,Rainy,31.8
1.2231,0.0,-1.0,-0.974928,-0.222521,4,8,24,15,0.3478,1,356.97,35,car,High,Sandstorm,25.29
1.0944,-0.965926,-0.258819,0.433884,-0.900969,4,7,10,2,0.7778,0,358.03,-1,car,Normal,Windy,14.97
0.4277,0.258819,-0.965926,0.781831,0.62349,2,2,12,9,0.1818,1,241.81,1,car,Jam,Sandstorm,11.24
1.0341,0.258819,0.965926,-0.974928,-0.222521,8,19,37,17,0.5278,1,127.64,35,van,Medium,Sunny,11.18
1.4844,-0.5,-0.866025,0.433884,-0.900969,11,13,15,1,0.9286,0,297.6,18,van,Normal,Windy,17.92
6.4983,-0.707107,-0.707107,0.781831,0.62349,4,5,13,7,0.4167,1,223.58,1,car,Jam,Sandstorm,90.0
1.1737,-0.707107,-0.707107,0.433884,-0.900969,3,1,12,10,0.0909,1,11.66,1,car,Medium,Windy,18.79
0.6874,-0.258819,-0.965926,0.433884,-0.900969,5,0,21,20,0.0,1,33.31,0,car,Normal,Sunny,6.38
3.482,0.0,-1.0,0.433884,-0.900969,12,3,13,9,0.25,1,58.74,0,car,Low,Sunny,22.64
0.5829,-0.707107,-0.707107,0.433884,-0.900969,1,0,25,24,0.0,1,18.38,0,van,High,Sunny,17.05
0.2495,0.258819,-0.965926,0.433884,-0.900969,4,11,14,2,0.8462,1,130.55,1,car,Normal,Sunny,1.65
1.176,-0.258819,-0.965926,-0.781831,0.62349,4,1,16,14,0.0667,1,145.91,0,car,Low,Sandstorm,9.84
2.1536,-0.866025,-0.5,-0.781831,0.62349,9,14,29,14,0.5,1,276.72,1,van,Medium,Sunny,45.66
15.6356,-0.5,-0.866025,-0.974928,-0.222521,4,8,10,1,0.8889,0,231.54,-1,car,Low,Sunny,85.39
1.1609,-0.5,-0.866025,0.974928,-0.222521,3,9,12,2,0.8182,1,18.8,1,car,Normal,Windy,8.99
0.7005,-0.258819,-0.965926,-0.974928,-0.222521,11,1,12,10,0.0909,1,34.82,0,car,Medium,Sunny,8.56
0.3991,-0.258819,-0.965926,-0.781831,0.62349,7,14,29,14,0.5,1,10.96,6,van,Normal,Sunny,5.25
1.9054,-0.5,-0.866025,0.0,1.0,1,12,15,2,0.8571,1,143.06,0,car,High,Foggy,30.93
0.2641,-0.866025,0.5,0.781831,0.62349,4,15,24,8,0.6522,1,157.47,35,car,Medium,Sunny,3.47
0.5643,0.0,-1.0,-0.781831,0.62349,4,8,37,28,0.2222,1,266.45,35,van,Jam,Sunny,17.91
0.3953,-1.0,-0.0,-0.974928,-0.222521,4,1,8,6,0.1429,1,135.54,0,car,Normal,Rainy,5.63
2.3224,-0.258819,-0.965926,-0.974928,-0.222521,3,8,19,10,0.4444,0,90.15,6,car,High,Sunny,36.9
7.5581,0.258819,-0.965926,0.433884,-0.900969,3,5,8,2,0.7143,1,234.16,0,car,Low,Sunny,40.43
2.0133,-0.866025,-0.5,-0.974928,-0.222521,5,4,6,1,0.8,1,347.54,1,car,Normal,Sunny,24.65
0.4901,-1.0,-0.0,-0.781831,0.62349,4,11,24,12,0.4783,1,351.46,15,van,Jam,Sunny,20.19
0.294,0.0,-1.0,-0.974928,-0.222521,3,4,37,32,0.1111,1,212.82,35,car,Normal,Sunny,2.51
0.8399,0.5,-0.866025,-0.781831,0.62349,12,9,15,5,0.6429,1,350.76,15,van,Normal,Rainy,14.4
1.1634,0.0,-1.0,0.781831,0.62349,10,19,24,4,0.8261,1,0.0,35,van,High,Sunny,25.2
0.4877,-0.866025,-0.5,0.974928,-0.222521,4,8,14,5,0.6154,1,291.28,15,car,Normal,Sunny,5.5
0.1603,-0.258819,-0.965926,0.781831,0.62349,11,4,29,24,0.1429,1,43.95,1,van,Normal,Sunny,2.33
1.142,0.0,-1.0,-0.974928,-0.222521,5,3,12,8,0.2727,1,330.01,14,car,Normal,Sunny,10.02
0.5279,-0.866025,-0.5,0.433884,-0.900969,4,6,13,6,0.5,1,235.58,0,car,Low,Sunny,4.65
0.3779,-0.258819,-0.965926,0.0,1.0,1,7,11,3,0.7,1,298.66,1,car,Medium,Sunny,3.99
1.3567,0.0,-1.0,-0.974928,-0.222521,7,6,13,6,0.5,1,285.47,1,van,Medium,Rainy,25.14
0.5575,-0.707107,-0.707107,-0.781831,0.62349,4,11,25,13,0.4583,1,91.5,0,car,Medium,Sunny,8.68
2.5644,-0.707107,-0.707107,0.781831,0.62349,12,21,24,2,0.913,0,172.87,-1,van,Medium,Sunny,55.17
3.4761,-0.866025,0.5,-0.974928,-0.222521,7,4,8,3,0.5714,0,213.55,30,van,Normal,Foggy,44.41
2.559,-0.258819,-0.965926,0.433884,-0.900969,1,4,9,4,0.5,1,20.75,6,van,Medium,Windy,45.54
0.3607,-0.5,-0.866025,-0.974928,-0.222521,12,12,17,4,0.75,1,185.98,1,car,High,Sunny,4.11
0.9238,-0.707107,-0.707107,0.433884,-0.900969,1,9,13,3,0.75,1,185.65,0,car,Low,Windy,8.36
0.2735,-0.258819,-0.965926,0.0,1.0,4,11,22,10,0.5238,1,3.72,1,car,Normal,Sandstorm,3.12
0.7851,0.258819,-0.965926,-0.974928,-0.222521,3,13,22,8,0.619,1,178.6,1,van,Medium,Windy,10.68
0.768,0.0,-1.0,0.433884,-0.900969,11,2,12,9,0.1818,1,275.34,1,van,High,Sunny,16.35
1.2794,-0.707107,-0.707107,0.974928,-0.222521,8,13,37,23,0.3611,1,177.39,35,car,Medium,Sunny,21.1
2.3089,-0.707107,0.707107,0.974928,-0.222521,5,12,19,6,0.6667,1,29.02,6,van,Medium,Rainy,26.49
0.7124,-0.5,-0.866025,0.0,1.0,10,3,12,8,0.2727,1,266.7,8,van,Medium,Sunny,9.39
0.4496,-0.965926,-0.258819,0.781831,0.62349,5,5,8,2,0.7143,0,177.95,-1,car,High,Sunny,9.08
1.4221,0.258819,-0.965926,0.781831,0.62349,7,3,5,1,0.75,1,45.2,6,van,High,Sunny,25.65
3.5448,-0.5,-0.866025,0.433884,-0.900969,3,0,7,6,0.0,0,338.63,8,car,Medium,Sunny,35.49
1.6522,-0.258819,-0.965926,-0.781831,0.62349,8,4,17,12,0.25,1,128.43,1,van,Normal,Sunny,21.34
0.5882,-0.258819,-0.965926,0.974928,-0.222521,3,16,37,20,0.4444,1,144.09,35,car,Jam,Sunny,13.88
3.7705,-0.5,-0.866025,0.974928,-0.222521,10,0,14,13,0.0,0,249.98,9,van,Normal,Sunny,39.05
0.209,-0.866025,0.5,0.974928,-0.222521,1,0,25,24,0.0,1,4.78,0,van,Normal,Sunny,1.93
0.8845,-0.707107,-0.707107,0.974928,-0.222521,8,10,14,3,0.7692,1,172.3,0,car,Normal,Sunny,10.41
5.1518,-0.258819,-0.965926,0.781831,0.62349,1,2,5,2,0.5,1,228.95,0,car,Medium,Sunny,60.71
0.2024,-0.866025,-0.5,0.433884,-0.900969,4,2,11,8,0.2,1,307.14,1,van,Normal,Sunny,3.62
1.0147,-0.5,-0.866025,0.974928,-0.222521,2,4,12,7,0.3636,1,357.77,14,van,Jam,Sunny,27.04
0.4302,-0.5,-0.866025,0.974928,-0.222521,9,2,17,14,0.125,1,198.51,1,car,Medium,Sunny,3.97
0.2966,-1.0,-0.0,0.781831,0.62349,9,6,21,14,0.3,1,283.53,0,van,High,Windy,9.66
0.3014,-0.965926,-0.258819,0.781831,0.62349,2,11,14,2,0.8462,1,112.27,0,car,Normal,Sunny,3.24
0.2263,-0.5,-0.866025,0.433884,-0.900969,8,18,21,2,0.9,1,353.19,5,car,Medium,Sunny,2.28
1.6187,-0.258819,-0.965926,-0.781831,0.62349,4,13,15,1,0.9286,0,307.84,18,car,Jam,Sunny,36.69
1.5274,-0.965926,-0.258819,-0.781831,0.62349,11,8,14,5,0.6154,1,126.18,1,car,Medium,Rainy,27.34
4.2196,-0.258819,-0.965926,-0.781831,0.62349,2,6,8,1,0.8571,0,28.23,18,car,Medium,Rainy,58.63
1.7354,-0.707107,-0.707107,-0.781831,0.62349,2,2,8,5,0.2857,1,153.11,0,car,Medium,Sunny,26.92
5.3409,0.0,-1.0,0.0,1.0,4,1,4,2,0.3333,1,50.41,0,car,Medium,Sunny,62.33
0.5554,0.258819,-0.965926,0.0,1.0,4,15,17,1,0.9375,1,335.78,1,car,High,Sunny,7.02
3.8745,-0.258819,-0.965926,-0.974928,-0.222521,3,19,22,2,0.9048,1,236.02,1,car,High,Sunny,61.13
0.4484,0.0,-1.0,0.974928,-0.222521,1,3,14,10,0.2308,1,262.01,0,car,Medium,Sunny,6.27
0.8871,-0.258819,-0.965926,0.433884,-0.900969,4,2,12,9,0.1818,1,78.12,1,car,Medium,Sunny,10.39
0.3632,0.0,-1.0,0.0,1.0,10,2,12,9,0.1818,1,317.2,8,van,Jam,Rainy,13.26
1.3681,-0.707107,-0.707107,0.781831,0.62349,5,6,12,5,0.5455,1,254.1,1,van,Medium,Foggy,36.87
8.6578,-0.258819,-0.965926,-0.974928,-0.222521,4,0,5,4,0.0,0,237.36,9,car,Normal,Sunny,79.54
6.0306,-0.965926,-0.258819,0.0,1.0,7,23,25,1,0.9583,1,230.57,0,car,Normal,Sunny,72.41
0.878,-0.866025,-0.5,0.433884,-0.900969,5,4,12,7,0.3636,1,346.46,14,car,Medium,Sunny,14.62
0.3476,0.0,-1.0,-0.974928,-0.222521,8,3,25,21,0.125,1,4.13,0,van,Medium,Rainy,6.29
1.1039,-0.258819,-0.965926,0.0,1.0,12,3,12,8,0.2727,1,308.64,1,car,Normal,Rainy,12.41
0.7365,0.0,-1.0,0.974928,-0.222521,10,8,37,28,0.2222,1,244.22,35,car,Medium,Sunny,8.33
1.2278,0.0,-1.0,0.974928,-0.222521,1,5,12,6,0.4545,1,65.41,0,car,High,Sandstorm,25.78
1.2451,-0.258819,-0.965926,0.781831,0.62349,3,1,12,10,0.0909,1,243.68,1,van,Low,Rainy,13.16
0.433,-0.258819,-0.965926,0.433884,-0.900969,3,21,25,3,0.875,1,143.32,0,car,Low,Rainy,3.14
0.9157,0.0,-1.0,0.974928,-0.222521,10,20,24,3,0.8696,1,200.89,18,car,Jam,Windy,22.14
0.5951,-0.5,-0.866025,0.974928,-0.222521,7,5,14,8,0.3846,1,257.57,1,car,Jam,Sunny,11.2
8.0604,-0.258819,-0.965926,0.0,1.0,11,5,15,9,0.3571,0,30.01,6,van,Normal,Sunny,90.0
0.4273,-0.258819,-0.965926,0.781831,0.62349,3,15,17,1,0.9375,1,300.02,1,car,Normal,Rainy,4.09
0.3156,-0.707107,-0.707107,-0.974928,-0.222521,5,0,25,24,0.0,1,336.35,0,car,Normal,Sunny,4.1
0.4838,-0.965926,-0.258819,0.781831,0.62349,6,15,17,1,0.9375,1,315.87,1,van,High,Sandstorm,18.61
1.9088,-0.258819,-0.965926,0.0,1.0,1,1,14,12,0.0769,1,238.1,0,car,High,Windy,32.59
1.8827,-0.5,-0.866025,-0.781831,0.62349,4,1,25,23,0.0417,1,41.49,0,van,Normal,Rainy,22.48
2.8628,-0.866025,-0.5,0.974928,-0.222521,8,0,13,12,0.0,0,52.39,2,van,Jam,Foggy,90.0
0.6311,-0.5,-0.866025,-0.781831,0.62349,8,17,19,1,0.9444,1,335.25,6,car,Normal,Sunny,5.41
0.5534,-0.965926,0.258819,0.0,1.0,4,7,16,8,0.4667,1,65.92,0,car,Low,Sunny,2.93
2.8919,-0.5,-0.866025,-0.974928,-0.222521,4,0,13,12,0.0,0,48.9,2,car,Normal,Sunny,22.21
0.8468,-0.258819,-0.965926,0.781831,0.62349,2,20,37,16,0.5556,1,284.83,35,car,High,Sunny,13.33
0.3101,-0.5,0.866025,-0.781831,0.62349,6,28,37,8,0.7778,1,153.2,35,car,High,Sunny,3.5
0.5014,-0.707107,-0.707107,-0.781831,0.62349,12,7,11,3,0.7,1,267.93,1,van,Low,Sunny,5.54
4.7592,-0.707107,-0.707107,-0.974928,-0.222521,3,0,10,9,0.0,0,46.52,2,van,Normal,Sunny,78.95
0.4621,-0.5,-0.866025,-0.781831,0.62349,3,11,25,13,0.4583,1,176.37,0,car,High,Rainy,6.41
2.976,0.0,-1.0,0.974928,-0.222521,11,1,9,7,0.125,1,236.88,1,car,Normal,Windy,29.86
0.4521,-0.258819,-0.965926,0.433884,-0.900969,4,21,25,3,0.875,1,152.7,0,car,Normal,Sunny,4.59
3.5685,-1.0,-0.0,0.781831,0.62349,4,3,13,9,0.25,1,55.36,0,van,Low,Sunny,42.52
1.3573,-0.258819,-0.965926,0.781831,0.62349,8,19,24,4,0.8261,1,6.79,18,van,Normal,Windy,18.14
1.2261,0.0,-1.0,-0.781831,0.62349,5,2,18,15,0.1176,1,54.19,0,car,Normal,Sunny,11.2
0.8109,0.0,-1.0,-0.781831,0.62349,11,4,11,6,0.4,1,224.87,1,car,Medium,Sunny,9.57
1.1984,-0.707107,-0.707107,-0.781831,0.62349,9,7,24,16,0.3043,1,31.13,6,car,Normal,Foggy,18.65
0.8841,-0.5,0.866025,0.974928,-0.222521,6,10,18,7,0.5882,1,6.35,0,van,Medium,Rainy,9.67
1.423,-0.258819,-0.965926,0.0,1.0,9,0,14,13,0.0,1,346.88,1,car,Normal,Sunny,13.39
0.7045,0.0,-1.0,0.433884,-0.900969,1,15,17,1,0.9375,1,344.08,1,van,Normal,Sandstorm,11.48
1.668,0.258819,-0.965926,0.0,1.0,5,1,13,11,0.0833,1,233.51,0,van,Normal,Sunny,16.9
2.9089,-0.5,-0.866025,0.781831,0.62349,9,0,9,8,0.0,0,303.43,-1,van,High,Sunny,51.96
4.1764,-0.707107,-0.707107,-0.781831,0.62349,5,6,8,1,0.8571,0,28.9,18,van,Normal,Sunny,70.01
2.8562,0.0,-1.0,0.0,1.0,4,3,5,1,0.75,0,47.27,-1,car,High,Windy,49.09
1.0027,-0.5,-0.866025,-0.974928,-0.222521,4,4,12,7,0.3636,1,35.32,8,van,Low,Sandstorm,9.64
1.3807,-0.866025,-0.5,0.781831,0.62349,4,19,24,4,0.8261,1,358.98,18,van,Medium,Sunny,29.53
8.0031,0.0,-1.0,-0.781831,0.62349,3,2,4,1,0.6667,1,233.04,0,van,Medium,Windy,90.0
1.0815,0.258819,-0.965926,-0.974928,-0.222521,5,9,17,7,0.5625,1,136.44,1,van,Normal,Windy,11.93
0.2646,-0.5,-0.866025,-0.974928,-0.222521,5,6,24,17,0.2609,1,287.1,35,car,Medium,Sandstorm,2.97
0.8885,-0.258819,-0.965926,0.974928,-0.222521,10,3,8,4,0.4286,1,211.26,15,van,Medium,Sunny,14.79
1.6164,-0.258819,-0.965926,-0.974928,-0.222521,11,3,5,1,0.75,1,52.51,6,car,Normal,Sunny,15.28
1.0688,-0.5,0.866025,-0.974928,-0.222521,1,9,24,14,0.3913,0,91.42,15,car,Normal,Sunny,5.52
4.1296,-0.258819,-0.965926,-0.974928,-0.222521,1,19,22,2,0.9048,1,237.7,1,car,Normal,Foggy,47.25
1.2063,-0.258819,-0.965926,-0.781831,0.62349,1,5,12,6,0.4545,1,287.02,14,van,Normal,Sunny,15.07
0.8237,-0.5,-0.866025,0.974928,-0.222521,3,6,14,7,0.4615,1,36.74,0,car,Normal,Sunny,6.9
1.6406,-0.258819,-0.965926,0.0,1.0,12,8,18,9,0.4706,1,77.41,0,van,Medium,Windy,28.02
0.8933,-1.0,-0.0,0.0,1.0,7,4,12,7,0.3636,1,345.22,14,car,Medium,Foggy,16.91
1.9218,-0.258819,-0.965926,0.433884,-0.900969,5,1,8,6,0.1429,0,145.02,-1,van,Medium,Sandstorm,41.69
1.0639,-0.965926,0.258819,-0.974928,-0.222521,2,9,24,14,0.3913,0,73.69,15,car,Medium,Sunny,9.78
0.9357,-0.258819,-0.965926,0.0,1.0,10,9,24,14,0.3913,0,90.17,15,van,Medium,Windy,16.79
3.6336,0.258819,-0.965926,0.433884,-0.900969,3,0,3,2,0.0,0,316.84,6,car,Normal,Sunny,27.18
0.3365,-0.866025,-0.5,-0.781831,0.62349,4,3,21,17,0.15,1,156.92,0,car,Medium,Windy,6.29
2.5226,-0.258819,0.965926,0.433884,-0.900969,10,1,21,19,0.05,0,327.3,8,car,Normal,Sunny,13.95
1.354,-0.258819,-0.965926,0.974928,-0.222521,1,7,24,16,0.3043,1,43.24,6,car,Jam,Windy,33.5
0.4585,-0.258819,-0.965926,0.974928,-0.222521,1,7,12,4,0.6364,1,267.0,1,car,Medium,Sunny,5.36
1.7376,-0.5,-0.866025,-0.974928,-0.222521,4,3,29,25,0.1071,1,5.8,1,van,Medium,Windy,26.04
0.5254,-0.965926,-0.258819,-0.974928,-0.222521,10,5,13,7,0.4167,1,53.71,0,car,Medium,Sunny,8.11
2.5003,-0.5,-0.866025,0.433884,-0.900969,11,1,7,5,0.1667,0,38.84,6,van,Medium,Sunny,33.65
7.2823,-0.258819,-0.965926,0.0,1.0,9,1,16,14,0.0667,1,48.29,0,van,Medium,Sunny,90.0
0.2372,-0.5,-0.866025,0.781831,0.62349,10,2,37,34,0.0556,1,84.97,35,van,High,Foggy,5.29
0.2009,0.258819,-0.965926,0.433884,-0.900969,4,10,17,6,0.625,1,232.78,1,car,Medium,Rainy,2.88
0.4023,-0.5,-0.866025,0.781831,0.62349,2,0,9,8,0.0,1,345.37,1,van,Low,Rainy,3.18
1.6167,-0.866025,-0.5,0.433884,-0.900969,9,3,29,25,0.1071,1,20.41,8,van,Low,Foggy,24.0
1.2007,-0.866025,-0.5,0.0,1.0,5,3,8,4,0.4286,1,214.7,15,car,Normal,Sunny,15.87
0.6665,-0.707107,-0.707107,0.781831,0.62349,6,12,24,11,0.5217,1,354.57,35,van,High,Foggy,23.85
0.8381,-0.707107,-0.707107,0.433884,-0.900969,5,14,24,9,0.6087,1,118.83,35,van,Medium,Sunny,17.89
0.7495,-0.707107,-0.707107,0.433884,-0.900969,11,20,24,3,0.8696,1,185.18,18,van,Medium,Sunny,15.93
0.1848,0.0,-1.0,-0.974928,-0.222521,10,5,25,19,0.2083,1,192.88,0,car,High,Sunny,3.01
2.3975,0.0,-1.0,0.781831,0.62349,3,4,9,4,0.5,1,24.8,6,car,Jam,Rainy,64.04
2.3187,-0.866025,0.5,0.433884,-0.900969,4,4,7,2,0.6667,1,48.29,0,van,Normal,Windy,25.56
1.1487,0.5,0.866025,0.433884,-0.900969,10,13,19,5,0.7222,1,344.06,6,car,Low,Sunny,4.19
1.2858,0.0,-1.0,0.433884,-0.900969,4,8,14,5,0.6154,1,118.4,0,car,Normal,Sunny,11.95
0.4889,0.258819,-0.965926,0.433884,-0.900969,6,0,21,20,0.0,1,23.65,0,car,Normal,Foggy,4.53
1.5445,-0.965926,-0.258819,0.433884,-0.900969,6,1,13,11,0.0833,1,236.74,0,van,Normal,Sunny,25.59
1.15,-0.965926,-0.258819,-0.974928,-0.222521,6,19,21,1,0.95,1,114.34,0,car,High,Sunny,25.11
5.2714,-0.258819,-0.965926,0.0,1.0,1,8,27,18,0.3077,0,176.04,13,van,Normal,Sunny,66.63
2.1811,-0.707107,-0.707107,0.974928,-0.222521,5,2,16,13,0.1333,1,270.19,0,van,Medium,Sunny,46.88
0.1464,-0.5,-0.866025,0.781831,0.62349,8,8,12,3,0.7273,1,215.44,14,car,High,Sunny,1.68
1.6485,0.258819,0.965926,-0.781831,0.62349,2,0,14,13,0.0,1,357.8,1,car,Normal,Sunny,8.75
1.6201,0.0,-1.0,0.781831,0.62349,2,3,24,20,0.1304,1,187.33,35,car,Low,Sunny,10.97
0.5557,-0.866025,-0.5,0.974928,-0.222521,4,3,21,17,0.15,1,193.53,0,car,Low,Sunny,5.79
0.9398,-0.258819,-0.965926,0.433884,-0.900969,5,10,15,4,0.7143,1,145.73,0,car,Medium,Foggy,13.87
0.465,-0.258819,-0.965926,0.781831,0.62349,4,8,12,3,0.7273,1,303.25,0,car,Normal,Sunny,4.74
0.9565,-0.866025,-0.5,0.0,1.0,4,3,9,5,0.375,0,111.14,-1,van,Low,Foggy,13.54
0.7402,-0.707107,-0.707107,-0.974928,-0.222521,4,5,18,12,0.2941,1,94.65,0,van,Normal,Sunny,13.81
2.296,-0.5,-0.866025,0.433884,-0.900969,2,10,14,3,0.7692,1,55.25,1,car,Normal,Sunny,17.88
4.0277,-0.965926,0.258819,0.781831,0.62349,3,1,18,16,0.0588,1,45.99,0,car,Low,Sunny,21.17
2.332,-0.5,-0.866025,0.974928,-0.222521,7,2,16,13,0.1333,1,271.19,0,car,Medium,Sunny,22.73
0.1553,0.0,-1.0,0.433884,-0.900969,10,4,14,9,0.3077,1,188.01,15,car,Normal,Rainy,1.53
0.1254,-0.866025,0.5,0.974928,-0.222521,11,9,14,4,0.6923,1,256.44,1,car,Normal,Sunny,1.0
6.8883,-0.5,-0.866025,0.433884,-0.900969,2,3,16,12,0.2,1,50.34,0,car,Medium,Sunny,65.84
0.563,0.0,-1.0,0.0,1.0,5,11,14,2,0.8462,1,169.97,0,car,Medium,Windy,6.68
1.1653,-0.5,-0.866025,-0.781831,0.62349,11,25,27,1,0.9615,0,241.91,-1,car,High,Sunny,15.0
0.6125,-0.258819,-0.965926,-0.974928,-0.222521,11,17,24,6,0.7391,1,128.28,35,van,Medium,Sunny,10.79
1.1515,-0.258819,-0.965926,0.0,1.0,4,7,10,2,0.7778,0,15.21,-1,car,Jam,Sunny,25.76
1.4514,-0.258819,-0.965926,-0.974928,-0.222521,5,1,9,7,0.125,0,85.2,8,car,Medium,Rainy,20.4
4.2271,-0.258819,-0.965926,0.974928,-0.222521,1,3,27,23,0.1154,0,296.27,-1,car,Medium,Sunny,49.59
1.4797,-0.258819,-0.965926,-0.974928,-0.222521,5,3,8,4,0.4286,0,310.21,-1,car,Low,Sunny,9.79
0.6977,0.0,-1.0,0.974928,-0.222521,4,8,11,2,0.8,1,66.53,1,car,Normal,Sunny,6.65
2.1969,-0.5,-0.866025,-0.974928,-0.222521,12,4,21,16,0.2,1,23.83,0,car,Medium,Windy,22.55
0.6606,-0.258819,-0.965926,0.433884,-0.900969,11,8,12,3,0.7273,1,306.04,0,car,Medium,Sunny,7.44
0.2722,-0.965926,-0.258819,0.0,1.0,11,1,15,13,0.0714,1,65.94,0,car,Jam,Sunny,7.58
0.7797,0.0,-1.0,0.0,1.0,4,15,19,3,0.8333,1,270.58,6,van,Low,Sunny,6.73
1.8078,-0.258819,-0.965926,0.433884,-0.900969,1,3,5,1,0.75,1,48.82,6,van,Medium,Sunny,28.9
1.0956,0.0,-1.0,-0.781831,0.62349,5,13,29,15,0.4643,1,179.56,1,car,Jam,Sunny,25.26
3.1966,-0.866025,-0.5,0.974928,-0.222521,4,7,12,4,0.6364,1,219.41,1,car,Low,Sunny,28.13
1.5805,0.0,-1.0,-0.781831,0.62349,4,3,12,8,0.2727,1,333.05,1,car,High,Sunny,27.56
0.9584,-0.5,-0.866025,0.974928,-0.222521,5,3,12,8,0.2727,1,329.49,1,car,Normal,Sunny,7.09
1.2741,-0.258819,-0.965926,0.0,1.0,10,7,14,6,0.5385,1,292.75,1,car,Medium,Sunny,15.35
0.2732,0.0,-1.0,0.0,1.0,5,4,10,5,0.4444,1,150.74,6,van,Normal,Rainy,4.49
1.1915,-0.965926,-0.258819,0.0,1.0,2,0,17,16,0.0,1,329.54,1,van,Medium,Sunny,25.64
6.4467,-0.258819,-0.965926,-0.781831,0.62349,12,0,9,8,0.0,0,77.13,-1,car,Normal,Sunny,60.25
0.5081,0.0,-1.0,0.974928,-0.222521,6,6,13,6,0.5,1,73.21,0,van,Normal,Sandstorm,8.93
0.4245,-0.707107,-0.707107,-0.974928,-0.222521,5,5,8,2,0.7143,0,174.42,-1,car,Normal,Windy,5.63
3.3797,-0.258819,-0.965926,0.781831,0.62349,5,13,27,13,0.5,0,326.94,-1,car,Low,Sandstorm,29.22
0.2829,-0.258819,-0.965926,0.781831,0.62349,10,3,8,4,0.4286,1,341.2,0,van,Medium,Sunny,4.71
0.1255,-0.258819,-0.965926,0.0,1.0,3,4,19,14,0.2222,1,152.31,8,car,High,Sunny,2.1
2.729,0.0,-1.0,-0.974928,-0.222521,6,1,9,7,0.125,1,235.14,1,car,Normal,Sunny,24.2
0.5523,-0.5,-0.866025,-0.974928,-0.222521,5,6,29,22,0.2143,1,76.18,1,van,Jam,Windy,15.38
0.503,-0.707107,-0.707107,0.974928,-0.222521,10,12,24,11,0.5217,1,334.84,15,van,Normal,Sunny,8.54
0.4129,-0.5,-0.866025,-0.781831,0.62349,11,3,21,17,0.15,1,201.57,0,van,Normal,Sunny,4.62
7.1106,-0.258819,-0.965926,-0.781831,0.62349,11,23,25,1,0.9583,1,241.14,0,van,High,Windy,90.0
8.0782,0.258819,-0.965926,0.781831,0.62349,6,5,15,9,0.3571,0,25.9,6,van,Medium,Sunny,90.0
2.471,-0.5,-0.866025,0.974928,-0.222521,11,1,7,5,0.1667,0,44.55,6,car,Medium,Sunny,23.41
1.6382,0.0,-1.0,0.433884,-0.900969,4,0,18,17,0.0,1,246.16,0,van,Low,Sunny,15.18
1.3511,-1.0,-0.0,-0.781831,0.62349,2,3,15,11,0.2143,1,45.84,0,van,Medium,Sandstorm,39.19
2.0844,0.258819,-0.965926,0.433884,-0.900969,3,17,24,6,0.7391,0,33.58,18,car,Medium,Sunny,19.54
2.0314,-1.0,-0.0,0.433884,-0.900969,1,1,6,4,0.2,0,76.48,-1,van,Medium,Sunny,43.99
1.0347,-0.5,-0.866025,0.781831,0.62349,4,12,14,1,0.9231,0,296.38,-1,car,Normal,Rainy,9.12
0.5242,-0.965926,-0.258819,0.0,1.0,9,12,25,12,0.5,1,122.14,0,van,Normal,Sunny,8.2
0.3627,-0.707107,-0.707107,0.433884,-0.900969,4,5,22,16,0.2381,1,42.41,1,van,Medium,Sunny,8.96
0.2657,-0.866025,-0.5,0.433884,-0.900969,3,5,12,6,0.4545,1,132.58,1,van,Medium,Sunny,5.52
0.5092,-0.258819,-0.965926,0.433884,-0.900969,3,5,13,7,0.4167,1,90.0,0,van,Medium,Sunny,9.13
4.2056,0.258819,-0.965926,0.974928,-0.222521,3,2,8,5,0.2857,0,115.08,-1,van,Normal,Sunny,43.1
0.4136,-0.707107,-0.707107,0.0,1.0,12,3,13,9,0.25,1,309.79,1,van,Normal,Sunny,6.99
0.46,-0.866025,-0.5,0.974928,-0.222521,2,16,37,20,0.4444,1,169.93,35,car,Jam,Sunny,13.83
0.5241,0.258819,-0.965926,-0.781831,0.62349,4,23,27,3,0.8846,1,202.54,12,car,Normal,Windy,4.52
2.2516,0.258819,-0.965926,0.781831,0.62349,11,4,9,4,0.5,1,29.89,6,van,High,Sunny,40.17
0.1192,-0.965926,-0.258819,0.433884,-0.900969,8,10,13,2,0.8333,1,176.34,0,van,Normal,Sunny,1.61
0.6221,-0.5,-0.866025,0.974928,-0.222521,4,10,29,18,0.3571,1,119.51,1,car,Jam,Sunny,11.89
0.7264,-0.965926,0.258819,0.0,1.0,4,4,12,7,0.3636,1,172.39,1,car,Low,Sunny,3.85
0.3963,-0.5,0.866025,0.974928,-0.222521,5,6,11,4,0.6,1,336.14,1,car,Normal,Sandstorm,2.35
0.5933,-0.5,-0.866025,0.781831,0.62349,4,6,19,12,0.3333,1,88.79,8,van,Normal,Sunny,6.18
1.4269,-0.5,-0.866025,0.433884,-0.900969,3,3,15,11,0.2143,1,31.72,0,car,Normal,Sunny,10.49
1.1315,-0.5,-0.866025,0.0,1.0,6,0,12,11,0.0,0,95.07,14,car,Medium,Sunny,10.71
1.4259,-0.5,-0.866025,-0.974928,-0.222521,5,10,12,1,0.9091,0,250.97,-1,car,Medium,Windy,15.58
0.8574,-0.5,-0.866025,-0.974928,-0.222521,4,4,15,10,0.2857,1,200.2,0,van,Medium,Sunny,12.23
0.423,0.258819,-0.965926,-0.781831,0.62349,1,10,22,11,0.4762,1,264.9,1,car,Medium,Sandstorm,5.76
2.3387,0.0,-1.0,0.0,1.0,12,4,7,2,0.6667,1,46.5,0,van,Normal,Sunny,29.56
5.4137,-0.5,-0.866025,0.974928,-0.222521,11,2,8,5,0.2857,0,53.84,15,car,Medium,Sunny,52.09
2.3592,-0.965926,-0.258819,-0.781831,0.62349,4,2,16,13,0.1333,1,274.01,0,van,Medium,Sunny,50.15
2.4928,-0.5,-0.866025,0.781831,0.62349,9,6,15,8,0.4286,0,357.45,0,car,High,Sunny,32.07
0.304,-0.707107,0.707107,0.781831,0.62349,8,9,11,1,0.9,1,247.57,1,car,Jam,Sandstorm,5.18
0.1788,0.258819,-0.965926,0.0,1.0,1,0,25,24,0.0,1,228.84,0,car,Normal,Sunny,1.04
0.6347,-0.5,0.866025,0.781831,0.62349,11,11,25,13,0.4583,1,80.19,0,car,Normal,Rainy,3.47
1.6512,0.0,-1.0,0.0,1.0,6,12,21,8,0.6,0,67.2,6,car,High,Sunny,27.73
1.26,-0.707107,-0.707107,0.974928,-0.222521,11,11,19,7,0.6111,1,45.94,6,car,Low,Sunny,11.41
1.4999,0.5,0.866025,0.0,1.0,1,1,37,35,0.0278,1,110.57,35,van,Jam,Sunny,28.65
3.5814,0.0,-1.0,0.781831,0.62349,10,3,13,9,0.25,1,57.12,0,car,Jam,Sandstorm,90.0
0.5639,-0.5,-0.866025,0.974928,-0.222521,6,9,11,1,0.9,1,117.4,1,car,Normal,Sunny,3.78
0.8513,-0.866025,-0.5,0.0,1.0,1,4,11,6,0.4,1,223.33,1,car,Normal,Sandstorm,13.51
0.6574,-0.866025,-0.5,0.974928,-0.222521,4,4,9,4,0.5,1,130.35,23,van,Jam,Sunny,26.8
1.102,0.5,-0.866025,0.0,1.0,1,2,29,26,0.0714,1,216.13,1,car,Normal,Sunny,13.05
0.3697,0.0,-1.0,0.0,1.0,1,7,24,16,0.3043,1,84.91,35,van,Normal,Sunny,4.22
2.3219,-0.5,-0.866025,0.433884,-0.900969,11,8,19,10,0.4444,0,81.08,6,van,Normal,Rainy,28.7
1.2394,-0.866025,-0.5,0.781831,0.62349,5,10,15,4,0.7143,1,149.68,0,van,Low,Sunny,14.89
0.9808,-0.707107,-0.707107,0.0,1.0,5,1,21,19,0.05,1,46.53,0,van,Medium,Sunny,20.53
0.05,-0.258819,-0.965926,0.433884,-0.900969,4,10,22,11,0.4762,1,346.95,1,car,Jam,Sunny,1.15
0.5497,-0.258819,-0.965926,0.974928,-0.222521,1,11,13,1,0.9167,1,84.23,1,car,Medium,Sunny,6.91
0.6376,-1.0,-0.0,0.974928,-0.222521,12,18,37,18,0.5,1,23.13,35,van,Low,Sunny,7.57
1.0155,-0.965926,0.258819,0.781831,0.62349,4,2,4,1,0.6667,0,288.46,-1,car,Normal,Sunny,7.16
0.3373,-0.707107,-0.707107,0.433884,-0.900969,3,1,13,11,0.0833,1,41.55,2,van,High,Sunny,9.26
0.4697,-0.258819,-0.965926,-0.781831,0.62349,5,11,25,13,0.4583,1,49.52,0,van,Medium,Sunny,7.61
3.9112,0.258819,-0.965926,-0.974928,-0.222521,4,19,22,2,0.9048,1,237.58,1,car,Low,Sunny,21.28
1.509,0.258819,-0.965926,-0.781831,0.62349,12,7,24,16,0.3043,1,44.13,6,van,Normal,Windy,17.15
0.5176,-0.258819,-0.965926,-0.781831,0.62349,5,1,13,11,0.0833,1,21.18,2,van,Low,Sunny,4.3
0.7263,0.0,-1.0,0.0,1.0,10,8,14,5,0.6154,1,345.48,15,van,High,Sunny,15.89
0.5424,-0.258819,-0.965926,0.433884,-0.900969,5,11,14,2,0.8462,1,132.88,0,van,Normal,Windy,8.31
0.9953,-0.866025,-0.5,0.974928,-0.222521,1,11,16,4,0.7333,1,247.84,0,car,Medium,Rainy,18.58
1.6416,0.258819,-0.965926,-0.781831,0.62349,9,2,11,8,0.2,1,245.07,1,van,Normal,Sandstorm,22.32
0.3589,-1.0,-0.0,0.433884,-0.900969,5,11,13,1,0.9167,0,61.77,-1,van,High,Foggy,12.91
0.3483,0.258819,-0.965926,0.0,1.0,4,4,13,8,0.3333,1,69.4,1,van,Medium,Sandstorm,5.73
0.6816,0.258819,0.965926,0.0,1.0,4,21,29,7,0.75,1,171.46,1,van,Low,Sandstorm,5.59
7.4762,0.258819,0.965926,0.433884,-0.900969,4,5,8,2,0.7143,1,235.44,0,car,Normal,Windy,47.13
1.333,-0.258819,-0.965926,0.974928,-0.222521,4,24,29,4,0.8571,1,261.86,6,car,Low,Windy,9.22
0.2402,-0.965926,0.258819,0.433884,-0.900969,5,7,29,21,0.25,1,219.9,1,car,Normal,Sunny,1.7
3.1378,-0.258819,-0.965926,0.974928,-0.222521,2,6,8,1,0.8571,1,71.28,1,van,Medium,Rainy,59.71
0.4925,-0.5,-0.866025,0.974928,-0.222521,4,14,19,4,0.7778,1,229.18,6,car,Normal,Sunny,3.83
1.0335,-0.866025,-0.5,-0.781831,0.62349,3,5,9,3,0.625,1,255.72,6,car,Medium,Rainy,18.58
0.0755,0.0,-1.0,-0.974928,-0.222521,7,5,22,16,0.2381,1,193.41,1,van,Normal,Sunny,1.0
0.9822,-0.258819,-0.965926,0.974928,-0.222521,1,1,12,10,0.0909,1,265.91,1,van,Normal,Sandstorm,16.47
1.5841,0.258819,-0.965926,-0.781831,0.62349,4,5,14,8,0.3846,0,248.43,6,van,Normal,Sunny,17.27
0.6312,0.5,-0.866025,0.781831,0.62349,9,3,17,13,0.1875,1,181.37,1,van,High,Sunny,16.48
0.842,-0.5,-0.866025,0.433884,-0.900969,1,10,18,7,0.5882,1,5.73,0,car,Normal,Sunny,5.95
2.0701,-0.866025,-0.5,0.974928,-0.222521,12,1,8,6,0.1429,1,262.01,1,car,Low,Sandstorm,24.06
0.4357,-0.707107,-0.707107,0.781831,0.62349,3,34,37,2,0.9444,1,307.38,35,van,Low,Sunny,5.13
1.9001,-1.0,-0.0,0.781831,0.62349,11,27,29,1,0.9643,0,32.05,5,van,Normal,Rainy,36.92
0.4696,0.258819,-0.965926,0.781831,0.62349,10,0,25,24,0.0,1,18.3,0,van,Medium,Sunny,5.58
6.3792,-0.866025,-0.5,-0.974928,-0.222521,4,1,5,3,0.25,0,56.63,2,car,Normal,Sunny,76.95
0.9495,-0.965926,-0.258819,0.974928,-0.222521,3,9,24,14,0.3913,1,89.17,35,van,Low,Sunny,10.88
2.6599,-0.866025,0.5,0.0,1.0,4,6,15,8,0.4286,0,351.85,0,car,Low,Sunny,14.58
0.2991,0.0,-1.0,0.0,1.0,4,4,10,5,0.4444,1,113.07,6,van,Normal,Sunny,3.73
2.5082,-0.5,-0.866025,-0.781831,0.62349,7,3,5,1,0.75,1,273.7,0,car,High,Sunny,33.42
1.7231,-0.866025,-0.5,0.433884,-0.900969,4,0,16,15,0.0,1,236.21,0,van,Medium,Rainy,43.04
1.6265,0.0,-1.0,-0.974928,-0.222521,5,7,21,13,0.35,1,35.37,0,car,Normal,Sandstorm,19.54
1.0243,-0.707107,-0.707107,-0.974928,-0.222521,11,4,11,6,0.4,1,228.64,1,car,Low,Sunny,8.69
0.7673,0.0,-1.0,0.433884,-0.900969,1,7,10,2,0.7778,1,317.08,6,van,Normal,Sunny,9.81
1.477,-0.707107,-0.707107,0.974928,-0.222521,1,2,4,1,0.6667,0,306.83,-1,van,Low,Windy,18.56
0.293,-0.707107,-0.707107,-0.974928,-0.222521,4,3,22,18,0.1429,1,298.53,1,van,Medium,Rainy,6.92
0.8445,0.0,-1.0,0.433884,-0.900969,5,7,13,5,0.5833,1,75.07,0,car,Normal,Windy,7.9
1.1732,-0.5,-0.866025,-0.781831,0.62349,12,7,17,9,0.4375,1,297.63,1,car,Normal,Rainy,10.28
0.0556,0.5,-0.866025,0.433884,-0.900969,6,11,24,12,0.4783,1,82.72,15,car,Normal,Sunny,1.0
0.6393,0.0,-1.0,-0.974928,-0.222521,3,3,21,17,0.15,1,188.09,0,car,Medium,Sunny,7.17
2.6684,-0.258819,-0.965926,0.974928,-0.222521,4,12,18,5,0.7059,1,227.62,0,van,Normal,Windy,37.28
1.9793,0.258819,-0.965926,0.781831,0.62349,7,2,14,11,0.1538,1,231.16,1,car,Normal,Sunny,15.99
7.2525,-0.258819,-0.965926,-0.974928,-0.222521,10,0,11,10,0.0,0,228.54,-1,car,High,Windy,90.0
0.2679,0.258819,-0.965926,0.974928,-0.222521,8,15,24,8,0.6522,1,226.25,35,car,Medium,Sunny,2.48
0.5231,-0.258819,-0.965926,0.0,1.0,11,5,12,6,0.4545,1,42.72,8,car,Medium,Windy,6.56
1.421,-0.258819,-0.965926,-0.974928,-0.222521,4,6,12,5,0.5455,1,246.94,1,car,Normal,Foggy,17.12
0.2153,0.0,-1.0,0.781831,0.62349,11,9,19,9,0.5,1,167.29,6,car,Low,Sunny,1.0
3.1966,-0.5,0.866025,0.433884,-0.900969,1,0,7,6,0.0,0,342.56,8,van,Medium,Windy,33.7
1.8201,-0.965926,-0.258819,0.974928,-0.222521,4,5,15,9,0.3571,0,99.81,-1,car,Normal,Sunny,21.71
0.7926,-0.258819,-0.965926,0.781831,0.62349,9,3,9,5,0.375,0,115.5,-1,van,High,Windy,18.18
1.4048,0.0,-1.0,0.433884,-0.900969,11,3,11,7,0.3,1,13.55,1,car,Normal,Sunny,13.44
0.8686,-0.5,-0.866025,0.781831,0.62349,2,3,12,8,0.2727,1,322.05,0,car,High,Sandstorm,14.77
0.9273,-0.707107,-0.707107,0.0,1.0,5,2,15,12,0.1429,1,93.25,0,van,Normal,Rainy,18.65
0.199,0.0,-1.0,0.974928,-0.222521,3,3,14,10,0.2308,1,73.84,15,car,Normal,Windy,1.53
1.3569,-0.5,-0.866025,-0.974928,-0.222521,1,24,29,4,0.8571,1,255.22,6,car,High,Rainy,20.23
1.7538,-0.258819,-0.965926,0.974928,-0.222521,2,7,12,4,0.6364,1,352.32,1,car,Jam,Sunny,40.0
2.0509,-0.258819,-0.965926,-0.781831,0.62349,2,1,12,10,0.0909,1,14.84,14,car,Medium,Sunny,23.58
1.301,0.0,-1.0,0.781831,0.62349,3,9,12,2,0.8182,1,306.58,0,van,Medium,Sunny,21.66
0.6261,0.0,-1.0,0.0,1.0,4,6,16,9,0.4,1,57.9,0,van,Normal,Sunny,7.72
1.7656,-0.707107,-0.707107,0.0,1.0,1,1,6,4,0.2,1,251.99,1,van,Normal,Sunny,29.09
0.6757,0.5,-0.866025,0.433884,-0.900969,11,7,15,7,0.5,1,352.33,0,car,High,Sunny,12.71
1.0561,-0.707107,-0.707107,0.781831,0.62349,10,5,12,6,0.4545,1,296.66,14,van,Jam,Sandstorm,58.66
1.2027,-0.707107,-0.707107,0.433884,-0.900969,4,9,24,14,0.3913,1,87.16,35,car,Normal,Windy,15.32
2.8218,-0.965926,0.258819,0.0,1.0,4,12,18,5,0.7059,1,220.81,0,car,Normal,Sunny,21.15
0.1249,-0.258819,-0.965926,-0.781831,0.62349,9,4,25,20,0.1667,1,166.87,0,car,Medium,Sandstorm,1.7
0.4896,0.0,-1.0,-0.781831,0.62349,11,17,22,4,0.8095,1,136.3,1,car,Jam,Sunny,11.26
2.353,-0.5,-0.866025,0.781831,0.62349,2,27,29,1,0.9643,0,42.17,5,van,High,Sunny,41.86
0.3588,-0.965926,-0.258819,0.781831,0.62349,11,1,15,13,0.0714,1,85.79,0,van,High,Sunny,11.98
1.3898,0.258819,-0.965926,-0.781831,0.62349,2,9,12,2,0.8182,1,15.3,1,van,Medium,Sandstorm,24.62
1.5355,-0.5,-0.866025,0.781831,0.62349,6,0,5,4,0.0,1,274.06,1,car,High,Sunny,20.99
3.6738,-0.258819,-0.965926,0.0,1.0,5,3,8,4,0.4286,0,55.42,-1,car,Low,Windy,27.37
1.2191,-0.866025,-0.5,0.974928,-0.222521,1,20,29,8,0.7143,1,21.52,6,car,Normal,Windy,16.33
4.239,-0.5,-0.866025,0.433884,-0.900969,4,7,9,1,0.875,0,38.63,-1,car,Medium,Sunny,41.65
1.3373,-0.866025,-0.5,0.974928,-0.222521,5,6,17,10,0.375,1,255.29,1,car,Medium,Sunny,20.57
0.3551,0.0,-1.0,0.433884,-0.900969,10,3,13,9,0.25,1,333.51,1,car,Low,Sandstorm,3.29
0.05,-0.258819,-0.965926,0.0,1.0,12,6,8,1,0.8571,1,255.66,30,van,Medium,Sunny,2.26
1.3916,-0.866025,0.5,0.974928,-0.222521,2,12,25,12,0.5,1,45.66,0,van,Normal,Sunny,14.73
0.5849,-0.258819,-0.965926,0.433884,-0.900969,11,6,9,2,0.75,1,297.54,6,van,Medium,Sunny,9.33
0.8594,-0.707107,-0.707107,0.0,1.0,2,5,14,8,0.3846,1,249.92,1,car,Medium,Sunny,12.85
0.5733,-0.866025,-0.5,0.781831,0.62349,3,7,16,8,0.4667,1,62.83,0,van,Medium,Sunny,11.79
1.0214,-0.866025,-0.5,0.974928,-0.222521,4,10,18,7,0.5882,1,357.75,0,van,Normal,Windy,17.8
4.3858,0.258819,-0.965926,0.433884,-0.900969,2,4,7,2,0.6667,1,240.34,0,car,Medium,Sunny,42.4
0.5515,-0.866025,-0.5,0.433884,-0.900969,4,7,13,5,0.5833,1,53.76,0,car,Normal,Sunny,6.26
0.4029,-0.5,0.866025,0.974928,-0.222521,5,8,15,6,0.5714,1,100.84,0,car,Jam,Sunny,5.31
0.473,0.258819,-0.965926,0.0,1.0,4,19,29,9,0.6786,1,98.02,1,van,Jam,Rainy,14.16
0.2689,-1.0,-0.0,0.781831,0.62349,4,8,10,1,0.8889,1,218.06,6,car,Jam,Rainy,11.79
0.7239,-0.5,-0.866025,0.974928,-0.222521,5,1,12,10,0.0909,1,45.49,0,car,Medium,Windy,7.97
0.6535,-0.258819,0.965926,-0.974928,-0.222521,4,11,25,13,0.4583,1,59.27,0,car,Medium,Sunny,4.45
0.2582,-0.965926,-0.258819,0.0,1.0,4,3,14,10,0.2308,1,143.87,15,car,Normal,Windy,2.97
8.386,-0.5,-0.866025,0.974928,-0.222521,4,2,4,1,0.6667,1,231.25,0,van,Medium,Sandstorm,90.0
1.1724,-0.258819,-0.965926,0.0,1.0,10,6,12,5,0.5455,1,248.51,1,car,Medium,Rainy,16.39
0.5134,-0.866025,-0.5,-0.974928,-0.222521,1,10,25,14,0.4167,1,121.54,0,van,Medium,Sunny,12.3
0.2542,-0.5,-0.866025,-0.781831,0.62349,4,5,21,15,0.25,1,273.85,0,car,High,Windy,3.69
0.3552,-0.258819,-0.965926,0.974928,-0.222521,9,15,25,9,0.625,1,123.59,0,car,Medium,Sunny,3.49
2.7346,0.0,-1.0,0.0,1.0,1,1,7,5,0.1667,0,40.61,6,car,Normal,Sunny,25.16
0.8388,-0.707107,-0.707107,0.433884,-0.900969,12,3,7,3,0.5,1,41.45,6,car,High,Sunny,17.0
0.8897,-0.258819,-0.965926,-0.974928,-0.222521,5,6,13,6,0.5,1,276.39,14,car,Medium,Sandstorm,14.11
5.4001,-0.258819,-0.965926,0.974928,-0.222521,4,8,27,18,0.3077,0,175.58,13,car,Medium,Sunny,64.25
1.361,-0.866025,-0.5,0.974928,-0.222521,4,7,11,3,0.7,1,45.92,1,car,Jam,Sunny,41.84
0.8176,-0.707107,-0.707107,0.781831,0.62349,4,8,12,3,0.7273,1,293.79,0,car,Normal,Sunny,11.23
0.9472,-0.707107,-0.707107,0.433884,-0.900969,7,8,12,3,0.7273,1,232.51,1,car,Medium,Sunny,14.29
0.5681,-0.866025,-0.5,0.974928,-0.222521,4,17,22,4,0.8095,1,118.44,1,car,Jam,Windy,18.0
0.5897,-0.5,-0.866025,-0.781831,0.62349,4,9,11,1,0.9,1,119.16,1,van,Medium,Sunny,7.98
0.0673,-0.707107,-0.707107,0.0,1.0,3,9,14,4,0.6923,1,182.16,0,car,Medium,Sunny,1.0
0.5301,0.0,-1.0,-0.433884,-0.900969,2,4,8,3,0.5714,1,45.24,1,car,Medium,Sandstorm,7.88
0.716,-1.0,-0.0,0.781831,0.62349,8,4,12,7,0.3636,1,182.76,1,van,Normal,Sandstorm,17.4
0.2853,-0.258819,-0.965926,-0.781831,0.62349,4,9,19,9,0.5,1,121.71,6,car,Normal,Foggy,3.49
3.4693,-0.5,-0.866025,0.433884,-0.900969,4,3,7,3,0.5,0,175.28,-1,car,Normal,Sunny,26.06
1.894,-0.5,-0.866025,-0.974928,-0.222521,4,5,12,6,0.4545,1,229.18,1,van,Normal,Windy,20.86
2.9058,-0.5,-0.866025,-0.974928,-0.222521,9,1,5,3,0.25,1,66.26,0,car,Normal,Sunny,21.81
0.1565,-0.965926,-0.258819,0.974928,-0.222521,7,4,13,8,0.3333,1,336.18,0,car,Jam,Sunny,6.27
1.2879,-0.5,-0.866025,0.974928,-0.222521,4,6,17,10,0.375,1,246.54,1,van,Medium,Sunny,18.43
1.2713,-0.258819,-0.965926,0.974928,-0.222521,4,6,9,2,0.75,0,245.14,-1,car,Normal,Sunny,11.01
3.2182,-0.5,-0.866025,0.781831,0.62349,5,6,8,1,0.8571,1,70.67,1,van,High,Windy,61.52
0.3312,0.258819,-0.965926,0.0,1.0,8,0,12,11,0.0,1,70.16,1,van,Normal,Windy,3.54
0.609,0.258819,-0.965926,0.0,1.0,9,6,12,5,0.5455,1,239.58,0,van,Medium,Sunny,8.15
0.4881,-0.707107,-0.707107,0.974928,-0.222521,10,22,37,14,0.6111,1,321.68,35,car,Normal,Sunny,6.16
1.0984,0.5,-0.866025,0.433884,-0.900969,9,7,17,9,0.4375,1,299.1,1,car,Normal,Sunny,12.94
0.3607,-0.258819,-0.965926,0.974928,-0.222521,6,13,16,2,0.8667,1,57.74,0,car,Normal,Sunny,3.43
0.8057,-0.866025,-0.5,-0.781831,0.62349,3,0,13,12,0.0,1,162.88,14,car,High,Sandstorm,22.5
0.4221,-0.5,-0.866025,0.0,1.0,4,18,37,18,0.5,1,84.38,35,car,Medium,Sunny,4.08
3.0622,-0.5,-0.866025,0.0,1.0,1,8,12,3,0.7273,0,70.56,15,van,Normal,Sunny,31.35
0.2795,-0.258819,-0.965926,-0.781831,0.62349,12,9,14,4,0.6923,1,130.39,1,car,Normal,Sunny,3.25
2.4773,-0.5,-0.866025,-0.974928,-0.222521,8,1,7,5,0.1667,0,35.39,6,van,High,Sandstorm,58.7
1.1829,-0.5,-0.866025,0.433884,-0.900969,12,9,15,5,0.6429,1,61.01,0,car,Normal,Sunny,8.68
1.0914,0.5,0.866025,0.974928,-0.222521,7,4,8,3,0.5714,1,277.62,0,van,Low,Windy,6.49
1.057,-0.258819,-0.965926,0.433884,-0.900969,10,3,12,8,0.2727,1,335.98,1,car,Medium,Sunny,12.54
0.5073,-0.5,-0.866025,0.0,1.0,10,11,13,1,0.9167,1,76.82,1,van,Jam,Windy,14.17
0.8612,-0.707107,-0.707107,0.433884,-0.900969,2,4,12,7,0.3636,1,175.59,1,car,Normal,Sunny,10.79
0.8575,-0.5,0.866025,-0.433884,-0.900969,4,7,9,1,0.875,1,335.93,6,van,Medium,Sunny,8.87
0.6101,-0.5,-0.866025,-0.974928,-0.222521,5,8,11,2,0.8,1,68.27,1,van,High,Sunny,10.24
0.344,-1.0,-0.0,-0.974928,-0.222521,1,14,21,6,0.7,1,254.96,0,van,Medium,Sunny,7.12
4.5129,-0.965926,-0.258819,0.781831,0.62349,5,1,18,16,0.0588,1,44.91,0,car,Medium,Sunny,69.95
2.2373,-1.0,-0.0,-0.781831,0.62349,5,27,29,1,0.9643,0,34.14,5,van,Medium,Sunny,48.36
0.5433,-0.258819,-0.965926,0.781831,0.62349,8,9,14,4,0.6923,1,214.7,1,car,Jam,Sunny,12.69
0.2962,0.0,-1.0,0.974928,-0.222521,5,3,19,15,0.1667,1,292.16,8,car,Medium,Sunny,3.44
0.1857,-0.5,-0.866025,0.0,1.0,5,7,29,21,0.25,1,259.69,1,car,Normal,Windy,1.59
1.9154,-0.5,-0.866025,0.781831,0.62349,8,11,37,25,0.3056,1,150.85,35,car,High,Sunny,24.64
2.4797,-0.5,-0.866025,0.974928,-0.222521,2,7,14,6,0.5385,0,81.72,15,car,Medium,Sunny,25.8
0.05,-0.707107,-0.707107,0.781831,0.62349,5,0,4,3,0.0,1,50.87,0,van,Normal,Sunny,1.0
1.496,-0.866025,-0.5,-0.781831,0.62349,3,0,5,4,0.0,1,266.94,1,van,Medium,Sunny,32.38
0.9414,-0.5,-0.866025,0.974928,-0.222521,1,8,21,12,0.4,1,28.57,0,car,High,Sunny,12.62
1.7118,0.0,-1.0,0.0,1.0,11,1,14,12,0.0769,1,239.39,0,car,High,Sunny,26.51
1.5892,-0.965926,-0.258819,-0.781831,0.62349,12,12,21,8,0.6,0,63.99,6,van,Normal,Sunny,26.34
3.3244,-1.0,-0.0,0.781831,0.62349,4,2,5,2,0.5,1,222.26,6,car,High,Sunny,68.82
0.5102,-0.258819,-0.965926,0.0,1.0,1,12,17,4,0.75,1,199.53,1,car,Medium,Sandstorm,8.51
1.4316,-0.258819,-0.965926,0.433884,-0.900969,5,5,9,3,0.625,0,328.08,22,car,Medium,Windy,17.65
